INFO:     Will watch for changes in these directories: ['/home/hongb/.openclaw/workspace/filebot/backend']
INFO:     Uvicorn running on http://0.0.0.0:8001 (Press CTRL+C to quit)
INFO:     Started reloader process [3089997] using StatReload
/home/hongb/.openclaw/workspace/filebot/backend/venv/lib/python3.12/site-packages/pydantic/_internal/_config.py:383: UserWarning: Valid config keys have changed in V2:
* 'schema_extra' has been renamed to 'json_schema_extra'
  warnings.warn(message, UserWarning)
/home/hongb/.openclaw/workspace/filebot/backend/venv/lib/python3.12/site-packages/pydantic/_internal/_config.py:383: UserWarning: Valid config keys have changed in V2:
* 'orm_mode' has been renamed to 'from_attributes'
  warnings.warn(message, UserWarning)
/home/hongb/.openclaw/workspace/filebot/backend/venv/lib/python3.12/site-packages/pydantic/_internal/_config.py:383: UserWarning: Valid config keys have changed in V2:
* 'schema_extra' has been renamed to 'json_schema_extra'
  warnings.warn(message, UserWarning)
INFO:     Started server process [3089999]
INFO:     Waiting for application startup.
2026-03-30 13:45:49,133 - main - INFO - 启动 FileBot 应用...
2026-03-30 13:45:49,161 - app.core.security - INFO - 管理员用户已存在: admin
2026-03-30 13:45:49,161 - main - INFO - 默认用户初始化完成
INFO:     Application startup complete.
INFO:     127.0.0.1:34432 - "GET /api/v1/apps/ HTTP/1.1" 200 OK
INFO:     127.0.0.1:34434 - "GET /api/v1/apps/ HTTP/1.1" 200 OK
INFO:     127.0.0.1:34448 - "GET /api/v1/folders/?app_id=3093c5b6-f1a4-435f-b1c3-8d7387ba2c60 HTTP/1.1" 200 OK
INFO:     127.0.0.1:34462 - "GET /api/v1/folders/?app_id=3093c5b6-f1a4-435f-b1c3-8d7387ba2c60 HTTP/1.1" 200 OK
/home/hongb/.openclaw/workspace/filebot/backend/app/routers/documents.py:242: SAWarning: Coercing Subquery object into a select() for use in IN(); please pass a select() construct explicitly
  query = query.filter(App.id.in_(user_apps_subquery))
INFO:     127.0.0.1:34470 - "GET /api/v1/documents/?folder_id=cdf52398-864d-4b2f-a0a1-133e36d37205 HTTP/1.1" 200 OK
INFO:     127.0.0.1:34478 - "GET /api/v1/documents/?folder_id=cdf52398-864d-4b2f-a0a1-133e36d37205 HTTP/1.1" 200 OK
INFO:     127.0.0.1:34482 - "GET /api/v1/apps/ HTTP/1.1" 200 OK
INFO:     127.0.0.1:34498 - "GET /api/v1/apps/ HTTP/1.1" 200 OK
INFO:     127.0.0.1:34502 - "GET /api/v1/apps/boarding HTTP/1.1" 200 OK
INFO:     127.0.0.1:34510 - "GET /api/v1/apps/boarding HTTP/1.1" 200 OK
INFO:     127.0.0.1:34518 - "GET /api/v1/folders/?app_id=3093c5b6-f1a4-435f-b1c3-8d7387ba2c60 HTTP/1.1" 200 OK
INFO:     127.0.0.1:34532 - "GET /api/v1/folders/?app_id=3093c5b6-f1a4-435f-b1c3-8d7387ba2c60 HTTP/1.1" 200 OK
INFO:     127.0.0.1:34534 - "GET /api/v1/folders/c4bfccc2-7b9a-476c-a2f9-aaa834223992 HTTP/1.1" 200 OK
INFO:     127.0.0.1:34548 - "GET /api/v1/folders/?app_id=3093c5b6-f1a4-435f-b1c3-8d7387ba2c60&parent_folder_id=c4bfccc2-7b9a-476c-a2f9-aaa834223992 HTTP/1.1" 200 OK
INFO:     127.0.0.1:53060 - "DELETE /api/v1/folders/c4bfccc2-7b9a-476c-a2f9-aaa834223992?recursive=true HTTP/1.1" 200 OK
INFO:     127.0.0.1:53062 - "GET /api/v1/folders/?app_id=3093c5b6-f1a4-435f-b1c3-8d7387ba2c60 HTTP/1.1" 200 OK
INFO:     127.0.0.1:47320 - "POST /api/v1/auth/login HTTP/1.1" 200 OK
2026-03-30 13:46:19,341 - app.routers.folders - INFO - 创建文件夹请求: {'name': 'Canada site', 'description': 'canada.ca', 'app_id': UUID('3093c5b6-f1a4-435f-b1c3-8d7387ba2c60'), 'parent_folder_id': None, 'created_by': None}, 用户: demo
INFO:     127.0.0.1:34312 - "POST /api/v1/folders/ HTTP/1.1" 200 OK
INFO:     127.0.0.1:34318 - "GET /api/v1/folders/?app_id=3093c5b6-f1a4-435f-b1c3-8d7387ba2c60 HTTP/1.1" 200 OK
INFO:     127.0.0.1:34322 - "GET /api/v1/folders/f6293130-4f34-42d2-8a95-952086a95927 HTTP/1.1" 200 OK
INFO:     127.0.0.1:34334 - "GET /api/v1/folders/?app_id=3093c5b6-f1a4-435f-b1c3-8d7387ba2c60&parent_folder_id=f6293130-4f34-42d2-8a95-952086a95927 HTTP/1.1" 200 OK
INFO:     127.0.0.1:34342 - "HEAD /api/v1/documents/71aefca4-1044-44c7-a16f-945ca6d989a2/download HTTP/1.1" 405 Method Not Allowed
INFO:     127.0.0.1:60470 - "GET /api/v1/documents/71aefca4-1044-44c7-a16f-945ca6d989a2/download HTTP/1.1" 200 OK
2026-03-30 13:46:48,760 - app.routers.ai - INFO - 创建爬取任务: crawl_c8583daa60ee, URL: https://www.canada.ca, 文件夹: Canada site
INFO:     127.0.0.1:43746 - "POST /api/v1/ai/crawl-website HTTP/1.1" 200 OK
2026-03-30 13:46:48,763 - app.routers.ai - INFO - 开始爬取网站: https://www.canada.ca, 深度: 3, 任务ID: crawl_c8583daa60ee
2026-03-30 13:46:48,774 - app.ai.website_crawler - INFO - 开始后台爬取任务 crawl_c8583daa60ee: https://www.canada.ca
2026-03-30 13:46:48,782 - app.ai.website_crawler - INFO - 开始爬取网站: https://www.canada.ca, 深度: 3, 文件夹: Canada site
/home/hongb/.openclaw/workspace/filebot/backend/venv/lib/python3.12/site-packages/urllib3/connectionpool.py:1097: InsecureRequestWarning: Unverified HTTPS request is being made to host 'www.canada.ca'. Adding certificate verification is strongly advised. See: https://urllib3.readthedocs.io/en/latest/advanced-usage.html#tls-warnings
  warnings.warn(
2026-03-30 13:46:49,000 - app.ai.website_crawler - INFO - 找到robots.txt: https://www.canada.ca/robots.txt
2026-03-30 13:46:49,000 - app.ai.website_crawler - INFO - 爬取: https://www.canada.ca (深度 0/3)
/home/hongb/.openclaw/workspace/filebot/backend/venv/lib/python3.12/site-packages/urllib3/connectionpool.py:1097: InsecureRequestWarning: Unverified HTTPS request is being made to host 'www.canada.ca'. Adding certificate verification is strongly advised. See: https://urllib3.readthedocs.io/en/latest/advanced-usage.html#tls-warnings
  warnings.warn(
2026-03-30 13:46:49,075 - app.ai.website_crawler - INFO - create_document: html_content 类型: <class 'str'>, 长度: 8849, 非空: True, 去空后非空: True
2026-03-30 13:46:49,075 - app.ai.website_crawler - INFO - 使用html_content参数，长度: 8849
2026-03-30 13:46:49,075 - app.ai.website_crawler - INFO - 保存HTML内容成功: index.html, 大小: 8856 字节
2026-03-30 13:46:49,093 - app.ai.website_crawler - INFO - 创建文档成功: ID=225cc866-1fc1-4c32-87b7-a22baee88481, 标题='Canada.ca', 文件='index.html'
2026-03-30 13:46:49,094 - app.ai.website_crawler - INFO - 文档保存成功: ID=225cc866-1fc1-4c32-87b7-a22baee88481, 标题='Canada.ca'
2026-03-30 13:46:49,094 - app.ai.website_crawler - INFO - 成功爬取并保存页面: Canada.ca
/home/hongb/.openclaw/workspace/filebot/backend/venv/lib/python3.12/site-packages/urllib3/connectionpool.py:1097: InsecureRequestWarning: Unverified HTTPS request is being made to host 'www.canada.ca'. Adding certificate verification is strongly advised. See: https://urllib3.readthedocs.io/en/latest/advanced-usage.html#tls-warnings
  warnings.warn(
/home/hongb/.openclaw/workspace/filebot/backend/venv/lib/python3.12/site-packages/urllib3/connectionpool.py:1097: InsecureRequestWarning: Unverified HTTPS request is being made to host 'www.canada.ca'. Adding certificate verification is strongly advised. See: https://urllib3.readthedocs.io/en/latest/advanced-usage.html#tls-warnings
  warnings.warn(
/home/hongb/.openclaw/workspace/filebot/backend/venv/lib/python3.12/site-packages/urllib3/connectionpool.py:1097: InsecureRequestWarning: Unverified HTTPS request is being made to host 'www.canada.ca'. Adding certificate verification is strongly advised. See: https://urllib3.readthedocs.io/en/latest/advanced-usage.html#tls-warnings
  warnings.warn(
/home/hongb/.openclaw/workspace/filebot/backend/venv/lib/python3.12/site-packages/urllib3/connectionpool.py:1097: InsecureRequestWarning: Unverified HTTPS request is being made to host 'www.canada.ca'. Adding certificate verification is strongly advised. See: https://urllib3.readthedocs.io/en/latest/advanced-usage.html#tls-warnings
  warnings.warn(
/home/hongb/.openclaw/workspace/filebot/backend/venv/lib/python3.12/site-packages/urllib3/connectionpool.py:1097: InsecureRequestWarning: Unverified HTTPS request is being made to host 'www.canada.ca'. Adding certificate verification is strongly advised. See: https://urllib3.readthedocs.io/en/latest/advanced-usage.html#tls-warnings
  warnings.warn(
/home/hongb/.openclaw/workspace/filebot/backend/venv/lib/python3.12/site-packages/urllib3/connectionpool.py:1097: InsecureRequestWarning: Unverified HTTPS request is being made to host 'www.canada.ca'. Adding certificate verification is strongly advised. See: https://urllib3.readthedocs.io/en/latest/advanced-usage.html#tls-warnings
  warnings.warn(
/home/hongb/.openclaw/workspace/filebot/backend/venv/lib/python3.12/site-packages/urllib3/connectionpool.py:1097: InsecureRequestWarning: Unverified HTTPS request is being made to host 'www.canada.ca'. Adding certificate verification is strongly advised. See: https://urllib3.readthedocs.io/en/latest/advanced-usage.html#tls-warnings
  warnings.warn(
2026-03-30 13:46:49,534 - app.ai.website_crawler - INFO - URL路径解析: https://www.canada.ca/etc/designs/canada/wet-boew/assets/sig-blk-en.svg -> 路径段: ['etc', 'designs', 'canada', 'wet-boew', 'assets']
2026-03-30 13:46:49,535 - app.ai.website_crawler - INFO - 创建子文件夹: etc (原始路径段: etc)，父文件夹: Canada site
2026-03-30 13:46:49,543 - app.ai.website_crawler - INFO - 创建子文件夹: designs (原始路径段: designs)，父文件夹: etc
2026-03-30 13:46:49,549 - app.ai.website_crawler - INFO - 创建子文件夹: canada (原始路径段: canada)，父文件夹: designs
2026-03-30 13:46:49,555 - app.ai.website_crawler - INFO - 创建子文件夹: wet-boew (原始路径段: wet-boew)，父文件夹: canada
2026-03-30 13:46:49,560 - app.ai.website_crawler - INFO - 创建子文件夹: assets (原始路径段: assets)，父文件夹: wet-boew
2026-03-30 13:46:49,564 - app.ai.website_crawler - INFO - URL https://www.canada.ca/etc/designs/canada/wet-boew/assets/sig-blk-en.svg 对应的文件夹ID: 2fe5392b-c7fb-4e87-9b77-e967ff48ff21
2026-03-30 13:46:49,572 - app.ai.website_crawler - INFO - 图片下载成功: sig-blk-en.svg (10060 bytes)
/home/hongb/.openclaw/workspace/filebot/backend/venv/lib/python3.12/site-packages/urllib3/connectionpool.py:1097: InsecureRequestWarning: Unverified HTTPS request is being made to host 'www.canada.ca'. Adding certificate verification is strongly advised. See: https://urllib3.readthedocs.io/en/latest/advanced-usage.html#tls-warnings
  warnings.warn(
2026-03-30 13:46:49,599 - app.ai.website_crawler - INFO - URL路径解析: https://www.canada.ca/etc/designs/canada/wet-boew/assets/wmms-blk.svg -> 路径段: ['etc', 'designs', 'canada', 'wet-boew', 'assets']
2026-03-30 13:46:49,601 - app.ai.website_crawler - INFO - URL https://www.canada.ca/etc/designs/canada/wet-boew/assets/wmms-blk.svg 对应的文件夹ID: 2fe5392b-c7fb-4e87-9b77-e967ff48ff21
2026-03-30 13:46:49,608 - app.ai.website_crawler - INFO - 图片下载成功: wmms-blk.svg (4768 bytes)
2026-03-30 13:46:49,608 - app.ai.website_crawler - INFO - 爬取: https://www.canada.ca/fr/transparence/avis.html (深度 1/3)
/home/hongb/.openclaw/workspace/filebot/backend/venv/lib/python3.12/site-packages/urllib3/connectionpool.py:1097: InsecureRequestWarning: Unverified HTTPS request is being made to host 'www.canada.ca'. Adding certificate verification is strongly advised. See: https://urllib3.readthedocs.io/en/latest/advanced-usage.html#tls-warnings
  warnings.warn(
2026-03-30 13:46:49,705 - app.ai.website_crawler - INFO - URL路径解析: https://www.canada.ca/fr/transparence/avis.html -> 路径段: ['fr', 'transparence']
2026-03-30 13:46:49,705 - app.ai.website_crawler - INFO - 创建子文件夹: fr (原始路径段: fr)，父文件夹: Canada site
2026-03-30 13:46:49,711 - app.ai.website_crawler - INFO - 创建子文件夹: transparence (原始路径段: transparence)，父文件夹: fr
2026-03-30 13:46:49,715 - app.ai.website_crawler - INFO - URL https://www.canada.ca/fr/transparence/avis.html 对应的文件夹ID: 5f44136d-947b-4861-a4f6-537c68d70db0
2026-03-30 13:46:49,716 - app.ai.website_crawler - INFO - create_document: html_content 类型: <class 'str'>, 长度: 37989, 非空: True, 去空后非空: True
2026-03-30 13:46:49,716 - app.ai.website_crawler - INFO - 使用html_content参数，长度: 37989
2026-03-30 13:46:49,717 - app.ai.website_crawler - INFO - 保存HTML内容成功: avis.html, 大小: 38597 字节
2026-03-30 13:46:49,724 - app.ai.website_crawler - INFO - 创建文档成功: ID=35a9dc7a-889a-4779-98f0-5c1a80131815, 标题='Avis - Canada.ca', 文件='avis.html'
2026-03-30 13:46:49,724 - app.ai.website_crawler - INFO - 文档保存成功: ID=35a9dc7a-889a-4779-98f0-5c1a80131815, 标题='Avis - Canada.ca'
2026-03-30 13:46:49,724 - app.ai.website_crawler - INFO - 成功爬取并保存页面: Avis - Canada.ca
/home/hongb/.openclaw/workspace/filebot/backend/venv/lib/python3.12/site-packages/urllib3/connectionpool.py:1097: InsecureRequestWarning: Unverified HTTPS request is being made to host 'www.canada.ca'. Adding certificate verification is strongly advised. See: https://urllib3.readthedocs.io/en/latest/advanced-usage.html#tls-warnings
  warnings.warn(
2026-03-30 13:46:49,763 - app.ai.website_crawler - INFO - URL路径解析: https://www.canada.ca/etc/designs/canada/wet-boew/assets/sig-blk-fr.svg -> 路径段: ['etc', 'designs', 'canada', 'wet-boew', 'assets']
2026-03-30 13:46:50,151 - app.ai.website_crawler - INFO - URL https://www.canada.ca/etc/designs/canada/wet-boew/assets/sig-blk-fr.svg 对应的文件夹ID: 2fe5392b-c7fb-4e87-9b77-e967ff48ff21
2026-03-30 13:46:50,159 - app.ai.website_crawler - INFO - 图片下载成功: sig-blk-fr.svg (10060 bytes)
/home/hongb/.openclaw/workspace/filebot/backend/venv/lib/python3.12/site-packages/urllib3/connectionpool.py:1097: InsecureRequestWarning: Unverified HTTPS request is being made to host 'www.canada.ca'. Adding certificate verification is strongly advised. See: https://urllib3.readthedocs.io/en/latest/advanced-usage.html#tls-warnings
  warnings.warn(
2026-03-30 13:46:50,200 - app.ai.website_crawler - INFO - URL路径解析: https://www.canada.ca/etc/designs/canada/wet-boew/assets/wmms-blk.svg -> 路径段: ['etc', 'designs', 'canada', 'wet-boew', 'assets']
2026-03-30 13:46:50,201 - app.ai.website_crawler - INFO - URL https://www.canada.ca/etc/designs/canada/wet-boew/assets/wmms-blk.svg 对应的文件夹ID: 2fe5392b-c7fb-4e87-9b77-e967ff48ff21
2026-03-30 13:46:50,202 - app.ai.website_crawler - WARNING - 图片文档已存在，跳过创建: stored_filename='2fe5392b-c7fb-4e87-9b77-e967ff48ff21/wmms-blk.svg', 现有ID=f5a4d8f4-dd77-4a7e-8b3a-66e5cf9c90f4
2026-03-30 13:46:50,203 - app.ai.website_crawler - INFO - 爬取: https://www.canada.ca/fr/services/impots.html (深度 2/3)
/home/hongb/.openclaw/workspace/filebot/backend/venv/lib/python3.12/site-packages/urllib3/connectionpool.py:1097: InsecureRequestWarning: Unverified HTTPS request is being made to host 'www.canada.ca'. Adding certificate verification is strongly advised. See: https://urllib3.readthedocs.io/en/latest/advanced-usage.html#tls-warnings
  warnings.warn(
2026-03-30 13:46:50,264 - app.ai.website_crawler - INFO - URL路径解析: https://www.canada.ca/fr/services/impots.html -> 路径段: ['fr', 'services']
2026-03-30 13:46:50,265 - app.ai.website_crawler - INFO - 创建子文件夹: services (原始路径段: services)，父文件夹: fr
2026-03-30 13:46:50,270 - app.ai.website_crawler - INFO - URL https://www.canada.ca/fr/services/impots.html 对应的文件夹ID: 3794027b-86b1-4196-b35f-ddb09045e129
2026-03-30 13:46:50,271 - app.ai.website_crawler - INFO - create_document: html_content 类型: <class 'str'>, 长度: 29462, 非空: True, 去空后非空: True
2026-03-30 13:46:50,271 - app.ai.website_crawler - INFO - 使用html_content参数，长度: 29462
2026-03-30 13:46:50,272 - app.ai.website_crawler - INFO - 保存HTML内容成功: impots.html, 大小: 29628 字节
2026-03-30 13:46:50,279 - app.ai.website_crawler - INFO - 创建文档成功: ID=2dc6f260-7fe3-4c1c-a80b-bc9905a06e8e, 标题='Impôts - Canada.ca', 文件='impots.html'
2026-03-30 13:46:50,279 - app.ai.website_crawler - INFO - 文档保存成功: ID=2dc6f260-7fe3-4c1c-a80b-bc9905a06e8e, 标题='Impôts - Canada.ca'
2026-03-30 13:46:50,279 - app.ai.website_crawler - INFO - 成功爬取并保存页面: Impôts - Canada.ca
/home/hongb/.openclaw/workspace/filebot/backend/venv/lib/python3.12/site-packages/urllib3/connectionpool.py:1097: InsecureRequestWarning: Unverified HTTPS request is being made to host 'www.canada.ca'. Adding certificate verification is strongly advised. See: https://urllib3.readthedocs.io/en/latest/advanced-usage.html#tls-warnings
  warnings.warn(
2026-03-30 13:46:50,310 - app.ai.website_crawler - INFO - URL路径解析: https://www.canada.ca/etc/designs/canada/wet-boew/assets/sig-blk-fr.svg -> 路径段: ['etc', 'designs', 'canada', 'wet-boew', 'assets']
2026-03-30 13:46:50,312 - app.ai.website_crawler - INFO - URL https://www.canada.ca/etc/designs/canada/wet-boew/assets/sig-blk-fr.svg 对应的文件夹ID: 2fe5392b-c7fb-4e87-9b77-e967ff48ff21
2026-03-30 13:46:50,315 - app.ai.website_crawler - WARNING - 图片文档已存在，跳过创建: stored_filename='2fe5392b-c7fb-4e87-9b77-e967ff48ff21/sig-blk-fr.svg', 现有ID=bd3833ff-8050-4dd7-b58c-097d971ce99b
/home/hongb/.openclaw/workspace/filebot/backend/venv/lib/python3.12/site-packages/urllib3/connectionpool.py:1097: InsecureRequestWarning: Unverified HTTPS request is being made to host 'www.canada.ca'. Adding certificate verification is strongly advised. See: https://urllib3.readthedocs.io/en/latest/advanced-usage.html#tls-warnings
  warnings.warn(
2026-03-30 13:46:50,349 - app.ai.website_crawler - INFO - URL路径解析: https://www.canada.ca/content/dam/cra-arc/camp-promo/features/bnnr-bnfts-credits-2026-360x203.jpg -> 路径段: ['content', 'dam', 'cra-arc', 'camp-promo', 'features']
2026-03-30 13:46:50,350 - app.ai.website_crawler - INFO - 创建子文件夹: content (原始路径段: content)，父文件夹: Canada site
2026-03-30 13:46:50,356 - app.ai.website_crawler - INFO - 创建子文件夹: dam (原始路径段: dam)，父文件夹: content
2026-03-30 13:46:50,362 - app.ai.website_crawler - INFO - 创建子文件夹: cra-arc (原始路径段: cra-arc)，父文件夹: dam
2026-03-30 13:46:50,368 - app.ai.website_crawler - INFO - 创建子文件夹: camp-promo (原始路径段: camp-promo)，父文件夹: cra-arc
2026-03-30 13:46:50,373 - app.ai.website_crawler - INFO - 创建子文件夹: features (原始路径段: features)，父文件夹: camp-promo
2026-03-30 13:46:50,379 - app.ai.website_crawler - INFO - URL https://www.canada.ca/content/dam/cra-arc/camp-promo/features/bnnr-bnfts-credits-2026-360x203.jpg 对应的文件夹ID: 6cdd07a2-9b4f-410a-af8f-2c60a4dfa35a
2026-03-30 13:46:50,386 - app.ai.website_crawler - INFO - 图片下载成功: bnnr-bnfts-credits-2026-360x203.jpg (81057 bytes)
/home/hongb/.openclaw/workspace/filebot/backend/venv/lib/python3.12/site-packages/urllib3/connectionpool.py:1097: InsecureRequestWarning: Unverified HTTPS request is being made to host 'www.canada.ca'. Adding certificate verification is strongly advised. See: https://urllib3.readthedocs.io/en/latest/advanced-usage.html#tls-warnings
  warnings.warn(
2026-03-30 13:46:50,414 - app.ai.website_crawler - INFO - URL路径解析: https://www.canada.ca/content/dam/cra-arc/camp-promo/features/cvtp_bnnr_360x203.jpg -> 路径段: ['content', 'dam', 'cra-arc', 'camp-promo', 'features']
2026-03-30 13:46:50,415 - app.ai.website_crawler - INFO - URL https://www.canada.ca/content/dam/cra-arc/camp-promo/features/cvtp_bnnr_360x203.jpg 对应的文件夹ID: 6cdd07a2-9b4f-410a-af8f-2c60a4dfa35a
2026-03-30 13:46:50,422 - app.ai.website_crawler - INFO - 图片下载成功: cvtp_bnnr_360x203.jpg (16357 bytes)
/home/hongb/.openclaw/workspace/filebot/backend/venv/lib/python3.12/site-packages/urllib3/connectionpool.py:1097: InsecureRequestWarning: Unverified HTTPS request is being made to host 'www.canada.ca'. Adding certificate verification is strongly advised. See: https://urllib3.readthedocs.io/en/latest/advanced-usage.html#tls-warnings
  warnings.warn(
2026-03-30 13:46:50,454 - app.ai.website_crawler - INFO - URL路径解析: https://www.canada.ca/content/dam/cra-arc/camp-promo/features/cpp1-360x203.jpg -> 路径段: ['content', 'dam', 'cra-arc', 'camp-promo', 'features']
2026-03-30 13:46:50,455 - app.ai.website_crawler - INFO - URL https://www.canada.ca/content/dam/cra-arc/camp-promo/features/cpp1-360x203.jpg 对应的文件夹ID: 6cdd07a2-9b4f-410a-af8f-2c60a4dfa35a
2026-03-30 13:46:50,462 - app.ai.website_crawler - INFO - 图片下载成功: cpp1-360x203.jpg (86624 bytes)
/home/hongb/.openclaw/workspace/filebot/backend/venv/lib/python3.12/site-packages/urllib3/connectionpool.py:1097: InsecureRequestWarning: Unverified HTTPS request is being made to host 'www.canada.ca'. Adding certificate verification is strongly advised. See: https://urllib3.readthedocs.io/en/latest/advanced-usage.html#tls-warnings
  warnings.warn(
2026-03-30 13:46:50,488 - app.ai.website_crawler - INFO - URL路径解析: https://www.canada.ca/etc/designs/canada/wet-boew/assets/wmms-blk.svg -> 路径段: ['etc', 'designs', 'canada', 'wet-boew', 'assets']
2026-03-30 13:46:50,489 - app.ai.website_crawler - INFO - URL https://www.canada.ca/etc/designs/canada/wet-boew/assets/wmms-blk.svg 对应的文件夹ID: 2fe5392b-c7fb-4e87-9b77-e967ff48ff21
2026-03-30 13:46:50,490 - app.ai.website_crawler - WARNING - 图片文档已存在，跳过创建: stored_filename='2fe5392b-c7fb-4e87-9b77-e967ff48ff21/wmms-blk.svg', 现有ID=f5a4d8f4-dd77-4a7e-8b3a-66e5cf9c90f4
2026-03-30 13:46:50,491 - app.ai.website_crawler - INFO - 爬取: https://www.canada.ca/fr/agence-revenu/organisation/coordonnees.html (深度 3/3)
/home/hongb/.openclaw/workspace/filebot/backend/venv/lib/python3.12/site-packages/urllib3/connectionpool.py:1097: InsecureRequestWarning: Unverified HTTPS request is being made to host 'www.canada.ca'. Adding certificate verification is strongly advised. See: https://urllib3.readthedocs.io/en/latest/advanced-usage.html#tls-warnings
  warnings.warn(
2026-03-30 13:46:50,780 - app.ai.website_crawler - INFO - URL路径解析: https://www.canada.ca/fr/agence-revenu/organisation/coordonnees.html -> 路径段: ['fr', 'agence-revenu', 'organisation']
2026-03-30 13:46:50,781 - app.ai.website_crawler - INFO - 创建子文件夹: agence-revenu (原始路径段: agence-revenu)，父文件夹: fr
2026-03-30 13:46:50,787 - app.ai.website_crawler - INFO - 创建子文件夹: organisation (原始路径段: organisation)，父文件夹: agence-revenu
2026-03-30 13:46:50,792 - app.ai.website_crawler - INFO - URL https://www.canada.ca/fr/agence-revenu/organisation/coordonnees.html 对应的文件夹ID: e23f940c-dfa7-4f27-aaf8-b7ac3a560b15
2026-03-30 13:46:50,793 - app.ai.website_crawler - INFO - create_document: html_content 类型: <class 'str'>, 长度: 358925, 非空: True, 去空后非空: True
2026-03-30 13:46:50,793 - app.ai.website_crawler - INFO - 使用html_content参数，长度: 358925
2026-03-30 13:46:50,795 - app.ai.website_crawler - INFO - 保存HTML内容成功: coordonnees.html, 大小: 361684 字节
2026-03-30 13:46:50,801 - app.ai.website_crawler - INFO - 创建文档成功: ID=0d9590ca-5b8e-49a0-afa0-f92ede8c9ced, 标题='Contactez l’Agence du revenu du Canada (ARC) - Canada.ca', 文件='coordonnees.html'
2026-03-30 13:46:50,801 - app.ai.website_crawler - INFO - 文档保存成功: ID=0d9590ca-5b8e-49a0-afa0-f92ede8c9ced, 标题='Contactez l’Agence du revenu du Canada (ARC) - Canada.ca'
2026-03-30 13:46:50,801 - app.ai.website_crawler - INFO - 成功爬取并保存页面: Contactez l’Agence du revenu du Canada (ARC) - Canada.ca
2026-03-30 13:46:50,802 - app.ai.website_crawler - INFO - 爬取: https://www.canada.ca/fr/agence-revenu/organisation/arnaques-fraudes.html (深度 3/3)
/home/hongb/.openclaw/workspace/filebot/backend/venv/lib/python3.12/site-packages/urllib3/connectionpool.py:1097: InsecureRequestWarning: Unverified HTTPS request is being made to host 'www.canada.ca'. Adding certificate verification is strongly advised. See: https://urllib3.readthedocs.io/en/latest/advanced-usage.html#tls-warnings
  warnings.warn(
2026-03-30 13:46:50,845 - app.ai.website_crawler - INFO - URL路径解析: https://www.canada.ca/fr/agence-revenu/organisation/arnaques-fraudes.html -> 路径段: ['fr', 'agence-revenu', 'organisation']
2026-03-30 13:46:50,846 - app.ai.website_crawler - INFO - URL https://www.canada.ca/fr/agence-revenu/organisation/arnaques-fraudes.html 对应的文件夹ID: e23f940c-dfa7-4f27-aaf8-b7ac3a560b15
2026-03-30 13:46:50,847 - app.ai.website_crawler - INFO - create_document: html_content 类型: <class 'str'>, 长度: 26030, 非空: True, 去空后非空: True
2026-03-30 13:46:50,847 - app.ai.website_crawler - INFO - 使用html_content参数，长度: 26030
2026-03-30 13:46:50,847 - app.ai.website_crawler - INFO - 保存HTML内容成功: arnaques-fraudes.html, 大小: 26264 字节
2026-03-30 13:46:50,854 - app.ai.website_crawler - INFO - 创建文档成功: ID=ddc5cac9-5c11-462d-8054-f910375d3c57, 标题='Arnaques et fraudes - ARC - Canada.ca', 文件='arnaques-fraudes.html'
2026-03-30 13:46:50,854 - app.ai.website_crawler - INFO - 文档保存成功: ID=ddc5cac9-5c11-462d-8054-f910375d3c57, 标题='Arnaques et fraudes - ARC - Canada.ca'
2026-03-30 13:46:50,854 - app.ai.website_crawler - INFO - 成功爬取并保存页面: Arnaques et fraudes - ARC - Canada.ca
2026-03-30 13:46:50,859 - app.ai.website_crawler - INFO - 爬取: https://www.canada.ca/fr/agence-revenu/services/soutien-situations-difficiles.html (深度 3/3)
/home/hongb/.openclaw/workspace/filebot/backend/venv/lib/python3.12/site-packages/urllib3/connectionpool.py:1097: InsecureRequestWarning: Unverified HTTPS request is being made to host 'www.canada.ca'. Adding certificate verification is strongly advised. See: https://urllib3.readthedocs.io/en/latest/advanced-usage.html#tls-warnings
  warnings.warn(
2026-03-30 13:46:51,014 - app.ai.website_crawler - INFO - URL路径解析: https://www.canada.ca/fr/agence-revenu/services/soutien-situations-difficiles.html -> 路径段: ['fr', 'agence-revenu', 'services']
2026-03-30 13:46:51,015 - app.ai.website_crawler - INFO - 创建子文件夹: services (原始路径段: services)，父文件夹: agence-revenu
2026-03-30 13:46:51,020 - app.ai.website_crawler - INFO - URL https://www.canada.ca/fr/agence-revenu/services/soutien-situations-difficiles.html 对应的文件夹ID: 93f79be6-870f-4036-8f47-f9bfd55a9754
2026-03-30 13:46:51,022 - app.ai.website_crawler - INFO - create_document: html_content 类型: <class 'str'>, 长度: 24034, 非空: True, 去空后非空: True
2026-03-30 13:46:51,022 - app.ai.website_crawler - INFO - 使用html_content参数，长度: 24034
2026-03-30 13:46:51,022 - app.ai.website_crawler - INFO - 保存HTML内容成功: soutien-situations-difficiles.html, 大小: 24201 字节
2026-03-30 13:46:51,027 - app.ai.website_crawler - INFO - 创建文档成功: ID=a0e33fc9-44fc-49c2-b6c2-2c3101ccb69c, 标题='Soutien de l’ARC dans les situations difficiles - Canada.ca', 文件='soutien-situations-difficiles.html'
2026-03-30 13:46:51,027 - app.ai.website_crawler - INFO - 文档保存成功: ID=a0e33fc9-44fc-49c2-b6c2-2c3101ccb69c, 标题='Soutien de l’ARC dans les situations difficiles - Canada.ca'
2026-03-30 13:46:51,027 - app.ai.website_crawler - INFO - 成功爬取并保存页面: Soutien de l’ARC dans les situations difficiles - Canada.ca
2026-03-30 13:46:51,027 - app.ai.website_crawler - INFO - 爬取: https://www.canada.ca/fr/agence-revenu/services/paiements.html (深度 3/3)
/home/hongb/.openclaw/workspace/filebot/backend/venv/lib/python3.12/site-packages/urllib3/connectionpool.py:1097: InsecureRequestWarning: Unverified HTTPS request is being made to host 'www.canada.ca'. Adding certificate verification is strongly advised. See: https://urllib3.readthedocs.io/en/latest/advanced-usage.html#tls-warnings
  warnings.warn(
2026-03-30 13:46:51,073 - app.ai.website_crawler - INFO - URL路径解析: https://www.canada.ca/fr/agence-revenu/services/paiements.html -> 路径段: ['fr', 'agence-revenu', 'services']
2026-03-30 13:46:51,073 - app.ai.website_crawler - INFO - URL https://www.canada.ca/fr/agence-revenu/services/paiements.html 对应的文件夹ID: 93f79be6-870f-4036-8f47-f9bfd55a9754
2026-03-30 13:46:51,074 - app.ai.website_crawler - INFO - create_document: html_content 类型: <class 'str'>, 长度: 21750, 非空: True, 去空后非空: True
2026-03-30 13:46:51,074 - app.ai.website_crawler - INFO - 使用html_content参数，长度: 21750
2026-03-30 13:46:51,074 - app.ai.website_crawler - INFO - 保存HTML内容成功: paiements.html, 大小: 21863 字节
2026-03-30 13:46:51,081 - app.ai.website_crawler - INFO - 创建文档成功: ID=59f39381-72b0-4117-a8c5-05bb756c358d, 标题='Paiements – ARC - Canada.ca', 文件='paiements.html'
2026-03-30 13:46:51,081 - app.ai.website_crawler - INFO - 文档保存成功: ID=59f39381-72b0-4117-a8c5-05bb756c358d, 标题='Paiements – ARC - Canada.ca'
2026-03-30 13:46:51,081 - app.ai.website_crawler - INFO - 成功爬取并保存页面: Paiements – ARC - Canada.ca
2026-03-30 13:46:51,081 - app.ai.website_crawler - INFO - 爬取: https://www.canada.ca/fr/agence-revenu/services/faire-plainte-liee-service.html (深度 3/3)
/home/hongb/.openclaw/workspace/filebot/backend/venv/lib/python3.12/site-packages/urllib3/connectionpool.py:1097: InsecureRequestWarning: Unverified HTTPS request is being made to host 'www.canada.ca'. Adding certificate verification is strongly advised. See: https://urllib3.readthedocs.io/en/latest/advanced-usage.html#tls-warnings
  warnings.warn(
2026-03-30 13:46:51,123 - app.ai.website_crawler - INFO - URL路径解析: https://www.canada.ca/fr/agence-revenu/services/faire-plainte-liee-service.html -> 路径段: ['fr', 'agence-revenu', 'services']
2026-03-30 13:46:51,124 - app.ai.website_crawler - INFO - URL https://www.canada.ca/fr/agence-revenu/services/faire-plainte-liee-service.html 对应的文件夹ID: 93f79be6-870f-4036-8f47-f9bfd55a9754
2026-03-30 13:46:51,125 - app.ai.website_crawler - INFO - create_document: html_content 类型: <class 'str'>, 长度: 31759, 非空: True, 去空后非空: True
2026-03-30 13:46:51,125 - app.ai.website_crawler - INFO - 使用html_content参数，长度: 31759
2026-03-30 13:46:51,126 - app.ai.website_crawler - INFO - 保存HTML内容成功: faire-plainte-liee-service.html, 大小: 32125 字节
2026-03-30 13:46:51,131 - app.ai.website_crawler - INFO - 创建文档成功: ID=f948eda6-c06d-4b69-b3f0-b587d1574a42, 标题='Fournir une rétroaction sur le service de l'ARC - Canada.ca', 文件='faire-plainte-liee-service.html'
2026-03-30 13:46:51,131 - app.ai.website_crawler - INFO - 文档保存成功: ID=f948eda6-c06d-4b69-b3f0-b587d1574a42, 标题='Fournir une rétroaction sur le service de l'ARC - Canada.ca'
2026-03-30 13:46:51,131 - app.ai.website_crawler - INFO - 成功爬取并保存页面: Fournir une rétroaction sur le service de l'ARC - Canada.ca
2026-03-30 13:46:51,131 - app.ai.website_crawler - INFO - 爬取: https://www.canada.ca/fr/contact.html (深度 3/3)
/home/hongb/.openclaw/workspace/filebot/backend/venv/lib/python3.12/site-packages/urllib3/connectionpool.py:1097: InsecureRequestWarning: Unverified HTTPS request is being made to host 'www.canada.ca'. Adding certificate verification is strongly advised. See: https://urllib3.readthedocs.io/en/latest/advanced-usage.html#tls-warnings
  warnings.warn(
2026-03-30 13:46:51,213 - app.ai.website_crawler - INFO - URL路径解析: https://www.canada.ca/fr/contact.html -> 路径段: ['fr']
2026-03-30 13:46:51,213 - app.ai.website_crawler - INFO - URL https://www.canada.ca/fr/contact.html 对应的文件夹ID: b4b2e455-d13e-434e-9ad4-9d6b06e91b33
2026-03-30 13:46:51,214 - app.ai.website_crawler - INFO - create_document: html_content 类型: <class 'str'>, 长度: 62484, 非空: True, 去空后非空: True
2026-03-30 13:46:51,215 - app.ai.website_crawler - INFO - 使用html_content参数，长度: 62484
2026-03-30 13:46:51,215 - app.ai.website_crawler - INFO - 保存HTML内容成功: contact.html, 大小: 62824 字节
2026-03-30 13:46:51,222 - app.ai.website_crawler - INFO - 创建文档成功: ID=686f02eb-73e1-45e8-ad2e-4711ba27b9f2, 标题='Contacter le gouvernement du Canada - Canada.ca', 文件='contact.html'
2026-03-30 13:46:51,222 - app.ai.website_crawler - INFO - 文档保存成功: ID=686f02eb-73e1-45e8-ad2e-4711ba27b9f2, 标题='Contacter le gouvernement du Canada - Canada.ca'
2026-03-30 13:46:51,222 - app.ai.website_crawler - INFO - 成功爬取并保存页面: Contacter le gouvernement du Canada - Canada.ca
2026-03-30 13:46:51,222 - app.ai.website_crawler - INFO - 爬取: https://www.canada.ca/fr/services/immigration-citoyennete.html (深度 3/3)
/home/hongb/.openclaw/workspace/filebot/backend/venv/lib/python3.12/site-packages/urllib3/connectionpool.py:1097: InsecureRequestWarning: Unverified HTTPS request is being made to host 'www.canada.ca'. Adding certificate verification is strongly advised. See: https://urllib3.readthedocs.io/en/latest/advanced-usage.html#tls-warnings
  warnings.warn(
2026-03-30 13:46:51,374 - app.ai.website_crawler - INFO - URL路径解析: https://www.canada.ca/fr/services/immigration-citoyennete.html -> 路径段: ['fr', 'services']
2026-03-30 13:46:51,375 - app.ai.website_crawler - INFO - URL https://www.canada.ca/fr/services/immigration-citoyennete.html 对应的文件夹ID: 3794027b-86b1-4196-b35f-ddb09045e129
2026-03-30 13:46:51,376 - app.ai.website_crawler - INFO - create_document: html_content 类型: <class 'str'>, 长度: 33083, 非空: True, 去空后非空: True
2026-03-30 13:46:51,377 - app.ai.website_crawler - INFO - 使用html_content参数，长度: 33083
2026-03-30 13:46:51,377 - app.ai.website_crawler - INFO - 保存HTML内容成功: immigration-citoyennete.html, 大小: 33238 字节
2026-03-30 13:46:51,383 - app.ai.website_crawler - INFO - 创建文档成功: ID=26dcc7a5-27e8-488b-be4f-fe81520535e3, 标题='Immigration et citoyenneté - Canada.ca', 文件='immigration-citoyennete.html'
2026-03-30 13:46:51,384 - app.ai.website_crawler - INFO - 文档保存成功: ID=26dcc7a5-27e8-488b-be4f-fe81520535e3, 标题='Immigration et citoyenneté - Canada.ca'
2026-03-30 13:46:51,384 - app.ai.website_crawler - INFO - 成功爬取并保存页面: Immigration et citoyenneté - Canada.ca
2026-03-30 13:46:51,388 - app.ai.website_crawler - INFO - 爬取: https://www.canada.ca/fr/agence-revenu/services/impot/decisions-concernant-regime-pensions-canada-rpc-assurance-emploi-ae/employe-travailleur-independant.html (深度 3/3)
/home/hongb/.openclaw/workspace/filebot/backend/venv/lib/python3.12/site-packages/urllib3/connectionpool.py:1097: InsecureRequestWarning: Unverified HTTPS request is being made to host 'www.canada.ca'. Adding certificate verification is strongly advised. See: https://urllib3.readthedocs.io/en/latest/advanced-usage.html#tls-warnings
  warnings.warn(
2026-03-30 13:46:51,425 - app.ai.website_crawler - INFO - URL路径解析: https://www.canada.ca/fr/agence-revenu/services/impot/decisions-concernant-regime-pensions-canada-rpc-assurance-emploi-ae/employe-travailleur-independant.html -> 路径段: ['fr', 'agence-revenu', 'services', 'impot', 'decisions-concernant-regime-pensions-canada-rpc-assurance-emploi-ae']
2026-03-30 13:46:51,427 - app.ai.website_crawler - INFO - 创建子文件夹: impot (原始路径段: impot)，父文件夹: services
2026-03-30 13:46:51,433 - app.ai.website_crawler - INFO - 创建子文件夹: decisions-concernant-regime-pensions-canada-rpc-assurance-emploi-ae (原始路径段: decisions-concernant-regime-pensions-canada-rpc-assurance-emploi-ae)，父文件夹: impot
2026-03-30 13:46:51,439 - app.ai.website_crawler - INFO - URL https://www.canada.ca/fr/agence-revenu/services/impot/decisions-concernant-regime-pensions-canada-rpc-assurance-emploi-ae/employe-travailleur-independant.html 对应的文件夹ID: 05eecd49-a4cb-4e03-b190-e1ce050a2615
2026-03-30 13:46:51,441 - app.ai.website_crawler - INFO - create_document: html_content 类型: <class 'str'>, 长度: 24577, 非空: True, 去空后非空: True
2026-03-30 13:46:51,441 - app.ai.website_crawler - INFO - 使用html_content参数，长度: 24577
2026-03-30 13:46:51,441 - app.ai.website_crawler - INFO - 保存HTML内容成功: employe-travailleur-independant.html, 大小: 24682 字节
2026-03-30 13:46:51,447 - app.ai.website_crawler - INFO - 创建文档成功: ID=7a1a8bca-9fc5-4371-93b7-83e8d6d40248, 标题='Statut d'emploi : employé ou travailleur indépendant - Canada.ca', 文件='employe-travailleur-independant.html'
2026-03-30 13:46:51,447 - app.ai.website_crawler - INFO - 文档保存成功: ID=7a1a8bca-9fc5-4371-93b7-83e8d6d40248, 标题='Statut d'emploi : employé ou travailleur indépendant - Canada.ca'
2026-03-30 13:46:51,447 - app.ai.website_crawler - INFO - 成功爬取并保存页面: Statut d'emploi : employé ou travailleur indépendant - Canada.ca
2026-03-30 13:46:51,447 - app.ai.website_crawler - INFO - 爬取: https://www.canada.ca/fr/services/culture.html (深度 3/3)
/home/hongb/.openclaw/workspace/filebot/backend/venv/lib/python3.12/site-packages/urllib3/connectionpool.py:1097: InsecureRequestWarning: Unverified HTTPS request is being made to host 'www.canada.ca'. Adding certificate verification is strongly advised. See: https://urllib3.readthedocs.io/en/latest/advanced-usage.html#tls-warnings
  warnings.warn(
2026-03-30 13:46:51,503 - app.ai.website_crawler - INFO - URL路径解析: https://www.canada.ca/fr/services/culture.html -> 路径段: ['fr', 'services']
2026-03-30 13:46:51,504 - app.ai.website_crawler - INFO - URL https://www.canada.ca/fr/services/culture.html 对应的文件夹ID: 3794027b-86b1-4196-b35f-ddb09045e129
2026-03-30 13:46:51,506 - app.ai.website_crawler - INFO - create_document: html_content 类型: <class 'str'>, 长度: 30923, 非空: True, 去空后非空: True
2026-03-30 13:46:51,506 - app.ai.website_crawler - INFO - 使用html_content参数，长度: 30923
2026-03-30 13:46:51,506 - app.ai.website_crawler - INFO - 保存HTML内容成功: culture.html, 大小: 31048 字节
2026-03-30 13:46:51,513 - app.ai.website_crawler - INFO - 创建文档成功: ID=03d2f67c-0e18-468b-b17c-2e673c638c75, 标题='Culture, histoire et sport - Canada.ca', 文件='culture.html'
2026-03-30 13:46:51,513 - app.ai.website_crawler - INFO - 文档保存成功: ID=03d2f67c-0e18-468b-b17c-2e673c638c75, 标题='Culture, histoire et sport - Canada.ca'
2026-03-30 13:46:51,513 - app.ai.website_crawler - INFO - 成功爬取并保存页面: Culture, histoire et sport - Canada.ca
2026-03-30 13:46:51,513 - app.ai.website_crawler - INFO - 爬取: https://www.canada.ca/fr.html (深度 3/3)
/home/hongb/.openclaw/workspace/filebot/backend/venv/lib/python3.12/site-packages/urllib3/connectionpool.py:1097: InsecureRequestWarning: Unverified HTTPS request is being made to host 'www.canada.ca'. Adding certificate verification is strongly advised. See: https://urllib3.readthedocs.io/en/latest/advanced-usage.html#tls-warnings
  warnings.warn(
2026-03-30 13:46:51,573 - app.ai.website_crawler - INFO - create_document: html_content 类型: <class 'str'>, 长度: 38763, 非空: True, 去空后非空: True
2026-03-30 13:46:51,573 - app.ai.website_crawler - INFO - 使用html_content参数，长度: 38763
2026-03-30 13:46:51,573 - app.ai.website_crawler - INFO - 保存HTML内容成功: fr.html, 大小: 38983 字节
2026-03-30 13:46:51,580 - app.ai.website_crawler - INFO - 创建文档成功: ID=3789ee8a-db1d-4bbf-b2e4-c8c042a0b7e5, 标题='Accueil - Canada.ca', 文件='fr.html'
2026-03-30 13:46:51,580 - app.ai.website_crawler - INFO - 文档保存成功: ID=3789ee8a-db1d-4bbf-b2e4-c8c042a0b7e5, 标题='Accueil - Canada.ca'
2026-03-30 13:46:51,580 - app.ai.website_crawler - INFO - 成功爬取并保存页面: Accueil - Canada.ca
2026-03-30 13:46:51,580 - app.ai.website_crawler - INFO - 爬取: https://www.canada.ca/fr/services/impots/prestations-pour-enfants-et-familles.html (深度 3/3)
/home/hongb/.openclaw/workspace/filebot/backend/venv/lib/python3.12/site-packages/urllib3/connectionpool.py:1097: InsecureRequestWarning: Unverified HTTPS request is being made to host 'www.canada.ca'. Adding certificate verification is strongly advised. See: https://urllib3.readthedocs.io/en/latest/advanced-usage.html#tls-warnings
  warnings.warn(
2026-03-30 13:46:51,624 - app.ai.website_crawler - INFO - URL路径解析: https://www.canada.ca/fr/services/impots/prestations-pour-enfants-et-familles.html -> 路径段: ['fr', 'services', 'impots']
2026-03-30 13:46:51,626 - app.ai.website_crawler - INFO - 创建子文件夹: impots (原始路径段: impots)，父文件夹: services
2026-03-30 13:46:51,632 - app.ai.website_crawler - INFO - URL https://www.canada.ca/fr/services/impots/prestations-pour-enfants-et-familles.html 对应的文件夹ID: 885a6813-473b-4861-be2b-bb1bea1db233
2026-03-30 13:46:51,634 - app.ai.website_crawler - INFO - create_document: html_content 类型: <class 'str'>, 长度: 38896, 非空: True, 去空后非空: True
2026-03-30 13:46:51,634 - app.ai.website_crawler - INFO - 使用html_content参数，长度: 38896
2026-03-30 13:46:51,634 - app.ai.website_crawler - INFO - 保存HTML内容成功: prestations-pour-enfants-et-familles.html, 大小: 39152 字节
2026-03-30 13:46:51,641 - app.ai.website_crawler - INFO - 创建文档成功: ID=f4d030b9-e0fe-4cf3-8e46-c766daf3bf3a, 标题='Crédits d’impôt et prestations pour les particuliers - Canada.ca', 文件='prestations-pour-enfants-et-familles.html'
2026-03-30 13:46:51,641 - app.ai.website_crawler - INFO - 文档保存成功: ID=f4d030b9-e0fe-4cf3-8e46-c766daf3bf3a, 标题='Crédits d’impôt et prestations pour les particuliers - Canada.ca'
2026-03-30 13:46:51,641 - app.ai.website_crawler - INFO - 成功爬取并保存页面: Crédits d’impôt et prestations pour les particuliers - Canada.ca
2026-03-30 13:46:51,641 - app.ai.website_crawler - INFO - 爬取: https://www.canada.ca/fr/gouvernement/a-propos-canada-ca.html (深度 3/3)
/home/hongb/.openclaw/workspace/filebot/backend/venv/lib/python3.12/site-packages/urllib3/connectionpool.py:1097: InsecureRequestWarning: Unverified HTTPS request is being made to host 'www.canada.ca'. Adding certificate verification is strongly advised. See: https://urllib3.readthedocs.io/en/latest/advanced-usage.html#tls-warnings
  warnings.warn(
2026-03-30 13:46:51,675 - app.ai.website_crawler - INFO - URL路径解析: https://www.canada.ca/fr/gouvernement/a-propos-canada-ca.html -> 路径段: ['fr', 'gouvernement']
2026-03-30 13:46:51,676 - app.ai.website_crawler - INFO - 创建子文件夹: gouvernement (原始路径段: gouvernement)，父文件夹: fr
2026-03-30 13:46:51,681 - app.ai.website_crawler - INFO - URL https://www.canada.ca/fr/gouvernement/a-propos-canada-ca.html 对应的文件夹ID: 91354f29-a57b-40c2-9f30-bfa3d4a4bb2b
2026-03-30 13:46:51,682 - app.ai.website_crawler - INFO - create_document: html_content 类型: <class 'str'>, 长度: 19872, 非空: True, 去空后非空: True
2026-03-30 13:46:51,682 - app.ai.website_crawler - INFO - 使用html_content参数，长度: 19872
2026-03-30 13:46:51,683 - app.ai.website_crawler - INFO - 保存HTML内容成功: a-propos-canada-ca.html, 大小: 19944 字节
2026-03-30 13:46:51,688 - app.ai.website_crawler - INFO - 创建文档成功: ID=46119e3e-c813-4e6e-8b4b-313cd8e56340, 标题='À propos de Canada.ca - Canada.ca', 文件='a-propos-canada-ca.html'
2026-03-30 13:46:51,688 - app.ai.website_crawler - INFO - 文档保存成功: ID=46119e3e-c813-4e6e-8b4b-313cd8e56340, 标题='À propos de Canada.ca - Canada.ca'
2026-03-30 13:46:51,688 - app.ai.website_crawler - INFO - 成功爬取并保存页面: À propos de Canada.ca - Canada.ca
2026-03-30 13:46:51,692 - app.ai.website_crawler - INFO - 爬取: https://www.canada.ca/fr/services/autochtones.html (深度 3/3)
/home/hongb/.openclaw/workspace/filebot/backend/venv/lib/python3.12/site-packages/urllib3/connectionpool.py:1097: InsecureRequestWarning: Unverified HTTPS request is being made to host 'www.canada.ca'. Adding certificate verification is strongly advised. See: https://urllib3.readthedocs.io/en/latest/advanced-usage.html#tls-warnings
  warnings.warn(
2026-03-30 13:46:51,993 - app.ai.website_crawler - INFO - URL路径解析: https://www.canada.ca/fr/services/autochtones.html -> 路径段: ['fr', 'services']
2026-03-30 13:46:51,994 - app.ai.website_crawler - INFO - URL https://www.canada.ca/fr/services/autochtones.html 对应的文件夹ID: 3794027b-86b1-4196-b35f-ddb09045e129
2026-03-30 13:46:51,994 - app.ai.website_crawler - INFO - create_document: html_content 类型: <class 'str'>, 长度: 29224, 非空: True, 去空后非空: True
2026-03-30 13:46:51,994 - app.ai.website_crawler - INFO - 使用html_content参数，长度: 29224
2026-03-30 13:46:51,995 - app.ai.website_crawler - INFO - 保存HTML内容成功: autochtones.html, 大小: 29371 字节
2026-03-30 13:46:52,001 - app.ai.website_crawler - INFO - 创建文档成功: ID=78672501-a5ea-4070-8ae4-1ca68bc8fbcd, 标题='Autochtones - Canada.ca', 文件='autochtones.html'
2026-03-30 13:46:52,001 - app.ai.website_crawler - INFO - 文档保存成功: ID=78672501-a5ea-4070-8ae4-1ca68bc8fbcd, 标题='Autochtones - Canada.ca'
2026-03-30 13:46:52,001 - app.ai.website_crawler - INFO - 成功爬取并保存页面: Autochtones - Canada.ca
2026-03-30 13:46:52,001 - app.ai.website_crawler - INFO - 爬取: https://www.canada.ca/fr/services/finance.html (深度 3/3)
/home/hongb/.openclaw/workspace/filebot/backend/venv/lib/python3.12/site-packages/urllib3/connectionpool.py:1097: InsecureRequestWarning: Unverified HTTPS request is being made to host 'www.canada.ca'. Adding certificate verification is strongly advised. See: https://urllib3.readthedocs.io/en/latest/advanced-usage.html#tls-warnings
  warnings.warn(
2026-03-30 13:46:52,063 - app.ai.website_crawler - INFO - URL路径解析: https://www.canada.ca/fr/services/finance.html -> 路径段: ['fr', 'services']
2026-03-30 13:46:52,064 - app.ai.website_crawler - INFO - URL https://www.canada.ca/fr/services/finance.html 对应的文件夹ID: 3794027b-86b1-4196-b35f-ddb09045e129
2026-03-30 13:46:52,064 - app.ai.website_crawler - INFO - create_document: html_content 类型: <class 'str'>, 长度: 28273, 非空: True, 去空后非空: True
2026-03-30 13:46:52,064 - app.ai.website_crawler - INFO - 使用html_content参数，长度: 28273
2026-03-30 13:46:52,065 - app.ai.website_crawler - INFO - 保存HTML内容成功: finance.html, 大小: 28403 字节
2026-03-30 13:46:52,071 - app.ai.website_crawler - INFO - 创建文档成功: ID=6c6ac372-8277-4974-b074-72a71c2732de, 标题='Argent et finances - Canada.ca', 文件='finance.html'
2026-03-30 13:46:52,071 - app.ai.website_crawler - INFO - 文档保存成功: ID=6c6ac372-8277-4974-b074-72a71c2732de, 标题='Argent et finances - Canada.ca'
2026-03-30 13:46:52,071 - app.ai.website_crawler - INFO - 成功爬取并保存页面: Argent et finances - Canada.ca
2026-03-30 13:46:52,071 - app.ai.website_crawler - INFO - 爬取: https://www.canada.ca/fr/agence-revenu/organisation/a-propos-agence-revenu-canada-arc.html (深度 3/3)
/home/hongb/.openclaw/workspace/filebot/backend/venv/lib/python3.12/site-packages/urllib3/connectionpool.py:1097: InsecureRequestWarning: Unverified HTTPS request is being made to host 'www.canada.ca'. Adding certificate verification is strongly advised. See: https://urllib3.readthedocs.io/en/latest/advanced-usage.html#tls-warnings
  warnings.warn(
2026-03-30 13:46:52,136 - app.ai.website_crawler - INFO - URL路径解析: https://www.canada.ca/fr/agence-revenu/organisation/a-propos-agence-revenu-canada-arc.html -> 路径段: ['fr', 'agence-revenu', 'organisation']
2026-03-30 13:46:52,137 - app.ai.website_crawler - INFO - URL https://www.canada.ca/fr/agence-revenu/organisation/a-propos-agence-revenu-canada-arc.html 对应的文件夹ID: e23f940c-dfa7-4f27-aaf8-b7ac3a560b15
2026-03-30 13:46:52,138 - app.ai.website_crawler - INFO - create_document: html_content 类型: <class 'str'>, 长度: 24305, 非空: True, 去空后非空: True
2026-03-30 13:46:52,138 - app.ai.website_crawler - INFO - 使用html_content参数，长度: 24305
2026-03-30 13:46:52,139 - app.ai.website_crawler - INFO - 保存HTML内容成功: a-propos-agence-revenu-canada-arc.html, 大小: 24374 字节
2026-03-30 13:46:52,145 - app.ai.website_crawler - INFO - 创建文档成功: ID=67538443-b1af-4cbb-91a4-5a1e40b3413d, 标题='À propos de l'Agence du revenu du Canada - Canada.ca', 文件='a-propos-agence-revenu-canada-arc.html'
2026-03-30 13:46:52,145 - app.ai.website_crawler - INFO - 文档保存成功: ID=67538443-b1af-4cbb-91a4-5a1e40b3413d, 标题='À propos de l'Agence du revenu du Canada - Canada.ca'
2026-03-30 13:46:52,145 - app.ai.website_crawler - INFO - 成功爬取并保存页面: À propos de l'Agence du revenu du Canada - Canada.ca
2026-03-30 13:46:52,146 - app.ai.website_crawler - INFO - 爬取: https://www.canada.ca/fr/services/impots/impot-sur-le-revenu.html (深度 3/3)
/home/hongb/.openclaw/workspace/filebot/backend/venv/lib/python3.12/site-packages/urllib3/connectionpool.py:1097: InsecureRequestWarning: Unverified HTTPS request is being made to host 'www.canada.ca'. Adding certificate verification is strongly advised. See: https://urllib3.readthedocs.io/en/latest/advanced-usage.html#tls-warnings
  warnings.warn(
2026-03-30 13:46:52,203 - app.ai.website_crawler - INFO - URL路径解析: https://www.canada.ca/fr/services/impots/impot-sur-le-revenu.html -> 路径段: ['fr', 'services', 'impots']
2026-03-30 13:46:52,204 - app.ai.website_crawler - INFO - URL https://www.canada.ca/fr/services/impots/impot-sur-le-revenu.html 对应的文件夹ID: 885a6813-473b-4861-be2b-bb1bea1db233
2026-03-30 13:46:52,205 - app.ai.website_crawler - INFO - create_document: html_content 类型: <class 'str'>, 长度: 28939, 非空: True, 去空后非空: True
2026-03-30 13:46:52,205 - app.ai.website_crawler - INFO - 使用html_content参数，长度: 28939
2026-03-30 13:46:52,205 - app.ai.website_crawler - INFO - 保存HTML内容成功: impot-sur-le-revenu.html, 大小: 29113 字节
2026-03-30 13:46:52,213 - app.ai.website_crawler - INFO - 创建文档成功: ID=519f50be-2896-477f-9233-d6c7ecbbf8bc, 标题='Impôt sur le revenu - Canada.ca', 文件='impot-sur-le-revenu.html'
2026-03-30 13:46:52,213 - app.ai.website_crawler - INFO - 文档保存成功: ID=519f50be-2896-477f-9233-d6c7ecbbf8bc, 标题='Impôt sur le revenu - Canada.ca'
2026-03-30 13:46:52,213 - app.ai.website_crawler - INFO - 成功爬取并保存页面: Impôt sur le revenu - Canada.ca
2026-03-30 13:46:52,213 - app.ai.website_crawler - INFO - 爬取: https://www.canada.ca/fr/agence-revenu/services/impot/particuliers/programme-communautaire-benevoles-matiere-impot.html (深度 3/3)
/home/hongb/.openclaw/workspace/filebot/backend/venv/lib/python3.12/site-packages/urllib3/connectionpool.py:1097: InsecureRequestWarning: Unverified HTTPS request is being made to host 'www.canada.ca'. Adding certificate verification is strongly advised. See: https://urllib3.readthedocs.io/en/latest/advanced-usage.html#tls-warnings
  warnings.warn(
2026-03-30 13:46:52,266 - app.ai.website_crawler - INFO - URL路径解析: https://www.canada.ca/fr/agence-revenu/services/impot/particuliers/programme-communautaire-benevoles-matiere-impot.html -> 路径段: ['fr', 'agence-revenu', 'services', 'impot', 'particuliers']
2026-03-30 13:46:52,267 - app.ai.website_crawler - INFO - 创建子文件夹: particuliers (原始路径段: particuliers)，父文件夹: impot
2026-03-30 13:46:52,273 - app.ai.website_crawler - INFO - URL https://www.canada.ca/fr/agence-revenu/services/impot/particuliers/programme-communautaire-benevoles-matiere-impot.html 对应的文件夹ID: d6f78655-a3d3-47e7-986c-e9191c25387d
2026-03-30 13:46:52,274 - app.ai.website_crawler - INFO - create_document: html_content 类型: <class 'str'>, 长度: 29285, 非空: True, 去空后非空: True
2026-03-30 13:46:52,274 - app.ai.website_crawler - INFO - 使用html_content参数，长度: 29285
2026-03-30 13:46:52,274 - app.ai.website_crawler - INFO - 保存HTML内容成功: programme-communautaire-benevoles-matiere-impot.html, 大小: 29553 字节
2026-03-30 13:46:52,280 - app.ai.website_crawler - INFO - 创建文档成功: ID=72d93025-1bc1-4dc8-89df-26982a89fe25, 标题='Comptoirs d'impôts gratuits - Canada.ca', 文件='programme-communautaire-benevoles-matiere-impot.html'
2026-03-30 13:46:52,280 - app.ai.website_crawler - INFO - 文档保存成功: ID=72d93025-1bc1-4dc8-89df-26982a89fe25, 标题='Comptoirs d'impôts gratuits - Canada.ca'
2026-03-30 13:46:52,280 - app.ai.website_crawler - INFO - 成功爬取并保存页面: Comptoirs d'impôts gratuits - Canada.ca
2026-03-30 13:46:52,284 - app.ai.website_crawler - INFO - 爬取: https://www.canada.ca/fr/services/prestations/calendrier.html (深度 3/3)
/home/hongb/.openclaw/workspace/filebot/backend/venv/lib/python3.12/site-packages/urllib3/connectionpool.py:1097: InsecureRequestWarning: Unverified HTTPS request is being made to host 'www.canada.ca'. Adding certificate verification is strongly advised. See: https://urllib3.readthedocs.io/en/latest/advanced-usage.html#tls-warnings
  warnings.warn(
2026-03-30 13:46:52,357 - app.ai.website_crawler - INFO - URL路径解析: https://www.canada.ca/fr/services/prestations/calendrier.html -> 路径段: ['fr', 'services', 'prestations']
2026-03-30 13:46:52,358 - app.ai.website_crawler - INFO - 创建子文件夹: prestations (原始路径段: prestations)，父文件夹: services
2026-03-30 13:46:52,365 - app.ai.website_crawler - INFO - URL https://www.canada.ca/fr/services/prestations/calendrier.html 对应的文件夹ID: 119cdc32-e05e-4415-8301-fed5b746166f
2026-03-30 13:46:52,367 - app.ai.website_crawler - INFO - create_document: html_content 类型: <class 'str'>, 长度: 55680, 非空: True, 去空后非空: True
2026-03-30 13:46:52,367 - app.ai.website_crawler - INFO - 使用html_content参数，长度: 55680
2026-03-30 13:46:52,367 - app.ai.website_crawler - INFO - 保存HTML内容成功: calendrier.html, 大小: 56103 字节
2026-03-30 13:46:52,372 - app.ai.website_crawler - INFO - 创建文档成功: ID=91b6d917-58d4-4c9d-a4a1-c45cd7a87739, 标题='Dates de paiement des prestations - Canada.ca', 文件='calendrier.html'
2026-03-30 13:46:52,372 - app.ai.website_crawler - INFO - 文档保存成功: ID=91b6d917-58d4-4c9d-a4a1-c45cd7a87739, 标题='Dates de paiement des prestations - Canada.ca'
2026-03-30 13:46:52,372 - app.ai.website_crawler - INFO - 成功爬取并保存页面: Dates de paiement des prestations - Canada.ca
2026-03-30 13:46:52,372 - app.ai.website_crawler - INFO - 爬取: https://www.canada.ca/fr/gouvernement/min.html (深度 3/3)
/home/hongb/.openclaw/workspace/filebot/backend/venv/lib/python3.12/site-packages/urllib3/connectionpool.py:1097: InsecureRequestWarning: Unverified HTTPS request is being made to host 'www.canada.ca'. Adding certificate verification is strongly advised. See: https://urllib3.readthedocs.io/en/latest/advanced-usage.html#tls-warnings
  warnings.warn(
2026-03-30 13:46:52,441 - app.ai.website_crawler - INFO - URL路径解析: https://www.canada.ca/fr/gouvernement/min.html -> 路径段: ['fr', 'gouvernement']
2026-03-30 13:46:52,441 - app.ai.website_crawler - INFO - URL https://www.canada.ca/fr/gouvernement/min.html 对应的文件夹ID: 91354f29-a57b-40c2-9f30-bfa3d4a4bb2b
2026-03-30 13:46:52,442 - app.ai.website_crawler - INFO - create_document: html_content 类型: <class 'str'>, 长度: 51884, 非空: True, 去空后非空: True
2026-03-30 13:46:52,443 - app.ai.website_crawler - INFO - 使用html_content参数，长度: 51884
2026-03-30 13:46:52,443 - app.ai.website_crawler - INFO - 保存HTML内容成功: min.html, 大小: 52185 字节
2026-03-30 13:46:52,450 - app.ai.website_crawler - INFO - 创建文档成功: ID=4514b31a-a62e-4d60-a4de-8e69f34b2af5, 标题='Ministères et organismes - Canada.ca', 文件='min.html'
2026-03-30 13:46:52,450 - app.ai.website_crawler - INFO - 文档保存成功: ID=4514b31a-a62e-4d60-a4de-8e69f34b2af5, 标题='Ministères et organismes - Canada.ca'
2026-03-30 13:46:52,450 - app.ai.website_crawler - INFO - 成功爬取并保存页面: Ministères et organismes - Canada.ca
2026-03-30 13:46:52,450 - app.ai.website_crawler - INFO - 爬取: https://www.canada.ca/fr/mobile.html (深度 3/3)
/home/hongb/.openclaw/workspace/filebot/backend/venv/lib/python3.12/site-packages/urllib3/connectionpool.py:1097: InsecureRequestWarning: Unverified HTTPS request is being made to host 'www.canada.ca'. Adding certificate verification is strongly advised. See: https://urllib3.readthedocs.io/en/latest/advanced-usage.html#tls-warnings
  warnings.warn(
2026-03-30 13:46:52,488 - app.ai.website_crawler - INFO - URL路径解析: https://www.canada.ca/fr/mobile.html -> 路径段: ['fr']
2026-03-30 13:46:52,488 - app.ai.website_crawler - INFO - URL https://www.canada.ca/fr/mobile.html 对应的文件夹ID: b4b2e455-d13e-434e-9ad4-9d6b06e91b33
2026-03-30 13:46:52,489 - app.ai.website_crawler - INFO - create_document: html_content 类型: <class 'str'>, 长度: 29215, 非空: True, 去空后非空: True
2026-03-30 13:46:52,489 - app.ai.website_crawler - INFO - 使用html_content参数，长度: 29215
2026-03-30 13:46:52,489 - app.ai.website_crawler - INFO - 保存HTML内容成功: mobile.html, 大小: 29435 字节
2026-03-30 13:46:52,495 - app.ai.website_crawler - INFO - 创建文档成功: ID=2cb71bd8-e4cf-48c9-a98f-ae0ffc152b3e, 标题='Centre mobile - Canada.ca', 文件='mobile.html'
2026-03-30 13:46:52,496 - app.ai.website_crawler - INFO - 文档保存成功: ID=2cb71bd8-e4cf-48c9-a98f-ae0ffc152b3e, 标题='Centre mobile - Canada.ca'
2026-03-30 13:46:52,496 - app.ai.website_crawler - INFO - 成功爬取并保存页面: Centre mobile - Canada.ca
2026-03-30 13:46:52,496 - app.ai.website_crawler - INFO - 爬取: https://www.canada.ca/fr/agence-revenu/services/impot/entreprises/sujets/tps-tvh-entreprises/produire-declaration-tps-tvh/comment-produire-declaration.html#h_3 (深度 3/3)
/home/hongb/.openclaw/workspace/filebot/backend/venv/lib/python3.12/site-packages/urllib3/connectionpool.py:1097: InsecureRequestWarning: Unverified HTTPS request is being made to host 'www.canada.ca'. Adding certificate verification is strongly advised. See: https://urllib3.readthedocs.io/en/latest/advanced-usage.html#tls-warnings
  warnings.warn(
2026-03-30 13:46:52,547 - app.ai.website_crawler - INFO - URL路径解析: https://www.canada.ca/fr/agence-revenu/services/impot/entreprises/sujets/tps-tvh-entreprises/produire-declaration-tps-tvh/comment-produire-declaration.html#h_3 -> 路径段: ['fr', 'agence-revenu', 'services', 'impot', 'entreprises', 'sujets', 'tps-tvh-entreprises', 'produire-declaration-tps-tvh']
2026-03-30 13:46:52,548 - app.ai.website_crawler - INFO - 创建子文件夹: entreprises (原始路径段: entreprises)，父文件夹: impot
2026-03-30 13:46:52,554 - app.ai.website_crawler - INFO - 创建子文件夹: sujets (原始路径段: sujets)，父文件夹: entreprises
2026-03-30 13:46:52,559 - app.ai.website_crawler - INFO - 创建子文件夹: tps-tvh-entreprises (原始路径段: tps-tvh-entreprises)，父文件夹: sujets
2026-03-30 13:46:52,563 - app.ai.website_crawler - INFO - 创建子文件夹: produire-declaration-tps-tvh (原始路径段: produire-declaration-tps-tvh)，父文件夹: tps-tvh-entreprises
2026-03-30 13:46:52,568 - app.ai.website_crawler - INFO - URL https://www.canada.ca/fr/agence-revenu/services/impot/entreprises/sujets/tps-tvh-entreprises/produire-declaration-tps-tvh/comment-produire-declaration.html#h_3 对应的文件夹ID: da3116be-5024-4c04-8a9a-6963fa7f9f57
2026-03-30 13:46:52,569 - app.ai.website_crawler - INFO - create_document: html_content 类型: <class 'str'>, 长度: 41016, 非空: True, 去空后非空: True
2026-03-30 13:46:52,569 - app.ai.website_crawler - INFO - 使用html_content参数，长度: 41016
2026-03-30 13:46:52,569 - app.ai.website_crawler - INFO - 保存HTML内容成功: comment-produire-declaration.html, 大小: 41321 字节
2026-03-30 13:46:52,574 - app.ai.website_crawler - INFO - 创建文档成功: ID=eb7f4fa9-8b3f-4e90-b67d-a89c3e3c9f76, 标题='Comment produire une déclaration - Produire votre déclaration de TPS/TVH - Canada.ca', 文件='comment-produire-declaration.html'
2026-03-30 13:46:52,574 - app.ai.website_crawler - INFO - 文档保存成功: ID=eb7f4fa9-8b3f-4e90-b67d-a89c3e3c9f76, 标题='Comment produire une déclaration - Produire votre déclaration de TPS/TVH - Canada.ca'
2026-03-30 13:46:52,574 - app.ai.website_crawler - INFO - 成功爬取并保存页面: Comment produire une déclaration - Produire votre déclaration de TPS/TVH - Canada.ca
2026-03-30 13:46:52,575 - app.ai.website_crawler - INFO - 爬取: https://www.canada.ca/fr/services/environnement.html (深度 3/3)
/home/hongb/.openclaw/workspace/filebot/backend/venv/lib/python3.12/site-packages/urllib3/connectionpool.py:1097: InsecureRequestWarning: Unverified HTTPS request is being made to host 'www.canada.ca'. Adding certificate verification is strongly advised. See: https://urllib3.readthedocs.io/en/latest/advanced-usage.html#tls-warnings
  warnings.warn(
2026-03-30 13:46:52,646 - app.ai.website_crawler - INFO - URL路径解析: https://www.canada.ca/fr/services/environnement.html -> 路径段: ['fr', 'services']
2026-03-30 13:46:52,647 - app.ai.website_crawler - INFO - URL https://www.canada.ca/fr/services/environnement.html 对应的文件夹ID: 3794027b-86b1-4196-b35f-ddb09045e129
2026-03-30 13:46:52,648 - app.ai.website_crawler - INFO - create_document: html_content 类型: <class 'str'>, 长度: 26924, 非空: True, 去空后非空: True
2026-03-30 13:46:52,648 - app.ai.website_crawler - INFO - 使用html_content参数，长度: 26924
2026-03-30 13:46:52,648 - app.ai.website_crawler - INFO - 保存HTML内容成功: environnement.html, 大小: 27075 字节
2026-03-30 13:46:52,656 - app.ai.website_crawler - INFO - 创建文档成功: ID=b8dbda34-32d0-4691-b626-e96f5cf00838, 标题='Environnement et ressources naturelles - Canada.ca', 文件='environnement.html'
2026-03-30 13:46:52,656 - app.ai.website_crawler - INFO - 文档保存成功: ID=b8dbda34-32d0-4691-b626-e96f5cf00838, 标题='Environnement et ressources naturelles - Canada.ca'
2026-03-30 13:46:52,656 - app.ai.website_crawler - INFO - 成功爬取并保存页面: Environnement et ressources naturelles - Canada.ca
2026-03-30 13:46:52,660 - app.ai.website_crawler - INFO - 爬取: https://www.canada.ca/fr/services/defense.html (深度 3/3)
/home/hongb/.openclaw/workspace/filebot/backend/venv/lib/python3.12/site-packages/urllib3/connectionpool.py:1097: InsecureRequestWarning: Unverified HTTPS request is being made to host 'www.canada.ca'. Adding certificate verification is strongly advised. See: https://urllib3.readthedocs.io/en/latest/advanced-usage.html#tls-warnings
  warnings.warn(
2026-03-30 13:46:52,697 - app.ai.website_crawler - INFO - URL路径解析: https://www.canada.ca/fr/services/defense.html -> 路径段: ['fr', 'services']
2026-03-30 13:46:52,698 - app.ai.website_crawler - INFO - URL https://www.canada.ca/fr/services/defense.html 对应的文件夹ID: 3794027b-86b1-4196-b35f-ddb09045e129
2026-03-30 13:46:52,699 - app.ai.website_crawler - INFO - create_document: html_content 类型: <class 'str'>, 长度: 23684, 非空: True, 去空后非空: True
2026-03-30 13:46:52,699 - app.ai.website_crawler - INFO - 使用html_content参数，长度: 23684
2026-03-30 13:46:52,699 - app.ai.website_crawler - INFO - 保存HTML内容成功: defense.html, 大小: 23839 字节
2026-03-30 13:46:52,705 - app.ai.website_crawler - INFO - 创建文档成功: ID=e39cea5e-0183-4aba-979c-56513974380e, 标题='Sécurité nationale et défense - Canada.ca', 文件='defense.html'
2026-03-30 13:46:52,705 - app.ai.website_crawler - INFO - 文档保存成功: ID=e39cea5e-0183-4aba-979c-56513974380e, 标题='Sécurité nationale et défense - Canada.ca'
2026-03-30 13:46:52,705 - app.ai.website_crawler - INFO - 成功爬取并保存页面: Sécurité nationale et défense - Canada.ca
2026-03-30 13:46:52,705 - app.ai.website_crawler - INFO - 爬取: https://www.canada.ca/fr/agence-revenu/services/impot/entreprises/sujets/tps-tvh-entreprises.html (深度 3/3)
/home/hongb/.openclaw/workspace/filebot/backend/venv/lib/python3.12/site-packages/urllib3/connectionpool.py:1097: InsecureRequestWarning: Unverified HTTPS request is being made to host 'www.canada.ca'. Adding certificate verification is strongly advised. See: https://urllib3.readthedocs.io/en/latest/advanced-usage.html#tls-warnings
  warnings.warn(
2026-03-30 13:46:52,768 - app.ai.website_crawler - INFO - URL路径解析: https://www.canada.ca/fr/agence-revenu/services/impot/entreprises/sujets/tps-tvh-entreprises.html -> 路径段: ['fr', 'agence-revenu', 'services', 'impot', 'entreprises', 'sujets']
2026-03-30 13:46:52,769 - app.ai.website_crawler - INFO - URL https://www.canada.ca/fr/agence-revenu/services/impot/entreprises/sujets/tps-tvh-entreprises.html 对应的文件夹ID: c5d8f723-3125-4dd4-8f1d-4c3068c05559
2026-03-30 13:46:52,770 - app.ai.website_crawler - INFO - create_document: html_content 类型: <class 'str'>, 长度: 28600, 非空: True, 去空后非空: True
2026-03-30 13:46:52,770 - app.ai.website_crawler - INFO - 使用html_content参数，长度: 28600
2026-03-30 13:46:52,771 - app.ai.website_crawler - INFO - 保存HTML内容成功: tps-tvh-entreprises.html, 大小: 28737 字节
2026-03-30 13:46:52,777 - app.ai.website_crawler - INFO - 创建文档成功: ID=7af5eaf2-dc9c-4909-9c57-694860275477, 标题='TPS/TVH pour les entreprises - Canada.ca', 文件='tps-tvh-entreprises.html'
2026-03-30 13:46:52,777 - app.ai.website_crawler - INFO - 文档保存成功: ID=7af5eaf2-dc9c-4909-9c57-694860275477, 标题='TPS/TVH pour les entreprises - Canada.ca'
2026-03-30 13:46:52,777 - app.ai.website_crawler - INFO - 成功爬取并保存页面: TPS/TVH pour les entreprises - Canada.ca
2026-03-30 13:46:52,777 - app.ai.website_crawler - INFO - 爬取: https://www.canada.ca/fr/services/impots/regimes-depargne-et-de-pension.html (深度 3/3)
/home/hongb/.openclaw/workspace/filebot/backend/venv/lib/python3.12/site-packages/urllib3/connectionpool.py:1097: InsecureRequestWarning: Unverified HTTPS request is being made to host 'www.canada.ca'. Adding certificate verification is strongly advised. See: https://urllib3.readthedocs.io/en/latest/advanced-usage.html#tls-warnings
  warnings.warn(
2026-03-30 13:46:52,823 - app.ai.website_crawler - INFO - URL路径解析: https://www.canada.ca/fr/services/impots/regimes-depargne-et-de-pension.html -> 路径段: ['fr', 'services', 'impots']
2026-03-30 13:46:52,824 - app.ai.website_crawler - INFO - URL https://www.canada.ca/fr/services/impots/regimes-depargne-et-de-pension.html 对应的文件夹ID: 885a6813-473b-4861-be2b-bb1bea1db233
2026-03-30 13:46:52,824 - app.ai.website_crawler - INFO - create_document: html_content 类型: <class 'str'>, 长度: 23703, 非空: True, 去空后非空: True
2026-03-30 13:46:52,824 - app.ai.website_crawler - INFO - 使用html_content参数，长度: 23703
2026-03-30 13:46:52,825 - app.ai.website_crawler - INFO - 保存HTML内容成功: regimes-depargne-et-de-pension.html, 大小: 23886 字节
2026-03-30 13:46:52,832 - app.ai.website_crawler - INFO - 创建文档成功: ID=15d58781-b900-4102-825f-9667cc37a679, 标题='Régimes d’épargne et de pension - Canada.ca', 文件='regimes-depargne-et-de-pension.html'
2026-03-30 13:46:52,832 - app.ai.website_crawler - INFO - 文档保存成功: ID=15d58781-b900-4102-825f-9667cc37a679, 标题='Régimes d’épargne et de pension - Canada.ca'
2026-03-30 13:46:52,832 - app.ai.website_crawler - INFO - 成功爬取并保存页面: Régimes d’épargne et de pension - Canada.ca
2026-03-30 13:46:52,832 - app.ai.website_crawler - INFO - 爬取: https://www.canada.ca/fr/services/jeunesse.html (深度 3/3)
/home/hongb/.openclaw/workspace/filebot/backend/venv/lib/python3.12/site-packages/urllib3/connectionpool.py:1097: InsecureRequestWarning: Unverified HTTPS request is being made to host 'www.canada.ca'. Adding certificate verification is strongly advised. See: https://urllib3.readthedocs.io/en/latest/advanced-usage.html#tls-warnings
  warnings.warn(
2026-03-30 13:46:52,878 - app.ai.website_crawler - INFO - URL路径解析: https://www.canada.ca/fr/services/jeunesse.html -> 路径段: ['fr', 'services']
2026-03-30 13:46:52,878 - app.ai.website_crawler - INFO - URL https://www.canada.ca/fr/services/jeunesse.html 对应的文件夹ID: 3794027b-86b1-4196-b35f-ddb09045e129
2026-03-30 13:46:52,879 - app.ai.website_crawler - INFO - create_document: html_content 类型: <class 'str'>, 长度: 30652, 非空: True, 去空后非空: True
2026-03-30 13:46:52,879 - app.ai.website_crawler - INFO - 使用html_content参数，长度: 30652
2026-03-30 13:46:52,879 - app.ai.website_crawler - INFO - 保存HTML内容成功: jeunesse.html, 大小: 30856 字节
2026-03-30 13:46:52,887 - app.ai.website_crawler - INFO - 创建文档成功: ID=62870d7c-e7db-4f89-b036-c647037c8466, 标题='Les jeunes au Canada - Canada.ca', 文件='jeunesse.html'
2026-03-30 13:46:52,887 - app.ai.website_crawler - INFO - 文档保存成功: ID=62870d7c-e7db-4f89-b036-c647037c8466, 标题='Les jeunes au Canada - Canada.ca'
2026-03-30 13:46:52,887 - app.ai.website_crawler - INFO - 成功爬取并保存页面: Les jeunes au Canada - Canada.ca
2026-03-30 13:46:52,887 - app.ai.website_crawler - INFO - 爬取: https://www.canada.ca/fr/sociaux.html (深度 3/3)
/home/hongb/.openclaw/workspace/filebot/backend/venv/lib/python3.12/site-packages/urllib3/connectionpool.py:1097: InsecureRequestWarning: Unverified HTTPS request is being made to host 'www.canada.ca'. Adding certificate verification is strongly advised. See: https://urllib3.readthedocs.io/en/latest/advanced-usage.html#tls-warnings
  warnings.warn(
2026-03-30 13:46:52,924 - app.ai.website_crawler - INFO - URL路径解析: https://www.canada.ca/fr/sociaux.html -> 路径段: ['fr']
2026-03-30 13:46:52,924 - app.ai.website_crawler - INFO - URL https://www.canada.ca/fr/sociaux.html 对应的文件夹ID: b4b2e455-d13e-434e-9ad4-9d6b06e91b33
2026-03-30 13:46:52,925 - app.ai.website_crawler - INFO - create_document: html_content 类型: <class 'str'>, 长度: 19939, 非空: True, 去空后非空: True
2026-03-30 13:46:52,925 - app.ai.website_crawler - INFO - 使用html_content参数，长度: 19939
2026-03-30 13:46:52,925 - app.ai.website_crawler - INFO - 保存HTML内容成功: sociaux.html, 大小: 19983 字节
2026-03-30 13:46:52,932 - app.ai.website_crawler - INFO - 创建文档成功: ID=cdaa43ff-5d96-4c27-8ede-a52085ef9558, 标题='Médias sociaux - Canada.ca', 文件='sociaux.html'
2026-03-30 13:46:52,932 - app.ai.website_crawler - INFO - 文档保存成功: ID=cdaa43ff-5d96-4c27-8ede-a52085ef9558, 标题='Médias sociaux - Canada.ca'
2026-03-30 13:46:52,932 - app.ai.website_crawler - INFO - 成功爬取并保存页面: Médias sociaux - Canada.ca
2026-03-30 13:46:52,937 - app.ai.website_crawler - INFO - 爬取: https://www.canada.ca/fr/services/transport.html (深度 3/3)
/home/hongb/.openclaw/workspace/filebot/backend/venv/lib/python3.12/site-packages/urllib3/connectionpool.py:1097: InsecureRequestWarning: Unverified HTTPS request is being made to host 'www.canada.ca'. Adding certificate verification is strongly advised. See: https://urllib3.readthedocs.io/en/latest/advanced-usage.html#tls-warnings
  warnings.warn(
2026-03-30 13:46:53,018 - app.ai.website_crawler - INFO - URL路径解析: https://www.canada.ca/fr/services/transport.html -> 路径段: ['fr', 'services']
2026-03-30 13:46:53,019 - app.ai.website_crawler - INFO - URL https://www.canada.ca/fr/services/transport.html 对应的文件夹ID: 3794027b-86b1-4196-b35f-ddb09045e129
2026-03-30 13:46:53,020 - app.ai.website_crawler - INFO - create_document: html_content 类型: <class 'str'>, 长度: 28033, 非空: True, 去空后非空: True
2026-03-30 13:46:53,020 - app.ai.website_crawler - INFO - 使用html_content参数，长度: 28033
2026-03-30 13:46:53,020 - app.ai.website_crawler - INFO - 保存HTML内容成功: transport.html, 大小: 28174 字节
2026-03-30 13:46:53,028 - app.ai.website_crawler - INFO - 创建文档成功: ID=5f5e417c-bd4a-48ed-8524-4ca7db58d394, 标题='Transport et infrastructure - Canada.ca', 文件='transport.html'
2026-03-30 13:46:53,028 - app.ai.website_crawler - INFO - 文档保存成功: ID=5f5e417c-bd4a-48ed-8524-4ca7db58d394, 标题='Transport et infrastructure - Canada.ca'
2026-03-30 13:46:53,028 - app.ai.website_crawler - INFO - 成功爬取并保存页面: Transport et infrastructure - Canada.ca
2026-03-30 13:46:53,028 - app.ai.website_crawler - INFO - 爬取: https://www.canada.ca/fr/agence-revenu/services/impot/entreprises/sujets/retenues-paie.html (深度 3/3)
/home/hongb/.openclaw/workspace/filebot/backend/venv/lib/python3.12/site-packages/urllib3/connectionpool.py:1097: InsecureRequestWarning: Unverified HTTPS request is being made to host 'www.canada.ca'. Adding certificate verification is strongly advised. See: https://urllib3.readthedocs.io/en/latest/advanced-usage.html#tls-warnings
  warnings.warn(
2026-03-30 13:46:53,075 - app.ai.website_crawler - INFO - URL路径解析: https://www.canada.ca/fr/agence-revenu/services/impot/entreprises/sujets/retenues-paie.html -> 路径段: ['fr', 'agence-revenu', 'services', 'impot', 'entreprises', 'sujets']
2026-03-30 13:46:53,076 - app.ai.website_crawler - INFO - URL https://www.canada.ca/fr/agence-revenu/services/impot/entreprises/sujets/retenues-paie.html 对应的文件夹ID: c5d8f723-3125-4dd4-8f1d-4c3068c05559
2026-03-30 13:46:53,077 - app.ai.website_crawler - INFO - create_document: html_content 类型: <class 'str'>, 长度: 35565, 非空: True, 去空后非空: True
2026-03-30 13:46:53,077 - app.ai.website_crawler - INFO - 使用html_content参数，长度: 35565
2026-03-30 13:46:53,077 - app.ai.website_crawler - INFO - 保存HTML内容成功: retenues-paie.html, 大小: 35754 字节
2026-03-30 13:46:53,082 - app.ai.website_crawler - INFO - 创建文档成功: ID=f792a51e-a742-4f31-97ba-043b3ee37090, 标题='Retenues sur la paie - Canada.ca', 文件='retenues-paie.html'
2026-03-30 13:46:53,082 - app.ai.website_crawler - INFO - 文档保存成功: ID=f792a51e-a742-4f31-97ba-043b3ee37090, 标题='Retenues sur la paie - Canada.ca'
2026-03-30 13:46:53,082 - app.ai.website_crawler - INFO - 成功爬取并保存页面: Retenues sur la paie - Canada.ca
2026-03-30 13:46:53,083 - app.ai.website_crawler - INFO - 爬取: https://www.canada.ca/fr/agence-revenu/campagnes/chaque-dollar-compte.html (深度 3/3)
/home/hongb/.openclaw/workspace/filebot/backend/venv/lib/python3.12/site-packages/urllib3/connectionpool.py:1097: InsecureRequestWarning: Unverified HTTPS request is being made to host 'www.canada.ca'. Adding certificate verification is strongly advised. See: https://urllib3.readthedocs.io/en/latest/advanced-usage.html#tls-warnings
  warnings.warn(
2026-03-30 13:46:53,129 - app.ai.website_crawler - INFO - URL路径解析: https://www.canada.ca/fr/agence-revenu/campagnes/chaque-dollar-compte.html -> 路径段: ['fr', 'agence-revenu', 'campagnes']
2026-03-30 13:46:53,130 - app.ai.website_crawler - INFO - 创建子文件夹: campagnes (原始路径段: campagnes)，父文件夹: agence-revenu
2026-03-30 13:46:53,137 - app.ai.website_crawler - INFO - URL https://www.canada.ca/fr/agence-revenu/campagnes/chaque-dollar-compte.html 对应的文件夹ID: 98352bb4-2aea-4b78-aafd-956e62137330
2026-03-30 13:46:53,139 - app.ai.website_crawler - INFO - create_document: html_content 类型: <class 'str'>, 长度: 62882, 非空: True, 去空后非空: True
2026-03-30 13:46:53,139 - app.ai.website_crawler - INFO - 使用html_content参数，长度: 62882
2026-03-30 13:46:53,139 - app.ai.website_crawler - INFO - 保存HTML内容成功: chaque-dollar-compte.html, 大小: 63437 字节
2026-03-30 13:46:53,144 - app.ai.website_crawler - INFO - 创建文档成功: ID=c24acb01-d61f-4c1a-adcd-350b681f53c3, 标题='Chaque dollar compte – Prestations, crédits et programmes - Canada.ca', 文件='chaque-dollar-compte.html'
2026-03-30 13:46:53,144 - app.ai.website_crawler - INFO - 文档保存成功: ID=c24acb01-d61f-4c1a-adcd-350b681f53c3, 标题='Chaque dollar compte – Prestations, crédits et programmes - Canada.ca'
2026-03-30 13:46:53,144 - app.ai.website_crawler - INFO - 成功爬取并保存页面: Chaque dollar compte – Prestations, crédits et programmes - Canada.ca
2026-03-30 13:46:53,144 - app.ai.website_crawler - INFO - 爬取: https://www.canada.ca/fr/agence-revenu/services/mettre-a-jour-renseignements-arc.html (深度 3/3)
/home/hongb/.openclaw/workspace/filebot/backend/venv/lib/python3.12/site-packages/urllib3/connectionpool.py:1097: InsecureRequestWarning: Unverified HTTPS request is being made to host 'www.canada.ca'. Adding certificate verification is strongly advised. See: https://urllib3.readthedocs.io/en/latest/advanced-usage.html#tls-warnings
  warnings.warn(
2026-03-30 13:46:53,179 - app.ai.website_crawler - INFO - URL路径解析: https://www.canada.ca/fr/agence-revenu/services/mettre-a-jour-renseignements-arc.html -> 路径段: ['fr', 'agence-revenu', 'services']
2026-03-30 13:46:53,180 - app.ai.website_crawler - INFO - URL https://www.canada.ca/fr/agence-revenu/services/mettre-a-jour-renseignements-arc.html 对应的文件夹ID: 93f79be6-870f-4036-8f47-f9bfd55a9754
2026-03-30 13:46:53,181 - app.ai.website_crawler - INFO - create_document: html_content 类型: <class 'str'>, 长度: 22172, 非空: True, 去空后非空: True
2026-03-30 13:46:53,181 - app.ai.website_crawler - INFO - 使用html_content参数，长度: 22172
2026-03-30 13:46:53,181 - app.ai.website_crawler - INFO - 保存HTML内容成功: mettre-a-jour-renseignements-arc.html, 大小: 22295 字节
2026-03-30 13:46:53,186 - app.ai.website_crawler - INFO - 创建文档成功: ID=707a5eb2-6287-4b8c-a076-630771365dcb, 标题='Mettre à jour vos renseignements auprès de l’ARC - Canada.ca', 文件='mettre-a-jour-renseignements-arc.html'
2026-03-30 13:46:53,186 - app.ai.website_crawler - INFO - 文档保存成功: ID=707a5eb2-6287-4b8c-a076-630771365dcb, 标题='Mettre à jour vos renseignements auprès de l’ARC - Canada.ca'
2026-03-30 13:46:53,186 - app.ai.website_crawler - INFO - 成功爬取并保存页面: Mettre à jour vos renseignements auprès de l’ARC - Canada.ca
2026-03-30 13:46:53,187 - app.ai.website_crawler - INFO - 爬取: https://www.canada.ca/fr/services/science.html (深度 3/3)
/home/hongb/.openclaw/workspace/filebot/backend/venv/lib/python3.12/site-packages/urllib3/connectionpool.py:1097: InsecureRequestWarning: Unverified HTTPS request is being made to host 'www.canada.ca'. Adding certificate verification is strongly advised. See: https://urllib3.readthedocs.io/en/latest/advanced-usage.html#tls-warnings
  warnings.warn(
2026-03-30 13:46:53,227 - app.ai.website_crawler - INFO - URL路径解析: https://www.canada.ca/fr/services/science.html -> 路径段: ['fr', 'services']
2026-03-30 13:46:53,227 - app.ai.website_crawler - INFO - URL https://www.canada.ca/fr/services/science.html 对应的文件夹ID: 3794027b-86b1-4196-b35f-ddb09045e129
2026-03-30 13:46:53,228 - app.ai.website_crawler - INFO - create_document: html_content 类型: <class 'str'>, 长度: 27353, 非空: True, 去空后非空: True
2026-03-30 13:46:53,228 - app.ai.website_crawler - INFO - 使用html_content参数，长度: 27353
2026-03-30 13:46:53,229 - app.ai.website_crawler - INFO - 保存HTML内容成功: science.html, 大小: 27469 字节
2026-03-30 13:46:53,237 - app.ai.website_crawler - INFO - 创建文档成功: ID=3ad89c3d-d1fd-41b5-8f44-5994240e8742, 标题='Science et innovation - Canada.ca', 文件='science.html'
2026-03-30 13:46:53,237 - app.ai.website_crawler - INFO - 文档保存成功: ID=3ad89c3d-d1fd-41b5-8f44-5994240e8742, 标题='Science et innovation - Canada.ca'
2026-03-30 13:46:53,237 - app.ai.website_crawler - INFO - 成功爬取并保存页面: Science et innovation - Canada.ca
2026-03-30 13:46:53,241 - app.ai.website_crawler - INFO - 爬取: https://www.canada.ca/fr/agence-revenu/organisation/avis-confidentialite.html (深度 3/3)
/home/hongb/.openclaw/workspace/filebot/backend/venv/lib/python3.12/site-packages/urllib3/connectionpool.py:1097: InsecureRequestWarning: Unverified HTTPS request is being made to host 'www.canada.ca'. Adding certificate verification is strongly advised. See: https://urllib3.readthedocs.io/en/latest/advanced-usage.html#tls-warnings
  warnings.warn(
2026-03-30 13:46:53,288 - app.ai.website_crawler - INFO - URL路径解析: https://www.canada.ca/fr/agence-revenu/organisation/avis-confidentialite.html -> 路径段: ['fr', 'agence-revenu', 'organisation']
2026-03-30 13:46:53,289 - app.ai.website_crawler - INFO - URL https://www.canada.ca/fr/agence-revenu/organisation/avis-confidentialite.html 对应的文件夹ID: e23f940c-dfa7-4f27-aaf8-b7ac3a560b15
2026-03-30 13:46:53,290 - app.ai.website_crawler - INFO - create_document: html_content 类型: <class 'str'>, 长度: 58764, 非空: True, 去空后非空: True
2026-03-30 13:46:53,290 - app.ai.website_crawler - INFO - 使用html_content参数，长度: 58764
2026-03-30 13:46:53,291 - app.ai.website_crawler - INFO - 保存HTML内容成功: avis-confidentialite.html, 大小: 59897 字节
2026-03-30 13:46:53,296 - app.ai.website_crawler - INFO - 创建文档成功: ID=16771204-e8ca-4ba0-a0f1-f0f99abde10e, 标题='Déclaration sur la protection des renseignements personnels - Canada.ca', 文件='avis-confidentialite.html'
2026-03-30 13:46:53,296 - app.ai.website_crawler - INFO - 文档保存成功: ID=16771204-e8ca-4ba0-a0f1-f0f99abde10e, 标题='Déclaration sur la protection des renseignements personnels - Canada.ca'
2026-03-30 13:46:53,296 - app.ai.website_crawler - INFO - 成功爬取并保存页面: Déclaration sur la protection des renseignements personnels - Canada.ca
2026-03-30 13:46:53,296 - app.ai.website_crawler - INFO - 爬取: https://www.canada.ca/fr/services/emplois.html (深度 3/3)
/home/hongb/.openclaw/workspace/filebot/backend/venv/lib/python3.12/site-packages/urllib3/connectionpool.py:1097: InsecureRequestWarning: Unverified HTTPS request is being made to host 'www.canada.ca'. Adding certificate verification is strongly advised. See: https://urllib3.readthedocs.io/en/latest/advanced-usage.html#tls-warnings
  warnings.warn(
2026-03-30 13:46:53,338 - app.ai.website_crawler - INFO - URL路径解析: https://www.canada.ca/fr/services/emplois.html -> 路径段: ['fr', 'services']
2026-03-30 13:46:53,338 - app.ai.website_crawler - INFO - URL https://www.canada.ca/fr/services/emplois.html 对应的文件夹ID: 3794027b-86b1-4196-b35f-ddb09045e129
2026-03-30 13:46:53,339 - app.ai.website_crawler - INFO - create_document: html_content 类型: <class 'str'>, 长度: 31489, 非空: True, 去空后非空: True
2026-03-30 13:46:53,339 - app.ai.website_crawler - INFO - 使用html_content参数，长度: 31489
2026-03-30 13:46:53,340 - app.ai.website_crawler - INFO - 保存HTML内容成功: emplois.html, 大小: 31669 字节
2026-03-30 13:46:53,346 - app.ai.website_crawler - INFO - 创建文档成功: ID=231c93ad-464a-4989-9956-6a4e4b7c117a, 标题='Emplois et milieu de travail - Canada.ca', 文件='emplois.html'
2026-03-30 13:46:53,346 - app.ai.website_crawler - INFO - 文档保存成功: ID=231c93ad-464a-4989-9956-6a4e4b7c117a, 标题='Emplois et milieu de travail - Canada.ca'
2026-03-30 13:46:53,346 - app.ai.website_crawler - INFO - 成功爬取并保存页面: Emplois et milieu de travail - Canada.ca
2026-03-30 13:46:53,346 - app.ai.website_crawler - INFO - 爬取: https://www.canada.ca/fr/services/impots/inscription-entreprise.html (深度 3/3)
/home/hongb/.openclaw/workspace/filebot/backend/venv/lib/python3.12/site-packages/urllib3/connectionpool.py:1097: InsecureRequestWarning: Unverified HTTPS request is being made to host 'www.canada.ca'. Adding certificate verification is strongly advised. See: https://urllib3.readthedocs.io/en/latest/advanced-usage.html#tls-warnings
  warnings.warn(
2026-03-30 13:46:53,387 - app.ai.website_crawler - INFO - URL路径解析: https://www.canada.ca/fr/services/impots/inscription-entreprise.html -> 路径段: ['fr', 'services', 'impots']
2026-03-30 13:46:53,388 - app.ai.website_crawler - INFO - URL https://www.canada.ca/fr/services/impots/inscription-entreprise.html 对应的文件夹ID: 885a6813-473b-4861-be2b-bb1bea1db233
2026-03-30 13:46:53,389 - app.ai.website_crawler - INFO - create_document: html_content 类型: <class 'str'>, 长度: 23143, 非空: True, 去空后非空: True
2026-03-30 13:46:53,389 - app.ai.website_crawler - INFO - 使用html_content参数，长度: 23143
2026-03-30 13:46:53,390 - app.ai.website_crawler - INFO - 保存HTML内容成功: inscription-entreprise.html, 大小: 23254 字节
2026-03-30 13:46:53,396 - app.ai.website_crawler - INFO - 创建文档成功: ID=9bd23c2f-44c9-43f3-b3ef-c15a61896ad8, 标题='Inscription des entreprises auprès de l’ARC - Canada.ca', 文件='inscription-entreprise.html'
2026-03-30 13:46:53,396 - app.ai.website_crawler - INFO - 文档保存成功: ID=9bd23c2f-44c9-43f3-b3ef-c15a61896ad8, 标题='Inscription des entreprises auprès de l’ARC - Canada.ca'
2026-03-30 13:46:53,396 - app.ai.website_crawler - INFO - 成功爬取并保存页面: Inscription des entreprises auprès de l’ARC - Canada.ca
2026-03-30 13:46:53,396 - app.ai.website_crawler - INFO - 爬取: https://www.canada.ca/fr/services/impots/taxes-daccise-droits-et-prelevements.html (深度 3/3)
/home/hongb/.openclaw/workspace/filebot/backend/venv/lib/python3.12/site-packages/urllib3/connectionpool.py:1097: InsecureRequestWarning: Unverified HTTPS request is being made to host 'www.canada.ca'. Adding certificate verification is strongly advised. See: https://urllib3.readthedocs.io/en/latest/advanced-usage.html#tls-warnings
  warnings.warn(
2026-03-30 13:46:53,442 - app.ai.website_crawler - INFO - URL路径解析: https://www.canada.ca/fr/services/impots/taxes-daccise-droits-et-prelevements.html -> 路径段: ['fr', 'services', 'impots']
2026-03-30 13:46:53,443 - app.ai.website_crawler - INFO - URL https://www.canada.ca/fr/services/impots/taxes-daccise-droits-et-prelevements.html 对应的文件夹ID: 885a6813-473b-4861-be2b-bb1bea1db233
2026-03-30 13:46:53,444 - app.ai.website_crawler - INFO - create_document: html_content 类型: <class 'str'>, 长度: 26090, 非空: True, 去空后非空: True
2026-03-30 13:46:53,444 - app.ai.website_crawler - INFO - 使用html_content参数，长度: 26090
2026-03-30 13:46:53,444 - app.ai.website_crawler - INFO - 保存HTML内容成功: taxes-daccise-droits-et-prelevements.html, 大小: 26230 字节
2026-03-30 13:46:53,450 - app.ai.website_crawler - INFO - 创建文档成功: ID=e9d70aaa-68bf-4978-aef9-12d23f8fe204, 标题='Taxes d’accise et taxes spéciales - Canada.ca', 文件='taxes-daccise-droits-et-prelevements.html'
2026-03-30 13:46:53,450 - app.ai.website_crawler - INFO - 文档保存成功: ID=e9d70aaa-68bf-4978-aef9-12d23f8fe204, 标题='Taxes d’accise et taxes spéciales - Canada.ca'
2026-03-30 13:46:53,450 - app.ai.website_crawler - INFO - 成功爬取并保存页面: Taxes d’accise et taxes spéciales - Canada.ca
2026-03-30 13:46:53,450 - app.ai.website_crawler - INFO - 爬取: https://www.canada.ca/fr/agence-revenu/programmes/a-propos-agence-revenu-canada-arc/observation.html (深度 3/3)
/home/hongb/.openclaw/workspace/filebot/backend/venv/lib/python3.12/site-packages/urllib3/connectionpool.py:1097: InsecureRequestWarning: Unverified HTTPS request is being made to host 'www.canada.ca'. Adding certificate verification is strongly advised. See: https://urllib3.readthedocs.io/en/latest/advanced-usage.html#tls-warnings
  warnings.warn(
2026-03-30 13:46:53,587 - app.ai.website_crawler - INFO - URL路径解析: https://www.canada.ca/fr/agence-revenu/programmes/a-propos-agence-revenu-canada-arc/observation.html -> 路径段: ['fr', 'agence-revenu', 'programmes', 'a-propos-agence-revenu-canada-arc']
2026-03-30 13:46:53,588 - app.ai.website_crawler - INFO - 创建子文件夹: programmes (原始路径段: programmes)，父文件夹: agence-revenu
2026-03-30 13:46:53,595 - app.ai.website_crawler - INFO - 创建子文件夹: a-propos-agence-revenu-canada-arc (原始路径段: a-propos-agence-revenu-canada-arc)，父文件夹: programmes
2026-03-30 13:46:53,599 - app.ai.website_crawler - INFO - URL https://www.canada.ca/fr/agence-revenu/programmes/a-propos-agence-revenu-canada-arc/observation.html 对应的文件夹ID: 98de8add-6223-4cdc-9f91-31d7b5bf6114
2026-03-30 13:46:53,600 - app.ai.website_crawler - INFO - create_document: html_content 类型: <class 'str'>, 长度: 41067, 非空: True, 去空后非空: True
2026-03-30 13:46:53,600 - app.ai.website_crawler - INFO - 使用html_content参数，长度: 41067
2026-03-30 13:46:53,600 - app.ai.website_crawler - INFO - 保存HTML内容成功: observation.html, 大小: 41470 字节
2026-03-30 13:46:53,606 - app.ai.website_crawler - INFO - 创建文档成功: ID=2c77c192-d6c9-4cd9-bc9d-0d63071bef20, 标题='Observation et exécution à l’ARC - Canada.ca', 文件='observation.html'
2026-03-30 13:46:53,606 - app.ai.website_crawler - INFO - 文档保存成功: ID=2c77c192-d6c9-4cd9-bc9d-0d63071bef20, 标题='Observation et exécution à l’ARC - Canada.ca'
2026-03-30 13:46:53,606 - app.ai.website_crawler - INFO - 成功爬取并保存页面: Observation et exécution à l’ARC - Canada.ca
2026-03-30 13:46:53,610 - app.ai.website_crawler - INFO - 爬取: https://www.canada.ca/fr/services/impots/bienfaisance.html (深度 3/3)
/home/hongb/.openclaw/workspace/filebot/backend/venv/lib/python3.12/site-packages/urllib3/connectionpool.py:1097: InsecureRequestWarning: Unverified HTTPS request is being made to host 'www.canada.ca'. Adding certificate verification is strongly advised. See: https://urllib3.readthedocs.io/en/latest/advanced-usage.html#tls-warnings
  warnings.warn(
2026-03-30 13:46:53,657 - app.ai.website_crawler - INFO - URL路径解析: https://www.canada.ca/fr/services/impots/bienfaisance.html -> 路径段: ['fr', 'services', 'impots']
2026-03-30 13:46:53,658 - app.ai.website_crawler - INFO - URL https://www.canada.ca/fr/services/impots/bienfaisance.html 对应的文件夹ID: 885a6813-473b-4861-be2b-bb1bea1db233
2026-03-30 13:46:53,659 - app.ai.website_crawler - INFO - create_document: html_content 类型: <class 'str'>, 长度: 35114, 非空: True, 去空后非空: True
2026-03-30 13:46:53,659 - app.ai.website_crawler - INFO - 使用html_content参数，长度: 35114
2026-03-30 13:46:53,659 - app.ai.website_crawler - INFO - 保存HTML内容成功: bienfaisance.html, 大小: 35275 字节
2026-03-30 13:46:53,666 - app.ai.website_crawler - INFO - 创建文档成功: ID=719584be-375f-4590-9918-fe62319adb76, 标题='Organismes de bienfaisance et dons - Canada.ca', 文件='bienfaisance.html'
2026-03-30 13:46:53,666 - app.ai.website_crawler - INFO - 文档保存成功: ID=719584be-375f-4590-9918-fe62319adb76, 标题='Organismes de bienfaisance et dons - Canada.ca'
2026-03-30 13:46:53,666 - app.ai.website_crawler - INFO - 成功爬取并保存页面: Organismes de bienfaisance et dons - Canada.ca
2026-03-30 13:46:53,666 - app.ai.website_crawler - INFO - 爬取: https://www.canada.ca/fr/services/veterans-militaire.html (深度 3/3)
/home/hongb/.openclaw/workspace/filebot/backend/venv/lib/python3.12/site-packages/urllib3/connectionpool.py:1097: InsecureRequestWarning: Unverified HTTPS request is being made to host 'www.canada.ca'. Adding certificate verification is strongly advised. See: https://urllib3.readthedocs.io/en/latest/advanced-usage.html#tls-warnings
  warnings.warn(
2026-03-30 13:46:53,747 - app.ai.website_crawler - INFO - URL路径解析: https://www.canada.ca/fr/services/veterans-militaire.html -> 路径段: ['fr', 'services']
2026-03-30 13:46:53,747 - app.ai.website_crawler - INFO - URL https://www.canada.ca/fr/services/veterans-militaire.html 对应的文件夹ID: 3794027b-86b1-4196-b35f-ddb09045e129
2026-03-30 13:46:53,748 - app.ai.website_crawler - INFO - create_document: html_content 类型: <class 'str'>, 长度: 23311, 非空: True, 去空后非空: True
2026-03-30 13:46:53,748 - app.ai.website_crawler - INFO - 使用html_content参数，长度: 23311
2026-03-30 13:46:53,749 - app.ai.website_crawler - INFO - 保存HTML内容成功: veterans-militaire.html, 大小: 23436 字节
2026-03-30 13:46:53,755 - app.ai.website_crawler - INFO - 创建文档成功: ID=f37d9290-22e7-45e8-a5a5-1ec2192e67a8, 标题='Vétérans et militaire - Canada.ca', 文件='veterans-militaire.html'
2026-03-30 13:46:53,755 - app.ai.website_crawler - INFO - 文档保存成功: ID=f37d9290-22e7-45e8-a5a5-1ec2192e67a8, 标题='Vétérans et militaire - Canada.ca'
2026-03-30 13:46:53,755 - app.ai.website_crawler - INFO - 成功爬取并保存页面: Vétérans et militaire - Canada.ca
2026-03-30 13:46:53,755 - app.ai.website_crawler - INFO - 爬取: https://www.canada.ca/fr/services/prestations.html (深度 3/3)
/home/hongb/.openclaw/workspace/filebot/backend/venv/lib/python3.12/site-packages/urllib3/connectionpool.py:1097: InsecureRequestWarning: Unverified HTTPS request is being made to host 'www.canada.ca'. Adding certificate verification is strongly advised. See: https://urllib3.readthedocs.io/en/latest/advanced-usage.html#tls-warnings
  warnings.warn(
2026-03-30 13:46:53,804 - app.ai.website_crawler - INFO - URL路径解析: https://www.canada.ca/fr/services/prestations.html -> 路径段: ['fr', 'services']
2026-03-30 13:46:53,805 - app.ai.website_crawler - INFO - URL https://www.canada.ca/fr/services/prestations.html 对应的文件夹ID: 3794027b-86b1-4196-b35f-ddb09045e129
2026-03-30 13:46:53,806 - app.ai.website_crawler - INFO - create_document: html_content 类型: <class 'str'>, 长度: 30098, 非空: True, 去空后非空: True
2026-03-30 13:46:53,806 - app.ai.website_crawler - INFO - 使用html_content参数，长度: 30098
2026-03-30 13:46:53,806 - app.ai.website_crawler - INFO - 保存HTML内容成功: prestations.html, 大小: 30264 字节
2026-03-30 13:46:53,812 - app.ai.website_crawler - INFO - 创建文档成功: ID=0d9be2e8-f355-4fcf-9e0c-ca5a10506e21, 标题='Prestations - Canada.ca', 文件='prestations.html'
2026-03-30 13:46:53,812 - app.ai.website_crawler - INFO - 文档保存成功: ID=0d9be2e8-f355-4fcf-9e0c-ca5a10506e21, 标题='Prestations - Canada.ca'
2026-03-30 13:46:53,813 - app.ai.website_crawler - INFO - 成功爬取并保存页面: Prestations - Canada.ca
2026-03-30 13:46:53,813 - app.ai.website_crawler - INFO - 爬取: https://www.canada.ca/fr/services/police.html (深度 3/3)
/home/hongb/.openclaw/workspace/filebot/backend/venv/lib/python3.12/site-packages/urllib3/connectionpool.py:1097: InsecureRequestWarning: Unverified HTTPS request is being made to host 'www.canada.ca'. Adding certificate verification is strongly advised. See: https://urllib3.readthedocs.io/en/latest/advanced-usage.html#tls-warnings
  warnings.warn(
2026-03-30 13:46:53,902 - app.ai.website_crawler - INFO - URL路径解析: https://www.canada.ca/fr/services/police.html -> 路径段: ['fr', 'services']
2026-03-30 13:46:53,903 - app.ai.website_crawler - INFO - URL https://www.canada.ca/fr/services/police.html 对应的文件夹ID: 3794027b-86b1-4196-b35f-ddb09045e129
2026-03-30 13:46:53,905 - app.ai.website_crawler - INFO - create_document: html_content 类型: <class 'str'>, 长度: 22964, 非空: True, 去空后非空: True
2026-03-30 13:46:53,905 - app.ai.website_crawler - INFO - 使用html_content参数，长度: 22964
2026-03-30 13:46:53,905 - app.ai.website_crawler - INFO - 保存HTML内容成功: police.html, 大小: 23079 字节
2026-03-30 13:46:53,914 - app.ai.website_crawler - INFO - 创建文档成功: ID=c379c448-147f-4cd7-8368-b1b6b4d6faa3, 标题='Services de police, justice et urgences - Canada.ca', 文件='police.html'
2026-03-30 13:46:53,914 - app.ai.website_crawler - INFO - 文档保存成功: ID=c379c448-147f-4cd7-8368-b1b6b4d6faa3, 标题='Services de police, justice et urgences - Canada.ca'
2026-03-30 13:46:53,915 - app.ai.website_crawler - INFO - 成功爬取并保存页面: Services de police, justice et urgences - Canada.ca
2026-03-30 13:46:53,915 - app.ai.website_crawler - INFO - 爬取: https://www.canada.ca/fr/agence-revenu/services/services-electroniques/services-ouverture-session-arc.html (深度 3/3)
/home/hongb/.openclaw/workspace/filebot/backend/venv/lib/python3.12/site-packages/urllib3/connectionpool.py:1097: InsecureRequestWarning: Unverified HTTPS request is being made to host 'www.canada.ca'. Adding certificate verification is strongly advised. See: https://urllib3.readthedocs.io/en/latest/advanced-usage.html#tls-warnings
  warnings.warn(
2026-03-30 13:46:53,972 - app.ai.website_crawler - INFO - URL路径解析: https://www.canada.ca/fr/agence-revenu/services/services-electroniques/services-ouverture-session-arc.html -> 路径段: ['fr', 'agence-revenu', 'services', 'services-electroniques']
2026-03-30 13:46:53,973 - app.ai.website_crawler - INFO - 创建子文件夹: services-electroniques (原始路径段: services-electroniques)，父文件夹: services
2026-03-30 13:46:53,978 - app.ai.website_crawler - INFO - URL https://www.canada.ca/fr/agence-revenu/services/services-electroniques/services-ouverture-session-arc.html 对应的文件夹ID: a5b7815a-6a41-49b5-873b-a63562884661
2026-03-30 13:46:53,980 - app.ai.website_crawler - INFO - create_document: html_content 类型: <class 'str'>, 长度: 38432, 非空: True, 去空后非空: True
2026-03-30 13:46:53,980 - app.ai.website_crawler - INFO - 使用html_content参数，长度: 38432
2026-03-30 13:46:53,980 - app.ai.website_crawler - INFO - 保存HTML内容成功: services-ouverture-session-arc.html, 大小: 38856 字节
2026-03-30 13:46:53,986 - app.ai.website_crawler - INFO - 创建文档成功: ID=c26bed61-7818-43c1-9937-2ff0eb5b2817, 标题='Se connecter à son compte de l'ARC - Canada.ca', 文件='services-ouverture-session-arc.html'
2026-03-30 13:46:53,986 - app.ai.website_crawler - INFO - 文档保存成功: ID=c26bed61-7818-43c1-9937-2ff0eb5b2817, 标题='Se connecter à son compte de l'ARC - Canada.ca'
2026-03-30 13:46:53,986 - app.ai.website_crawler - INFO - 成功爬取并保存页面: Se connecter à son compte de l'ARC - Canada.ca
2026-03-30 13:46:53,990 - app.ai.website_crawler - INFO - 爬取: https://www.canada.ca/fr/gouvernement/systeme.html (深度 3/3)
/home/hongb/.openclaw/workspace/filebot/backend/venv/lib/python3.12/site-packages/urllib3/connectionpool.py:1097: InsecureRequestWarning: Unverified HTTPS request is being made to host 'www.canada.ca'. Adding certificate verification is strongly advised. See: https://urllib3.readthedocs.io/en/latest/advanced-usage.html#tls-warnings
  warnings.warn(
2026-03-30 13:46:54,030 - app.ai.website_crawler - INFO - URL路径解析: https://www.canada.ca/fr/gouvernement/systeme.html -> 路径段: ['fr', 'gouvernement']
2026-03-30 13:46:54,031 - app.ai.website_crawler - INFO - URL https://www.canada.ca/fr/gouvernement/systeme.html 对应的文件夹ID: 91354f29-a57b-40c2-9f30-bfa3d4a4bb2b
2026-03-30 13:46:54,032 - app.ai.website_crawler - INFO - create_document: html_content 类型: <class 'str'>, 长度: 23995, 非空: True, 去空后非空: True
2026-03-30 13:46:54,032 - app.ai.website_crawler - INFO - 使用html_content参数，长度: 23995
2026-03-30 13:46:54,032 - app.ai.website_crawler - INFO - 保存HTML内容成功: systeme.html, 大小: 24137 字节
2026-03-30 13:46:54,039 - app.ai.website_crawler - INFO - 创建文档成功: ID=fcac4a48-a5dd-4b9c-8cdd-8e041e75a31e, 标题='À propos du gouvernement - Canada.ca', 文件='systeme.html'
2026-03-30 13:46:54,039 - app.ai.website_crawler - INFO - 文档保存成功: ID=fcac4a48-a5dd-4b9c-8cdd-8e041e75a31e, 标题='À propos du gouvernement - Canada.ca'
2026-03-30 13:46:54,039 - app.ai.website_crawler - INFO - 成功爬取并保存页面: À propos du gouvernement - Canada.ca
2026-03-30 13:46:54,039 - app.ai.website_crawler - INFO - 爬取: https://www.canada.ca/fr/services/entreprises.html (深度 3/3)
/home/hongb/.openclaw/workspace/filebot/backend/venv/lib/python3.12/site-packages/urllib3/connectionpool.py:1097: InsecureRequestWarning: Unverified HTTPS request is being made to host 'www.canada.ca'. Adding certificate verification is strongly advised. See: https://urllib3.readthedocs.io/en/latest/advanced-usage.html#tls-warnings
  warnings.warn(
2026-03-30 13:46:54,083 - app.ai.website_crawler - INFO - URL路径解析: https://www.canada.ca/fr/services/entreprises.html -> 路径段: ['fr', 'services']
2026-03-30 13:46:54,084 - app.ai.website_crawler - INFO - URL https://www.canada.ca/fr/services/entreprises.html 对应的文件夹ID: 3794027b-86b1-4196-b35f-ddb09045e129
2026-03-30 13:46:54,085 - app.ai.website_crawler - INFO - create_document: html_content 类型: <class 'str'>, 长度: 33033, 非空: True, 去空后非空: True
2026-03-30 13:46:54,085 - app.ai.website_crawler - INFO - 使用html_content参数，长度: 33033
2026-03-30 13:46:54,085 - app.ai.website_crawler - INFO - 保存HTML内容成功: entreprises.html, 大小: 33208 字节
2026-03-30 13:46:54,091 - app.ai.website_crawler - INFO - 创建文档成功: ID=18b78cff-aeb9-4b5f-ab8e-29948d22e00e, 标题='Entreprises et industrie - Canada.ca', 文件='entreprises.html'
2026-03-30 13:46:54,091 - app.ai.website_crawler - INFO - 文档保存成功: ID=18b78cff-aeb9-4b5f-ab8e-29948d22e00e, 标题='Entreprises et industrie - Canada.ca'
2026-03-30 13:46:54,091 - app.ai.website_crawler - INFO - 成功爬取并保存页面: Entreprises et industrie - Canada.ca
2026-03-30 13:46:54,091 - app.ai.website_crawler - INFO - 爬取: https://www.canada.ca/en/services/taxes.html (深度 3/3)
/home/hongb/.openclaw/workspace/filebot/backend/venv/lib/python3.12/site-packages/urllib3/connectionpool.py:1097: InsecureRequestWarning: Unverified HTTPS request is being made to host 'www.canada.ca'. Adding certificate verification is strongly advised. See: https://urllib3.readthedocs.io/en/latest/advanced-usage.html#tls-warnings
  warnings.warn(
2026-03-30 13:46:54,131 - app.ai.website_crawler - INFO - URL路径解析: https://www.canada.ca/en/services/taxes.html -> 路径段: ['en', 'services']
2026-03-30 13:46:54,131 - app.ai.website_crawler - INFO - 创建子文件夹: en (原始路径段: en)，父文件夹: Canada site
2026-03-30 13:46:54,137 - app.ai.website_crawler - INFO - 创建子文件夹: services (原始路径段: services)，父文件夹: en
2026-03-30 13:46:54,141 - app.ai.website_crawler - INFO - URL https://www.canada.ca/en/services/taxes.html 对应的文件夹ID: e65331d0-9c49-42a4-91a5-ce06f32c1c16
2026-03-30 13:46:54,142 - app.ai.website_crawler - INFO - create_document: html_content 类型: <class 'str'>, 长度: 28118, 非空: True, 去空后非空: True
2026-03-30 13:46:54,142 - app.ai.website_crawler - INFO - 使用html_content参数，长度: 28118
2026-03-30 13:46:54,143 - app.ai.website_crawler - INFO - 保存HTML内容成功: taxes.html, 大小: 28118 字节
2026-03-30 13:46:54,148 - app.ai.website_crawler - INFO - 创建文档成功: ID=3b0eff2f-3f79-4abc-b4bb-c8f2f8b05ac9, 标题='Taxes - Canada.ca', 文件='taxes.html'
2026-03-30 13:46:54,148 - app.ai.website_crawler - INFO - 文档保存成功: ID=3b0eff2f-3f79-4abc-b4bb-c8f2f8b05ac9, 标题='Taxes - Canada.ca'
2026-03-30 13:46:54,148 - app.ai.website_crawler - INFO - 成功爬取并保存页面: Taxes - Canada.ca
2026-03-30 13:46:54,149 - app.ai.website_crawler - INFO - 爬取: https://www.canada.ca/fr/agence-revenu/services/formulaires-publications.html (深度 3/3)
/home/hongb/.openclaw/workspace/filebot/backend/venv/lib/python3.12/site-packages/urllib3/connectionpool.py:1097: InsecureRequestWarning: Unverified HTTPS request is being made to host 'www.canada.ca'. Adding certificate verification is strongly advised. See: https://urllib3.readthedocs.io/en/latest/advanced-usage.html#tls-warnings
  warnings.warn(
2026-03-30 13:46:54,192 - app.ai.website_crawler - INFO - URL路径解析: https://www.canada.ca/fr/agence-revenu/services/formulaires-publications.html -> 路径段: ['fr', 'agence-revenu', 'services']
2026-03-30 13:46:54,193 - app.ai.website_crawler - INFO - URL https://www.canada.ca/fr/agence-revenu/services/formulaires-publications.html 对应的文件夹ID: 93f79be6-870f-4036-8f47-f9bfd55a9754
2026-03-30 13:46:54,194 - app.ai.website_crawler - INFO - create_document: html_content 类型: <class 'str'>, 长度: 26242, 非空: True, 去空后非空: True
2026-03-30 13:46:54,194 - app.ai.website_crawler - INFO - 使用html_content参数，长度: 26242
2026-03-30 13:46:54,194 - app.ai.website_crawler - INFO - 保存HTML内容成功: formulaires-publications.html, 大小: 26393 字节
2026-03-30 13:46:54,200 - app.ai.website_crawler - INFO - 创建文档成功: ID=74b77419-03ee-47d4-8d12-83c4422b5ce7, 标题='Formulaires et publications - ARC - Canada.ca', 文件='formulaires-publications.html'
2026-03-30 13:46:54,200 - app.ai.website_crawler - INFO - 文档保存成功: ID=74b77419-03ee-47d4-8d12-83c4422b5ce7, 标题='Formulaires et publications - ARC - Canada.ca'
2026-03-30 13:46:54,200 - app.ai.website_crawler - INFO - 成功爬取并保存页面: Formulaires et publications - ARC - Canada.ca
2026-03-30 13:46:54,200 - app.ai.website_crawler - INFO - 爬取: https://www.canada.ca/fr/services/evenements-vie.html (深度 3/3)
/home/hongb/.openclaw/workspace/filebot/backend/venv/lib/python3.12/site-packages/urllib3/connectionpool.py:1097: InsecureRequestWarning: Unverified HTTPS request is being made to host 'www.canada.ca'. Adding certificate verification is strongly advised. See: https://urllib3.readthedocs.io/en/latest/advanced-usage.html#tls-warnings
  warnings.warn(
2026-03-30 13:46:54,241 - app.ai.website_crawler - INFO - URL路径解析: https://www.canada.ca/fr/services/evenements-vie.html -> 路径段: ['fr', 'services']
2026-03-30 13:46:54,242 - app.ai.website_crawler - INFO - URL https://www.canada.ca/fr/services/evenements-vie.html 对应的文件夹ID: 3794027b-86b1-4196-b35f-ddb09045e129
2026-03-30 13:46:54,242 - app.ai.website_crawler - INFO - create_document: html_content 类型: <class 'str'>, 长度: 22190, 非空: True, 去空后非空: True
2026-03-30 13:46:54,243 - app.ai.website_crawler - INFO - 使用html_content参数，长度: 22190
2026-03-30 13:46:54,243 - app.ai.website_crawler - INFO - 保存HTML内容成功: evenements-vie.html, 大小: 22284 字节
2026-03-30 13:46:54,249 - app.ai.website_crawler - INFO - 创建文档成功: ID=f191c4a0-c3bf-4765-9b74-b519cd79fa15, 标题='Gérer les événements de la vie - Canada.ca', 文件='evenements-vie.html'
2026-03-30 13:46:54,249 - app.ai.website_crawler - INFO - 文档保存成功: ID=f191c4a0-c3bf-4765-9b74-b519cd79fa15, 标题='Gérer les événements de la vie - Canada.ca'
2026-03-30 13:46:54,249 - app.ai.website_crawler - INFO - 成功爬取并保存页面: Gérer les événements de la vie - Canada.ca
2026-03-30 13:46:54,253 - app.ai.website_crawler - INFO - 爬取: https://www.canada.ca/fr/agence-revenu.html (深度 3/3)
/home/hongb/.openclaw/workspace/filebot/backend/venv/lib/python3.12/site-packages/urllib3/connectionpool.py:1097: InsecureRequestWarning: Unverified HTTPS request is being made to host 'www.canada.ca'. Adding certificate verification is strongly advised. See: https://urllib3.readthedocs.io/en/latest/advanced-usage.html#tls-warnings
  warnings.warn(
2026-03-30 13:46:54,303 - app.ai.website_crawler - INFO - URL路径解析: https://www.canada.ca/fr/agence-revenu.html -> 路径段: ['fr']
2026-03-30 13:46:54,303 - app.ai.website_crawler - INFO - URL https://www.canada.ca/fr/agence-revenu.html 对应的文件夹ID: b4b2e455-d13e-434e-9ad4-9d6b06e91b33
2026-03-30 13:46:54,304 - app.ai.website_crawler - INFO - create_document: html_content 类型: <class 'str'>, 长度: 47580, 非空: True, 去空后非空: True
2026-03-30 13:46:54,304 - app.ai.website_crawler - INFO - 使用html_content参数，长度: 47580
2026-03-30 13:46:54,304 - app.ai.website_crawler - INFO - 保存HTML内容成功: agence-revenu.html, 大小: 47827 字节
2026-03-30 13:46:54,315 - app.ai.website_crawler - INFO - 创建文档成功: ID=f4c2b360-8502-411a-b85b-9a840eb49beb, 标题='Agence du revenu du Canada (ARC) - Canada.ca', 文件='agence-revenu.html'
2026-03-30 13:46:54,315 - app.ai.website_crawler - INFO - 文档保存成功: ID=f4c2b360-8502-411a-b85b-9a840eb49beb, 标题='Agence du revenu du Canada (ARC) - Canada.ca'
2026-03-30 13:46:54,315 - app.ai.website_crawler - INFO - 成功爬取并保存页面: Agence du revenu du Canada (ARC) - Canada.ca
2026-03-30 13:46:54,315 - app.ai.website_crawler - INFO - 爬取: https://www.canada.ca/fr/services/sante.html (深度 3/3)
/home/hongb/.openclaw/workspace/filebot/backend/venv/lib/python3.12/site-packages/urllib3/connectionpool.py:1097: InsecureRequestWarning: Unverified HTTPS request is being made to host 'www.canada.ca'. Adding certificate verification is strongly advised. See: https://urllib3.readthedocs.io/en/latest/advanced-usage.html#tls-warnings
  warnings.warn(
2026-03-30 13:46:54,357 - app.ai.website_crawler - INFO - URL路径解析: https://www.canada.ca/fr/services/sante.html -> 路径段: ['fr', 'services']
2026-03-30 13:46:54,358 - app.ai.website_crawler - INFO - URL https://www.canada.ca/fr/services/sante.html 对应的文件夹ID: 3794027b-86b1-4196-b35f-ddb09045e129
2026-03-30 13:46:54,358 - app.ai.website_crawler - INFO - create_document: html_content 类型: <class 'str'>, 长度: 27313, 非空: True, 去空后非空: True
2026-03-30 13:46:54,359 - app.ai.website_crawler - INFO - 使用html_content参数，长度: 27313
2026-03-30 13:46:54,359 - app.ai.website_crawler - INFO - 保存HTML内容成功: sante.html, 大小: 27507 字节
2026-03-30 13:46:54,364 - app.ai.website_crawler - INFO - 创建文档成功: ID=0a6eacbc-a648-49d0-8dd5-249c13184807, 标题='Santé - Canada.ca', 文件='sante.html'
2026-03-30 13:46:54,364 - app.ai.website_crawler - INFO - 文档保存成功: ID=0a6eacbc-a648-49d0-8dd5-249c13184807, 标题='Santé - Canada.ca'
2026-03-30 13:46:54,364 - app.ai.website_crawler - INFO - 成功爬取并保存页面: Santé - Canada.ca
2026-03-30 13:46:54,365 - app.ai.website_crawler - INFO - 爬取: https://www.canada.ca/fr/agence-revenu/services/paiements/paiements-arc.html (深度 3/3)
/home/hongb/.openclaw/workspace/filebot/backend/venv/lib/python3.12/site-packages/urllib3/connectionpool.py:1097: InsecureRequestWarning: Unverified HTTPS request is being made to host 'www.canada.ca'. Adding certificate verification is strongly advised. See: https://urllib3.readthedocs.io/en/latest/advanced-usage.html#tls-warnings
  warnings.warn(
2026-03-30 13:46:54,403 - app.ai.website_crawler - INFO - URL路径解析: https://www.canada.ca/fr/agence-revenu/services/paiements/paiements-arc.html -> 路径段: ['fr', 'agence-revenu', 'services', 'paiements']
2026-03-30 13:46:54,404 - app.ai.website_crawler - INFO - 创建子文件夹: paiements (原始路径段: paiements)，父文件夹: services
2026-03-30 13:46:54,409 - app.ai.website_crawler - INFO - URL https://www.canada.ca/fr/agence-revenu/services/paiements/paiements-arc.html 对应的文件夹ID: c9f563cf-9e2f-4b5e-a917-94763e336b96
2026-03-30 13:46:54,411 - app.ai.website_crawler - INFO - create_document: html_content 类型: <class 'str'>, 长度: 25833, 非空: True, 去空后非空: True
2026-03-30 13:46:54,411 - app.ai.website_crawler - INFO - 使用html_content参数，长度: 25833
2026-03-30 13:46:54,411 - app.ai.website_crawler - INFO - 保存HTML内容成功: paiements-arc.html, 大小: 25955 字节
2026-03-30 13:46:54,417 - app.ai.website_crawler - INFO - 创建文档成功: ID=cbeec35f-556d-4e2a-8bd0-367674f69018, 标题='Paiements faits à l'ARC - Canada.ca', 文件='paiements-arc.html'
2026-03-30 13:46:54,417 - app.ai.website_crawler - INFO - 文档保存成功: ID=cbeec35f-556d-4e2a-8bd0-367674f69018, 标题='Paiements faits à l'ARC - Canada.ca'
2026-03-30 13:46:54,417 - app.ai.website_crawler - INFO - 成功爬取并保存页面: Paiements faits à l'ARC - Canada.ca
2026-03-30 13:46:54,417 - app.ai.website_crawler - INFO - 爬取: https://www.canada.ca/en/transparency/terms.html (深度 2/3)
/home/hongb/.openclaw/workspace/filebot/backend/venv/lib/python3.12/site-packages/urllib3/connectionpool.py:1097: InsecureRequestWarning: Unverified HTTPS request is being made to host 'www.canada.ca'. Adding certificate verification is strongly advised. See: https://urllib3.readthedocs.io/en/latest/advanced-usage.html#tls-warnings
  warnings.warn(
2026-03-30 13:46:54,461 - app.ai.website_crawler - INFO - URL路径解析: https://www.canada.ca/en/transparency/terms.html -> 路径段: ['en', 'transparency']
2026-03-30 13:46:54,462 - app.ai.website_crawler - INFO - 创建子文件夹: transparency (原始路径段: transparency)，父文件夹: en
2026-03-30 13:46:54,467 - app.ai.website_crawler - INFO - URL https://www.canada.ca/en/transparency/terms.html 对应的文件夹ID: 56da52f9-f6b0-49ee-b573-e337cf925c10
2026-03-30 13:46:54,469 - app.ai.website_crawler - INFO - create_document: html_content 类型: <class 'str'>, 长度: 34844, 非空: True, 去空后非空: True
2026-03-30 13:46:54,469 - app.ai.website_crawler - INFO - 使用html_content参数，长度: 34844
2026-03-30 13:46:54,469 - app.ai.website_crawler - INFO - 保存HTML内容成功: terms.html, 大小: 34854 字节
2026-03-30 13:46:54,474 - app.ai.website_crawler - INFO - 创建文档成功: ID=d1e524ba-7ae6-447e-8c0c-ed4ec8f2b984, 标题='Terms and conditions - Canada.ca', 文件='terms.html'
2026-03-30 13:46:54,474 - app.ai.website_crawler - INFO - 文档保存成功: ID=d1e524ba-7ae6-447e-8c0c-ed4ec8f2b984, 标题='Terms and conditions - Canada.ca'
2026-03-30 13:46:54,474 - app.ai.website_crawler - INFO - 成功爬取并保存页面: Terms and conditions - Canada.ca
/home/hongb/.openclaw/workspace/filebot/backend/venv/lib/python3.12/site-packages/urllib3/connectionpool.py:1097: InsecureRequestWarning: Unverified HTTPS request is being made to host 'www.canada.ca'. Adding certificate verification is strongly advised. See: https://urllib3.readthedocs.io/en/latest/advanced-usage.html#tls-warnings
  warnings.warn(
2026-03-30 13:46:54,504 - app.ai.website_crawler - INFO - URL路径解析: https://www.canada.ca/etc/designs/canada/wet-boew/assets/sig-blk-en.svg -> 路径段: ['etc', 'designs', 'canada', 'wet-boew', 'assets']
2026-03-30 13:46:54,505 - app.ai.website_crawler - INFO - URL https://www.canada.ca/etc/designs/canada/wet-boew/assets/sig-blk-en.svg 对应的文件夹ID: 2fe5392b-c7fb-4e87-9b77-e967ff48ff21
2026-03-30 13:46:54,506 - app.ai.website_crawler - WARNING - 图片文档已存在，跳过创建: stored_filename='2fe5392b-c7fb-4e87-9b77-e967ff48ff21/sig-blk-en.svg', 现有ID=230fa97f-4caf-4695-b584-4816d94f9040
/home/hongb/.openclaw/workspace/filebot/backend/venv/lib/python3.12/site-packages/urllib3/connectionpool.py:1097: InsecureRequestWarning: Unverified HTTPS request is being made to host 'www.canada.ca'. Adding certificate verification is strongly advised. See: https://urllib3.readthedocs.io/en/latest/advanced-usage.html#tls-warnings
  warnings.warn(
2026-03-30 13:46:54,537 - app.ai.website_crawler - INFO - URL路径解析: https://www.canada.ca/etc/designs/canada/wet-boew/assets/wmms-blk.svg -> 路径段: ['etc', 'designs', 'canada', 'wet-boew', 'assets']
2026-03-30 13:46:54,538 - app.ai.website_crawler - INFO - URL https://www.canada.ca/etc/designs/canada/wet-boew/assets/wmms-blk.svg 对应的文件夹ID: 2fe5392b-c7fb-4e87-9b77-e967ff48ff21
2026-03-30 13:46:54,539 - app.ai.website_crawler - WARNING - 图片文档已存在，跳过创建: stored_filename='2fe5392b-c7fb-4e87-9b77-e967ff48ff21/wmms-blk.svg', 现有ID=f5a4d8f4-dd77-4a7e-8b3a-66e5cf9c90f4
2026-03-30 13:46:54,541 - app.ai.website_crawler - INFO - 爬取: https://www.canada.ca/en/treasury-board-secretariat/services/access-information-privacy/access-information/info-source/standard-personal-information-banks.html#psu914 (深度 3/3)
/home/hongb/.openclaw/workspace/filebot/backend/venv/lib/python3.12/site-packages/urllib3/connectionpool.py:1097: InsecureRequestWarning: Unverified HTTPS request is being made to host 'www.canada.ca'. Adding certificate verification is strongly advised. See: https://urllib3.readthedocs.io/en/latest/advanced-usage.html#tls-warnings
  warnings.warn(
2026-03-30 13:46:54,648 - app.ai.website_crawler - INFO - URL路径解析: https://www.canada.ca/en/treasury-board-secretariat/services/access-information-privacy/access-information/info-source/standard-personal-information-banks.html#psu914 -> 路径段: ['en', 'treasury-board-secretariat', 'services', 'access-information-privacy', 'access-information', 'info-source']
2026-03-30 13:46:54,649 - app.ai.website_crawler - INFO - 创建子文件夹: treasury-board-secretariat (原始路径段: treasury-board-secretariat)，父文件夹: en
2026-03-30 13:46:54,655 - app.ai.website_crawler - INFO - 创建子文件夹: services (原始路径段: services)，父文件夹: treasury-board-secretariat
2026-03-30 13:46:54,660 - app.ai.website_crawler - INFO - 创建子文件夹: access-information-privacy (原始路径段: access-information-privacy)，父文件夹: services
2026-03-30 13:46:54,665 - app.ai.website_crawler - INFO - 创建子文件夹: access-information (原始路径段: access-information)，父文件夹: access-information-privacy
2026-03-30 13:46:54,670 - app.ai.website_crawler - INFO - 创建子文件夹: info-source (原始路径段: info-source)，父文件夹: access-information
2026-03-30 13:46:54,675 - app.ai.website_crawler - INFO - URL https://www.canada.ca/en/treasury-board-secretariat/services/access-information-privacy/access-information/info-source/standard-personal-information-banks.html#psu914 对应的文件夹ID: d4009628-fe79-49a1-a977-2fe2745270a7
2026-03-30 13:46:54,677 - app.ai.website_crawler - INFO - create_document: html_content 类型: <class 'str'>, 长度: 203466, 非空: True, 去空后非空: True
2026-03-30 13:46:54,677 - app.ai.website_crawler - INFO - 使用html_content参数，长度: 203466
2026-03-30 13:46:54,679 - app.ai.website_crawler - INFO - 保存HTML内容成功: standard-personal-information-banks.html, 大小: 203844 字节
2026-03-30 13:46:54,685 - app.ai.website_crawler - INFO - 创建文档成功: ID=cb63f18e-0f2c-4f4b-b95e-814e334b53c7, 标题='Standard personal information banks - Canada.ca', 文件='standard-personal-information-banks.html'
2026-03-30 13:46:54,685 - app.ai.website_crawler - INFO - 文档保存成功: ID=cb63f18e-0f2c-4f4b-b95e-814e334b53c7, 标题='Standard personal information banks - Canada.ca'
2026-03-30 13:46:54,685 - app.ai.website_crawler - INFO - 成功爬取并保存页面: Standard personal information banks - Canada.ca
2026-03-30 13:46:54,689 - app.ai.website_crawler - INFO - 爬取: https://www.canada.ca/en/services/benefits.html (深度 3/3)
/home/hongb/.openclaw/workspace/filebot/backend/venv/lib/python3.12/site-packages/urllib3/connectionpool.py:1097: InsecureRequestWarning: Unverified HTTPS request is being made to host 'www.canada.ca'. Adding certificate verification is strongly advised. See: https://urllib3.readthedocs.io/en/latest/advanced-usage.html#tls-warnings
  warnings.warn(
2026-03-30 13:46:54,732 - app.ai.website_crawler - INFO - URL路径解析: https://www.canada.ca/en/services/benefits.html -> 路径段: ['en', 'services']
2026-03-30 13:46:54,732 - app.ai.website_crawler - INFO - URL https://www.canada.ca/en/services/benefits.html 对应的文件夹ID: e65331d0-9c49-42a4-91a5-ce06f32c1c16
2026-03-30 13:46:54,733 - app.ai.website_crawler - INFO - create_document: html_content 类型: <class 'str'>, 长度: 27908, 非空: True, 去空后非空: True
2026-03-30 13:46:54,733 - app.ai.website_crawler - INFO - 使用html_content参数，长度: 27908
2026-03-30 13:46:54,734 - app.ai.website_crawler - INFO - 保存HTML内容成功: benefits.html, 大小: 27912 字节
2026-03-30 13:46:54,742 - app.ai.website_crawler - INFO - 创建文档成功: ID=9fea14e9-dadd-426a-b9a7-f887e01f3f6c, 标题='Benefits - Canada.ca', 文件='benefits.html'
2026-03-30 13:46:54,742 - app.ai.website_crawler - INFO - 文档保存成功: ID=9fea14e9-dadd-426a-b9a7-f887e01f3f6c, 标题='Benefits - Canada.ca'
2026-03-30 13:46:54,743 - app.ai.website_crawler - INFO - 成功爬取并保存页面: Benefits - Canada.ca
2026-03-30 13:46:54,743 - app.ai.website_crawler - INFO - 爬取: https://www.canada.ca/en/services/environment.html (深度 3/3)
/home/hongb/.openclaw/workspace/filebot/backend/venv/lib/python3.12/site-packages/urllib3/connectionpool.py:1097: InsecureRequestWarning: Unverified HTTPS request is being made to host 'www.canada.ca'. Adding certificate verification is strongly advised. See: https://urllib3.readthedocs.io/en/latest/advanced-usage.html#tls-warnings
  warnings.warn(
2026-03-30 13:46:54,781 - app.ai.website_crawler - INFO - URL路径解析: https://www.canada.ca/en/services/environment.html -> 路径段: ['en', 'services']
2026-03-30 13:46:54,781 - app.ai.website_crawler - INFO - URL https://www.canada.ca/en/services/environment.html 对应的文件夹ID: e65331d0-9c49-42a4-91a5-ce06f32c1c16
2026-03-30 13:46:54,783 - app.ai.website_crawler - INFO - create_document: html_content 类型: <class 'str'>, 长度: 25999, 非空: True, 去空后非空: True
2026-03-30 13:46:54,783 - app.ai.website_crawler - INFO - 使用html_content参数，长度: 25999
2026-03-30 13:46:54,783 - app.ai.website_crawler - INFO - 保存HTML内容成功: environment.html, 大小: 26003 字节
2026-03-30 13:46:54,791 - app.ai.website_crawler - INFO - 创建文档成功: ID=80a359cb-06be-4b91-8779-c69796709491, 标题='Environment and natural resources - Canada.ca', 文件='environment.html'
2026-03-30 13:46:54,791 - app.ai.website_crawler - INFO - 文档保存成功: ID=80a359cb-06be-4b91-8779-c69796709491, 标题='Environment and natural resources - Canada.ca'
2026-03-30 13:46:54,791 - app.ai.website_crawler - INFO - 成功爬取并保存页面: Environment and natural resources - Canada.ca
2026-03-30 13:46:54,792 - app.ai.website_crawler - INFO - 爬取: https://www.canada.ca/en/services/life-events.html (深度 3/3)
/home/hongb/.openclaw/workspace/filebot/backend/venv/lib/python3.12/site-packages/urllib3/connectionpool.py:1097: InsecureRequestWarning: Unverified HTTPS request is being made to host 'www.canada.ca'. Adding certificate verification is strongly advised. See: https://urllib3.readthedocs.io/en/latest/advanced-usage.html#tls-warnings
  warnings.warn(
2026-03-30 13:46:54,829 - app.ai.website_crawler - INFO - URL路径解析: https://www.canada.ca/en/services/life-events.html -> 路径段: ['en', 'services']
2026-03-30 13:46:54,829 - app.ai.website_crawler - INFO - URL https://www.canada.ca/en/services/life-events.html 对应的文件夹ID: e65331d0-9c49-42a4-91a5-ce06f32c1c16
2026-03-30 13:46:54,830 - app.ai.website_crawler - INFO - create_document: html_content 类型: <class 'str'>, 长度: 21830, 非空: True, 去空后非空: True
2026-03-30 13:46:54,830 - app.ai.website_crawler - INFO - 使用html_content参数，长度: 21830
2026-03-30 13:46:54,831 - app.ai.website_crawler - INFO - 保存HTML内容成功: life-events.html, 大小: 21830 字节
2026-03-30 13:46:54,838 - app.ai.website_crawler - INFO - 创建文档成功: ID=9c980623-777f-47f8-87c9-a30d1e337a31, 标题='Manage life events - Canada.ca', 文件='life-events.html'
2026-03-30 13:46:54,838 - app.ai.website_crawler - INFO - 文档保存成功: ID=9c980623-777f-47f8-87c9-a30d1e337a31, 标题='Manage life events - Canada.ca'
2026-03-30 13:46:54,838 - app.ai.website_crawler - INFO - 成功爬取并保存页面: Manage life events - Canada.ca
2026-03-30 13:46:54,838 - app.ai.website_crawler - INFO - 爬取: https://www.canada.ca/en/services/defence.html (深度 3/3)
/home/hongb/.openclaw/workspace/filebot/backend/venv/lib/python3.12/site-packages/urllib3/connectionpool.py:1097: InsecureRequestWarning: Unverified HTTPS request is being made to host 'www.canada.ca'. Adding certificate verification is strongly advised. See: https://urllib3.readthedocs.io/en/latest/advanced-usage.html#tls-warnings
  warnings.warn(
2026-03-30 13:46:54,875 - app.ai.website_crawler - INFO - URL路径解析: https://www.canada.ca/en/services/defence.html -> 路径段: ['en', 'services']
2026-03-30 13:46:54,875 - app.ai.website_crawler - INFO - URL https://www.canada.ca/en/services/defence.html 对应的文件夹ID: e65331d0-9c49-42a4-91a5-ce06f32c1c16
2026-03-30 13:46:54,876 - app.ai.website_crawler - INFO - create_document: html_content 类型: <class 'str'>, 长度: 22915, 非空: True, 去空后非空: True
2026-03-30 13:46:54,876 - app.ai.website_crawler - INFO - 使用html_content参数，长度: 22915
2026-03-30 13:46:54,876 - app.ai.website_crawler - INFO - 保存HTML内容成功: defence.html, 大小: 22921 字节
2026-03-30 13:46:54,883 - app.ai.website_crawler - INFO - 创建文档成功: ID=76e91c8b-45fe-4dea-88bd-d8541c2829d9, 标题='National security and defence - Canada.ca', 文件='defence.html'
2026-03-30 13:46:54,883 - app.ai.website_crawler - INFO - 文档保存成功: ID=76e91c8b-45fe-4dea-88bd-d8541c2829d9, 标题='National security and defence - Canada.ca'
2026-03-30 13:46:54,883 - app.ai.website_crawler - INFO - 成功爬取并保存页面: National security and defence - Canada.ca
2026-03-30 13:46:54,883 - app.ai.website_crawler - INFO - 爬取: https://www.canada.ca/en/social.html (深度 3/3)
/home/hongb/.openclaw/workspace/filebot/backend/venv/lib/python3.12/site-packages/urllib3/connectionpool.py:1097: InsecureRequestWarning: Unverified HTTPS request is being made to host 'www.canada.ca'. Adding certificate verification is strongly advised. See: https://urllib3.readthedocs.io/en/latest/advanced-usage.html#tls-warnings
  warnings.warn(
2026-03-30 13:46:54,953 - app.ai.website_crawler - INFO - URL路径解析: https://www.canada.ca/en/social.html -> 路径段: ['en']
2026-03-30 13:46:54,953 - app.ai.website_crawler - INFO - URL https://www.canada.ca/en/social.html 对应的文件夹ID: bf7d22e7-4b8f-4407-9727-c9d3076f035a
2026-03-30 13:46:54,954 - app.ai.website_crawler - INFO - create_document: html_content 类型: <class 'str'>, 长度: 19699, 非空: True, 去空后非空: True
2026-03-30 13:46:54,955 - app.ai.website_crawler - INFO - 使用html_content参数，长度: 19699
2026-03-30 13:46:54,956 - app.ai.website_crawler - INFO - 保存HTML内容成功: social.html, 大小: 19700 字节
2026-03-30 13:46:54,962 - app.ai.website_crawler - INFO - 创建文档成功: ID=3fb211f0-dc47-4715-981b-ddbec8d77f48, 标题='Social media - Canada.ca', 文件='social.html'
2026-03-30 13:46:54,962 - app.ai.website_crawler - INFO - 文档保存成功: ID=3fb211f0-dc47-4715-981b-ddbec8d77f48, 标题='Social media - Canada.ca'
2026-03-30 13:46:54,962 - app.ai.website_crawler - INFO - 成功爬取并保存页面: Social media - Canada.ca
2026-03-30 13:46:54,967 - app.ai.website_crawler - INFO - 爬取: https://www.canada.ca/en/government/about-canada-ca.html (深度 3/3)
/home/hongb/.openclaw/workspace/filebot/backend/venv/lib/python3.12/site-packages/urllib3/connectionpool.py:1097: InsecureRequestWarning: Unverified HTTPS request is being made to host 'www.canada.ca'. Adding certificate verification is strongly advised. See: https://urllib3.readthedocs.io/en/latest/advanced-usage.html#tls-warnings
  warnings.warn(
2026-03-30 13:46:55,008 - app.ai.website_crawler - INFO - URL路径解析: https://www.canada.ca/en/government/about-canada-ca.html -> 路径段: ['en', 'government']
2026-03-30 13:46:55,008 - app.ai.website_crawler - INFO - 创建子文件夹: government (原始路径段: government)，父文件夹: en
2026-03-30 13:46:55,014 - app.ai.website_crawler - INFO - URL https://www.canada.ca/en/government/about-canada-ca.html 对应的文件夹ID: e09d3372-1b9b-4cae-83d1-acdcdde62246
2026-03-30 13:46:55,015 - app.ai.website_crawler - INFO - create_document: html_content 类型: <class 'str'>, 长度: 19505, 非空: True, 去空后非空: True
2026-03-30 13:46:55,015 - app.ai.website_crawler - INFO - 使用html_content参数，长度: 19505
2026-03-30 13:46:55,016 - app.ai.website_crawler - INFO - 保存HTML内容成功: about-canada-ca.html, 大小: 19507 字节
2026-03-30 13:46:55,021 - app.ai.website_crawler - INFO - 创建文档成功: ID=f8b5a023-1da8-41bd-9669-e8fead93e797, 标题='About Canada.ca - Canada.ca', 文件='about-canada-ca.html'
2026-03-30 13:46:55,021 - app.ai.website_crawler - INFO - 文档保存成功: ID=f8b5a023-1da8-41bd-9669-e8fead93e797, 标题='About Canada.ca - Canada.ca'
2026-03-30 13:46:55,021 - app.ai.website_crawler - INFO - 成功爬取并保存页面: About Canada.ca - Canada.ca
2026-03-30 13:46:55,021 - app.ai.website_crawler - INFO - 爬取: https://www.canada.ca/en/contact.html (深度 3/3)
/home/hongb/.openclaw/workspace/filebot/backend/venv/lib/python3.12/site-packages/urllib3/connectionpool.py:1097: InsecureRequestWarning: Unverified HTTPS request is being made to host 'www.canada.ca'. Adding certificate verification is strongly advised. See: https://urllib3.readthedocs.io/en/latest/advanced-usage.html#tls-warnings
  warnings.warn(
2026-03-30 13:46:55,206 - app.ai.website_crawler - INFO - URL路径解析: https://www.canada.ca/en/contact.html -> 路径段: ['en']
2026-03-30 13:46:55,207 - app.ai.website_crawler - INFO - URL https://www.canada.ca/en/contact.html 对应的文件夹ID: bf7d22e7-4b8f-4407-9727-c9d3076f035a
2026-03-30 13:46:55,209 - app.ai.website_crawler - INFO - create_document: html_content 类型: <class 'str'>, 长度: 59297, 非空: True, 去空后非空: True
2026-03-30 13:46:55,209 - app.ai.website_crawler - INFO - 使用html_content参数，长度: 59297
2026-03-30 13:46:55,209 - app.ai.website_crawler - INFO - 保存HTML内容成功: contact.html, 大小: 59297 字节
2026-03-30 13:46:55,217 - app.ai.website_crawler - INFO - 创建文档成功: ID=c5d11b2c-af17-427b-9803-fce901ef8dc5, 标题='Contact the Government of Canada - Canada.ca', 文件='contact.html'
2026-03-30 13:46:55,217 - app.ai.website_crawler - INFO - 文档保存成功: ID=c5d11b2c-af17-427b-9803-fce901ef8dc5, 标题='Contact the Government of Canada - Canada.ca'
2026-03-30 13:46:55,217 - app.ai.website_crawler - INFO - 成功爬取并保存页面: Contact the Government of Canada - Canada.ca
2026-03-30 13:46:55,217 - app.ai.website_crawler - INFO - 爬取: https://www.canada.ca/en/treasury-board-secretariat/services/access-information-privacy/access-information/info-source/standard-personal-information-banks.html#psu938 (深度 3/3)
/home/hongb/.openclaw/workspace/filebot/backend/venv/lib/python3.12/site-packages/urllib3/connectionpool.py:1097: InsecureRequestWarning: Unverified HTTPS request is being made to host 'www.canada.ca'. Adding certificate verification is strongly advised. See: https://urllib3.readthedocs.io/en/latest/advanced-usage.html#tls-warnings
  warnings.warn(
2026-03-30 13:46:55,334 - app.ai.website_crawler - INFO - URL路径解析: https://www.canada.ca/en/treasury-board-secretariat/services/access-information-privacy/access-information/info-source/standard-personal-information-banks.html#psu938 -> 路径段: ['en', 'treasury-board-secretariat', 'services', 'access-information-privacy', 'access-information', 'info-source']
2026-03-30 13:46:55,335 - app.ai.website_crawler - INFO - URL https://www.canada.ca/en/treasury-board-secretariat/services/access-information-privacy/access-information/info-source/standard-personal-information-banks.html#psu938 对应的文件夹ID: d4009628-fe79-49a1-a977-2fe2745270a7
2026-03-30 13:46:55,337 - app.ai.website_crawler - WARNING - 文档已存在，跳过创建: stored_filename='d4009628-fe79-49a1-a977-2fe2745270a7/standard-personal-information-banks.html', 现有ID=cb63f18e-0f2c-4f4b-b95e-814e334b53c7
2026-03-30 13:46:55,337 - app.ai.website_crawler - INFO - 文档保存成功: ID=cb63f18e-0f2c-4f4b-b95e-814e334b53c7, 标题='Standard personal information banks - Canada.ca'
2026-03-30 13:46:55,337 - app.ai.website_crawler - INFO - 成功爬取并保存页面: Standard personal information banks - Canada.ca
2026-03-30 13:46:55,337 - app.ai.website_crawler - INFO - 爬取: https://www.canada.ca/en/treasury-board-secretariat/services/access-information-privacy/access-information/request-information.html (深度 3/3)
/home/hongb/.openclaw/workspace/filebot/backend/venv/lib/python3.12/site-packages/urllib3/connectionpool.py:1097: InsecureRequestWarning: Unverified HTTPS request is being made to host 'www.canada.ca'. Adding certificate verification is strongly advised. See: https://urllib3.readthedocs.io/en/latest/advanced-usage.html#tls-warnings
  warnings.warn(
2026-03-30 13:46:55,373 - app.ai.website_crawler - INFO - URL路径解析: https://www.canada.ca/en/treasury-board-secretariat/services/access-information-privacy/access-information/request-information.html -> 路径段: ['en', 'treasury-board-secretariat', 'services', 'access-information-privacy', 'access-information']
2026-03-30 13:46:55,375 - app.ai.website_crawler - INFO - URL https://www.canada.ca/en/treasury-board-secretariat/services/access-information-privacy/access-information/request-information.html 对应的文件夹ID: 15b7b554-8233-45a6-b743-1ba49c2b69c0
2026-03-30 13:46:55,377 - app.ai.website_crawler - INFO - create_document: html_content 类型: <class 'str'>, 长度: 23091, 非空: True, 去空后非空: True
2026-03-30 13:46:55,377 - app.ai.website_crawler - INFO - 使用html_content参数，长度: 23091
2026-03-30 13:46:55,377 - app.ai.website_crawler - INFO - 保存HTML内容成功: request-information.html, 大小: 23091 字节
2026-03-30 13:46:55,383 - app.ai.website_crawler - INFO - 创建文档成功: ID=80ffd2d3-c17d-4bb9-9c63-52deb7fb6dc9, 标题='Make an access to information or personal information request - Canada.ca', 文件='request-information.html'
2026-03-30 13:46:55,383 - app.ai.website_crawler - INFO - 文档保存成功: ID=80ffd2d3-c17d-4bb9-9c63-52deb7fb6dc9, 标题='Make an access to information or personal information request - Canada.ca'
2026-03-30 13:46:55,383 - app.ai.website_crawler - INFO - 成功爬取并保存页面: Make an access to information or personal information request - Canada.ca
2026-03-30 13:46:55,383 - app.ai.website_crawler - INFO - 爬取: https://www.canada.ca/en/services/health.html (深度 3/3)
/home/hongb/.openclaw/workspace/filebot/backend/venv/lib/python3.12/site-packages/urllib3/connectionpool.py:1097: InsecureRequestWarning: Unverified HTTPS request is being made to host 'www.canada.ca'. Adding certificate verification is strongly advised. See: https://urllib3.readthedocs.io/en/latest/advanced-usage.html#tls-warnings
  warnings.warn(
2026-03-30 13:46:55,424 - app.ai.website_crawler - INFO - URL路径解析: https://www.canada.ca/en/services/health.html -> 路径段: ['en', 'services']
2026-03-30 13:46:55,425 - app.ai.website_crawler - INFO - URL https://www.canada.ca/en/services/health.html 对应的文件夹ID: e65331d0-9c49-42a4-91a5-ce06f32c1c16
2026-03-30 13:46:55,426 - app.ai.website_crawler - INFO - create_document: html_content 类型: <class 'str'>, 长度: 26507, 非空: True, 去空后非空: True
2026-03-30 13:46:55,426 - app.ai.website_crawler - INFO - 使用html_content参数，长度: 26507
2026-03-30 13:46:55,426 - app.ai.website_crawler - INFO - 保存HTML内容成功: health.html, 大小: 26507 字节
2026-03-30 13:46:55,433 - app.ai.website_crawler - INFO - 创建文档成功: ID=102907a2-7c67-4066-b99e-75d494970aef, 标题='Health - Canada.ca', 文件='health.html'
2026-03-30 13:46:55,433 - app.ai.website_crawler - INFO - 文档保存成功: ID=102907a2-7c67-4066-b99e-75d494970aef, 标题='Health - Canada.ca'
2026-03-30 13:46:55,433 - app.ai.website_crawler - INFO - 成功爬取并保存页面: Health - Canada.ca
2026-03-30 13:46:55,437 - app.ai.website_crawler - INFO - 爬取: https://www.canada.ca/en.html (深度 3/3)
/home/hongb/.openclaw/workspace/filebot/backend/venv/lib/python3.12/site-packages/urllib3/connectionpool.py:1097: InsecureRequestWarning: Unverified HTTPS request is being made to host 'www.canada.ca'. Adding certificate verification is strongly advised. See: https://urllib3.readthedocs.io/en/latest/advanced-usage.html#tls-warnings
  warnings.warn(
2026-03-30 13:46:55,486 - app.ai.website_crawler - INFO - create_document: html_content 类型: <class 'str'>, 长度: 38193, 非空: True, 去空后非空: True
2026-03-30 13:46:55,486 - app.ai.website_crawler - INFO - 使用html_content参数，长度: 38193
2026-03-30 13:46:55,486 - app.ai.website_crawler - INFO - 保存HTML内容成功: en.html, 大小: 38209 字节
2026-03-30 13:46:55,492 - app.ai.website_crawler - INFO - 创建文档成功: ID=02bd0508-0512-47d5-b8a6-79254b1208fc, 标题='Home - Canada.ca', 文件='en.html'
2026-03-30 13:46:55,493 - app.ai.website_crawler - INFO - 文档保存成功: ID=02bd0508-0512-47d5-b8a6-79254b1208fc, 标题='Home - Canada.ca'
2026-03-30 13:46:55,493 - app.ai.website_crawler - INFO - 成功爬取并保存页面: Home - Canada.ca
2026-03-30 13:46:55,493 - app.ai.website_crawler - INFO - 爬取: https://www.canada.ca/en/transparency/privacy.html (深度 3/3)
/home/hongb/.openclaw/workspace/filebot/backend/venv/lib/python3.12/site-packages/urllib3/connectionpool.py:1097: InsecureRequestWarning: Unverified HTTPS request is being made to host 'www.canada.ca'. Adding certificate verification is strongly advised. See: https://urllib3.readthedocs.io/en/latest/advanced-usage.html#tls-warnings
  warnings.warn(
2026-03-30 13:46:55,535 - app.ai.website_crawler - INFO - URL路径解析: https://www.canada.ca/en/transparency/privacy.html -> 路径段: ['en', 'transparency']
2026-03-30 13:46:55,536 - app.ai.website_crawler - INFO - URL https://www.canada.ca/en/transparency/privacy.html 对应的文件夹ID: 56da52f9-f6b0-49ee-b573-e337cf925c10
2026-03-30 13:46:55,537 - app.ai.website_crawler - INFO - create_document: html_content 类型: <class 'str'>, 长度: 32215, 非空: True, 去空后非空: True
2026-03-30 13:46:55,537 - app.ai.website_crawler - INFO - 使用html_content参数，长度: 32215
2026-03-30 13:46:55,537 - app.ai.website_crawler - INFO - 保存HTML内容成功: privacy.html, 大小: 32231 字节
2026-03-30 13:46:55,542 - app.ai.website_crawler - INFO - 创建文档成功: ID=c632f714-b883-478c-bf66-78b527b1babc, 标题='Privacy - Canada.ca', 文件='privacy.html'
2026-03-30 13:46:55,542 - app.ai.website_crawler - INFO - 文档保存成功: ID=c632f714-b883-478c-bf66-78b527b1babc, 标题='Privacy - Canada.ca'
2026-03-30 13:46:55,542 - app.ai.website_crawler - INFO - 成功爬取并保存页面: Privacy - Canada.ca
2026-03-30 13:46:55,542 - app.ai.website_crawler - INFO - 爬取: https://www.canada.ca/en/government/system/government-communications/federal-identity-requirements/legal-protection-official-symbols-government-canada.html (深度 3/3)
/home/hongb/.openclaw/workspace/filebot/backend/venv/lib/python3.12/site-packages/urllib3/connectionpool.py:1097: InsecureRequestWarning: Unverified HTTPS request is being made to host 'www.canada.ca'. Adding certificate verification is strongly advised. See: https://urllib3.readthedocs.io/en/latest/advanced-usage.html#tls-warnings
  warnings.warn(
2026-03-30 13:46:55,597 - app.ai.website_crawler - INFO - URL路径解析: https://www.canada.ca/en/government/system/government-communications/federal-identity-requirements/legal-protection-official-symbols-government-canada.html -> 路径段: ['en', 'government', 'system', 'government-communications', 'federal-identity-requirements']
2026-03-30 13:46:55,599 - app.ai.website_crawler - INFO - 创建子文件夹: system (原始路径段: system)，父文件夹: government
2026-03-30 13:46:55,604 - app.ai.website_crawler - INFO - 创建子文件夹: government-communications (原始路径段: government-communications)，父文件夹: system
2026-03-30 13:46:55,609 - app.ai.website_crawler - INFO - 创建子文件夹: federal-identity-requirements (原始路径段: federal-identity-requirements)，父文件夹: government-communications
2026-03-30 13:46:55,613 - app.ai.website_crawler - INFO - URL https://www.canada.ca/en/government/system/government-communications/federal-identity-requirements/legal-protection-official-symbols-government-canada.html 对应的文件夹ID: 2d642988-a5fd-430e-83d6-d28bbe904826
2026-03-30 13:46:55,615 - app.ai.website_crawler - INFO - create_document: html_content 类型: <class 'str'>, 长度: 24713, 非空: True, 去空后非空: True
2026-03-30 13:46:55,615 - app.ai.website_crawler - INFO - 使用html_content参数，长度: 24713
2026-03-30 13:46:55,616 - app.ai.website_crawler - INFO - 保存HTML内容成功: legal-protection-official-symbols-government-canada.html, 大小: 24735 字节
2026-03-30 13:46:55,621 - app.ai.website_crawler - INFO - 创建文档成功: ID=96304d4b-a9f6-45cf-b874-34d0957a2274, 标题='Legal protection of the official symbols of the Government of Canada - Canada.ca', 文件='legal-protection-official-symbols-government-canada.html'
2026-03-30 13:46:55,621 - app.ai.website_crawler - INFO - 文档保存成功: ID=96304d4b-a9f6-45cf-b874-34d0957a2274, 标题='Legal protection of the official symbols of the Government of Canada - Canada.ca'
2026-03-30 13:46:55,621 - app.ai.website_crawler - INFO - 成功爬取并保存页面: Legal protection of the official symbols of the Government of Canada - Canada.ca
2026-03-30 13:46:55,621 - app.ai.website_crawler - INFO - 爬取: https://www.canada.ca/en/services/jobs.html (深度 3/3)
/home/hongb/.openclaw/workspace/filebot/backend/venv/lib/python3.12/site-packages/urllib3/connectionpool.py:1097: InsecureRequestWarning: Unverified HTTPS request is being made to host 'www.canada.ca'. Adding certificate verification is strongly advised. See: https://urllib3.readthedocs.io/en/latest/advanced-usage.html#tls-warnings
  warnings.warn(
2026-03-30 13:46:55,665 - app.ai.website_crawler - INFO - URL路径解析: https://www.canada.ca/en/services/jobs.html -> 路径段: ['en', 'services']
2026-03-30 13:46:55,666 - app.ai.website_crawler - INFO - URL https://www.canada.ca/en/services/jobs.html 对应的文件夹ID: e65331d0-9c49-42a4-91a5-ce06f32c1c16
2026-03-30 13:46:55,667 - app.ai.website_crawler - INFO - create_document: html_content 类型: <class 'str'>, 长度: 29890, 非空: True, 去空后非空: True
2026-03-30 13:46:55,667 - app.ai.website_crawler - INFO - 使用html_content参数，长度: 29890
2026-03-30 13:46:55,667 - app.ai.website_crawler - INFO - 保存HTML内容成功: jobs.html, 大小: 29900 字节
2026-03-30 13:46:55,675 - app.ai.website_crawler - INFO - 创建文档成功: ID=2391bc00-f8b0-4c5b-a3a4-6e0fcb377336, 标题='Jobs and the workplace - Canada.ca', 文件='jobs.html'
2026-03-30 13:46:55,675 - app.ai.website_crawler - INFO - 文档保存成功: ID=2391bc00-f8b0-4c5b-a3a4-6e0fcb377336, 标题='Jobs and the workplace - Canada.ca'
2026-03-30 13:46:55,675 - app.ai.website_crawler - INFO - 成功爬取并保存页面: Jobs and the workplace - Canada.ca
2026-03-30 13:46:55,675 - app.ai.website_crawler - INFO - 爬取: https://www.canada.ca/en/government/dept.html (深度 3/3)
/home/hongb/.openclaw/workspace/filebot/backend/venv/lib/python3.12/site-packages/urllib3/connectionpool.py:1097: InsecureRequestWarning: Unverified HTTPS request is being made to host 'www.canada.ca'. Adding certificate verification is strongly advised. See: https://urllib3.readthedocs.io/en/latest/advanced-usage.html#tls-warnings
  warnings.warn(
2026-03-30 13:46:55,750 - app.ai.website_crawler - INFO - URL路径解析: https://www.canada.ca/en/government/dept.html -> 路径段: ['en', 'government']
2026-03-30 13:46:55,751 - app.ai.website_crawler - INFO - URL https://www.canada.ca/en/government/dept.html 对应的文件夹ID: e09d3372-1b9b-4cae-83d1-acdcdde62246
2026-03-30 13:46:55,752 - app.ai.website_crawler - INFO - create_document: html_content 类型: <class 'str'>, 长度: 49752, 非空: True, 去空后非空: True
2026-03-30 13:46:55,752 - app.ai.website_crawler - INFO - 使用html_content参数，长度: 49752
2026-03-30 13:46:55,752 - app.ai.website_crawler - INFO - 保存HTML内容成功: dept.html, 大小: 49752 字节
2026-03-30 13:46:55,759 - app.ai.website_crawler - INFO - 创建文档成功: ID=ad950387-3330-4494-9bed-7eec25681b68, 标题='Departments and agencies - Canada.ca', 文件='dept.html'
2026-03-30 13:46:55,759 - app.ai.website_crawler - INFO - 文档保存成功: ID=ad950387-3330-4494-9bed-7eec25681b68, 标题='Departments and agencies - Canada.ca'
2026-03-30 13:46:55,759 - app.ai.website_crawler - INFO - 成功爬取并保存页面: Departments and agencies - Canada.ca
2026-03-30 13:46:55,762 - app.ai.website_crawler - INFO - 爬取: https://www.canada.ca/en/government/system.html (深度 3/3)
/home/hongb/.openclaw/workspace/filebot/backend/venv/lib/python3.12/site-packages/urllib3/connectionpool.py:1097: InsecureRequestWarning: Unverified HTTPS request is being made to host 'www.canada.ca'. Adding certificate verification is strongly advised. See: https://urllib3.readthedocs.io/en/latest/advanced-usage.html#tls-warnings
  warnings.warn(
2026-03-30 13:46:55,800 - app.ai.website_crawler - INFO - URL路径解析: https://www.canada.ca/en/government/system.html -> 路径段: ['en', 'government']
2026-03-30 13:46:55,801 - app.ai.website_crawler - INFO - URL https://www.canada.ca/en/government/system.html 对应的文件夹ID: e09d3372-1b9b-4cae-83d1-acdcdde62246
2026-03-30 13:46:55,802 - app.ai.website_crawler - INFO - create_document: html_content 类型: <class 'str'>, 长度: 23142, 非空: True, 去空后非空: True
2026-03-30 13:46:55,802 - app.ai.website_crawler - INFO - 使用html_content参数，长度: 23142
2026-03-30 13:46:55,802 - app.ai.website_crawler - INFO - 保存HTML内容成功: system.html, 大小: 23146 字节
2026-03-30 13:46:55,808 - app.ai.website_crawler - INFO - 创建文档成功: ID=39aded87-c544-4aae-900a-a22c8acf4d85, 标题='About government - Canada.ca', 文件='system.html'
2026-03-30 13:46:55,808 - app.ai.website_crawler - INFO - 文档保存成功: ID=39aded87-c544-4aae-900a-a22c8acf4d85, 标题='About government - Canada.ca'
2026-03-30 13:46:55,808 - app.ai.website_crawler - INFO - 成功爬取并保存页面: About government - Canada.ca
2026-03-30 13:46:55,808 - app.ai.website_crawler - INFO - 爬取: https://www.canada.ca/en/services/science.html (深度 3/3)
/home/hongb/.openclaw/workspace/filebot/backend/venv/lib/python3.12/site-packages/urllib3/connectionpool.py:1097: InsecureRequestWarning: Unverified HTTPS request is being made to host 'www.canada.ca'. Adding certificate verification is strongly advised. See: https://urllib3.readthedocs.io/en/latest/advanced-usage.html#tls-warnings
  warnings.warn(
2026-03-30 13:46:55,885 - app.ai.website_crawler - INFO - URL路径解析: https://www.canada.ca/en/services/science.html -> 路径段: ['en', 'services']
2026-03-30 13:46:55,886 - app.ai.website_crawler - INFO - URL https://www.canada.ca/en/services/science.html 对应的文件夹ID: e65331d0-9c49-42a4-91a5-ce06f32c1c16
2026-03-30 13:46:55,887 - app.ai.website_crawler - INFO - create_document: html_content 类型: <class 'str'>, 长度: 26430, 非空: True, 去空后非空: True
2026-03-30 13:46:55,887 - app.ai.website_crawler - INFO - 使用html_content参数，长度: 26430
2026-03-30 13:46:55,887 - app.ai.website_crawler - INFO - 保存HTML内容成功: science.html, 大小: 26430 字节
2026-03-30 13:46:55,894 - app.ai.website_crawler - INFO - 创建文档成功: ID=b93b4613-755f-4506-a324-ed65e00b0d21, 标题='Science and innovation - Canada.ca', 文件='science.html'
2026-03-30 13:46:55,894 - app.ai.website_crawler - INFO - 文档保存成功: ID=b93b4613-755f-4506-a324-ed65e00b0d21, 标题='Science and innovation - Canada.ca'
2026-03-30 13:46:55,894 - app.ai.website_crawler - INFO - 成功爬取并保存页面: Science and innovation - Canada.ca
2026-03-30 13:46:55,894 - app.ai.website_crawler - INFO - 爬取: https://www.canada.ca/en/mobile.html (深度 3/3)
/home/hongb/.openclaw/workspace/filebot/backend/venv/lib/python3.12/site-packages/urllib3/connectionpool.py:1097: InsecureRequestWarning: Unverified HTTPS request is being made to host 'www.canada.ca'. Adding certificate verification is strongly advised. See: https://urllib3.readthedocs.io/en/latest/advanced-usage.html#tls-warnings
  warnings.warn(
2026-03-30 13:46:55,931 - app.ai.website_crawler - INFO - URL路径解析: https://www.canada.ca/en/mobile.html -> 路径段: ['en']
2026-03-30 13:46:55,932 - app.ai.website_crawler - INFO - URL https://www.canada.ca/en/mobile.html 对应的文件夹ID: bf7d22e7-4b8f-4407-9727-c9d3076f035a
2026-03-30 13:46:55,933 - app.ai.website_crawler - INFO - create_document: html_content 类型: <class 'str'>, 长度: 28616, 非空: True, 去空后非空: True
2026-03-30 13:46:55,933 - app.ai.website_crawler - INFO - 使用html_content参数，长度: 28616
2026-03-30 13:46:55,933 - app.ai.website_crawler - INFO - 保存HTML内容成功: mobile.html, 大小: 28635 字节
2026-03-30 13:46:55,940 - app.ai.website_crawler - INFO - 创建文档成功: ID=a7c66569-1eff-47f5-b74d-636fa7bfe308, 标题='Mobile centre - Canada.ca', 文件='mobile.html'
2026-03-30 13:46:55,940 - app.ai.website_crawler - INFO - 文档保存成功: ID=a7c66569-1eff-47f5-b74d-636fa7bfe308, 标题='Mobile centre - Canada.ca'
2026-03-30 13:46:55,940 - app.ai.website_crawler - INFO - 成功爬取并保存页面: Mobile centre - Canada.ca
2026-03-30 13:46:55,940 - app.ai.website_crawler - INFO - 爬取: https://www.canada.ca/en/services/immigration-citizenship.html (深度 3/3)
/home/hongb/.openclaw/workspace/filebot/backend/venv/lib/python3.12/site-packages/urllib3/connectionpool.py:1097: InsecureRequestWarning: Unverified HTTPS request is being made to host 'www.canada.ca'. Adding certificate verification is strongly advised. See: https://urllib3.readthedocs.io/en/latest/advanced-usage.html#tls-warnings
  warnings.warn(
2026-03-30 13:46:55,987 - app.ai.website_crawler - INFO - URL路径解析: https://www.canada.ca/en/services/immigration-citizenship.html -> 路径段: ['en', 'services']
2026-03-30 13:46:55,988 - app.ai.website_crawler - INFO - URL https://www.canada.ca/en/services/immigration-citizenship.html 对应的文件夹ID: e65331d0-9c49-42a4-91a5-ce06f32c1c16
2026-03-30 13:46:55,989 - app.ai.website_crawler - INFO - create_document: html_content 类型: <class 'str'>, 长度: 32542, 非空: True, 去空后非空: True
2026-03-30 13:46:55,989 - app.ai.website_crawler - INFO - 使用html_content参数，长度: 32542
2026-03-30 13:46:55,989 - app.ai.website_crawler - INFO - 保存HTML内容成功: immigration-citizenship.html, 大小: 32546 字节
2026-03-30 13:46:55,997 - app.ai.website_crawler - INFO - 创建文档成功: ID=73f46c64-7de1-42ce-b4cc-fdd1748010e5, 标题='Immigration and citizenship - Canada.ca', 文件='immigration-citizenship.html'
2026-03-30 13:46:55,997 - app.ai.website_crawler - INFO - 文档保存成功: ID=73f46c64-7de1-42ce-b4cc-fdd1748010e5, 标题='Immigration and citizenship - Canada.ca'
2026-03-30 13:46:55,997 - app.ai.website_crawler - INFO - 成功爬取并保存页面: Immigration and citizenship - Canada.ca
2026-03-30 13:46:55,997 - app.ai.website_crawler - INFO - 爬取: https://www.canada.ca/en/services/youth.html (深度 3/3)
/home/hongb/.openclaw/workspace/filebot/backend/venv/lib/python3.12/site-packages/urllib3/connectionpool.py:1097: InsecureRequestWarning: Unverified HTTPS request is being made to host 'www.canada.ca'. Adding certificate verification is strongly advised. See: https://urllib3.readthedocs.io/en/latest/advanced-usage.html#tls-warnings
  warnings.warn(
2026-03-30 13:46:56,036 - app.ai.website_crawler - INFO - URL路径解析: https://www.canada.ca/en/services/youth.html -> 路径段: ['en', 'services']
2026-03-30 13:46:56,037 - app.ai.website_crawler - INFO - URL https://www.canada.ca/en/services/youth.html 对应的文件夹ID: e65331d0-9c49-42a4-91a5-ce06f32c1c16
2026-03-30 13:46:56,038 - app.ai.website_crawler - INFO - create_document: html_content 类型: <class 'str'>, 长度: 29372, 非空: True, 去空后非空: True
2026-03-30 13:46:56,038 - app.ai.website_crawler - INFO - 使用html_content参数，长度: 29372
2026-03-30 13:46:56,038 - app.ai.website_crawler - INFO - 保存HTML内容成功: youth.html, 大小: 29374 字节
2026-03-30 13:46:56,043 - app.ai.website_crawler - INFO - 创建文档成功: ID=8d899fd4-d19d-4304-ac34-b03e74d39c4d, 标题='Youth in Canada - Canada.ca', 文件='youth.html'
2026-03-30 13:46:56,043 - app.ai.website_crawler - INFO - 文档保存成功: ID=8d899fd4-d19d-4304-ac34-b03e74d39c4d, 标题='Youth in Canada - Canada.ca'
2026-03-30 13:46:56,043 - app.ai.website_crawler - INFO - 成功爬取并保存页面: Youth in Canada - Canada.ca
2026-03-30 13:46:56,048 - app.ai.website_crawler - INFO - 爬取: https://www.canada.ca/en/services/finance.html (深度 3/3)
/home/hongb/.openclaw/workspace/filebot/backend/venv/lib/python3.12/site-packages/urllib3/connectionpool.py:1097: InsecureRequestWarning: Unverified HTTPS request is being made to host 'www.canada.ca'. Adding certificate verification is strongly advised. See: https://urllib3.readthedocs.io/en/latest/advanced-usage.html#tls-warnings
  warnings.warn(
2026-03-30 13:46:56,092 - app.ai.website_crawler - INFO - URL路径解析: https://www.canada.ca/en/services/finance.html -> 路径段: ['en', 'services']
2026-03-30 13:46:56,093 - app.ai.website_crawler - INFO - URL https://www.canada.ca/en/services/finance.html 对应的文件夹ID: e65331d0-9c49-42a4-91a5-ce06f32c1c16
2026-03-30 13:46:56,094 - app.ai.website_crawler - INFO - create_document: html_content 类型: <class 'str'>, 长度: 27308, 非空: True, 去空后非空: True
2026-03-30 13:46:56,094 - app.ai.website_crawler - INFO - 使用html_content参数，长度: 27308
2026-03-30 13:46:56,094 - app.ai.website_crawler - INFO - 保存HTML内容成功: finance.html, 大小: 27310 字节
2026-03-30 13:46:56,100 - app.ai.website_crawler - INFO - 创建文档成功: ID=0021e6af-e8ff-4533-84c4-b5af67cdd8f0, 标题='Money and finances - Canada.ca', 文件='finance.html'
2026-03-30 13:46:56,100 - app.ai.website_crawler - INFO - 文档保存成功: ID=0021e6af-e8ff-4533-84c4-b5af67cdd8f0, 标题='Money and finances - Canada.ca'
2026-03-30 13:46:56,100 - app.ai.website_crawler - INFO - 成功爬取并保存页面: Money and finances - Canada.ca
2026-03-30 13:46:56,100 - app.ai.website_crawler - INFO - 爬取: https://www.canada.ca/en/services/business.html (深度 3/3)
/home/hongb/.openclaw/workspace/filebot/backend/venv/lib/python3.12/site-packages/urllib3/connectionpool.py:1097: InsecureRequestWarning: Unverified HTTPS request is being made to host 'www.canada.ca'. Adding certificate verification is strongly advised. See: https://urllib3.readthedocs.io/en/latest/advanced-usage.html#tls-warnings
  warnings.warn(
2026-03-30 13:46:56,153 - app.ai.website_crawler - INFO - URL路径解析: https://www.canada.ca/en/services/business.html -> 路径段: ['en', 'services']
2026-03-30 13:46:56,153 - app.ai.website_crawler - INFO - URL https://www.canada.ca/en/services/business.html 对应的文件夹ID: e65331d0-9c49-42a4-91a5-ce06f32c1c16
2026-03-30 13:46:56,154 - app.ai.website_crawler - INFO - create_document: html_content 类型: <class 'str'>, 长度: 32759, 非空: True, 去空后非空: True
2026-03-30 13:46:56,154 - app.ai.website_crawler - INFO - 使用html_content参数，长度: 32759
2026-03-30 13:46:56,155 - app.ai.website_crawler - INFO - 保存HTML内容成功: business.html, 大小: 32763 字节
2026-03-30 13:46:56,162 - app.ai.website_crawler - INFO - 创建文档成功: ID=6ca61f78-2703-4fd9-884c-79deafed971a, 标题='Business and industry - Canada.ca', 文件='business.html'
2026-03-30 13:46:56,162 - app.ai.website_crawler - INFO - 文档保存成功: ID=6ca61f78-2703-4fd9-884c-79deafed971a, 标题='Business and industry - Canada.ca'
2026-03-30 13:46:56,162 - app.ai.website_crawler - INFO - 成功爬取并保存页面: Business and industry - Canada.ca
2026-03-30 13:46:56,162 - app.ai.website_crawler - INFO - 爬取: https://www.canada.ca/en/services/policing.html (深度 3/3)
/home/hongb/.openclaw/workspace/filebot/backend/venv/lib/python3.12/site-packages/urllib3/connectionpool.py:1097: InsecureRequestWarning: Unverified HTTPS request is being made to host 'www.canada.ca'. Adding certificate verification is strongly advised. See: https://urllib3.readthedocs.io/en/latest/advanced-usage.html#tls-warnings
  warnings.warn(
2026-03-30 13:46:56,236 - app.ai.website_crawler - INFO - URL路径解析: https://www.canada.ca/en/services/policing.html -> 路径段: ['en', 'services']
2026-03-30 13:46:56,236 - app.ai.website_crawler - INFO - URL https://www.canada.ca/en/services/policing.html 对应的文件夹ID: e65331d0-9c49-42a4-91a5-ce06f32c1c16
2026-03-30 13:46:56,237 - app.ai.website_crawler - INFO - create_document: html_content 类型: <class 'str'>, 长度: 21971, 非空: True, 去空后非空: True
2026-03-30 13:46:56,237 - app.ai.website_crawler - INFO - 使用html_content参数，长度: 21971
2026-03-30 13:46:56,237 - app.ai.website_crawler - INFO - 保存HTML内容成功: policing.html, 大小: 21973 字节
2026-03-30 13:46:56,244 - app.ai.website_crawler - INFO - 创建文档成功: ID=17e9ec14-1f7b-4b2b-a12d-3b4e4a7ddb06, 标题='Policing, justice and emergencies - Canada.ca', 文件='policing.html'
2026-03-30 13:46:56,244 - app.ai.website_crawler - INFO - 文档保存成功: ID=17e9ec14-1f7b-4b2b-a12d-3b4e4a7ddb06, 标题='Policing, justice and emergencies - Canada.ca'
2026-03-30 13:46:56,244 - app.ai.website_crawler - INFO - 成功爬取并保存页面: Policing, justice and emergencies - Canada.ca
2026-03-30 13:46:56,244 - app.ai.website_crawler - INFO - 爬取: https://www.canada.ca/en/services/culture.html (深度 3/3)
/home/hongb/.openclaw/workspace/filebot/backend/venv/lib/python3.12/site-packages/urllib3/connectionpool.py:1097: InsecureRequestWarning: Unverified HTTPS request is being made to host 'www.canada.ca'. Adding certificate verification is strongly advised. See: https://urllib3.readthedocs.io/en/latest/advanced-usage.html#tls-warnings
  warnings.warn(
2026-03-30 13:46:56,289 - app.ai.website_crawler - INFO - URL路径解析: https://www.canada.ca/en/services/culture.html -> 路径段: ['en', 'services']
2026-03-30 13:46:56,290 - app.ai.website_crawler - INFO - URL https://www.canada.ca/en/services/culture.html 对应的文件夹ID: e65331d0-9c49-42a4-91a5-ce06f32c1c16
2026-03-30 13:46:56,291 - app.ai.website_crawler - INFO - create_document: html_content 类型: <class 'str'>, 长度: 30115, 非空: True, 去空后非空: True
2026-03-30 13:46:56,291 - app.ai.website_crawler - INFO - 使用html_content参数，长度: 30115
2026-03-30 13:46:56,291 - app.ai.website_crawler - INFO - 保存HTML内容成功: culture.html, 大小: 30129 字节
2026-03-30 13:46:56,297 - app.ai.website_crawler - INFO - 创建文档成功: ID=44d48eb4-1eea-44ee-b0fd-96c7c0de5f9b, 标题='Culture, history and sport - Canada.ca', 文件='culture.html'
2026-03-30 13:46:56,297 - app.ai.website_crawler - INFO - 文档保存成功: ID=44d48eb4-1eea-44ee-b0fd-96c7c0de5f9b, 标题='Culture, history and sport - Canada.ca'
2026-03-30 13:46:56,297 - app.ai.website_crawler - INFO - 成功爬取并保存页面: Culture, history and sport - Canada.ca
2026-03-30 13:46:56,297 - app.ai.website_crawler - INFO - 爬取: https://www.canada.ca/en/government/sign-in-online-account.html (深度 3/3)
/home/hongb/.openclaw/workspace/filebot/backend/venv/lib/python3.12/site-packages/urllib3/connectionpool.py:1097: InsecureRequestWarning: Unverified HTTPS request is being made to host 'www.canada.ca'. Adding certificate verification is strongly advised. See: https://urllib3.readthedocs.io/en/latest/advanced-usage.html#tls-warnings
  warnings.warn(
2026-03-30 13:46:56,463 - app.ai.website_crawler - INFO - URL路径解析: https://www.canada.ca/en/government/sign-in-online-account.html -> 路径段: ['en', 'government']
2026-03-30 13:46:56,463 - app.ai.website_crawler - INFO - URL https://www.canada.ca/en/government/sign-in-online-account.html 对应的文件夹ID: e09d3372-1b9b-4cae-83d1-acdcdde62246
2026-03-30 13:46:56,464 - app.ai.website_crawler - INFO - create_document: html_content 类型: <class 'str'>, 长度: 53604, 非空: True, 去空后非空: True
2026-03-30 13:46:56,464 - app.ai.website_crawler - INFO - 使用html_content参数，长度: 53604
2026-03-30 13:46:56,465 - app.ai.website_crawler - INFO - 保存HTML内容成功: sign-in-online-account.html, 大小: 53615 字节
2026-03-30 13:46:56,471 - app.ai.website_crawler - INFO - 创建文档成功: ID=b7f344e1-2260-4aa7-b5a6-2867e80373c0, 标题='Sign in to a Government of Canada online account - Canada.ca', 文件='sign-in-online-account.html'
2026-03-30 13:46:56,471 - app.ai.website_crawler - INFO - 文档保存成功: ID=b7f344e1-2260-4aa7-b5a6-2867e80373c0, 标题='Sign in to a Government of Canada online account - Canada.ca'
2026-03-30 13:46:56,471 - app.ai.website_crawler - INFO - 成功爬取并保存页面: Sign in to a Government of Canada online account - Canada.ca
2026-03-30 13:46:56,475 - app.ai.website_crawler - INFO - 爬取: https://www.canada.ca/en/services/transport.html (深度 3/3)
/home/hongb/.openclaw/workspace/filebot/backend/venv/lib/python3.12/site-packages/urllib3/connectionpool.py:1097: InsecureRequestWarning: Unverified HTTPS request is being made to host 'www.canada.ca'. Adding certificate verification is strongly advised. See: https://urllib3.readthedocs.io/en/latest/advanced-usage.html#tls-warnings
  warnings.warn(
2026-03-30 13:46:56,551 - app.ai.website_crawler - INFO - URL路径解析: https://www.canada.ca/en/services/transport.html -> 路径段: ['en', 'services']
2026-03-30 13:46:56,552 - app.ai.website_crawler - INFO - URL https://www.canada.ca/en/services/transport.html 对应的文件夹ID: e65331d0-9c49-42a4-91a5-ce06f32c1c16
2026-03-30 13:46:56,553 - app.ai.website_crawler - INFO - create_document: html_content 类型: <class 'str'>, 长度: 27128, 非空: True, 去空后非空: True
2026-03-30 13:46:56,553 - app.ai.website_crawler - INFO - 使用html_content参数，长度: 27128
2026-03-30 13:46:56,553 - app.ai.website_crawler - INFO - 保存HTML内容成功: transport.html, 大小: 27128 字节
2026-03-30 13:46:56,559 - app.ai.website_crawler - INFO - 创建文档成功: ID=2bcf6aab-8ce5-42a3-b428-3a0960bfd2df, 标题='Transport and infrastructure - Canada.ca', 文件='transport.html'
2026-03-30 13:46:56,559 - app.ai.website_crawler - INFO - 文档保存成功: ID=2bcf6aab-8ce5-42a3-b428-3a0960bfd2df, 标题='Transport and infrastructure - Canada.ca'
2026-03-30 13:46:56,559 - app.ai.website_crawler - INFO - 成功爬取并保存页面: Transport and infrastructure - Canada.ca
2026-03-30 13:46:56,559 - app.ai.website_crawler - INFO - 爬取: https://www.canada.ca/en/services/indigenous-peoples.html (深度 3/3)
/home/hongb/.openclaw/workspace/filebot/backend/venv/lib/python3.12/site-packages/urllib3/connectionpool.py:1097: InsecureRequestWarning: Unverified HTTPS request is being made to host 'www.canada.ca'. Adding certificate verification is strongly advised. See: https://urllib3.readthedocs.io/en/latest/advanced-usage.html#tls-warnings
  warnings.warn(
2026-03-30 13:46:56,600 - app.ai.website_crawler - INFO - URL路径解析: https://www.canada.ca/en/services/indigenous-peoples.html -> 路径段: ['en', 'services']
2026-03-30 13:46:56,601 - app.ai.website_crawler - INFO - URL https://www.canada.ca/en/services/indigenous-peoples.html 对应的文件夹ID: e65331d0-9c49-42a4-91a5-ce06f32c1c16
2026-03-30 13:46:56,602 - app.ai.website_crawler - INFO - create_document: html_content 类型: <class 'str'>, 长度: 28249, 非空: True, 去空后非空: True
2026-03-30 13:46:56,602 - app.ai.website_crawler - INFO - 使用html_content参数，长度: 28249
2026-03-30 13:46:56,602 - app.ai.website_crawler - INFO - 保存HTML内容成功: indigenous-peoples.html, 大小: 28256 字节
2026-03-30 13:46:56,608 - app.ai.website_crawler - INFO - 创建文档成功: ID=2da64b81-f551-45bf-b1e2-af4a4c0f07cc, 标题='Indigenous peoples - Canada.ca', 文件='indigenous-peoples.html'
2026-03-30 13:46:56,608 - app.ai.website_crawler - INFO - 文档保存成功: ID=2da64b81-f551-45bf-b1e2-af4a4c0f07cc, 标题='Indigenous peoples - Canada.ca'
2026-03-30 13:46:56,608 - app.ai.website_crawler - INFO - 成功爬取并保存页面: Indigenous peoples - Canada.ca
2026-03-30 13:46:56,608 - app.ai.website_crawler - INFO - 爬取: https://www.canada.ca/en/services/veterans-military.html (深度 3/3)
/home/hongb/.openclaw/workspace/filebot/backend/venv/lib/python3.12/site-packages/urllib3/connectionpool.py:1097: InsecureRequestWarning: Unverified HTTPS request is being made to host 'www.canada.ca'. Adding certificate verification is strongly advised. See: https://urllib3.readthedocs.io/en/latest/advanced-usage.html#tls-warnings
  warnings.warn(
2026-03-30 13:46:56,652 - app.ai.website_crawler - INFO - URL路径解析: https://www.canada.ca/en/services/veterans-military.html -> 路径段: ['en', 'services']
2026-03-30 13:46:56,653 - app.ai.website_crawler - INFO - URL https://www.canada.ca/en/services/veterans-military.html 对应的文件夹ID: e65331d0-9c49-42a4-91a5-ce06f32c1c16
2026-03-30 13:46:56,654 - app.ai.website_crawler - INFO - create_document: html_content 类型: <class 'str'>, 长度: 22714, 非空: True, 去空后非空: True
2026-03-30 13:46:56,654 - app.ai.website_crawler - INFO - 使用html_content参数，长度: 22714
2026-03-30 13:46:56,654 - app.ai.website_crawler - INFO - 保存HTML内容成功: veterans-military.html, 大小: 22716 字节
2026-03-30 13:46:56,660 - app.ai.website_crawler - INFO - 创建文档成功: ID=1313faca-1905-4097-a6d1-e48b423e88ec, 标题='Veterans and military - Canada.ca', 文件='veterans-military.html'
2026-03-30 13:46:56,660 - app.ai.website_crawler - INFO - 文档保存成功: ID=1313faca-1905-4097-a6d1-e48b423e88ec, 标题='Veterans and military - Canada.ca'
2026-03-30 13:46:56,660 - app.ai.website_crawler - INFO - 成功爬取并保存页面: Veterans and military - Canada.ca
2026-03-30 13:46:56,660 - app.ai.website_crawler - INFO - 爬取: https://www.canada.ca/fr/transparence/confidentialite.html (深度 2/3)
/home/hongb/.openclaw/workspace/filebot/backend/venv/lib/python3.12/site-packages/urllib3/connectionpool.py:1097: InsecureRequestWarning: Unverified HTTPS request is being made to host 'www.canada.ca'. Adding certificate verification is strongly advised. See: https://urllib3.readthedocs.io/en/latest/advanced-usage.html#tls-warnings
  warnings.warn(
2026-03-30 13:46:56,699 - app.ai.website_crawler - INFO - URL路径解析: https://www.canada.ca/fr/transparence/confidentialite.html -> 路径段: ['fr', 'transparence']
2026-03-30 13:46:56,699 - app.ai.website_crawler - INFO - URL https://www.canada.ca/fr/transparence/confidentialite.html 对应的文件夹ID: 5f44136d-947b-4861-a4f6-537c68d70db0
2026-03-30 13:46:56,700 - app.ai.website_crawler - INFO - create_document: html_content 类型: <class 'str'>, 长度: 35033, 非空: True, 去空后非空: True
2026-03-30 13:46:56,700 - app.ai.website_crawler - INFO - 使用html_content参数，长度: 35033
2026-03-30 13:46:56,700 - app.ai.website_crawler - INFO - 保存HTML内容成功: confidentialite.html, 大小: 35538 字节
2026-03-30 13:46:56,708 - app.ai.website_crawler - INFO - 创建文档成功: ID=2316b80f-ff55-4109-bbf3-1ab005917a20, 标题='Confidentialité - Canada.ca', 文件='confidentialite.html'
2026-03-30 13:46:56,708 - app.ai.website_crawler - INFO - 文档保存成功: ID=2316b80f-ff55-4109-bbf3-1ab005917a20, 标题='Confidentialité - Canada.ca'
2026-03-30 13:46:56,708 - app.ai.website_crawler - INFO - 成功爬取并保存页面: Confidentialité - Canada.ca
/home/hongb/.openclaw/workspace/filebot/backend/venv/lib/python3.12/site-packages/urllib3/connectionpool.py:1097: InsecureRequestWarning: Unverified HTTPS request is being made to host 'www.canada.ca'. Adding certificate verification is strongly advised. See: https://urllib3.readthedocs.io/en/latest/advanced-usage.html#tls-warnings
  warnings.warn(
2026-03-30 13:46:56,736 - app.ai.website_crawler - INFO - URL路径解析: https://www.canada.ca/etc/designs/canada/wet-boew/assets/sig-blk-fr.svg -> 路径段: ['etc', 'designs', 'canada', 'wet-boew', 'assets']
2026-03-30 13:46:56,737 - app.ai.website_crawler - INFO - URL https://www.canada.ca/etc/designs/canada/wet-boew/assets/sig-blk-fr.svg 对应的文件夹ID: 2fe5392b-c7fb-4e87-9b77-e967ff48ff21
2026-03-30 13:46:56,739 - app.ai.website_crawler - WARNING - 图片文档已存在，跳过创建: stored_filename='2fe5392b-c7fb-4e87-9b77-e967ff48ff21/sig-blk-fr.svg', 现有ID=bd3833ff-8050-4dd7-b58c-097d971ce99b
/home/hongb/.openclaw/workspace/filebot/backend/venv/lib/python3.12/site-packages/urllib3/connectionpool.py:1097: InsecureRequestWarning: Unverified HTTPS request is being made to host 'www.canada.ca'. Adding certificate verification is strongly advised. See: https://urllib3.readthedocs.io/en/latest/advanced-usage.html#tls-warnings
  warnings.warn(
2026-03-30 13:46:56,766 - app.ai.website_crawler - INFO - URL路径解析: https://www.canada.ca/etc/designs/canada/wet-boew/assets/wmms-blk.svg -> 路径段: ['etc', 'designs', 'canada', 'wet-boew', 'assets']
2026-03-30 13:46:56,767 - app.ai.website_crawler - INFO - URL https://www.canada.ca/etc/designs/canada/wet-boew/assets/wmms-blk.svg 对应的文件夹ID: 2fe5392b-c7fb-4e87-9b77-e967ff48ff21
2026-03-30 13:46:56,768 - app.ai.website_crawler - WARNING - 图片文档已存在，跳过创建: stored_filename='2fe5392b-c7fb-4e87-9b77-e967ff48ff21/wmms-blk.svg', 现有ID=f5a4d8f4-dd77-4a7e-8b3a-66e5cf9c90f4
2026-03-30 13:46:56,769 - app.ai.website_crawler - INFO - 爬取: https://www.canada.ca/fr/secretariat-conseil-tresor/services/acces-information-protection-reseignements-personnels/acces-information/info-source/fichiers-renseignements-personnels-ordinaires.html#pou939 (深度 3/3)
/home/hongb/.openclaw/workspace/filebot/backend/venv/lib/python3.12/site-packages/urllib3/connectionpool.py:1097: InsecureRequestWarning: Unverified HTTPS request is being made to host 'www.canada.ca'. Adding certificate verification is strongly advised. See: https://urllib3.readthedocs.io/en/latest/advanced-usage.html#tls-warnings
  warnings.warn(
/home/hongb/.openclaw/workspace/filebot/backend/venv/lib/python3.12/site-packages/urllib3/connectionpool.py:1097: InsecureRequestWarning: Unverified HTTPS request is being made to host 'www.canada.ca'. Adding certificate verification is strongly advised. See: https://urllib3.readthedocs.io/en/latest/advanced-usage.html#tls-warnings
  warnings.warn(
2026-03-30 13:46:56,944 - app.ai.website_crawler - INFO - URL路径解析: https://www.canada.ca/fr/secretariat-conseil-tresor/services/acces-information-protection-reseignements-personnels/acces-information/info-source/fichiers-renseignements-personnels-ordinaires.html#pou939 -> 路径段: ['fr', 'secretariat-conseil-tresor', 'services', 'acces-information-protection-reseignements-personnels', 'acces-information', 'info-source']
2026-03-30 13:46:56,944 - app.ai.website_crawler - INFO - 创建子文件夹: secretariat-conseil-tresor (原始路径段: secretariat-conseil-tresor)，父文件夹: fr
2026-03-30 13:46:56,951 - app.ai.website_crawler - INFO - 创建子文件夹: services (原始路径段: services)，父文件夹: secretariat-conseil-tresor
2026-03-30 13:46:56,955 - app.ai.website_crawler - INFO - 创建子文件夹: acces-information-protection-reseignements-personnels (原始路径段: acces-information-protection-reseignements-personnels)，父文件夹: services
2026-03-30 13:46:56,960 - app.ai.website_crawler - INFO - 创建子文件夹: acces-information (原始路径段: acces-information)，父文件夹: acces-information-protection-reseignements-personnels
2026-03-30 13:46:56,964 - app.ai.website_crawler - INFO - 创建子文件夹: info-source (原始路径段: info-source)，父文件夹: acces-information
2026-03-30 13:46:56,969 - app.ai.website_crawler - INFO - URL https://www.canada.ca/fr/secretariat-conseil-tresor/services/acces-information-protection-reseignements-personnels/acces-information/info-source/fichiers-renseignements-personnels-ordinaires.html#pou939 对应的文件夹ID: b8a41a6e-04d9-4226-8613-f1bd58f0a654
2026-03-30 13:46:56,971 - app.ai.website_crawler - INFO - create_document: html_content 类型: <class 'str'>, 长度: 240005, 非空: True, 去空后非空: True
2026-03-30 13:46:56,971 - app.ai.website_crawler - INFO - 使用html_content参数，长度: 240005
2026-03-30 13:46:56,971 - app.ai.website_crawler - INFO - 保存HTML内容成功: fichiers-renseignements-personnels-ordinaires.html, 大小: 248126 字节
2026-03-30 13:46:56,977 - app.ai.website_crawler - INFO - 创建文档成功: ID=9b2e1e52-3950-4e78-a7f9-674022d556a8, 标题='Fichiers de renseignements personnels ordinaires - Canada.ca', 文件='fichiers-renseignements-personnels-ordinaires.html'
2026-03-30 13:46:56,977 - app.ai.website_crawler - INFO - 文档保存成功: ID=9b2e1e52-3950-4e78-a7f9-674022d556a8, 标题='Fichiers de renseignements personnels ordinaires - Canada.ca'
2026-03-30 13:46:56,977 - app.ai.website_crawler - INFO - 成功爬取并保存页面: Fichiers de renseignements personnels ordinaires - Canada.ca
2026-03-30 13:46:56,981 - app.ai.website_crawler - INFO - 爬取: https://www.canada.ca/fr/secretariat-conseil-tresor/services/acces-information-protection-reseignements-personnels/acces-information/info-source/fichiers-renseignements-personnels-ordinaires.html#pou914 (深度 3/3)
/home/hongb/.openclaw/workspace/filebot/backend/venv/lib/python3.12/site-packages/urllib3/connectionpool.py:1097: InsecureRequestWarning: Unverified HTTPS request is being made to host 'www.canada.ca'. Adding certificate verification is strongly advised. See: https://urllib3.readthedocs.io/en/latest/advanced-usage.html#tls-warnings
  warnings.warn(
/home/hongb/.openclaw/workspace/filebot/backend/venv/lib/python3.12/site-packages/urllib3/connectionpool.py:1097: InsecureRequestWarning: Unverified HTTPS request is being made to host 'www.canada.ca'. Adding certificate verification is strongly advised. See: https://urllib3.readthedocs.io/en/latest/advanced-usage.html#tls-warnings
  warnings.warn(
2026-03-30 13:46:57,127 - app.ai.website_crawler - INFO - URL路径解析: https://www.canada.ca/fr/secretariat-conseil-tresor/services/acces-information-protection-reseignements-personnels/acces-information/info-source/fichiers-renseignements-personnels-ordinaires.html#pou914 -> 路径段: ['fr', 'secretariat-conseil-tresor', 'services', 'acces-information-protection-reseignements-personnels', 'acces-information', 'info-source']
2026-03-30 13:46:57,129 - app.ai.website_crawler - INFO - URL https://www.canada.ca/fr/secretariat-conseil-tresor/services/acces-information-protection-reseignements-personnels/acces-information/info-source/fichiers-renseignements-personnels-ordinaires.html#pou914 对应的文件夹ID: b8a41a6e-04d9-4226-8613-f1bd58f0a654
2026-03-30 13:46:57,130 - app.ai.website_crawler - WARNING - 文档已存在，跳过创建: stored_filename='b8a41a6e-04d9-4226-8613-f1bd58f0a654/fichiers-renseignements-personnels-ordinaires.html', 现有ID=9b2e1e52-3950-4e78-a7f9-674022d556a8
2026-03-30 13:46:57,130 - app.ai.website_crawler - INFO - 文档保存成功: ID=9b2e1e52-3950-4e78-a7f9-674022d556a8, 标题='Fichiers de renseignements personnels ordinaires - Canada.ca'
2026-03-30 13:46:57,130 - app.ai.website_crawler - INFO - 成功爬取并保存页面: Fichiers de renseignements personnels ordinaires - Canada.ca
2026-03-30 13:46:57,130 - app.ai.website_crawler - INFO - 爬取: https://www.canada.ca/fr/contact/questions.html (深度 3/3)
/home/hongb/.openclaw/workspace/filebot/backend/venv/lib/python3.12/site-packages/urllib3/connectionpool.py:1097: InsecureRequestWarning: Unverified HTTPS request is being made to host 'www.canada.ca'. Adding certificate verification is strongly advised. See: https://urllib3.readthedocs.io/en/latest/advanced-usage.html#tls-warnings
  warnings.warn(
2026-03-30 13:46:57,171 - app.ai.website_crawler - INFO - URL路径解析: https://www.canada.ca/fr/contact/questions.html -> 路径段: ['fr', 'contact']
2026-03-30 13:46:57,172 - app.ai.website_crawler - INFO - 创建子文件夹: contact (原始路径段: contact)，父文件夹: fr
2026-03-30 13:46:57,177 - app.ai.website_crawler - INFO - URL https://www.canada.ca/fr/contact/questions.html 对应的文件夹ID: 14e96c39-2635-4f0e-8b89-b7ad7e08f6a9
2026-03-30 13:46:57,179 - app.ai.website_crawler - INFO - create_document: html_content 类型: <class 'str'>, 长度: 38572, 非空: True, 去空后非空: True
2026-03-30 13:46:57,179 - app.ai.website_crawler - INFO - 使用html_content参数，长度: 38572
2026-03-30 13:46:57,179 - app.ai.website_crawler - INFO - 保存HTML内容成功: questions.html, 大小: 38946 字节
2026-03-30 13:46:57,184 - app.ai.website_crawler - INFO - 创建文档成功: ID=438c6dc3-a4aa-4325-83b6-bc54ab720133, 标题='Formulaire pour questions et commentaires - Canada.ca', 文件='questions.html'
2026-03-30 13:46:57,184 - app.ai.website_crawler - INFO - 文档保存成功: ID=438c6dc3-a4aa-4325-83b6-bc54ab720133, 标题='Formulaire pour questions et commentaires - Canada.ca'
2026-03-30 13:46:57,184 - app.ai.website_crawler - INFO - 成功爬取并保存页面: Formulaire pour questions et commentaires - Canada.ca
2026-03-30 13:46:57,184 - app.ai.website_crawler - INFO - 爬取: https://www.canada.ca/fr/gouvernement/ouvrir-session-dossier-compte-en-ligne.html (深度 3/3)
/home/hongb/.openclaw/workspace/filebot/backend/venv/lib/python3.12/site-packages/urllib3/connectionpool.py:1097: InsecureRequestWarning: Unverified HTTPS request is being made to host 'www.canada.ca'. Adding certificate verification is strongly advised. See: https://urllib3.readthedocs.io/en/latest/advanced-usage.html#tls-warnings
  warnings.warn(
2026-03-30 13:46:57,242 - app.ai.website_crawler - INFO - URL路径解析: https://www.canada.ca/fr/gouvernement/ouvrir-session-dossier-compte-en-ligne.html -> 路径段: ['fr', 'gouvernement']
2026-03-30 13:46:57,242 - app.ai.website_crawler - INFO - URL https://www.canada.ca/fr/gouvernement/ouvrir-session-dossier-compte-en-ligne.html 对应的文件夹ID: 91354f29-a57b-40c2-9f30-bfa3d4a4bb2b
2026-03-30 13:46:57,243 - app.ai.website_crawler - INFO - create_document: html_content 类型: <class 'str'>, 长度: 58756, 非空: True, 去空后非空: True
2026-03-30 13:46:57,243 - app.ai.website_crawler - INFO - 使用html_content参数，长度: 58756
2026-03-30 13:46:57,244 - app.ai.website_crawler - INFO - 保存HTML内容成功: ouvrir-session-dossier-compte-en-ligne.html, 大小: 59453 字节
2026-03-30 13:46:57,250 - app.ai.website_crawler - INFO - 创建文档成功: ID=f59d7806-7401-4d11-b65e-d2c77bdda715, 标题='Se connecter à un dossier ou un compte en ligne du gouvernement du Canada - Canada.ca', 文件='ouvrir-session-dossier-compte-en-ligne.html'
2026-03-30 13:46:57,250 - app.ai.website_crawler - INFO - 文档保存成功: ID=f59d7806-7401-4d11-b65e-d2c77bdda715, 标题='Se connecter à un dossier ou un compte en ligne du gouvernement du Canada - Canada.ca'
2026-03-30 13:46:57,250 - app.ai.website_crawler - INFO - 成功爬取并保存页面: Se connecter à un dossier ou un compte en ligne du gouvernement du Canada - Canada.ca
2026-03-30 13:46:57,250 - app.ai.website_crawler - INFO - 爬取: https://www.canada.ca/fr/secretariat-conseil-tresor/services/acces-information-protection-reseignements-personnels/acces-information/info-source/fichiers-renseignements-personnels-ordinaires.html#poe902 (深度 3/3)
/home/hongb/.openclaw/workspace/filebot/backend/venv/lib/python3.12/site-packages/urllib3/connectionpool.py:1097: InsecureRequestWarning: Unverified HTTPS request is being made to host 'www.canada.ca'. Adding certificate verification is strongly advised. See: https://urllib3.readthedocs.io/en/latest/advanced-usage.html#tls-warnings
  warnings.warn(
/home/hongb/.openclaw/workspace/filebot/backend/venv/lib/python3.12/site-packages/urllib3/connectionpool.py:1097: InsecureRequestWarning: Unverified HTTPS request is being made to host 'www.canada.ca'. Adding certificate verification is strongly advised. See: https://urllib3.readthedocs.io/en/latest/advanced-usage.html#tls-warnings
  warnings.warn(
2026-03-30 13:46:57,381 - app.ai.website_crawler - INFO - URL路径解析: https://www.canada.ca/fr/secretariat-conseil-tresor/services/acces-information-protection-reseignements-personnels/acces-information/info-source/fichiers-renseignements-personnels-ordinaires.html#poe902 -> 路径段: ['fr', 'secretariat-conseil-tresor', 'services', 'acces-information-protection-reseignements-personnels', 'acces-information', 'info-source']
2026-03-30 13:46:57,383 - app.ai.website_crawler - INFO - URL https://www.canada.ca/fr/secretariat-conseil-tresor/services/acces-information-protection-reseignements-personnels/acces-information/info-source/fichiers-renseignements-personnels-ordinaires.html#poe902 对应的文件夹ID: b8a41a6e-04d9-4226-8613-f1bd58f0a654
2026-03-30 13:46:57,384 - app.ai.website_crawler - WARNING - 文档已存在，跳过创建: stored_filename='b8a41a6e-04d9-4226-8613-f1bd58f0a654/fichiers-renseignements-personnels-ordinaires.html', 现有ID=9b2e1e52-3950-4e78-a7f9-674022d556a8
2026-03-30 13:46:57,384 - app.ai.website_crawler - INFO - 文档保存成功: ID=9b2e1e52-3950-4e78-a7f9-674022d556a8, 标题='Fichiers de renseignements personnels ordinaires - Canada.ca'
2026-03-30 13:46:57,384 - app.ai.website_crawler - INFO - 成功爬取并保存页面: Fichiers de renseignements personnels ordinaires - Canada.ca
2026-03-30 13:46:57,384 - app.ai.website_crawler - INFO - 爬取: https://www.canada.ca/fr/secretariat-conseil-tresor/services/acces-information-protection-reseignements-personnels/acces-information/presenter-demande.html (深度 2/3)
/home/hongb/.openclaw/workspace/filebot/backend/venv/lib/python3.12/site-packages/urllib3/connectionpool.py:1097: InsecureRequestWarning: Unverified HTTPS request is being made to host 'www.canada.ca'. Adding certificate verification is strongly advised. See: https://urllib3.readthedocs.io/en/latest/advanced-usage.html#tls-warnings
  warnings.warn(
/home/hongb/.openclaw/workspace/filebot/backend/venv/lib/python3.12/site-packages/urllib3/connectionpool.py:1097: InsecureRequestWarning: Unverified HTTPS request is being made to host 'www.canada.ca'. Adding certificate verification is strongly advised. See: https://urllib3.readthedocs.io/en/latest/advanced-usage.html#tls-warnings
  warnings.warn(
2026-03-30 13:46:57,457 - app.ai.website_crawler - INFO - URL路径解析: https://www.canada.ca/fr/secretariat-conseil-tresor/services/acces-information-protection-reseignements-personnels/acces-information/presenter-demande.html -> 路径段: ['fr', 'secretariat-conseil-tresor', 'services', 'acces-information-protection-reseignements-personnels', 'acces-information']
2026-03-30 13:46:57,458 - app.ai.website_crawler - INFO - URL https://www.canada.ca/fr/secretariat-conseil-tresor/services/acces-information-protection-reseignements-personnels/acces-information/presenter-demande.html 对应的文件夹ID: b3764b43-1109-4e9f-ad0a-d131210bcc70
2026-03-30 13:46:57,459 - app.ai.website_crawler - INFO - create_document: html_content 类型: <class 'str'>, 长度: 23866, 非空: True, 去空后非空: True
2026-03-30 13:46:57,460 - app.ai.website_crawler - INFO - 使用html_content参数，长度: 23866
2026-03-30 13:46:57,460 - app.ai.website_crawler - INFO - 保存HTML内容成功: presenter-demande.html, 大小: 24044 字节
2026-03-30 13:46:57,465 - app.ai.website_crawler - INFO - 创建文档成功: ID=e40b92ce-4e47-4854-95a9-b6c6e025f086, 标题='Présenter une demande d’accès à l’information ou à vos renseignements personnels - Canada.ca', 文件='presenter-demande.html'
2026-03-30 13:46:57,465 - app.ai.website_crawler - INFO - 文档保存成功: ID=e40b92ce-4e47-4854-95a9-b6c6e025f086, 标题='Présenter une demande d’accès à l’information ou à vos renseignements personnels - Canada.ca'
2026-03-30 13:46:57,465 - app.ai.website_crawler - INFO - 成功爬取并保存页面: Présenter une demande d’accès à l’information ou à vos renseignements personnels - Canada.ca
/home/hongb/.openclaw/workspace/filebot/backend/venv/lib/python3.12/site-packages/urllib3/connectionpool.py:1097: InsecureRequestWarning: Unverified HTTPS request is being made to host 'www.canada.ca'. Adding certificate verification is strongly advised. See: https://urllib3.readthedocs.io/en/latest/advanced-usage.html#tls-warnings
  warnings.warn(
2026-03-30 13:46:57,496 - app.ai.website_crawler - INFO - URL路径解析: https://www.canada.ca/etc/designs/canada/wet-boew/assets/sig-blk-fr.svg -> 路径段: ['etc', 'designs', 'canada', 'wet-boew', 'assets']
2026-03-30 13:46:57,497 - app.ai.website_crawler - INFO - URL https://www.canada.ca/etc/designs/canada/wet-boew/assets/sig-blk-fr.svg 对应的文件夹ID: 2fe5392b-c7fb-4e87-9b77-e967ff48ff21
2026-03-30 13:46:57,498 - app.ai.website_crawler - WARNING - 图片文档已存在，跳过创建: stored_filename='2fe5392b-c7fb-4e87-9b77-e967ff48ff21/sig-blk-fr.svg', 现有ID=bd3833ff-8050-4dd7-b58c-097d971ce99b
/home/hongb/.openclaw/workspace/filebot/backend/venv/lib/python3.12/site-packages/urllib3/connectionpool.py:1097: InsecureRequestWarning: Unverified HTTPS request is being made to host 'www.canada.ca'. Adding certificate verification is strongly advised. See: https://urllib3.readthedocs.io/en/latest/advanced-usage.html#tls-warnings
  warnings.warn(
2026-03-30 13:46:57,523 - app.ai.website_crawler - INFO - URL路径解析: https://www.canada.ca/etc/designs/canada/wet-boew/assets/wmms-blk.svg -> 路径段: ['etc', 'designs', 'canada', 'wet-boew', 'assets']
2026-03-30 13:46:57,524 - app.ai.website_crawler - INFO - URL https://www.canada.ca/etc/designs/canada/wet-boew/assets/wmms-blk.svg 对应的文件夹ID: 2fe5392b-c7fb-4e87-9b77-e967ff48ff21
2026-03-30 13:46:57,525 - app.ai.website_crawler - WARNING - 图片文档已存在，跳过创建: stored_filename='2fe5392b-c7fb-4e87-9b77-e967ff48ff21/wmms-blk.svg', 现有ID=f5a4d8f4-dd77-4a7e-8b3a-66e5cf9c90f4
2026-03-30 13:46:57,525 - app.ai.website_crawler - INFO - 爬取: https://www.canada.ca/fr/secretariat-conseil-tresor/services/acces-information-protection-renseignements-personnels/acces-information/presenter-demande/presenter-demande.html (深度 3/3)
/home/hongb/.openclaw/workspace/filebot/backend/venv/lib/python3.12/site-packages/urllib3/connectionpool.py:1097: InsecureRequestWarning: Unverified HTTPS request is being made to host 'www.canada.ca'. Adding certificate verification is strongly advised. See: https://urllib3.readthedocs.io/en/latest/advanced-usage.html#tls-warnings
  warnings.warn(
2026-03-30 13:46:57,676 - app.ai.website_crawler - INFO - URL路径解析: https://www.canada.ca/fr/secretariat-conseil-tresor/services/acces-information-protection-renseignements-personnels/acces-information/presenter-demande/presenter-demande.html -> 路径段: ['fr', 'secretariat-conseil-tresor', 'services', 'acces-information-protection-renseignements-personnels', 'acces-information', 'presenter-demande']
2026-03-30 13:46:57,677 - app.ai.website_crawler - INFO - 创建子文件夹: acces-information-protection-renseignements-personnels (原始路径段: acces-information-protection-renseignements-personnels)，父文件夹: services
2026-03-30 13:46:57,684 - app.ai.website_crawler - INFO - 创建子文件夹: acces-information (原始路径段: acces-information)，父文件夹: acces-information-protection-renseignements-personnels
2026-03-30 13:46:57,689 - app.ai.website_crawler - INFO - 创建子文件夹: presenter-demande (原始路径段: presenter-demande)，父文件夹: acces-information
2026-03-30 13:46:57,694 - app.ai.website_crawler - INFO - URL https://www.canada.ca/fr/secretariat-conseil-tresor/services/acces-information-protection-renseignements-personnels/acces-information/presenter-demande/presenter-demande.html 对应的文件夹ID: c2cd5017-1412-46bf-bf83-0e080bce751d
2026-03-30 13:46:57,695 - app.ai.website_crawler - INFO - create_document: html_content 类型: <class 'str'>, 长度: 30092, 非空: True, 去空后非空: True
2026-03-30 13:46:57,695 - app.ai.website_crawler - INFO - 使用html_content参数，长度: 30092
2026-03-30 13:46:57,695 - app.ai.website_crawler - INFO - 保存HTML内容成功: presenter-demande.html, 大小: 30372 字节
2026-03-30 13:46:57,702 - app.ai.website_crawler - INFO - 创建文档成功: ID=843ccb48-c278-4b70-a325-d7cbfa3025bf, 标题='Présenter une demande - Canada.ca', 文件='presenter-demande.html'
2026-03-30 13:46:57,702 - app.ai.website_crawler - INFO - 文档保存成功: ID=843ccb48-c278-4b70-a325-d7cbfa3025bf, 标题='Présenter une demande - Canada.ca'
2026-03-30 13:46:57,702 - app.ai.website_crawler - INFO - 成功爬取并保存页面: Présenter une demande - Canada.ca
2026-03-30 13:46:57,702 - app.ai.website_crawler - INFO - 爬取: https://www.canada.ca/fr/secretariat-conseil-tresor/services/acces-information-protection-renseignements-personnels.html (深度 3/3)
/home/hongb/.openclaw/workspace/filebot/backend/venv/lib/python3.12/site-packages/urllib3/connectionpool.py:1097: InsecureRequestWarning: Unverified HTTPS request is being made to host 'www.canada.ca'. Adding certificate verification is strongly advised. See: https://urllib3.readthedocs.io/en/latest/advanced-usage.html#tls-warnings
  warnings.warn(
2026-03-30 13:46:57,770 - app.ai.website_crawler - INFO - URL路径解析: https://www.canada.ca/fr/secretariat-conseil-tresor/services/acces-information-protection-renseignements-personnels.html -> 路径段: ['fr', 'secretariat-conseil-tresor', 'services']
2026-03-30 13:46:57,771 - app.ai.website_crawler - INFO - URL https://www.canada.ca/fr/secretariat-conseil-tresor/services/acces-information-protection-renseignements-personnels.html 对应的文件夹ID: cb66472a-516d-4b6b-8a54-2a1d686eb955
2026-03-30 13:46:57,773 - app.ai.website_crawler - INFO - create_document: html_content 类型: <class 'str'>, 长度: 26543, 非空: True, 去空后非空: True
2026-03-30 13:46:57,773 - app.ai.website_crawler - INFO - 使用html_content参数，长度: 26543
2026-03-30 13:46:57,773 - app.ai.website_crawler - INFO - 保存HTML内容成功: acces-information-protection-renseignements-personnels.html, 大小: 26775 字节
2026-03-30 13:46:57,778 - app.ai.website_crawler - INFO - 创建文档成功: ID=9a42e977-478f-4df8-afa9-14aab6f26312, 标题='Accès à l’information et protection des renseignements personnels - Canada.ca', 文件='acces-information-protection-renseignements-personnels.html'
2026-03-30 13:46:57,779 - app.ai.website_crawler - INFO - 文档保存成功: ID=9a42e977-478f-4df8-afa9-14aab6f26312, 标题='Accès à l’information et protection des renseignements personnels - Canada.ca'
2026-03-30 13:46:57,779 - app.ai.website_crawler - INFO - 成功爬取并保存页面: Accès à l’information et protection des renseignements personnels - Canada.ca
2026-03-30 13:46:57,779 - app.ai.website_crawler - INFO - 爬取: https://www.canada.ca/fr/secretariat-conseil-tresor/services/acces-information-protection-renseignements-personnels/acces-information/presenter-demande/ce-dont-vous-aurez-besoin.html (深度 3/3)
/home/hongb/.openclaw/workspace/filebot/backend/venv/lib/python3.12/site-packages/urllib3/connectionpool.py:1097: InsecureRequestWarning: Unverified HTTPS request is being made to host 'www.canada.ca'. Adding certificate verification is strongly advised. See: https://urllib3.readthedocs.io/en/latest/advanced-usage.html#tls-warnings
  warnings.warn(
2026-03-30 13:46:57,864 - app.ai.website_crawler - INFO - URL路径解析: https://www.canada.ca/fr/secretariat-conseil-tresor/services/acces-information-protection-renseignements-personnels/acces-information/presenter-demande/ce-dont-vous-aurez-besoin.html -> 路径段: ['fr', 'secretariat-conseil-tresor', 'services', 'acces-information-protection-renseignements-personnels', 'acces-information', 'presenter-demande']
2026-03-30 13:46:57,865 - app.ai.website_crawler - INFO - URL https://www.canada.ca/fr/secretariat-conseil-tresor/services/acces-information-protection-renseignements-personnels/acces-information/presenter-demande/ce-dont-vous-aurez-besoin.html 对应的文件夹ID: c2cd5017-1412-46bf-bf83-0e080bce751d
2026-03-30 13:46:57,866 - app.ai.website_crawler - INFO - create_document: html_content 类型: <class 'str'>, 长度: 25276, 非空: True, 去空后非空: True
2026-03-30 13:46:57,866 - app.ai.website_crawler - INFO - 使用html_content参数，长度: 25276
2026-03-30 13:46:57,866 - app.ai.website_crawler - INFO - 保存HTML内容成功: ce-dont-vous-aurez-besoin.html, 大小: 25436 字节
2026-03-30 13:46:57,873 - app.ai.website_crawler - INFO - 创建文档成功: ID=e40aa597-8c59-43b5-8cd2-b866c3c54f3d, 标题='Ce dont vous aurez besoin - Canada.ca', 文件='ce-dont-vous-aurez-besoin.html'
2026-03-30 13:46:57,873 - app.ai.website_crawler - INFO - 文档保存成功: ID=e40aa597-8c59-43b5-8cd2-b866c3c54f3d, 标题='Ce dont vous aurez besoin - Canada.ca'
2026-03-30 13:46:57,873 - app.ai.website_crawler - INFO - 成功爬取并保存页面: Ce dont vous aurez besoin - Canada.ca
2026-03-30 13:46:57,873 - app.ai.website_crawler - INFO - 爬取: https://www.canada.ca/fr/secretariat-conseil-tresor/services/acces-information-protection-renseignements-personnels/acces-information/presenter-demande/creer-compte-securise-aiprp-ligne.html (深度 3/3)
/home/hongb/.openclaw/workspace/filebot/backend/venv/lib/python3.12/site-packages/urllib3/connectionpool.py:1097: InsecureRequestWarning: Unverified HTTPS request is being made to host 'www.canada.ca'. Adding certificate verification is strongly advised. See: https://urllib3.readthedocs.io/en/latest/advanced-usage.html#tls-warnings
  warnings.warn(
2026-03-30 13:46:57,918 - app.ai.website_crawler - INFO - URL路径解析: https://www.canada.ca/fr/secretariat-conseil-tresor/services/acces-information-protection-renseignements-personnels/acces-information/presenter-demande/creer-compte-securise-aiprp-ligne.html -> 路径段: ['fr', 'secretariat-conseil-tresor', 'services', 'acces-information-protection-renseignements-personnels', 'acces-information', 'presenter-demande']
2026-03-30 13:46:57,920 - app.ai.website_crawler - INFO - URL https://www.canada.ca/fr/secretariat-conseil-tresor/services/acces-information-protection-renseignements-personnels/acces-information/presenter-demande/creer-compte-securise-aiprp-ligne.html 对应的文件夹ID: c2cd5017-1412-46bf-bf83-0e080bce751d
2026-03-30 13:46:57,921 - app.ai.website_crawler - INFO - create_document: html_content 类型: <class 'str'>, 长度: 29843, 非空: True, 去空后非空: True
2026-03-30 13:46:57,921 - app.ai.website_crawler - INFO - 使用html_content参数，长度: 29843
2026-03-30 13:46:57,921 - app.ai.website_crawler - INFO - 保存HTML内容成功: creer-compte-securise-aiprp-ligne.html, 大小: 30160 字节
2026-03-30 13:46:57,927 - app.ai.website_crawler - INFO - 创建文档成功: ID=fb895d1a-e2d7-4f3b-933b-ace7046fea51, 标题='Créer un compte sécurisé pour l’AIPRP en ligne - Canada.ca', 文件='creer-compte-securise-aiprp-ligne.html'
2026-03-30 13:46:57,927 - app.ai.website_crawler - INFO - 文档保存成功: ID=fb895d1a-e2d7-4f3b-933b-ace7046fea51, 标题='Créer un compte sécurisé pour l’AIPRP en ligne - Canada.ca'
2026-03-30 13:46:57,927 - app.ai.website_crawler - INFO - 成功爬取并保存页面: Créer un compte sécurisé pour l’AIPRP en ligne - Canada.ca
2026-03-30 13:46:57,927 - app.ai.website_crawler - INFO - 爬取: https://www.canada.ca/fr/secretariat-conseil-tresor/organisation/contacter.html (深度 3/3)
/home/hongb/.openclaw/workspace/filebot/backend/venv/lib/python3.12/site-packages/urllib3/connectionpool.py:1097: InsecureRequestWarning: Unverified HTTPS request is being made to host 'www.canada.ca'. Adding certificate verification is strongly advised. See: https://urllib3.readthedocs.io/en/latest/advanced-usage.html#tls-warnings
  warnings.warn(
2026-03-30 13:46:57,968 - app.ai.website_crawler - INFO - URL路径解析: https://www.canada.ca/fr/secretariat-conseil-tresor/organisation/contacter.html -> 路径段: ['fr', 'secretariat-conseil-tresor', 'organisation']
2026-03-30 13:46:57,969 - app.ai.website_crawler - INFO - 创建子文件夹: organisation (原始路径段: organisation)，父文件夹: secretariat-conseil-tresor
2026-03-30 13:46:57,975 - app.ai.website_crawler - INFO - URL https://www.canada.ca/fr/secretariat-conseil-tresor/organisation/contacter.html 对应的文件夹ID: c8225516-1aff-4f3d-b96f-fc8c9a82ca20
2026-03-30 13:46:57,976 - app.ai.website_crawler - INFO - create_document: html_content 类型: <class 'str'>, 长度: 31504, 非空: True, 去空后非空: True
2026-03-30 13:46:57,976 - app.ai.website_crawler - INFO - 使用html_content参数，长度: 31504
2026-03-30 13:46:57,976 - app.ai.website_crawler - INFO - 保存HTML内容成功: contacter.html, 大小: 31707 字节
2026-03-30 13:46:57,982 - app.ai.website_crawler - INFO - 创建文档成功: ID=19abe6e3-e462-4688-a2a8-b7457a5c8285, 标题='Contacter le Secrétariat du Conseil du Trésor du Canada - Canada.ca', 文件='contacter.html'
2026-03-30 13:46:57,982 - app.ai.website_crawler - INFO - 文档保存成功: ID=19abe6e3-e462-4688-a2a8-b7457a5c8285, 标题='Contacter le Secrétariat du Conseil du Trésor du Canada - Canada.ca'
2026-03-30 13:46:57,982 - app.ai.website_crawler - INFO - 成功爬取并保存页面: Contacter le Secrétariat du Conseil du Trésor du Canada - Canada.ca
2026-03-30 13:46:57,986 - app.ai.website_crawler - INFO - 爬取: https://www.canada.ca/fr/secretariat-conseil-tresor/services/acces-information-protection-renseignements-personnels/acces-information/presenter-demande/types-demande-aiprp.html (深度 3/3)
/home/hongb/.openclaw/workspace/filebot/backend/venv/lib/python3.12/site-packages/urllib3/connectionpool.py:1097: InsecureRequestWarning: Unverified HTTPS request is being made to host 'www.canada.ca'. Adding certificate verification is strongly advised. See: https://urllib3.readthedocs.io/en/latest/advanced-usage.html#tls-warnings
  warnings.warn(
2026-03-30 13:46:58,116 - app.ai.website_crawler - INFO - URL路径解析: https://www.canada.ca/fr/secretariat-conseil-tresor/services/acces-information-protection-renseignements-personnels/acces-information/presenter-demande/types-demande-aiprp.html -> 路径段: ['fr', 'secretariat-conseil-tresor', 'services', 'acces-information-protection-renseignements-personnels', 'acces-information', 'presenter-demande']
2026-03-30 13:46:58,118 - app.ai.website_crawler - INFO - URL https://www.canada.ca/fr/secretariat-conseil-tresor/services/acces-information-protection-renseignements-personnels/acces-information/presenter-demande/types-demande-aiprp.html 对应的文件夹ID: c2cd5017-1412-46bf-bf83-0e080bce751d
2026-03-30 13:46:58,119 - app.ai.website_crawler - INFO - create_document: html_content 类型: <class 'str'>, 长度: 22972, 非空: True, 去空后非空: True
2026-03-30 13:46:58,119 - app.ai.website_crawler - INFO - 使用html_content参数，长度: 22972
2026-03-30 13:46:58,119 - app.ai.website_crawler - INFO - 保存HTML内容成功: types-demande-aiprp.html, 大小: 23103 字节
2026-03-30 13:46:58,125 - app.ai.website_crawler - INFO - 创建文档成功: ID=48826971-35c2-4a12-a4d2-bde39afa94dc, 标题='Types de demande d’AIPRP - Canada.ca', 文件='types-demande-aiprp.html'
2026-03-30 13:46:58,125 - app.ai.website_crawler - INFO - 文档保存成功: ID=48826971-35c2-4a12-a4d2-bde39afa94dc, 标题='Types de demande d’AIPRP - Canada.ca'
2026-03-30 13:46:58,125 - app.ai.website_crawler - INFO - 成功爬取并保存页面: Types de demande d’AIPRP - Canada.ca
2026-03-30 13:46:58,125 - app.ai.website_crawler - INFO - 爬取: https://www.canada.ca/fr/secretariat-conseil-tresor/services/acces-information-protection-renseignements-personnels/acces-information/presenter-demande/communiquer-avec-nous.html (深度 3/3)
/home/hongb/.openclaw/workspace/filebot/backend/venv/lib/python3.12/site-packages/urllib3/connectionpool.py:1097: InsecureRequestWarning: Unverified HTTPS request is being made to host 'www.canada.ca'. Adding certificate verification is strongly advised. See: https://urllib3.readthedocs.io/en/latest/advanced-usage.html#tls-warnings
  warnings.warn(
2026-03-30 13:46:58,259 - app.ai.website_crawler - INFO - URL路径解析: https://www.canada.ca/fr/secretariat-conseil-tresor/services/acces-information-protection-renseignements-personnels/acces-information/presenter-demande/communiquer-avec-nous.html -> 路径段: ['fr', 'secretariat-conseil-tresor', 'services', 'acces-information-protection-renseignements-personnels', 'acces-information', 'presenter-demande']
2026-03-30 13:46:58,260 - app.ai.website_crawler - INFO - URL https://www.canada.ca/fr/secretariat-conseil-tresor/services/acces-information-protection-renseignements-personnels/acces-information/presenter-demande/communiquer-avec-nous.html 对应的文件夹ID: c2cd5017-1412-46bf-bf83-0e080bce751d
2026-03-30 13:46:58,261 - app.ai.website_crawler - INFO - create_document: html_content 类型: <class 'str'>, 长度: 27326, 非空: True, 去空后非空: True
2026-03-30 13:46:58,261 - app.ai.website_crawler - INFO - 使用html_content参数，长度: 27326
2026-03-30 13:46:58,262 - app.ai.website_crawler - INFO - 保存HTML内容成功: communiquer-avec-nous.html, 大小: 27567 字节
2026-03-30 13:46:58,268 - app.ai.website_crawler - INFO - 创建文档成功: ID=8a3602d6-5707-4864-91f0-dfde0cc2ed14, 标题='Communiquer avec nous - Canada.ca', 文件='communiquer-avec-nous.html'
2026-03-30 13:46:58,268 - app.ai.website_crawler - INFO - 文档保存成功: ID=8a3602d6-5707-4864-91f0-dfde0cc2ed14, 标题='Communiquer avec nous - Canada.ca'
2026-03-30 13:46:58,268 - app.ai.website_crawler - INFO - 成功爬取并保存页面: Communiquer avec nous - Canada.ca
2026-03-30 13:46:58,268 - app.ai.website_crawler - INFO - 爬取: https://www.canada.ca/fr/secretariat-conseil-tresor/organisation/formulaires.html (深度 3/3)
/home/hongb/.openclaw/workspace/filebot/backend/venv/lib/python3.12/site-packages/urllib3/connectionpool.py:1097: InsecureRequestWarning: Unverified HTTPS request is being made to host 'www.canada.ca'. Adding certificate verification is strongly advised. See: https://urllib3.readthedocs.io/en/latest/advanced-usage.html#tls-warnings
  warnings.warn(
2026-03-30 13:46:58,391 - app.ai.website_crawler - INFO - URL路径解析: https://www.canada.ca/fr/secretariat-conseil-tresor/organisation/formulaires.html -> 路径段: ['fr', 'secretariat-conseil-tresor', 'organisation']
2026-03-30 13:46:58,392 - app.ai.website_crawler - INFO - URL https://www.canada.ca/fr/secretariat-conseil-tresor/organisation/formulaires.html 对应的文件夹ID: c8225516-1aff-4f3d-b96f-fc8c9a82ca20
2026-03-30 13:46:58,393 - app.ai.website_crawler - INFO - create_document: html_content 类型: <class 'str'>, 长度: 122907, 非空: True, 去空后非空: True
2026-03-30 13:46:58,393 - app.ai.website_crawler - INFO - 使用html_content参数，长度: 122907
2026-03-30 13:46:58,393 - app.ai.website_crawler - INFO - 保存HTML内容成功: formulaires.html, 大小: 124311 字节
2026-03-30 13:46:58,400 - app.ai.website_crawler - INFO - 创建文档成功: ID=90e27809-e3f6-4630-a555-27c5853e8651, 标题='Formulaires du Secrétariat du Conseil du Trésor du Canada - Canada.ca', 文件='formulaires.html'
2026-03-30 13:46:58,400 - app.ai.website_crawler - INFO - 文档保存成功: ID=90e27809-e3f6-4630-a555-27c5853e8651, 标题='Formulaires du Secrétariat du Conseil du Trésor du Canada - Canada.ca'
2026-03-30 13:46:58,400 - app.ai.website_crawler - INFO - 成功爬取并保存页面: Formulaires du Secrétariat du Conseil du Trésor du Canada - Canada.ca
2026-03-30 13:46:58,400 - app.ai.website_crawler - INFO - 爬取: https://www.canada.ca/fr/secretariat-conseil-tresor/services/acces-information-protection-renseignements-personnels/acces-information/presenter-demande/faire-suivi-demande-recevoir-reponse.html (深度 3/3)
/home/hongb/.openclaw/workspace/filebot/backend/venv/lib/python3.12/site-packages/urllib3/connectionpool.py:1097: InsecureRequestWarning: Unverified HTTPS request is being made to host 'www.canada.ca'. Adding certificate verification is strongly advised. See: https://urllib3.readthedocs.io/en/latest/advanced-usage.html#tls-warnings
  warnings.warn(
2026-03-30 13:46:58,512 - app.ai.website_crawler - INFO - URL路径解析: https://www.canada.ca/fr/secretariat-conseil-tresor/services/acces-information-protection-renseignements-personnels/acces-information/presenter-demande/faire-suivi-demande-recevoir-reponse.html -> 路径段: ['fr', 'secretariat-conseil-tresor', 'services', 'acces-information-protection-renseignements-personnels', 'acces-information', 'presenter-demande']
2026-03-30 13:46:58,513 - app.ai.website_crawler - INFO - URL https://www.canada.ca/fr/secretariat-conseil-tresor/services/acces-information-protection-renseignements-personnels/acces-information/presenter-demande/faire-suivi-demande-recevoir-reponse.html 对应的文件夹ID: c2cd5017-1412-46bf-bf83-0e080bce751d
2026-03-30 13:46:58,514 - app.ai.website_crawler - INFO - create_document: html_content 类型: <class 'str'>, 长度: 25094, 非空: True, 去空后非空: True
2026-03-30 13:46:58,514 - app.ai.website_crawler - INFO - 使用html_content参数，长度: 25094
2026-03-30 13:46:58,514 - app.ai.website_crawler - INFO - 保存HTML内容成功: faire-suivi-demande-recevoir-reponse.html, 大小: 25274 字节
2026-03-30 13:46:58,521 - app.ai.website_crawler - INFO - 创建文档成功: ID=b57ac183-b5d8-4cbf-99fb-e97777bffd56, 标题='Faire un suivi de la demande et recevoir la réponse - Canada.ca', 文件='faire-suivi-demande-recevoir-reponse.html'
2026-03-30 13:46:58,521 - app.ai.website_crawler - INFO - 文档保存成功: ID=b57ac183-b5d8-4cbf-99fb-e97777bffd56, 标题='Faire un suivi de la demande et recevoir la réponse - Canada.ca'
2026-03-30 13:46:58,521 - app.ai.website_crawler - INFO - 成功爬取并保存页面: Faire un suivi de la demande et recevoir la réponse - Canada.ca
2026-03-30 13:46:58,522 - app.ai.website_crawler - INFO - 爬取: https://www.canada.ca/fr/secretariat-conseil-tresor.html (深度 3/3)
/home/hongb/.openclaw/workspace/filebot/backend/venv/lib/python3.12/site-packages/urllib3/connectionpool.py:1097: InsecureRequestWarning: Unverified HTTPS request is being made to host 'www.canada.ca'. Adding certificate verification is strongly advised. See: https://urllib3.readthedocs.io/en/latest/advanced-usage.html#tls-warnings
  warnings.warn(
2026-03-30 13:46:58,598 - app.ai.website_crawler - INFO - URL路径解析: https://www.canada.ca/fr/secretariat-conseil-tresor.html -> 路径段: ['fr']
2026-03-30 13:46:58,598 - app.ai.website_crawler - INFO - URL https://www.canada.ca/fr/secretariat-conseil-tresor.html 对应的文件夹ID: b4b2e455-d13e-434e-9ad4-9d6b06e91b33
2026-03-30 13:46:58,599 - app.ai.website_crawler - INFO - create_document: html_content 类型: <class 'str'>, 长度: 32010, 非空: True, 去空后非空: True
2026-03-30 13:46:58,599 - app.ai.website_crawler - INFO - 使用html_content参数，长度: 32010
2026-03-30 13:46:58,600 - app.ai.website_crawler - INFO - 保存HTML内容成功: secretariat-conseil-tresor.html, 大小: 32235 字节
2026-03-30 13:46:58,606 - app.ai.website_crawler - INFO - 创建文档成功: ID=01967619-1bc9-47e7-b956-b1a178aecbd8, 标题='Secrétariat du Conseil du Trésor du Canada - Canada.ca', 文件='secretariat-conseil-tresor.html'
2026-03-30 13:46:58,606 - app.ai.website_crawler - INFO - 文档保存成功: ID=01967619-1bc9-47e7-b956-b1a178aecbd8, 标题='Secrétariat du Conseil du Trésor du Canada - Canada.ca'
2026-03-30 13:46:58,606 - app.ai.website_crawler - INFO - 成功爬取并保存页面: Secrétariat du Conseil du Trésor du Canada - Canada.ca
2026-03-30 13:46:58,611 - app.ai.website_crawler - INFO - 爬取完成: 总计 100 页, 成功 100 页, 失败 0 页, 时间 9.82秒
2026-03-30 13:46:58,616 - app.ai.website_crawler - INFO - 爬取任务 crawl_c8583daa60ee 完成: {'total_pages': 100, 'successful_pages': 100, 'failed_pages': 0, 'total_images': 21, 'downloaded_images': 6, 'failed_images': 0, 'start_time': 1774892808.7894945, 'urls': [{'url': 'https://www.canada.ca', 'title': 'Canada.ca', 'status': 'success', 'document_id': '225cc866-1fc1-4c32-87b7-a22baee88481'}, {'url': 'https://www.canada.ca/fr/transparence/avis.html', 'title': 'Avis - Canada.ca', 'status': 'success', 'document_id': '35a9dc7a-889a-4779-98f0-5c1a80131815'}, {'url': 'https://www.canada.ca/fr/services/impots.html', 'title': 'Impôts - Canada.ca', 'status': 'success', 'document_id': '2dc6f260-7fe3-4c1c-a80b-bc9905a06e8e'}, {'url': 'https://www.canada.ca/fr/agence-revenu/organisation/coordonnees.html', 'title': 'Contactez l’Agence du revenu du Canada (ARC) - Canada.ca', 'status': 'success', 'document_id': '0d9590ca-5b8e-49a0-afa0-f92ede8c9ced'}, {'url': 'https://www.canada.ca/fr/agence-revenu/organisation/arnaques-fraudes.html', 'title': 'Arnaques et fraudes - ARC - Canada.ca', 'status': 'success', 'document_id': 'ddc5cac9-5c11-462d-8054-f910375d3c57'}, {'url': 'https://www.canada.ca/fr/agence-revenu/services/soutien-situations-difficiles.html', 'title': 'Soutien de l’ARC dans les situations difficiles - Canada.ca', 'status': 'success', 'document_id': 'a0e33fc9-44fc-49c2-b6c2-2c3101ccb69c'}, {'url': 'https://www.canada.ca/fr/agence-revenu/services/paiements.html', 'title': 'Paiements – ARC - Canada.ca', 'status': 'success', 'document_id': '59f39381-72b0-4117-a8c5-05bb756c358d'}, {'url': 'https://www.canada.ca/fr/agence-revenu/services/faire-plainte-liee-service.html', 'title': "Fournir une rétroaction sur le service de l'ARC - Canada.ca", 'status': 'success', 'document_id': 'f948eda6-c06d-4b69-b3f0-b587d1574a42'}, {'url': 'https://www.canada.ca/fr/contact.html', 'title': 'Contacter le gouvernement du Canada - Canada.ca', 'status': 'success', 'document_id': '686f02eb-73e1-45e8-ad2e-4711ba27b9f2'}, {'url': 'https://www.canada.ca/fr/services/immigration-citoyennete.html', 'title': 'Immigration et citoyenneté - Canada.ca', 'status': 'success', 'document_id': '26dcc7a5-27e8-488b-be4f-fe81520535e3'}, {'url': 'https://www.canada.ca/fr/agence-revenu/services/impot/decisions-concernant-regime-pensions-canada-rpc-assurance-emploi-ae/employe-travailleur-independant.html', 'title': "Statut d'emploi : employé ou travailleur indépendant - Canada.ca", 'status': 'success', 'document_id': '7a1a8bca-9fc5-4371-93b7-83e8d6d40248'}, {'url': 'https://www.canada.ca/fr/services/culture.html', 'title': 'Culture, histoire et sport - Canada.ca', 'status': 'success', 'document_id': '03d2f67c-0e18-468b-b17c-2e673c638c75'}, {'url': 'https://www.canada.ca/fr.html', 'title': 'Accueil - Canada.ca', 'status': 'success', 'document_id': '3789ee8a-db1d-4bbf-b2e4-c8c042a0b7e5'}, {'url': 'https://www.canada.ca/fr/services/impots/prestations-pour-enfants-et-familles.html', 'title': 'Crédits d’impôt et prestations pour les particuliers - Canada.ca', 'status': 'success', 'document_id': 'f4d030b9-e0fe-4cf3-8e46-c766daf3bf3a'}, {'url': 'https://www.canada.ca/fr/gouvernement/a-propos-canada-ca.html', 'title': 'À propos de Canada.ca - Canada.ca', 'status': 'success', 'document_id': '46119e3e-c813-4e6e-8b4b-313cd8e56340'}, {'url': 'https://www.canada.ca/fr/services/autochtones.html', 'title': 'Autochtones - Canada.ca', 'status': 'success', 'document_id': '78672501-a5ea-4070-8ae4-1ca68bc8fbcd'}, {'url': 'https://www.canada.ca/fr/services/finance.html', 'title': 'Argent et finances - Canada.ca', 'status': 'success', 'document_id': '6c6ac372-8277-4974-b074-72a71c2732de'}, {'url': 'https://www.canada.ca/fr/agence-revenu/organisation/a-propos-agence-revenu-canada-arc.html', 'title': "À propos de l'Agence du revenu du Canada - Canada.ca", 'status': 'success', 'document_id': '67538443-b1af-4cbb-91a4-5a1e40b3413d'}, {'url': 'https://www.canada.ca/fr/services/impots/impot-sur-le-revenu.html', 'title': 'Impôt sur le revenu - Canada.ca', 'status': 'success', 'document_id': '519f50be-2896-477f-9233-d6c7ecbbf8bc'}, {'url': 'https://www.canada.ca/fr/agence-revenu/services/impot/particuliers/programme-communautaire-benevoles-matiere-impot.html', 'title': "Comptoirs d'impôts gratuits - Canada.ca", 'status': 'success', 'document_id': '72d93025-1bc1-4dc8-89df-26982a89fe25'}, {'url': 'https://www.canada.ca/fr/services/prestations/calendrier.html', 'title': 'Dates de paiement des prestations - Canada.ca', 'status': 'success', 'document_id': '91b6d917-58d4-4c9d-a4a1-c45cd7a87739'}, {'url': 'https://www.canada.ca/fr/gouvernement/min.html', 'title': 'Ministères et organismes - Canada.ca', 'status': 'success', 'document_id': '4514b31a-a62e-4d60-a4de-8e69f34b2af5'}, {'url': 'https://www.canada.ca/fr/mobile.html', 'title': 'Centre mobile - Canada.ca', 'status': 'success', 'document_id': '2cb71bd8-e4cf-48c9-a98f-ae0ffc152b3e'}, {'url': 'https://www.canada.ca/fr/agence-revenu/services/impot/entreprises/sujets/tps-tvh-entreprises/produire-declaration-tps-tvh/comment-produire-declaration.html#h_3', 'title': 'Comment produire une déclaration - Produire votre déclaration de TPS/TVH - Canada.ca', 'status': 'success', 'document_id': 'eb7f4fa9-8b3f-4e90-b67d-a89c3e3c9f76'}, {'url': 'https://www.canada.ca/fr/services/environnement.html', 'title': 'Environnement et ressources naturelles - Canada.ca', 'status': 'success', 'document_id': 'b8dbda34-32d0-4691-b626-e96f5cf00838'}, {'url': 'https://www.canada.ca/fr/services/defense.html', 'title': 'Sécurité nationale et défense - Canada.ca', 'status': 'success', 'document_id': 'e39cea5e-0183-4aba-979c-56513974380e'}, {'url': 'https://www.canada.ca/fr/agence-revenu/services/impot/entreprises/sujets/tps-tvh-entreprises.html', 'title': 'TPS/TVH pour les entreprises - Canada.ca', 'status': 'success', 'document_id': '7af5eaf2-dc9c-4909-9c57-694860275477'}, {'url': 'https://www.canada.ca/fr/services/impots/regimes-depargne-et-de-pension.html', 'title': 'Régimes d’épargne et de pension - Canada.ca', 'status': 'success', 'document_id': '15d58781-b900-4102-825f-9667cc37a679'}, {'url': 'https://www.canada.ca/fr/services/jeunesse.html', 'title': 'Les jeunes au Canada - Canada.ca', 'status': 'success', 'document_id': '62870d7c-e7db-4f89-b036-c647037c8466'}, {'url': 'https://www.canada.ca/fr/sociaux.html', 'title': 'Médias sociaux - Canada.ca', 'status': 'success', 'document_id': 'cdaa43ff-5d96-4c27-8ede-a52085ef9558'}, {'url': 'https://www.canada.ca/fr/services/transport.html', 'title': 'Transport et infrastructure - Canada.ca', 'status': 'success', 'document_id': '5f5e417c-bd4a-48ed-8524-4ca7db58d394'}, {'url': 'https://www.canada.ca/fr/agence-revenu/services/impot/entreprises/sujets/retenues-paie.html', 'title': 'Retenues sur la paie - Canada.ca', 'status': 'success', 'document_id': 'f792a51e-a742-4f31-97ba-043b3ee37090'}, {'url': 'https://www.canada.ca/fr/agence-revenu/campagnes/chaque-dollar-compte.html', 'title': 'Chaque dollar compte – Prestations, crédits et programmes - Canada.ca', 'status': 'success', 'document_id': 'c24acb01-d61f-4c1a-adcd-350b681f53c3'}, {'url': 'https://www.canada.ca/fr/agence-revenu/services/mettre-a-jour-renseignements-arc.html', 'title': 'Mettre à jour vos renseignements auprès de l’ARC - Canada.ca', 'status': 'success', 'document_id': '707a5eb2-6287-4b8c-a076-630771365dcb'}, {'url': 'https://www.canada.ca/fr/services/science.html', 'title': 'Science et innovation - Canada.ca', 'status': 'success', 'document_id': '3ad89c3d-d1fd-41b5-8f44-5994240e8742'}, {'url': 'https://www.canada.ca/fr/agence-revenu/organisation/avis-confidentialite.html', 'title': 'Déclaration sur la protection des renseignements personnels - Canada.ca', 'status': 'success', 'document_id': '16771204-e8ca-4ba0-a0f1-f0f99abde10e'}, {'url': 'https://www.canada.ca/fr/services/emplois.html', 'title': 'Emplois et milieu de travail - Canada.ca', 'status': 'success', 'document_id': '231c93ad-464a-4989-9956-6a4e4b7c117a'}, {'url': 'https://www.canada.ca/fr/services/impots/inscription-entreprise.html', 'title': 'Inscription des entreprises auprès de l’ARC - Canada.ca', 'status': 'success', 'document_id': '9bd23c2f-44c9-43f3-b3ef-c15a61896ad8'}, {'url': 'https://www.canada.ca/fr/services/impots/taxes-daccise-droits-et-prelevements.html', 'title': 'Taxes d’accise et taxes spéciales - Canada.ca', 'status': 'success', 'document_id': 'e9d70aaa-68bf-4978-aef9-12d23f8fe204'}, {'url': 'https://www.canada.ca/fr/agence-revenu/programmes/a-propos-agence-revenu-canada-arc/observation.html', 'title': 'Observation et exécution à l’ARC - Canada.ca', 'status': 'success', 'document_id': '2c77c192-d6c9-4cd9-bc9d-0d63071bef20'}, {'url': 'https://www.canada.ca/fr/services/impots/bienfaisance.html', 'title': 'Organismes de bienfaisance et dons - Canada.ca', 'status': 'success', 'document_id': '719584be-375f-4590-9918-fe62319adb76'}, {'url': 'https://www.canada.ca/fr/services/veterans-militaire.html', 'title': 'Vétérans et militaire - Canada.ca', 'status': 'success', 'document_id': 'f37d9290-22e7-45e8-a5a5-1ec2192e67a8'}, {'url': 'https://www.canada.ca/fr/services/prestations.html', 'title': 'Prestations - Canada.ca', 'status': 'success', 'document_id': '0d9be2e8-f355-4fcf-9e0c-ca5a10506e21'}, {'url': 'https://www.canada.ca/fr/services/police.html', 'title': 'Services de police, justice et urgences - Canada.ca', 'status': 'success', 'document_id': 'c379c448-147f-4cd7-8368-b1b6b4d6faa3'}, {'url': 'https://www.canada.ca/fr/agence-revenu/services/services-electroniques/services-ouverture-session-arc.html', 'title': "Se connecter à son compte de l'ARC - Canada.ca", 'status': 'success', 'document_id': 'c26bed61-7818-43c1-9937-2ff0eb5b2817'}, {'url': 'https://www.canada.ca/fr/gouvernement/systeme.html', 'title': 'À propos du gouvernement - Canada.ca', 'status': 'success', 'document_id': 'fcac4a48-a5dd-4b9c-8cdd-8e041e75a31e'}, {'url': 'https://www.canada.ca/fr/services/entreprises.html', 'title': 'Entreprises et industrie - Canada.ca', 'status': 'success', 'document_id': '18b78cff-aeb9-4b5f-ab8e-29948d22e00e'}, {'url': 'https://www.canada.ca/en/services/taxes.html', 'title': 'Taxes - Canada.ca', 'status': 'success', 'document_id': '3b0eff2f-3f79-4abc-b4bb-c8f2f8b05ac9'}, {'url': 'https://www.canada.ca/fr/agence-revenu/services/formulaires-publications.html', 'title': 'Formulaires et publications - ARC - Canada.ca', 'status': 'success', 'document_id': '74b77419-03ee-47d4-8d12-83c4422b5ce7'}, {'url': 'https://www.canada.ca/fr/services/evenements-vie.html', 'title': 'Gérer les événements de la vie - Canada.ca', 'status': 'success', 'document_id': 'f191c4a0-c3bf-4765-9b74-b519cd79fa15'}, {'url': 'https://www.canada.ca/fr/agence-revenu.html', 'title': 'Agence du revenu du Canada (ARC) - Canada.ca', 'status': 'success', 'document_id': 'f4c2b360-8502-411a-b85b-9a840eb49beb'}, {'url': 'https://www.canada.ca/fr/services/sante.html', 'title': 'Santé - Canada.ca', 'status': 'success', 'document_id': '0a6eacbc-a648-49d0-8dd5-249c13184807'}, {'url': 'https://www.canada.ca/fr/agence-revenu/services/paiements/paiements-arc.html', 'title': "Paiements faits à l'ARC - Canada.ca", 'status': 'success', 'document_id': 'cbeec35f-556d-4e2a-8bd0-367674f69018'}, {'url': 'https://www.canada.ca/en/transparency/terms.html', 'title': 'Terms and conditions - Canada.ca', 'status': 'success', 'document_id': 'd1e524ba-7ae6-447e-8c0c-ed4ec8f2b984'}, {'url': 'https://www.canada.ca/en/treasury-board-secretariat/services/access-information-privacy/access-information/info-source/standard-personal-information-banks.html#psu914', 'title': 'Standard personal information banks - Canada.ca', 'status': 'success', 'document_id': 'cb63f18e-0f2c-4f4b-b95e-814e334b53c7'}, {'url': 'https://www.canada.ca/en/services/benefits.html', 'title': 'Benefits - Canada.ca', 'status': 'success', 'document_id': '9fea14e9-dadd-426a-b9a7-f887e01f3f6c'}, {'url': 'https://www.canada.ca/en/services/environment.html', 'title': 'Environment and natural resources - Canada.ca', 'status': 'success', 'document_id': '80a359cb-06be-4b91-8779-c69796709491'}, {'url': 'https://www.canada.ca/en/services/life-events.html', 'title': 'Manage life events - Canada.ca', 'status': 'success', 'document_id': '9c980623-777f-47f8-87c9-a30d1e337a31'}, {'url': 'https://www.canada.ca/en/services/defence.html', 'title': 'National security and defence - Canada.ca', 'status': 'success', 'document_id': '76e91c8b-45fe-4dea-88bd-d8541c2829d9'}, {'url': 'https://www.canada.ca/en/social.html', 'title': 'Social media - Canada.ca', 'status': 'success', 'document_id': '3fb211f0-dc47-4715-981b-ddbec8d77f48'}, {'url': 'https://www.canada.ca/en/government/about-canada-ca.html', 'title': 'About Canada.ca - Canada.ca', 'status': 'success', 'document_id': 'f8b5a023-1da8-41bd-9669-e8fead93e797'}, {'url': 'https://www.canada.ca/en/contact.html', 'title': 'Contact the Government of Canada - Canada.ca', 'status': 'success', 'document_id': 'c5d11b2c-af17-427b-9803-fce901ef8dc5'}, {'url': 'https://www.canada.ca/en/treasury-board-secretariat/services/access-information-privacy/access-information/info-source/standard-personal-information-banks.html#psu938', 'title': 'Standard personal information banks - Canada.ca', 'status': 'success', 'document_id': 'cb63f18e-0f2c-4f4b-b95e-814e334b53c7'}, {'url': 'https://www.canada.ca/en/treasury-board-secretariat/services/access-information-privacy/access-information/request-information.html', 'title': 'Make an access to information or personal information request - Canada.ca', 'status': 'success', 'document_id': '80ffd2d3-c17d-4bb9-9c63-52deb7fb6dc9'}, {'url': 'https://www.canada.ca/en/services/health.html', 'title': 'Health - Canada.ca', 'status': 'success', 'document_id': '102907a2-7c67-4066-b99e-75d494970aef'}, {'url': 'https://www.canada.ca/en.html', 'title': 'Home - Canada.ca', 'status': 'success', 'document_id': '02bd0508-0512-47d5-b8a6-79254b1208fc'}, {'url': 'https://www.canada.ca/en/transparency/privacy.html', 'title': 'Privacy - Canada.ca', 'status': 'success', 'document_id': 'c632f714-b883-478c-bf66-78b527b1babc'}, {'url': 'https://www.canada.ca/en/government/system/government-communications/federal-identity-requirements/legal-protection-official-symbols-government-canada.html', 'title': 'Legal protection of the official symbols of the Government of Canada - Canada.ca', 'status': 'success', 'document_id': '96304d4b-a9f6-45cf-b874-34d0957a2274'}, {'url': 'https://www.canada.ca/en/services/jobs.html', 'title': 'Jobs and the workplace - Canada.ca', 'status': 'success', 'document_id': '2391bc00-f8b0-4c5b-a3a4-6e0fcb377336'}, {'url': 'https://www.canada.ca/en/government/dept.html', 'title': 'Departments and agencies - Canada.ca', 'status': 'success', 'document_id': 'ad950387-3330-4494-9bed-7eec25681b68'}, {'url': 'https://www.canada.ca/en/government/system.html', 'title': 'About government - Canada.ca', 'status': 'success', 'document_id': '39aded87-c544-4aae-900a-a22c8acf4d85'}, {'url': 'https://www.canada.ca/en/services/science.html', 'title': 'Science and innovation - Canada.ca', 'status': 'success', 'document_id': 'b93b4613-755f-4506-a324-ed65e00b0d21'}, {'url': 'https://www.canada.ca/en/mobile.html', 'title': 'Mobile centre - Canada.ca', 'status': 'success', 'document_id': 'a7c66569-1eff-47f5-b74d-636fa7bfe308'}, {'url': 'https://www.canada.ca/en/services/immigration-citizenship.html', 'title': 'Immigration and citizenship - Canada.ca', 'status': 'success', 'document_id': '73f46c64-7de1-42ce-b4cc-fdd1748010e5'}, {'url': 'https://www.canada.ca/en/services/youth.html', 'title': 'Youth in Canada - Canada.ca', 'status': 'success', 'document_id': '8d899fd4-d19d-4304-ac34-b03e74d39c4d'}, {'url': 'https://www.canada.ca/en/services/finance.html', 'title': 'Money and finances - Canada.ca', 'status': 'success', 'document_id': '0021e6af-e8ff-4533-84c4-b5af67cdd8f0'}, {'url': 'https://www.canada.ca/en/services/business.html', 'title': 'Business and industry - Canada.ca', 'status': 'success', 'document_id': '6ca61f78-2703-4fd9-884c-79deafed971a'}, {'url': 'https://www.canada.ca/en/services/policing.html', 'title': 'Policing, justice and emergencies - Canada.ca', 'status': 'success', 'document_id': '17e9ec14-1f7b-4b2b-a12d-3b4e4a7ddb06'}, {'url': 'https://www.canada.ca/en/services/culture.html', 'title': 'Culture, history and sport - Canada.ca', 'status': 'success', 'document_id': '44d48eb4-1eea-44ee-b0fd-96c7c0de5f9b'}, {'url': 'https://www.canada.ca/en/government/sign-in-online-account.html', 'title': 'Sign in to a Government of Canada online account - Canada.ca', 'status': 'success', 'document_id': 'b7f344e1-2260-4aa7-b5a6-2867e80373c0'}, {'url': 'https://www.canada.ca/en/services/transport.html', 'title': 'Transport and infrastructure - Canada.ca', 'status': 'success', 'document_id': '2bcf6aab-8ce5-42a3-b428-3a0960bfd2df'}, {'url': 'https://www.canada.ca/en/services/indigenous-peoples.html', 'title': 'Indigenous peoples - Canada.ca', 'status': 'success', 'document_id': '2da64b81-f551-45bf-b1e2-af4a4c0f07cc'}, {'url': 'https://www.canada.ca/en/services/veterans-military.html', 'title': 'Veterans and military - Canada.ca', 'status': 'success', 'document_id': '1313faca-1905-4097-a6d1-e48b423e88ec'}, {'url': 'https://www.canada.ca/fr/transparence/confidentialite.html', 'title': 'Confidentialité - Canada.ca', 'status': 'success', 'document_id': '2316b80f-ff55-4109-bbf3-1ab005917a20'}, {'url': 'https://www.canada.ca/fr/secretariat-conseil-tresor/services/acces-information-protection-reseignements-personnels/acces-information/info-source/fichiers-renseignements-personnels-ordinaires.html#pou939', 'title': 'Fichiers de renseignements personnels ordinaires - Canada.ca', 'status': 'success', 'document_id': '9b2e1e52-3950-4e78-a7f9-674022d556a8'}, {'url': 'https://www.canada.ca/fr/secretariat-conseil-tresor/services/acces-information-protection-reseignements-personnels/acces-information/info-source/fichiers-renseignements-personnels-ordinaires.html#pou914', 'title': 'Fichiers de renseignements personnels ordinaires - Canada.ca', 'status': 'success', 'document_id': '9b2e1e52-3950-4e78-a7f9-674022d556a8'}, {'url': 'https://www.canada.ca/fr/contact/questions.html', 'title': 'Formulaire pour questions et commentaires - Canada.ca', 'status': 'success', 'document_id': '438c6dc3-a4aa-4325-83b6-bc54ab720133'}, {'url': 'https://www.canada.ca/fr/gouvernement/ouvrir-session-dossier-compte-en-ligne.html', 'title': 'Se connecter à un dossier ou un compte en ligne du gouvernement du Canada - Canada.ca', 'status': 'success', 'document_id': 'f59d7806-7401-4d11-b65e-d2c77bdda715'}, {'url': 'https://www.canada.ca/fr/secretariat-conseil-tresor/services/acces-information-protection-reseignements-personnels/acces-information/info-source/fichiers-renseignements-personnels-ordinaires.html#poe902', 'title': 'Fichiers de renseignements personnels ordinaires - Canada.ca', 'status': 'success', 'document_id': '9b2e1e52-3950-4e78-a7f9-674022d556a8'}, {'url': 'https://www.canada.ca/fr/secretariat-conseil-tresor/services/acces-information-protection-reseignements-personnels/acces-information/presenter-demande.html', 'title': 'Présenter une demande d’accès à l’information ou à vos renseignements personnels - Canada.ca', 'status': 'success', 'document_id': 'e40b92ce-4e47-4854-95a9-b6c6e025f086'}, {'url': 'https://www.canada.ca/fr/secretariat-conseil-tresor/services/acces-information-protection-renseignements-personnels/acces-information/presenter-demande/presenter-demande.html', 'title': 'Présenter une demande - Canada.ca', 'status': 'success', 'document_id': '843ccb48-c278-4b70-a325-d7cbfa3025bf'}, {'url': 'https://www.canada.ca/fr/secretariat-conseil-tresor/services/acces-information-protection-renseignements-personnels.html', 'title': 'Accès à l’information et protection des renseignements personnels - Canada.ca', 'status': 'success', 'document_id': '9a42e977-478f-4df8-afa9-14aab6f26312'}, {'url': 'https://www.canada.ca/fr/secretariat-conseil-tresor/services/acces-information-protection-renseignements-personnels/acces-information/presenter-demande/ce-dont-vous-aurez-besoin.html', 'title': 'Ce dont vous aurez besoin - Canada.ca', 'status': 'success', 'document_id': 'e40aa597-8c59-43b5-8cd2-b866c3c54f3d'}, {'url': 'https://www.canada.ca/fr/secretariat-conseil-tresor/services/acces-information-protection-renseignements-personnels/acces-information/presenter-demande/creer-compte-securise-aiprp-ligne.html', 'title': 'Créer un compte sécurisé pour l’AIPRP en ligne - Canada.ca', 'status': 'success', 'document_id': 'fb895d1a-e2d7-4f3b-933b-ace7046fea51'}, {'url': 'https://www.canada.ca/fr/secretariat-conseil-tresor/organisation/contacter.html', 'title': 'Contacter le Secrétariat du Conseil du Trésor du Canada - Canada.ca', 'status': 'success', 'document_id': '19abe6e3-e462-4688-a2a8-b7457a5c8285'}, {'url': 'https://www.canada.ca/fr/secretariat-conseil-tresor/services/acces-information-protection-renseignements-personnels/acces-information/presenter-demande/types-demande-aiprp.html', 'title': 'Types de demande d’AIPRP - Canada.ca', 'status': 'success', 'document_id': '48826971-35c2-4a12-a4d2-bde39afa94dc'}, {'url': 'https://www.canada.ca/fr/secretariat-conseil-tresor/services/acces-information-protection-renseignements-personnels/acces-information/presenter-demande/communiquer-avec-nous.html', 'title': 'Communiquer avec nous - Canada.ca', 'status': 'success', 'document_id': '8a3602d6-5707-4864-91f0-dfde0cc2ed14'}, {'url': 'https://www.canada.ca/fr/secretariat-conseil-tresor/organisation/formulaires.html', 'title': 'Formulaires du Secrétariat du Conseil du Trésor du Canada - Canada.ca', 'status': 'success', 'document_id': '90e27809-e3f6-4630-a555-27c5853e8651'}, {'url': 'https://www.canada.ca/fr/secretariat-conseil-tresor/services/acces-information-protection-renseignements-personnels/acces-information/presenter-demande/faire-suivi-demande-recevoir-reponse.html', 'title': 'Faire un suivi de la demande et recevoir la réponse - Canada.ca', 'status': 'success', 'document_id': 'b57ac183-b5d8-4cbf-99fb-e97777bffd56'}, {'url': 'https://www.canada.ca/fr/secretariat-conseil-tresor.html', 'title': 'Secrétariat du Conseil du Trésor du Canada - Canada.ca', 'status': 'success', 'document_id': '01967619-1bc9-47e7-b956-b1a178aecbd8'}], 'skipped_images': 9, 'total_time': 9.821587800979614}
2026-03-30 13:46:58,617 - app.routers.ai - INFO - 网站爬取完成: https://www.canada.ca, 任务ID: crawl_c8583daa60ee, 结果: {'total_pages': 100, 'successful_pages': 100, 'failed_pages': 0, 'total_images': 21, 'downloaded_images': 6, 'failed_images': 0, 'start_time': 1774892808.7894945, 'urls': [{'url': 'https://www.canada.ca', 'title': 'Canada.ca', 'status': 'success', 'document_id': '225cc866-1fc1-4c32-87b7-a22baee88481'}, {'url': 'https://www.canada.ca/fr/transparence/avis.html', 'title': 'Avis - Canada.ca', 'status': 'success', 'document_id': '35a9dc7a-889a-4779-98f0-5c1a80131815'}, {'url': 'https://www.canada.ca/fr/services/impots.html', 'title': 'Impôts - Canada.ca', 'status': 'success', 'document_id': '2dc6f260-7fe3-4c1c-a80b-bc9905a06e8e'}, {'url': 'https://www.canada.ca/fr/agence-revenu/organisation/coordonnees.html', 'title': 'Contactez l’Agence du revenu du Canada (ARC) - Canada.ca', 'status': 'success', 'document_id': '0d9590ca-5b8e-49a0-afa0-f92ede8c9ced'}, {'url': 'https://www.canada.ca/fr/agence-revenu/organisation/arnaques-fraudes.html', 'title': 'Arnaques et fraudes - ARC - Canada.ca', 'status': 'success', 'document_id': 'ddc5cac9-5c11-462d-8054-f910375d3c57'}, {'url': 'https://www.canada.ca/fr/agence-revenu/services/soutien-situations-difficiles.html', 'title': 'Soutien de l’ARC dans les situations difficiles - Canada.ca', 'status': 'success', 'document_id': 'a0e33fc9-44fc-49c2-b6c2-2c3101ccb69c'}, {'url': 'https://www.canada.ca/fr/agence-revenu/services/paiements.html', 'title': 'Paiements – ARC - Canada.ca', 'status': 'success', 'document_id': '59f39381-72b0-4117-a8c5-05bb756c358d'}, {'url': 'https://www.canada.ca/fr/agence-revenu/services/faire-plainte-liee-service.html', 'title': "Fournir une rétroaction sur le service de l'ARC - Canada.ca", 'status': 'success', 'document_id': 'f948eda6-c06d-4b69-b3f0-b587d1574a42'}, {'url': 'https://www.canada.ca/fr/contact.html', 'title': 'Contacter le gouvernement du Canada - Canada.ca', 'status': 'success', 'document_id': '686f02eb-73e1-45e8-ad2e-4711ba27b9f2'}, {'url': 'https://www.canada.ca/fr/services/immigration-citoyennete.html', 'title': 'Immigration et citoyenneté - Canada.ca', 'status': 'success', 'document_id': '26dcc7a5-27e8-488b-be4f-fe81520535e3'}, {'url': 'https://www.canada.ca/fr/agence-revenu/services/impot/decisions-concernant-regime-pensions-canada-rpc-assurance-emploi-ae/employe-travailleur-independant.html', 'title': "Statut d'emploi : employé ou travailleur indépendant - Canada.ca", 'status': 'success', 'document_id': '7a1a8bca-9fc5-4371-93b7-83e8d6d40248'}, {'url': 'https://www.canada.ca/fr/services/culture.html', 'title': 'Culture, histoire et sport - Canada.ca', 'status': 'success', 'document_id': '03d2f67c-0e18-468b-b17c-2e673c638c75'}, {'url': 'https://www.canada.ca/fr.html', 'title': 'Accueil - Canada.ca', 'status': 'success', 'document_id': '3789ee8a-db1d-4bbf-b2e4-c8c042a0b7e5'}, {'url': 'https://www.canada.ca/fr/services/impots/prestations-pour-enfants-et-familles.html', 'title': 'Crédits d’impôt et prestations pour les particuliers - Canada.ca', 'status': 'success', 'document_id': 'f4d030b9-e0fe-4cf3-8e46-c766daf3bf3a'}, {'url': 'https://www.canada.ca/fr/gouvernement/a-propos-canada-ca.html', 'title': 'À propos de Canada.ca - Canada.ca', 'status': 'success', 'document_id': '46119e3e-c813-4e6e-8b4b-313cd8e56340'}, {'url': 'https://www.canada.ca/fr/services/autochtones.html', 'title': 'Autochtones - Canada.ca', 'status': 'success', 'document_id': '78672501-a5ea-4070-8ae4-1ca68bc8fbcd'}, {'url': 'https://www.canada.ca/fr/services/finance.html', 'title': 'Argent et finances - Canada.ca', 'status': 'success', 'document_id': '6c6ac372-8277-4974-b074-72a71c2732de'}, {'url': 'https://www.canada.ca/fr/agence-revenu/organisation/a-propos-agence-revenu-canada-arc.html', 'title': "À propos de l'Agence du revenu du Canada - Canada.ca", 'status': 'success', 'document_id': '67538443-b1af-4cbb-91a4-5a1e40b3413d'}, {'url': 'https://www.canada.ca/fr/services/impots/impot-sur-le-revenu.html', 'title': 'Impôt sur le revenu - Canada.ca', 'status': 'success', 'document_id': '519f50be-2896-477f-9233-d6c7ecbbf8bc'}, {'url': 'https://www.canada.ca/fr/agence-revenu/services/impot/particuliers/programme-communautaire-benevoles-matiere-impot.html', 'title': "Comptoirs d'impôts gratuits - Canada.ca", 'status': 'success', 'document_id': '72d93025-1bc1-4dc8-89df-26982a89fe25'}, {'url': 'https://www.canada.ca/fr/services/prestations/calendrier.html', 'title': 'Dates de paiement des prestations - Canada.ca', 'status': 'success', 'document_id': '91b6d917-58d4-4c9d-a4a1-c45cd7a87739'}, {'url': 'https://www.canada.ca/fr/gouvernement/min.html', 'title': 'Ministères et organismes - Canada.ca', 'status': 'success', 'document_id': '4514b31a-a62e-4d60-a4de-8e69f34b2af5'}, {'url': 'https://www.canada.ca/fr/mobile.html', 'title': 'Centre mobile - Canada.ca', 'status': 'success', 'document_id': '2cb71bd8-e4cf-48c9-a98f-ae0ffc152b3e'}, {'url': 'https://www.canada.ca/fr/agence-revenu/services/impot/entreprises/sujets/tps-tvh-entreprises/produire-declaration-tps-tvh/comment-produire-declaration.html#h_3', 'title': 'Comment produire une déclaration - Produire votre déclaration de TPS/TVH - Canada.ca', 'status': 'success', 'document_id': 'eb7f4fa9-8b3f-4e90-b67d-a89c3e3c9f76'}, {'url': 'https://www.canada.ca/fr/services/environnement.html', 'title': 'Environnement et ressources naturelles - Canada.ca', 'status': 'success', 'document_id': 'b8dbda34-32d0-4691-b626-e96f5cf00838'}, {'url': 'https://www.canada.ca/fr/services/defense.html', 'title': 'Sécurité nationale et défense - Canada.ca', 'status': 'success', 'document_id': 'e39cea5e-0183-4aba-979c-56513974380e'}, {'url': 'https://www.canada.ca/fr/agence-revenu/services/impot/entreprises/sujets/tps-tvh-entreprises.html', 'title': 'TPS/TVH pour les entreprises - Canada.ca', 'status': 'success', 'document_id': '7af5eaf2-dc9c-4909-9c57-694860275477'}, {'url': 'https://www.canada.ca/fr/services/impots/regimes-depargne-et-de-pension.html', 'title': 'Régimes d’épargne et de pension - Canada.ca', 'status': 'success', 'document_id': '15d58781-b900-4102-825f-9667cc37a679'}, {'url': 'https://www.canada.ca/fr/services/jeunesse.html', 'title': 'Les jeunes au Canada - Canada.ca', 'status': 'success', 'document_id': '62870d7c-e7db-4f89-b036-c647037c8466'}, {'url': 'https://www.canada.ca/fr/sociaux.html', 'title': 'Médias sociaux - Canada.ca', 'status': 'success', 'document_id': 'cdaa43ff-5d96-4c27-8ede-a52085ef9558'}, {'url': 'https://www.canada.ca/fr/services/transport.html', 'title': 'Transport et infrastructure - Canada.ca', 'status': 'success', 'document_id': '5f5e417c-bd4a-48ed-8524-4ca7db58d394'}, {'url': 'https://www.canada.ca/fr/agence-revenu/services/impot/entreprises/sujets/retenues-paie.html', 'title': 'Retenues sur la paie - Canada.ca', 'status': 'success', 'document_id': 'f792a51e-a742-4f31-97ba-043b3ee37090'}, {'url': 'https://www.canada.ca/fr/agence-revenu/campagnes/chaque-dollar-compte.html', 'title': 'Chaque dollar compte – Prestations, crédits et programmes - Canada.ca', 'status': 'success', 'document_id': 'c24acb01-d61f-4c1a-adcd-350b681f53c3'}, {'url': 'https://www.canada.ca/fr/agence-revenu/services/mettre-a-jour-renseignements-arc.html', 'title': 'Mettre à jour vos renseignements auprès de l’ARC - Canada.ca', 'status': 'success', 'document_id': '707a5eb2-6287-4b8c-a076-630771365dcb'}, {'url': 'https://www.canada.ca/fr/services/science.html', 'title': 'Science et innovation - Canada.ca', 'status': 'success', 'document_id': '3ad89c3d-d1fd-41b5-8f44-5994240e8742'}, {'url': 'https://www.canada.ca/fr/agence-revenu/organisation/avis-confidentialite.html', 'title': 'Déclaration sur la protection des renseignements personnels - Canada.ca', 'status': 'success', 'document_id': '16771204-e8ca-4ba0-a0f1-f0f99abde10e'}, {'url': 'https://www.canada.ca/fr/services/emplois.html', 'title': 'Emplois et milieu de travail - Canada.ca', 'status': 'success', 'document_id': '231c93ad-464a-4989-9956-6a4e4b7c117a'}, {'url': 'https://www.canada.ca/fr/services/impots/inscription-entreprise.html', 'title': 'Inscription des entreprises auprès de l’ARC - Canada.ca', 'status': 'success', 'document_id': '9bd23c2f-44c9-43f3-b3ef-c15a61896ad8'}, {'url': 'https://www.canada.ca/fr/services/impots/taxes-daccise-droits-et-prelevements.html', 'title': 'Taxes d’accise et taxes spéciales - Canada.ca', 'status': 'success', 'document_id': 'e9d70aaa-68bf-4978-aef9-12d23f8fe204'}, {'url': 'https://www.canada.ca/fr/agence-revenu/programmes/a-propos-agence-revenu-canada-arc/observation.html', 'title': 'Observation et exécution à l’ARC - Canada.ca', 'status': 'success', 'document_id': '2c77c192-d6c9-4cd9-bc9d-0d63071bef20'}, {'url': 'https://www.canada.ca/fr/services/impots/bienfaisance.html', 'title': 'Organismes de bienfaisance et dons - Canada.ca', 'status': 'success', 'document_id': '719584be-375f-4590-9918-fe62319adb76'}, {'url': 'https://www.canada.ca/fr/services/veterans-militaire.html', 'title': 'Vétérans et militaire - Canada.ca', 'status': 'success', 'document_id': 'f37d9290-22e7-45e8-a5a5-1ec2192e67a8'}, {'url': 'https://www.canada.ca/fr/services/prestations.html', 'title': 'Prestations - Canada.ca', 'status': 'success', 'document_id': '0d9be2e8-f355-4fcf-9e0c-ca5a10506e21'}, {'url': 'https://www.canada.ca/fr/services/police.html', 'title': 'Services de police, justice et urgences - Canada.ca', 'status': 'success', 'document_id': 'c379c448-147f-4cd7-8368-b1b6b4d6faa3'}, {'url': 'https://www.canada.ca/fr/agence-revenu/services/services-electroniques/services-ouverture-session-arc.html', 'title': "Se connecter à son compte de l'ARC - Canada.ca", 'status': 'success', 'document_id': 'c26bed61-7818-43c1-9937-2ff0eb5b2817'}, {'url': 'https://www.canada.ca/fr/gouvernement/systeme.html', 'title': 'À propos du gouvernement - Canada.ca', 'status': 'success', 'document_id': 'fcac4a48-a5dd-4b9c-8cdd-8e041e75a31e'}, {'url': 'https://www.canada.ca/fr/services/entreprises.html', 'title': 'Entreprises et industrie - Canada.ca', 'status': 'success', 'document_id': '18b78cff-aeb9-4b5f-ab8e-29948d22e00e'}, {'url': 'https://www.canada.ca/en/services/taxes.html', 'title': 'Taxes - Canada.ca', 'status': 'success', 'document_id': '3b0eff2f-3f79-4abc-b4bb-c8f2f8b05ac9'}, {'url': 'https://www.canada.ca/fr/agence-revenu/services/formulaires-publications.html', 'title': 'Formulaires et publications - ARC - Canada.ca', 'status': 'success', 'document_id': '74b77419-03ee-47d4-8d12-83c4422b5ce7'}, {'url': 'https://www.canada.ca/fr/services/evenements-vie.html', 'title': 'Gérer les événements de la vie - Canada.ca', 'status': 'success', 'document_id': 'f191c4a0-c3bf-4765-9b74-b519cd79fa15'}, {'url': 'https://www.canada.ca/fr/agence-revenu.html', 'title': 'Agence du revenu du Canada (ARC) - Canada.ca', 'status': 'success', 'document_id': 'f4c2b360-8502-411a-b85b-9a840eb49beb'}, {'url': 'https://www.canada.ca/fr/services/sante.html', 'title': 'Santé - Canada.ca', 'status': 'success', 'document_id': '0a6eacbc-a648-49d0-8dd5-249c13184807'}, {'url': 'https://www.canada.ca/fr/agence-revenu/services/paiements/paiements-arc.html', 'title': "Paiements faits à l'ARC - Canada.ca", 'status': 'success', 'document_id': 'cbeec35f-556d-4e2a-8bd0-367674f69018'}, {'url': 'https://www.canada.ca/en/transparency/terms.html', 'title': 'Terms and conditions - Canada.ca', 'status': 'success', 'document_id': 'd1e524ba-7ae6-447e-8c0c-ed4ec8f2b984'}, {'url': 'https://www.canada.ca/en/treasury-board-secretariat/services/access-information-privacy/access-information/info-source/standard-personal-information-banks.html#psu914', 'title': 'Standard personal information banks - Canada.ca', 'status': 'success', 'document_id': 'cb63f18e-0f2c-4f4b-b95e-814e334b53c7'}, {'url': 'https://www.canada.ca/en/services/benefits.html', 'title': 'Benefits - Canada.ca', 'status': 'success', 'document_id': '9fea14e9-dadd-426a-b9a7-f887e01f3f6c'}, {'url': 'https://www.canada.ca/en/services/environment.html', 'title': 'Environment and natural resources - Canada.ca', 'status': 'success', 'document_id': '80a359cb-06be-4b91-8779-c69796709491'}, {'url': 'https://www.canada.ca/en/services/life-events.html', 'title': 'Manage life events - Canada.ca', 'status': 'success', 'document_id': '9c980623-777f-47f8-87c9-a30d1e337a31'}, {'url': 'https://www.canada.ca/en/services/defence.html', 'title': 'National security and defence - Canada.ca', 'status': 'success', 'document_id': '76e91c8b-45fe-4dea-88bd-d8541c2829d9'}, {'url': 'https://www.canada.ca/en/social.html', 'title': 'Social media - Canada.ca', 'status': 'success', 'document_id': '3fb211f0-dc47-4715-981b-ddbec8d77f48'}, {'url': 'https://www.canada.ca/en/government/about-canada-ca.html', 'title': 'About Canada.ca - Canada.ca', 'status': 'success', 'document_id': 'f8b5a023-1da8-41bd-9669-e8fead93e797'}, {'url': 'https://www.canada.ca/en/contact.html', 'title': 'Contact the Government of Canada - Canada.ca', 'status': 'success', 'document_id': 'c5d11b2c-af17-427b-9803-fce901ef8dc5'}, {'url': 'https://www.canada.ca/en/treasury-board-secretariat/services/access-information-privacy/access-information/info-source/standard-personal-information-banks.html#psu938', 'title': 'Standard personal information banks - Canada.ca', 'status': 'success', 'document_id': 'cb63f18e-0f2c-4f4b-b95e-814e334b53c7'}, {'url': 'https://www.canada.ca/en/treasury-board-secretariat/services/access-information-privacy/access-information/request-information.html', 'title': 'Make an access to information or personal information request - Canada.ca', 'status': 'success', 'document_id': '80ffd2d3-c17d-4bb9-9c63-52deb7fb6dc9'}, {'url': 'https://www.canada.ca/en/services/health.html', 'title': 'Health - Canada.ca', 'status': 'success', 'document_id': '102907a2-7c67-4066-b99e-75d494970aef'}, {'url': 'https://www.canada.ca/en.html', 'title': 'Home - Canada.ca', 'status': 'success', 'document_id': '02bd0508-0512-47d5-b8a6-79254b1208fc'}, {'url': 'https://www.canada.ca/en/transparency/privacy.html', 'title': 'Privacy - Canada.ca', 'status': 'success', 'document_id': 'c632f714-b883-478c-bf66-78b527b1babc'}, {'url': 'https://www.canada.ca/en/government/system/government-communications/federal-identity-requirements/legal-protection-official-symbols-government-canada.html', 'title': 'Legal protection of the official symbols of the Government of Canada - Canada.ca', 'status': 'success', 'document_id': '96304d4b-a9f6-45cf-b874-34d0957a2274'}, {'url': 'https://www.canada.ca/en/services/jobs.html', 'title': 'Jobs and the workplace - Canada.ca', 'status': 'success', 'document_id': '2391bc00-f8b0-4c5b-a3a4-6e0fcb377336'}, {'url': 'https://www.canada.ca/en/government/dept.html', 'title': 'Departments and agencies - Canada.ca', 'status': 'success', 'document_id': 'ad950387-3330-4494-9bed-7eec25681b68'}, {'url': 'https://www.canada.ca/en/government/system.html', 'title': 'About government - Canada.ca', 'status': 'success', 'document_id': '39aded87-c544-4aae-900a-a22c8acf4d85'}, {'url': 'https://www.canada.ca/en/services/science.html', 'title': 'Science and innovation - Canada.ca', 'status': 'success', 'document_id': 'b93b4613-755f-4506-a324-ed65e00b0d21'}, {'url': 'https://www.canada.ca/en/mobile.html', 'title': 'Mobile centre - Canada.ca', 'status': 'success', 'document_id': 'a7c66569-1eff-47f5-b74d-636fa7bfe308'}, {'url': 'https://www.canada.ca/en/services/immigration-citizenship.html', 'title': 'Immigration and citizenship - Canada.ca', 'status': 'success', 'document_id': '73f46c64-7de1-42ce-b4cc-fdd1748010e5'}, {'url': 'https://www.canada.ca/en/services/youth.html', 'title': 'Youth in Canada - Canada.ca', 'status': 'success', 'document_id': '8d899fd4-d19d-4304-ac34-b03e74d39c4d'}, {'url': 'https://www.canada.ca/en/services/finance.html', 'title': 'Money and finances - Canada.ca', 'status': 'success', 'document_id': '0021e6af-e8ff-4533-84c4-b5af67cdd8f0'}, {'url': 'https://www.canada.ca/en/services/business.html', 'title': 'Business and industry - Canada.ca', 'status': 'success', 'document_id': '6ca61f78-2703-4fd9-884c-79deafed971a'}, {'url': 'https://www.canada.ca/en/services/policing.html', 'title': 'Policing, justice and emergencies - Canada.ca', 'status': 'success', 'document_id': '17e9ec14-1f7b-4b2b-a12d-3b4e4a7ddb06'}, {'url': 'https://www.canada.ca/en/services/culture.html', 'title': 'Culture, history and sport - Canada.ca', 'status': 'success', 'document_id': '44d48eb4-1eea-44ee-b0fd-96c7c0de5f9b'}, {'url': 'https://www.canada.ca/en/government/sign-in-online-account.html', 'title': 'Sign in to a Government of Canada online account - Canada.ca', 'status': 'success', 'document_id': 'b7f344e1-2260-4aa7-b5a6-2867e80373c0'}, {'url': 'https://www.canada.ca/en/services/transport.html', 'title': 'Transport and infrastructure - Canada.ca', 'status': 'success', 'document_id': '2bcf6aab-8ce5-42a3-b428-3a0960bfd2df'}, {'url': 'https://www.canada.ca/en/services/indigenous-peoples.html', 'title': 'Indigenous peoples - Canada.ca', 'status': 'success', 'document_id': '2da64b81-f551-45bf-b1e2-af4a4c0f07cc'}, {'url': 'https://www.canada.ca/en/services/veterans-military.html', 'title': 'Veterans and military - Canada.ca', 'status': 'success', 'document_id': '1313faca-1905-4097-a6d1-e48b423e88ec'}, {'url': 'https://www.canada.ca/fr/transparence/confidentialite.html', 'title': 'Confidentialité - Canada.ca', 'status': 'success', 'document_id': '2316b80f-ff55-4109-bbf3-1ab005917a20'}, {'url': 'https://www.canada.ca/fr/secretariat-conseil-tresor/services/acces-information-protection-reseignements-personnels/acces-information/info-source/fichiers-renseignements-personnels-ordinaires.html#pou939', 'title': 'Fichiers de renseignements personnels ordinaires - Canada.ca', 'status': 'success', 'document_id': '9b2e1e52-3950-4e78-a7f9-674022d556a8'}, {'url': 'https://www.canada.ca/fr/secretariat-conseil-tresor/services/acces-information-protection-reseignements-personnels/acces-information/info-source/fichiers-renseignements-personnels-ordinaires.html#pou914', 'title': 'Fichiers de renseignements personnels ordinaires - Canada.ca', 'status': 'success', 'document_id': '9b2e1e52-3950-4e78-a7f9-674022d556a8'}, {'url': 'https://www.canada.ca/fr/contact/questions.html', 'title': 'Formulaire pour questions et commentaires - Canada.ca', 'status': 'success', 'document_id': '438c6dc3-a4aa-4325-83b6-bc54ab720133'}, {'url': 'https://www.canada.ca/fr/gouvernement/ouvrir-session-dossier-compte-en-ligne.html', 'title': 'Se connecter à un dossier ou un compte en ligne du gouvernement du Canada - Canada.ca', 'status': 'success', 'document_id': 'f59d7806-7401-4d11-b65e-d2c77bdda715'}, {'url': 'https://www.canada.ca/fr/secretariat-conseil-tresor/services/acces-information-protection-reseignements-personnels/acces-information/info-source/fichiers-renseignements-personnels-ordinaires.html#poe902', 'title': 'Fichiers de renseignements personnels ordinaires - Canada.ca', 'status': 'success', 'document_id': '9b2e1e52-3950-4e78-a7f9-674022d556a8'}, {'url': 'https://www.canada.ca/fr/secretariat-conseil-tresor/services/acces-information-protection-reseignements-personnels/acces-information/presenter-demande.html', 'title': 'Présenter une demande d’accès à l’information ou à vos renseignements personnels - Canada.ca', 'status': 'success', 'document_id': 'e40b92ce-4e47-4854-95a9-b6c6e025f086'}, {'url': 'https://www.canada.ca/fr/secretariat-conseil-tresor/services/acces-information-protection-renseignements-personnels/acces-information/presenter-demande/presenter-demande.html', 'title': 'Présenter une demande - Canada.ca', 'status': 'success', 'document_id': '843ccb48-c278-4b70-a325-d7cbfa3025bf'}, {'url': 'https://www.canada.ca/fr/secretariat-conseil-tresor/services/acces-information-protection-renseignements-personnels.html', 'title': 'Accès à l’information et protection des renseignements personnels - Canada.ca', 'status': 'success', 'document_id': '9a42e977-478f-4df8-afa9-14aab6f26312'}, {'url': 'https://www.canada.ca/fr/secretariat-conseil-tresor/services/acces-information-protection-renseignements-personnels/acces-information/presenter-demande/ce-dont-vous-aurez-besoin.html', 'title': 'Ce dont vous aurez besoin - Canada.ca', 'status': 'success', 'document_id': 'e40aa597-8c59-43b5-8cd2-b866c3c54f3d'}, {'url': 'https://www.canada.ca/fr/secretariat-conseil-tresor/services/acces-information-protection-renseignements-personnels/acces-information/presenter-demande/creer-compte-securise-aiprp-ligne.html', 'title': 'Créer un compte sécurisé pour l’AIPRP en ligne - Canada.ca', 'status': 'success', 'document_id': 'fb895d1a-e2d7-4f3b-933b-ace7046fea51'}, {'url': 'https://www.canada.ca/fr/secretariat-conseil-tresor/organisation/contacter.html', 'title': 'Contacter le Secrétariat du Conseil du Trésor du Canada - Canada.ca', 'status': 'success', 'document_id': '19abe6e3-e462-4688-a2a8-b7457a5c8285'}, {'url': 'https://www.canada.ca/fr/secretariat-conseil-tresor/services/acces-information-protection-renseignements-personnels/acces-information/presenter-demande/types-demande-aiprp.html', 'title': 'Types de demande d’AIPRP - Canada.ca', 'status': 'success', 'document_id': '48826971-35c2-4a12-a4d2-bde39afa94dc'}, {'url': 'https://www.canada.ca/fr/secretariat-conseil-tresor/services/acces-information-protection-renseignements-personnels/acces-information/presenter-demande/communiquer-avec-nous.html', 'title': 'Communiquer avec nous - Canada.ca', 'status': 'success', 'document_id': '8a3602d6-5707-4864-91f0-dfde0cc2ed14'}, {'url': 'https://www.canada.ca/fr/secretariat-conseil-tresor/organisation/formulaires.html', 'title': 'Formulaires du Secrétariat du Conseil du Trésor du Canada - Canada.ca', 'status': 'success', 'document_id': '90e27809-e3f6-4630-a555-27c5853e8651'}, {'url': 'https://www.canada.ca/fr/secretariat-conseil-tresor/services/acces-information-protection-renseignements-personnels/acces-information/presenter-demande/faire-suivi-demande-recevoir-reponse.html', 'title': 'Faire un suivi de la demande et recevoir la réponse - Canada.ca', 'status': 'success', 'document_id': 'b57ac183-b5d8-4cbf-99fb-e97777bffd56'}, {'url': 'https://www.canada.ca/fr/secretariat-conseil-tresor.html', 'title': 'Secrétariat du Conseil du Trésor du Canada - Canada.ca', 'status': 'success', 'document_id': '01967619-1bc9-47e7-b956-b1a178aecbd8'}], 'skipped_images': 9, 'total_time': 9.821587800979614}
INFO:     127.0.0.1:60842 - "GET /api/v1/apps/boarding HTTP/1.1" 200 OK
INFO:     127.0.0.1:60846 - "GET /api/v1/apps/boarding HTTP/1.1" 200 OK
INFO:     127.0.0.1:60852 - "GET /api/v1/folders/?app_id=3093c5b6-f1a4-435f-b1c3-8d7387ba2c60 HTTP/1.1" 200 OK
INFO:     127.0.0.1:60866 - "GET /api/v1/folders/?app_id=3093c5b6-f1a4-435f-b1c3-8d7387ba2c60 HTTP/1.1" 200 OK
INFO:     127.0.0.1:60872 - "GET /api/v1/folders/f6293130-4f34-42d2-8a95-952086a95927 HTTP/1.1" 200 OK
INFO:     127.0.0.1:60878 - "GET /api/v1/folders/?app_id=3093c5b6-f1a4-435f-b1c3-8d7387ba2c60&parent_folder_id=f6293130-4f34-42d2-8a95-952086a95927 HTTP/1.1" 200 OK
INFO:     127.0.0.1:60884 - "GET /api/v1/folders/9d016392-35ae-4e71-adb2-0c21454b1d00 HTTP/1.1" 200 OK
INFO:     127.0.0.1:60892 - "GET /api/v1/folders/?app_id=3093c5b6-f1a4-435f-b1c3-8d7387ba2c60&parent_folder_id=9d016392-35ae-4e71-adb2-0c21454b1d00 HTTP/1.1" 200 OK
INFO:     127.0.0.1:60896 - "GET /api/v1/folders/567978c7-0560-4d4c-92b5-a8148f907b76 HTTP/1.1" 200 OK
INFO:     127.0.0.1:60910 - "GET /api/v1/folders/?app_id=3093c5b6-f1a4-435f-b1c3-8d7387ba2c60&parent_folder_id=567978c7-0560-4d4c-92b5-a8148f907b76 HTTP/1.1" 200 OK
INFO:     127.0.0.1:60924 - "GET /api/v1/folders/4f62b430-5a9b-4dd7-95d6-3aae4172602d HTTP/1.1" 200 OK
INFO:     127.0.0.1:60936 - "GET /api/v1/folders/?app_id=3093c5b6-f1a4-435f-b1c3-8d7387ba2c60&parent_folder_id=4f62b430-5a9b-4dd7-95d6-3aae4172602d HTTP/1.1" 200 OK
INFO:     127.0.0.1:33406 - "GET /api/v1/folders/e5233295-990b-4084-be59-4387aff63049 HTTP/1.1" 200 OK
INFO:     127.0.0.1:33408 - "GET /api/v1/folders/?app_id=3093c5b6-f1a4-435f-b1c3-8d7387ba2c60&parent_folder_id=e5233295-990b-4084-be59-4387aff63049 HTTP/1.1" 200 OK
INFO:     127.0.0.1:33410 - "GET /api/v1/folders/2fe5392b-c7fb-4e87-9b77-e967ff48ff21 HTTP/1.1" 200 OK
INFO:     127.0.0.1:33426 - "GET /api/v1/folders/?app_id=3093c5b6-f1a4-435f-b1c3-8d7387ba2c60&parent_folder_id=2fe5392b-c7fb-4e87-9b77-e967ff48ff21 HTTP/1.1" 200 OK
INFO:     127.0.0.1:33430 - "GET /api/v1/folders/567978c7-0560-4d4c-92b5-a8148f907b76 HTTP/1.1" 200 OK
INFO:     127.0.0.1:33434 - "GET /api/v1/folders/?app_id=3093c5b6-f1a4-435f-b1c3-8d7387ba2c60&parent_folder_id=567978c7-0560-4d4c-92b5-a8148f907b76 HTTP/1.1" 200 OK
INFO:     127.0.0.1:33450 - "GET /api/v1/folders/4f62b430-5a9b-4dd7-95d6-3aae4172602d HTTP/1.1" 200 OK
INFO:     127.0.0.1:33460 - "GET /api/v1/folders/?app_id=3093c5b6-f1a4-435f-b1c3-8d7387ba2c60&parent_folder_id=4f62b430-5a9b-4dd7-95d6-3aae4172602d HTTP/1.1" 200 OK
INFO:     127.0.0.1:33476 - "GET /api/v1/folders/e5233295-990b-4084-be59-4387aff63049 HTTP/1.1" 200 OK
INFO:     127.0.0.1:33486 - "GET /api/v1/folders/?app_id=3093c5b6-f1a4-435f-b1c3-8d7387ba2c60&parent_folder_id=e5233295-990b-4084-be59-4387aff63049 HTTP/1.1" 200 OK
INFO:     127.0.0.1:33498 - "GET /api/v1/folders/2fe5392b-c7fb-4e87-9b77-e967ff48ff21 HTTP/1.1" 200 OK
INFO:     127.0.0.1:33502 - "GET /api/v1/folders/?app_id=3093c5b6-f1a4-435f-b1c3-8d7387ba2c60&parent_folder_id=2fe5392b-c7fb-4e87-9b77-e967ff48ff21 HTTP/1.1" 200 OK
INFO:     127.0.0.1:33504 - "GET /api/v1/apps/ HTTP/1.1" 200 OK
INFO:     127.0.0.1:45948 - "GET /api/v1/apps/ HTTP/1.1" 200 OK
INFO:     127.0.0.1:45932 - "GET /api/v1/folders/?app_id=3093c5b6-f1a4-435f-b1c3-8d7387ba2c60 HTTP/1.1" 200 OK
INFO:     127.0.0.1:45952 - "GET /api/v1/folders/?app_id=3093c5b6-f1a4-435f-b1c3-8d7387ba2c60 HTTP/1.1" 200 OK
INFO:     127.0.0.1:45966 - "GET /api/v1/documents/?folder_id=2fe5392b-c7fb-4e87-9b77-e967ff48ff21 HTTP/1.1" 200 OK
INFO:     127.0.0.1:45976 - "GET /api/v1/documents/?folder_id=2fe5392b-c7fb-4e87-9b77-e967ff48ff21 HTTP/1.1" 200 OK
INFO:     127.0.0.1:45992 - "GET /api/v1/apps/boarding HTTP/1.1" 200 OK
INFO:     127.0.0.1:45996 - "GET /api/v1/apps/boarding HTTP/1.1" 200 OK
INFO:     127.0.0.1:46008 - "GET /api/v1/folders/?app_id=3093c5b6-f1a4-435f-b1c3-8d7387ba2c60 HTTP/1.1" 200 OK
INFO:     127.0.0.1:46012 - "GET /api/v1/folders/?app_id=3093c5b6-f1a4-435f-b1c3-8d7387ba2c60 HTTP/1.1" 200 OK
INFO:     127.0.0.1:38582 - "GET /api/v1/folders/f6293130-4f34-42d2-8a95-952086a95927 HTTP/1.1" 200 OK
INFO:     127.0.0.1:38598 - "GET /api/v1/folders/?app_id=3093c5b6-f1a4-435f-b1c3-8d7387ba2c60&parent_folder_id=f6293130-4f34-42d2-8a95-952086a95927 HTTP/1.1" 200 OK
INFO:     127.0.0.1:60978 - "GET / HTTP/1.1" 200 OK
INFO:     127.0.0.1:56778 - "GET / HTTP/1.1" 200 OK
INFO:     127.0.0.1:55512 - "GET / HTTP/1.1" 200 OK
INFO:     127.0.0.1:53666 - "GET / HTTP/1.1" 200 OK
INFO:     127.0.0.1:43554 - "GET / HTTP/1.1" 200 OK
INFO:     127.0.0.1:57728 - "GET / HTTP/1.1" 200 OK
INFO:     127.0.0.1:57734 - "GET /api/health HTTP/1.1" 200 OK
INFO:     127.0.0.1:52886 - "GET /api/docs HTTP/1.1" 200 OK
/home/hongb/.openclaw/workspace/filebot/backend/venv/lib/python3.12/site-packages/pydantic/_internal/_config.py:383: UserWarning: Valid config keys have changed in V2:
* 'schema_extra' has been renamed to 'json_schema_extra'
  warnings.warn(message, UserWarning)
/home/hongb/.openclaw/workspace/filebot/backend/venv/lib/python3.12/site-packages/pydantic/_internal/_config.py:383: UserWarning: Valid config keys have changed in V2:
* 'schema_extra' has been renamed to 'json_schema_extra'
  warnings.warn(message, UserWarning)
/home/hongb/.openclaw/workspace/filebot/backend/venv/lib/python3.12/site-packages/pydantic/_internal/_config.py:383: UserWarning: Valid config keys have changed in V2:
* 'schema_extra' has been renamed to 'json_schema_extra'
  warnings.warn(message, UserWarning)
/home/hongb/.openclaw/workspace/filebot/backend/venv/lib/python3.12/site-packages/pydantic/_internal/_config.py:383: UserWarning: Valid config keys have changed in V2:
* 'schema_extra' has been renamed to 'json_schema_extra'
  warnings.warn(message, UserWarning)
/home/hongb/.openclaw/workspace/filebot/backend/venv/lib/python3.12/site-packages/pydantic/_internal/_config.py:383: UserWarning: Valid config keys have changed in V2:
* 'schema_extra' has been renamed to 'json_schema_extra'
  warnings.warn(message, UserWarning)
/home/hongb/.openclaw/workspace/filebot/backend/venv/lib/python3.12/site-packages/pydantic/_internal/_config.py:383: UserWarning: Valid config keys have changed in V2:
* 'schema_extra' has been renamed to 'json_schema_extra'
  warnings.warn(message, UserWarning)
/home/hongb/.openclaw/workspace/filebot/backend/venv/lib/python3.12/site-packages/pydantic/_internal/_config.py:383: UserWarning: Valid config keys have changed in V2:
* 'schema_extra' has been renamed to 'json_schema_extra'
  warnings.warn(message, UserWarning)
/home/hongb/.openclaw/workspace/filebot/backend/venv/lib/python3.12/site-packages/pydantic/_internal/_config.py:383: UserWarning: Valid config keys have changed in V2:
* 'schema_extra' has been renamed to 'json_schema_extra'
  warnings.warn(message, UserWarning)
/home/hongb/.openclaw/workspace/filebot/backend/venv/lib/python3.12/site-packages/pydantic/_internal/_config.py:383: UserWarning: Valid config keys have changed in V2:
* 'schema_extra' has been renamed to 'json_schema_extra'
  warnings.warn(message, UserWarning)
/home/hongb/.openclaw/workspace/filebot/backend/venv/lib/python3.12/site-packages/pydantic/_internal/_config.py:383: UserWarning: Valid config keys have changed in V2:
* 'schema_extra' has been renamed to 'json_schema_extra'
  warnings.warn(message, UserWarning)
/home/hongb/.openclaw/workspace/filebot/backend/venv/lib/python3.12/site-packages/pydantic/_internal/_config.py:383: UserWarning: Valid config keys have changed in V2:
* 'schema_extra' has been renamed to 'json_schema_extra'
  warnings.warn(message, UserWarning)
/home/hongb/.openclaw/workspace/filebot/backend/venv/lib/python3.12/site-packages/pydantic/_internal/_config.py:383: UserWarning: Valid config keys have changed in V2:
* 'schema_extra' has been renamed to 'json_schema_extra'
  warnings.warn(message, UserWarning)
/home/hongb/.openclaw/workspace/filebot/backend/venv/lib/python3.12/site-packages/pydantic/_internal/_config.py:383: UserWarning: Valid config keys have changed in V2:
* 'schema_extra' has been renamed to 'json_schema_extra'
  warnings.warn(message, UserWarning)
/home/hongb/.openclaw/workspace/filebot/backend/venv/lib/python3.12/site-packages/pydantic/_internal/_config.py:383: UserWarning: Valid config keys have changed in V2:
* 'schema_extra' has been renamed to 'json_schema_extra'
  warnings.warn(message, UserWarning)
/home/hongb/.openclaw/workspace/filebot/backend/venv/lib/python3.12/site-packages/pydantic/_internal/_config.py:383: UserWarning: Valid config keys have changed in V2:
* 'schema_extra' has been renamed to 'json_schema_extra'
  warnings.warn(message, UserWarning)
/home/hongb/.openclaw/workspace/filebot/backend/venv/lib/python3.12/site-packages/pydantic/_internal/_config.py:383: UserWarning: Valid config keys have changed in V2:
* 'schema_extra' has been renamed to 'json_schema_extra'
  warnings.warn(message, UserWarning)
/home/hongb/.openclaw/workspace/filebot/backend/venv/lib/python3.12/site-packages/pydantic/_internal/_config.py:383: UserWarning: Valid config keys have changed in V2:
* 'schema_extra' has been renamed to 'json_schema_extra'
  warnings.warn(message, UserWarning)
/home/hongb/.openclaw/workspace/filebot/backend/venv/lib/python3.12/site-packages/pydantic/_internal/_config.py:383: UserWarning: Valid config keys have changed in V2:
* 'schema_extra' has been renamed to 'json_schema_extra'
  warnings.warn(message, UserWarning)
/home/hongb/.openclaw/workspace/filebot/backend/venv/lib/python3.12/site-packages/pydantic/_internal/_config.py:383: UserWarning: Valid config keys have changed in V2:
* 'schema_extra' has been renamed to 'json_schema_extra'
  warnings.warn(message, UserWarning)
/home/hongb/.openclaw/workspace/filebot/backend/venv/lib/python3.12/site-packages/pydantic/_internal/_config.py:383: UserWarning: Valid config keys have changed in V2:
* 'schema_extra' has been renamed to 'json_schema_extra'
  warnings.warn(message, UserWarning)
/home/hongb/.openclaw/workspace/filebot/backend/venv/lib/python3.12/site-packages/pydantic/_internal/_config.py:383: UserWarning: Valid config keys have changed in V2:
* 'orm_mode' has been renamed to 'from_attributes'
  warnings.warn(message, UserWarning)
/home/hongb/.openclaw/workspace/filebot/backend/venv/lib/python3.12/site-packages/pydantic/_internal/_config.py:383: UserWarning: Valid config keys have changed in V2:
* 'orm_mode' has been renamed to 'from_attributes'
  warnings.warn(message, UserWarning)
/home/hongb/.openclaw/workspace/filebot/backend/venv/lib/python3.12/site-packages/pydantic/_internal/_config.py:383: UserWarning: Valid config keys have changed in V2:
* 'orm_mode' has been renamed to 'from_attributes'
  warnings.warn(message, UserWarning)
/home/hongb/.openclaw/workspace/filebot/backend/venv/lib/python3.12/site-packages/pydantic/_internal/_config.py:383: UserWarning: Valid config keys have changed in V2:
* 'orm_mode' has been renamed to 'from_attributes'
  warnings.warn(message, UserWarning)
/home/hongb/.openclaw/workspace/filebot/backend/venv/lib/python3.12/site-packages/pydantic/_internal/_config.py:383: UserWarning: Valid config keys have changed in V2:
* 'orm_mode' has been renamed to 'from_attributes'
  warnings.warn(message, UserWarning)
/home/hongb/.openclaw/workspace/filebot/backend/venv/lib/python3.12/site-packages/pydantic/_internal/_config.py:383: UserWarning: Valid config keys have changed in V2:
* 'orm_mode' has been renamed to 'from_attributes'
  warnings.warn(message, UserWarning)
/home/hongb/.openclaw/workspace/filebot/backend/venv/lib/python3.12/site-packages/pydantic/_internal/_config.py:383: UserWarning: Valid config keys have changed in V2:
* 'orm_mode' has been renamed to 'from_attributes'
  warnings.warn(message, UserWarning)
/home/hongb/.openclaw/workspace/filebot/backend/venv/lib/python3.12/site-packages/pydantic/_internal/_config.py:383: UserWarning: Valid config keys have changed in V2:
* 'orm_mode' has been renamed to 'from_attributes'
  warnings.warn(message, UserWarning)
/home/hongb/.openclaw/workspace/filebot/backend/venv/lib/python3.12/site-packages/pydantic/_internal/_config.py:383: UserWarning: Valid config keys have changed in V2:
* 'orm_mode' has been renamed to 'from_attributes'
  warnings.warn(message, UserWarning)
/home/hongb/.openclaw/workspace/filebot/backend/venv/lib/python3.12/site-packages/pydantic/_internal/_config.py:383: UserWarning: Valid config keys have changed in V2:
* 'orm_mode' has been renamed to 'from_attributes'
  warnings.warn(message, UserWarning)
/home/hongb/.openclaw/workspace/filebot/backend/venv/lib/python3.12/site-packages/pydantic/_internal/_config.py:383: UserWarning: Valid config keys have changed in V2:
* 'orm_mode' has been renamed to 'from_attributes'
  warnings.warn(message, UserWarning)
/home/hongb/.openclaw/workspace/filebot/backend/venv/lib/python3.12/site-packages/pydantic/_internal/_config.py:383: UserWarning: Valid config keys have changed in V2:
* 'orm_mode' has been renamed to 'from_attributes'
  warnings.warn(message, UserWarning)
/home/hongb/.openclaw/workspace/filebot/backend/venv/lib/python3.12/site-packages/pydantic/_internal/_config.py:383: UserWarning: Valid config keys have changed in V2:
* 'orm_mode' has been renamed to 'from_attributes'
  warnings.warn(message, UserWarning)
/home/hongb/.openclaw/workspace/filebot/backend/venv/lib/python3.12/site-packages/pydantic/_internal/_config.py:383: UserWarning: Valid config keys have changed in V2:
* 'orm_mode' has been renamed to 'from_attributes'
  warnings.warn(message, UserWarning)
/home/hongb/.openclaw/workspace/filebot/backend/venv/lib/python3.12/site-packages/pydantic/_internal/_config.py:383: UserWarning: Valid config keys have changed in V2:
* 'orm_mode' has been renamed to 'from_attributes'
  warnings.warn(message, UserWarning)
/home/hongb/.openclaw/workspace/filebot/backend/venv/lib/python3.12/site-packages/pydantic/_internal/_config.py:383: UserWarning: Valid config keys have changed in V2:
* 'orm_mode' has been renamed to 'from_attributes'
  warnings.warn(message, UserWarning)
/home/hongb/.openclaw/workspace/filebot/backend/venv/lib/python3.12/site-packages/pydantic/_internal/_config.py:383: UserWarning: Valid config keys have changed in V2:
* 'orm_mode' has been renamed to 'from_attributes'
  warnings.warn(message, UserWarning)
/home/hongb/.openclaw/workspace/filebot/backend/venv/lib/python3.12/site-packages/pydantic/_internal/_config.py:383: UserWarning: Valid config keys have changed in V2:
* 'orm_mode' has been renamed to 'from_attributes'
  warnings.warn(message, UserWarning)
/home/hongb/.openclaw/workspace/filebot/backend/venv/lib/python3.12/site-packages/pydantic/_internal/_config.py:383: UserWarning: Valid config keys have changed in V2:
* 'orm_mode' has been renamed to 'from_attributes'
  warnings.warn(message, UserWarning)
/home/hongb/.openclaw/workspace/filebot/backend/venv/lib/python3.12/site-packages/pydantic/_internal/_config.py:383: UserWarning: Valid config keys have changed in V2:
* 'orm_mode' has been renamed to 'from_attributes'
  warnings.warn(message, UserWarning)
/home/hongb/.openclaw/workspace/filebot/backend/venv/lib/python3.12/site-packages/pydantic/_internal/_config.py:383: UserWarning: Valid config keys have changed in V2:
* 'orm_mode' has been renamed to 'from_attributes'
  warnings.warn(message, UserWarning)
/home/hongb/.openclaw/workspace/filebot/backend/venv/lib/python3.12/site-packages/pydantic/_internal/_config.py:383: UserWarning: Valid config keys have changed in V2:
* 'orm_mode' has been renamed to 'from_attributes'
  warnings.warn(message, UserWarning)
/home/hongb/.openclaw/workspace/filebot/backend/venv/lib/python3.12/site-packages/pydantic/_internal/_config.py:383: UserWarning: Valid config keys have changed in V2:
* 'orm_mode' has been renamed to 'from_attributes'
  warnings.warn(message, UserWarning)
/home/hongb/.openclaw/workspace/filebot/backend/venv/lib/python3.12/site-packages/pydantic/_internal/_config.py:383: UserWarning: Valid config keys have changed in V2:
* 'orm_mode' has been renamed to 'from_attributes'
  warnings.warn(message, UserWarning)
/home/hongb/.openclaw/workspace/filebot/backend/venv/lib/python3.12/site-packages/pydantic/_internal/_config.py:383: UserWarning: Valid config keys have changed in V2:
* 'orm_mode' has been renamed to 'from_attributes'
  warnings.warn(message, UserWarning)
/home/hongb/.openclaw/workspace/filebot/backend/venv/lib/python3.12/site-packages/pydantic/_internal/_config.py:383: UserWarning: Valid config keys have changed in V2:
* 'orm_mode' has been renamed to 'from_attributes'
  warnings.warn(message, UserWarning)
/home/hongb/.openclaw/workspace/filebot/backend/venv/lib/python3.12/site-packages/pydantic/_internal/_config.py:383: UserWarning: Valid config keys have changed in V2:
* 'orm_mode' has been renamed to 'from_attributes'
  warnings.warn(message, UserWarning)
/home/hongb/.openclaw/workspace/filebot/backend/venv/lib/python3.12/site-packages/pydantic/_internal/_config.py:383: UserWarning: Valid config keys have changed in V2:
* 'orm_mode' has been renamed to 'from_attributes'
  warnings.warn(message, UserWarning)
/home/hongb/.openclaw/workspace/filebot/backend/venv/lib/python3.12/site-packages/pydantic/_internal/_config.py:383: UserWarning: Valid config keys have changed in V2:
* 'orm_mode' has been renamed to 'from_attributes'
  warnings.warn(message, UserWarning)
/home/hongb/.openclaw/workspace/filebot/backend/venv/lib/python3.12/site-packages/pydantic/_internal/_config.py:383: UserWarning: Valid config keys have changed in V2:
* 'orm_mode' has been renamed to 'from_attributes'
  warnings.warn(message, UserWarning)
/home/hongb/.openclaw/workspace/filebot/backend/venv/lib/python3.12/site-packages/pydantic/_internal/_config.py:383: UserWarning: Valid config keys have changed in V2:
* 'orm_mode' has been renamed to 'from_attributes'
  warnings.warn(message, UserWarning)
/home/hongb/.openclaw/workspace/filebot/backend/venv/lib/python3.12/site-packages/pydantic/_internal/_config.py:383: UserWarning: Valid config keys have changed in V2:
* 'orm_mode' has been renamed to 'from_attributes'
  warnings.warn(message, UserWarning)
/home/hongb/.openclaw/workspace/filebot/backend/venv/lib/python3.12/site-packages/pydantic/_internal/_config.py:383: UserWarning: Valid config keys have changed in V2:
* 'orm_mode' has been renamed to 'from_attributes'
  warnings.warn(message, UserWarning)
/home/hongb/.openclaw/workspace/filebot/backend/venv/lib/python3.12/site-packages/pydantic/_internal/_config.py:383: UserWarning: Valid config keys have changed in V2:
* 'orm_mode' has been renamed to 'from_attributes'
  warnings.warn(message, UserWarning)
/home/hongb/.openclaw/workspace/filebot/backend/venv/lib/python3.12/site-packages/pydantic/_internal/_config.py:383: UserWarning: Valid config keys have changed in V2:
* 'orm_mode' has been renamed to 'from_attributes'
  warnings.warn(message, UserWarning)
/home/hongb/.openclaw/workspace/filebot/backend/venv/lib/python3.12/site-packages/pydantic/_internal/_config.py:383: UserWarning: Valid config keys have changed in V2:
* 'orm_mode' has been renamed to 'from_attributes'
  warnings.warn(message, UserWarning)
/home/hongb/.openclaw/workspace/filebot/backend/venv/lib/python3.12/site-packages/pydantic/_internal/_config.py:383: UserWarning: Valid config keys have changed in V2:
* 'orm_mode' has been renamed to 'from_attributes'
  warnings.warn(message, UserWarning)
/home/hongb/.openclaw/workspace/filebot/backend/venv/lib/python3.12/site-packages/pydantic/_internal/_config.py:383: UserWarning: Valid config keys have changed in V2:
* 'orm_mode' has been renamed to 'from_attributes'
  warnings.warn(message, UserWarning)
/home/hongb/.openclaw/workspace/filebot/backend/venv/lib/python3.12/site-packages/pydantic/_internal/_config.py:383: UserWarning: Valid config keys have changed in V2:
* 'orm_mode' has been renamed to 'from_attributes'
  warnings.warn(message, UserWarning)
/home/hongb/.openclaw/workspace/filebot/backend/venv/lib/python3.12/site-packages/pydantic/_internal/_config.py:383: UserWarning: Valid config keys have changed in V2:
* 'orm_mode' has been renamed to 'from_attributes'
  warnings.warn(message, UserWarning)
/home/hongb/.openclaw/workspace/filebot/backend/venv/lib/python3.12/site-packages/pydantic/_internal/_config.py:383: UserWarning: Valid config keys have changed in V2:
* 'orm_mode' has been renamed to 'from_attributes'
  warnings.warn(message, UserWarning)
/home/hongb/.openclaw/workspace/filebot/backend/venv/lib/python3.12/site-packages/pydantic/_internal/_config.py:383: UserWarning: Valid config keys have changed in V2:
* 'orm_mode' has been renamed to 'from_attributes'
  warnings.warn(message, UserWarning)
/home/hongb/.openclaw/workspace/filebot/backend/venv/lib/python3.12/site-packages/pydantic/_internal/_config.py:383: UserWarning: Valid config keys have changed in V2:
* 'orm_mode' has been renamed to 'from_attributes'
  warnings.warn(message, UserWarning)
/home/hongb/.openclaw/workspace/filebot/backend/venv/lib/python3.12/site-packages/pydantic/_internal/_config.py:383: UserWarning: Valid config keys have changed in V2:
* 'orm_mode' has been renamed to 'from_attributes'
  warnings.warn(message, UserWarning)
/home/hongb/.openclaw/workspace/filebot/backend/venv/lib/python3.12/site-packages/pydantic/_internal/_config.py:383: UserWarning: Valid config keys have changed in V2:
* 'orm_mode' has been renamed to 'from_attributes'
  warnings.warn(message, UserWarning)
/home/hongb/.openclaw/workspace/filebot/backend/venv/lib/python3.12/site-packages/pydantic/_internal/_config.py:383: UserWarning: Valid config keys have changed in V2:
* 'orm_mode' has been renamed to 'from_attributes'
  warnings.warn(message, UserWarning)
/home/hongb/.openclaw/workspace/filebot/backend/venv/lib/python3.12/site-packages/pydantic/_internal/_config.py:383: UserWarning: Valid config keys have changed in V2:
* 'orm_mode' has been renamed to 'from_attributes'
  warnings.warn(message, UserWarning)
/home/hongb/.openclaw/workspace/filebot/backend/venv/lib/python3.12/site-packages/pydantic/_internal/_config.py:383: UserWarning: Valid config keys have changed in V2:
* 'orm_mode' has been renamed to 'from_attributes'
  warnings.warn(message, UserWarning)
/home/hongb/.openclaw/workspace/filebot/backend/venv/lib/python3.12/site-packages/pydantic/_internal/_config.py:383: UserWarning: Valid config keys have changed in V2:
* 'orm_mode' has been renamed to 'from_attributes'
  warnings.warn(message, UserWarning)
/home/hongb/.openclaw/workspace/filebot/backend/venv/lib/python3.12/site-packages/pydantic/_internal/_config.py:383: UserWarning: Valid config keys have changed in V2:
* 'orm_mode' has been renamed to 'from_attributes'
  warnings.warn(message, UserWarning)
/home/hongb/.openclaw/workspace/filebot/backend/venv/lib/python3.12/site-packages/pydantic/_internal/_config.py:383: UserWarning: Valid config keys have changed in V2:
* 'schema_extra' has been renamed to 'json_schema_extra'
  warnings.warn(message, UserWarning)
/home/hongb/.openclaw/workspace/filebot/backend/venv/lib/python3.12/site-packages/pydantic/_internal/_config.py:383: UserWarning: Valid config keys have changed in V2:
* 'schema_extra' has been renamed to 'json_schema_extra'
  warnings.warn(message, UserWarning)
/home/hongb/.openclaw/workspace/filebot/backend/venv/lib/python3.12/site-packages/pydantic/_internal/_config.py:383: UserWarning: Valid config keys have changed in V2:
* 'schema_extra' has been renamed to 'json_schema_extra'
  warnings.warn(message, UserWarning)
/home/hongb/.openclaw/workspace/filebot/backend/venv/lib/python3.12/site-packages/pydantic/_internal/_config.py:383: UserWarning: Valid config keys have changed in V2:
* 'schema_extra' has been renamed to 'json_schema_extra'
  warnings.warn(message, UserWarning)
/home/hongb/.openclaw/workspace/filebot/backend/venv/lib/python3.12/site-packages/pydantic/_internal/_config.py:383: UserWarning: Valid config keys have changed in V2:
* 'schema_extra' has been renamed to 'json_schema_extra'
  warnings.warn(message, UserWarning)
/home/hongb/.openclaw/workspace/filebot/backend/venv/lib/python3.12/site-packages/pydantic/_internal/_config.py:383: UserWarning: Valid config keys have changed in V2:
* 'schema_extra' has been renamed to 'json_schema_extra'
  warnings.warn(message, UserWarning)
/home/hongb/.openclaw/workspace/filebot/backend/venv/lib/python3.12/site-packages/pydantic/_internal/_config.py:383: UserWarning: Valid config keys have changed in V2:
* 'schema_extra' has been renamed to 'json_schema_extra'
  warnings.warn(message, UserWarning)
/home/hongb/.openclaw/workspace/filebot/backend/venv/lib/python3.12/site-packages/pydantic/_internal/_config.py:383: UserWarning: Valid config keys have changed in V2:
* 'schema_extra' has been renamed to 'json_schema_extra'
  warnings.warn(message, UserWarning)
/home/hongb/.openclaw/workspace/filebot/backend/venv/lib/python3.12/site-packages/pydantic/_internal/_config.py:383: UserWarning: Valid config keys have changed in V2:
* 'schema_extra' has been renamed to 'json_schema_extra'
  warnings.warn(message, UserWarning)
/home/hongb/.openclaw/workspace/filebot/backend/venv/lib/python3.12/site-packages/pydantic/_internal/_config.py:383: UserWarning: Valid config keys have changed in V2:
* 'schema_extra' has been renamed to 'json_schema_extra'
  warnings.warn(message, UserWarning)
/home/hongb/.openclaw/workspace/filebot/backend/venv/lib/python3.12/site-packages/pydantic/_internal/_config.py:383: UserWarning: Valid config keys have changed in V2:
* 'schema_extra' has been renamed to 'json_schema_extra'
  warnings.warn(message, UserWarning)
/home/hongb/.openclaw/workspace/filebot/backend/venv/lib/python3.12/site-packages/pydantic/_internal/_config.py:383: UserWarning: Valid config keys have changed in V2:
* 'schema_extra' has been renamed to 'json_schema_extra'
  warnings.warn(message, UserWarning)
/home/hongb/.openclaw/workspace/filebot/backend/venv/lib/python3.12/site-packages/pydantic/_internal/_config.py:383: UserWarning: Valid config keys have changed in V2:
* 'schema_extra' has been renamed to 'json_schema_extra'
  warnings.warn(message, UserWarning)
/home/hongb/.openclaw/workspace/filebot/backend/venv/lib/python3.12/site-packages/pydantic/_internal/_config.py:383: UserWarning: Valid config keys have changed in V2:
* 'schema_extra' has been renamed to 'json_schema_extra'
  warnings.warn(message, UserWarning)
/home/hongb/.openclaw/workspace/filebot/backend/venv/lib/python3.12/site-packages/pydantic/_internal/_config.py:383: UserWarning: Valid config keys have changed in V2:
* 'schema_extra' has been renamed to 'json_schema_extra'
  warnings.warn(message, UserWarning)
/home/hongb/.openclaw/workspace/filebot/backend/venv/lib/python3.12/site-packages/pydantic/_internal/_config.py:383: UserWarning: Valid config keys have changed in V2:
* 'schema_extra' has been renamed to 'json_schema_extra'
  warnings.warn(message, UserWarning)
/home/hongb/.openclaw/workspace/filebot/backend/venv/lib/python3.12/site-packages/pydantic/_internal/_config.py:383: UserWarning: Valid config keys have changed in V2:
* 'schema_extra' has been renamed to 'json_schema_extra'
  warnings.warn(message, UserWarning)
/home/hongb/.openclaw/workspace/filebot/backend/venv/lib/python3.12/site-packages/pydantic/_internal/_config.py:383: UserWarning: Valid config keys have changed in V2:
* 'schema_extra' has been renamed to 'json_schema_extra'
  warnings.warn(message, UserWarning)
/home/hongb/.openclaw/workspace/filebot/backend/venv/lib/python3.12/site-packages/pydantic/_internal/_config.py:383: UserWarning: Valid config keys have changed in V2:
* 'schema_extra' has been renamed to 'json_schema_extra'
  warnings.warn(message, UserWarning)
/home/hongb/.openclaw/workspace/filebot/backend/venv/lib/python3.12/site-packages/pydantic/_internal/_config.py:383: UserWarning: Valid config keys have changed in V2:
* 'schema_extra' has been renamed to 'json_schema_extra'
  warnings.warn(message, UserWarning)
/home/hongb/.openclaw/workspace/filebot/backend/venv/lib/python3.12/site-packages/pydantic/_internal/_config.py:383: UserWarning: Valid config keys have changed in V2:
* 'schema_extra' has been renamed to 'json_schema_extra'
  warnings.warn(message, UserWarning)
/home/hongb/.openclaw/workspace/filebot/backend/venv/lib/python3.12/site-packages/pydantic/_internal/_config.py:383: UserWarning: Valid config keys have changed in V2:
* 'schema_extra' has been renamed to 'json_schema_extra'
  warnings.warn(message, UserWarning)
/home/hongb/.openclaw/workspace/filebot/backend/venv/lib/python3.12/site-packages/pydantic/_internal/_config.py:383: UserWarning: Valid config keys have changed in V2:
* 'schema_extra' has been renamed to 'json_schema_extra'
  warnings.warn(message, UserWarning)
/home/hongb/.openclaw/workspace/filebot/backend/venv/lib/python3.12/site-packages/pydantic/_internal/_config.py:383: UserWarning: Valid config keys have changed in V2:
* 'schema_extra' has been renamed to 'json_schema_extra'
  warnings.warn(message, UserWarning)
/home/hongb/.openclaw/workspace/filebot/backend/venv/lib/python3.12/site-packages/pydantic/_internal/_config.py:383: UserWarning: Valid config keys have changed in V2:
* 'schema_extra' has been renamed to 'json_schema_extra'
  warnings.warn(message, UserWarning)
/home/hongb/.openclaw/workspace/filebot/backend/venv/lib/python3.12/site-packages/pydantic/_internal/_config.py:383: UserWarning: Valid config keys have changed in V2:
* 'schema_extra' has been renamed to 'json_schema_extra'
  warnings.warn(message, UserWarning)
/home/hongb/.openclaw/workspace/filebot/backend/venv/lib/python3.12/site-packages/pydantic/_internal/_config.py:383: UserWarning: Valid config keys have changed in V2:
* 'schema_extra' has been renamed to 'json_schema_extra'
  warnings.warn(message, UserWarning)
/home/hongb/.openclaw/workspace/filebot/backend/venv/lib/python3.12/site-packages/pydantic/_internal/_config.py:383: UserWarning: Valid config keys have changed in V2:
* 'schema_extra' has been renamed to 'json_schema_extra'
  warnings.warn(message, UserWarning)
/home/hongb/.openclaw/workspace/filebot/backend/venv/lib/python3.12/site-packages/pydantic/_internal/_config.py:383: UserWarning: Valid config keys have changed in V2:
* 'schema_extra' has been renamed to 'json_schema_extra'
  warnings.warn(message, UserWarning)
/home/hongb/.openclaw/workspace/filebot/backend/venv/lib/python3.12/site-packages/pydantic/_internal/_config.py:383: UserWarning: Valid config keys have changed in V2:
* 'schema_extra' has been renamed to 'json_schema_extra'
  warnings.warn(message, UserWarning)
/home/hongb/.openclaw/workspace/filebot/backend/venv/lib/python3.12/site-packages/pydantic/_internal/_config.py:383: UserWarning: Valid config keys have changed in V2:
* 'schema_extra' has been renamed to 'json_schema_extra'
  warnings.warn(message, UserWarning)
/home/hongb/.openclaw/workspace/filebot/backend/venv/lib/python3.12/site-packages/pydantic/_internal/_config.py:383: UserWarning: Valid config keys have changed in V2:
* 'schema_extra' has been renamed to 'json_schema_extra'
  warnings.warn(message, UserWarning)
/home/hongb/.openclaw/workspace/filebot/backend/venv/lib/python3.12/site-packages/pydantic/_internal/_config.py:383: UserWarning: Valid config keys have changed in V2:
* 'schema_extra' has been renamed to 'json_schema_extra'
  warnings.warn(message, UserWarning)
/home/hongb/.openclaw/workspace/filebot/backend/venv/lib/python3.12/site-packages/pydantic/_internal/_config.py:383: UserWarning: Valid config keys have changed in V2:
* 'schema_extra' has been renamed to 'json_schema_extra'
  warnings.warn(message, UserWarning)
/home/hongb/.openclaw/workspace/filebot/backend/venv/lib/python3.12/site-packages/pydantic/_internal/_config.py:383: UserWarning: Valid config keys have changed in V2:
* 'schema_extra' has been renamed to 'json_schema_extra'
  warnings.warn(message, UserWarning)
/home/hongb/.openclaw/workspace/filebot/backend/venv/lib/python3.12/site-packages/pydantic/_internal/_config.py:383: UserWarning: Valid config keys have changed in V2:
* 'schema_extra' has been renamed to 'json_schema_extra'
  warnings.warn(message, UserWarning)
/home/hongb/.openclaw/workspace/filebot/backend/venv/lib/python3.12/site-packages/pydantic/_internal/_config.py:383: UserWarning: Valid config keys have changed in V2:
* 'schema_extra' has been renamed to 'json_schema_extra'
  warnings.warn(message, UserWarning)
/home/hongb/.openclaw/workspace/filebot/backend/venv/lib/python3.12/site-packages/pydantic/_internal/_config.py:383: UserWarning: Valid config keys have changed in V2:
* 'schema_extra' has been renamed to 'json_schema_extra'
  warnings.warn(message, UserWarning)
/home/hongb/.openclaw/workspace/filebot/backend/venv/lib/python3.12/site-packages/pydantic/_internal/_config.py:383: UserWarning: Valid config keys have changed in V2:
* 'schema_extra' has been renamed to 'json_schema_extra'
  warnings.warn(message, UserWarning)
/home/hongb/.openclaw/workspace/filebot/backend/venv/lib/python3.12/site-packages/pydantic/_internal/_config.py:383: UserWarning: Valid config keys have changed in V2:
* 'schema_extra' has been renamed to 'json_schema_extra'
  warnings.warn(message, UserWarning)
/home/hongb/.openclaw/workspace/filebot/backend/venv/lib/python3.12/site-packages/pydantic/_internal/_config.py:383: UserWarning: Valid config keys have changed in V2:
* 'schema_extra' has been renamed to 'json_schema_extra'
  warnings.warn(message, UserWarning)
/home/hongb/.openclaw/workspace/filebot/backend/venv/lib/python3.12/site-packages/pydantic/_internal/_config.py:383: UserWarning: Valid config keys have changed in V2:
* 'schema_extra' has been renamed to 'json_schema_extra'
  warnings.warn(message, UserWarning)
/home/hongb/.openclaw/workspace/filebot/backend/venv/lib/python3.12/site-packages/pydantic/_internal/_config.py:383: UserWarning: Valid config keys have changed in V2:
* 'schema_extra' has been renamed to 'json_schema_extra'
  warnings.warn(message, UserWarning)
/home/hongb/.openclaw/workspace/filebot/backend/venv/lib/python3.12/site-packages/pydantic/_internal/_config.py:383: UserWarning: Valid config keys have changed in V2:
* 'schema_extra' has been renamed to 'json_schema_extra'
  warnings.warn(message, UserWarning)
/home/hongb/.openclaw/workspace/filebot/backend/venv/lib/python3.12/site-packages/pydantic/_internal/_config.py:383: UserWarning: Valid config keys have changed in V2:
* 'schema_extra' has been renamed to 'json_schema_extra'
  warnings.warn(message, UserWarning)
/home/hongb/.openclaw/workspace/filebot/backend/venv/lib/python3.12/site-packages/pydantic/_internal/_config.py:383: UserWarning: Valid config keys have changed in V2:
* 'schema_extra' has been renamed to 'json_schema_extra'
  warnings.warn(message, UserWarning)
/home/hongb/.openclaw/workspace/filebot/backend/venv/lib/python3.12/site-packages/pydantic/_internal/_config.py:383: UserWarning: Valid config keys have changed in V2:
* 'schema_extra' has been renamed to 'json_schema_extra'
  warnings.warn(message, UserWarning)
/home/hongb/.openclaw/workspace/filebot/backend/venv/lib/python3.12/site-packages/pydantic/_internal/_config.py:383: UserWarning: Valid config keys have changed in V2:
* 'schema_extra' has been renamed to 'json_schema_extra'
  warnings.warn(message, UserWarning)
/home/hongb/.openclaw/workspace/filebot/backend/venv/lib/python3.12/site-packages/pydantic/_internal/_config.py:383: UserWarning: Valid config keys have changed in V2:
* 'schema_extra' has been renamed to 'json_schema_extra'
  warnings.warn(message, UserWarning)
/home/hongb/.openclaw/workspace/filebot/backend/venv/lib/python3.12/site-packages/pydantic/_internal/_config.py:383: UserWarning: Valid config keys have changed in V2:
* 'schema_extra' has been renamed to 'json_schema_extra'
  warnings.warn(message, UserWarning)
/home/hongb/.openclaw/workspace/filebot/backend/venv/lib/python3.12/site-packages/pydantic/_internal/_config.py:383: UserWarning: Valid config keys have changed in V2:
* 'schema_extra' has been renamed to 'json_schema_extra'
  warnings.warn(message, UserWarning)
/home/hongb/.openclaw/workspace/filebot/backend/venv/lib/python3.12/site-packages/pydantic/_internal/_config.py:383: UserWarning: Valid config keys have changed in V2:
* 'schema_extra' has been renamed to 'json_schema_extra'
  warnings.warn(message, UserWarning)
/home/hongb/.openclaw/workspace/filebot/backend/venv/lib/python3.12/site-packages/pydantic/_internal/_config.py:383: UserWarning: Valid config keys have changed in V2:
* 'schema_extra' has been renamed to 'json_schema_extra'
  warnings.warn(message, UserWarning)
/home/hongb/.openclaw/workspace/filebot/backend/venv/lib/python3.12/site-packages/pydantic/_internal/_config.py:383: UserWarning: Valid config keys have changed in V2:
* 'schema_extra' has been renamed to 'json_schema_extra'
  warnings.warn(message, UserWarning)
/home/hongb/.openclaw/workspace/filebot/backend/venv/lib/python3.12/site-packages/pydantic/_internal/_config.py:383: UserWarning: Valid config keys have changed in V2:
* 'schema_extra' has been renamed to 'json_schema_extra'
  warnings.warn(message, UserWarning)
/home/hongb/.openclaw/workspace/filebot/backend/venv/lib/python3.12/site-packages/pydantic/_internal/_config.py:383: UserWarning: Valid config keys have changed in V2:
* 'orm_mode' has been renamed to 'from_attributes'
  warnings.warn(message, UserWarning)
/home/hongb/.openclaw/workspace/filebot/backend/venv/lib/python3.12/site-packages/pydantic/_internal/_config.py:383: UserWarning: Valid config keys have changed in V2:
* 'orm_mode' has been renamed to 'from_attributes'
  warnings.warn(message, UserWarning)
/home/hongb/.openclaw/workspace/filebot/backend/venv/lib/python3.12/site-packages/pydantic/_internal/_config.py:383: UserWarning: Valid config keys have changed in V2:
* 'orm_mode' has been renamed to 'from_attributes'
  warnings.warn(message, UserWarning)
/home/hongb/.openclaw/workspace/filebot/backend/venv/lib/python3.12/site-packages/pydantic/_internal/_config.py:383: UserWarning: Valid config keys have changed in V2:
* 'orm_mode' has been renamed to 'from_attributes'
  warnings.warn(message, UserWarning)
/home/hongb/.openclaw/workspace/filebot/backend/venv/lib/python3.12/site-packages/pydantic/_internal/_config.py:383: UserWarning: Valid config keys have changed in V2:
* 'orm_mode' has been renamed to 'from_attributes'
  warnings.warn(message, UserWarning)
/home/hongb/.openclaw/workspace/filebot/backend/venv/lib/python3.12/site-packages/pydantic/_internal/_config.py:383: UserWarning: Valid config keys have changed in V2:
* 'orm_mode' has been renamed to 'from_attributes'
  warnings.warn(message, UserWarning)
/home/hongb/.openclaw/workspace/filebot/backend/venv/lib/python3.12/site-packages/pydantic/_internal/_config.py:383: UserWarning: Valid config keys have changed in V2:
* 'orm_mode' has been renamed to 'from_attributes'
  warnings.warn(message, UserWarning)
/home/hongb/.openclaw/workspace/filebot/backend/venv/lib/python3.12/site-packages/pydantic/_internal/_config.py:383: UserWarning: Valid config keys have changed in V2:
* 'orm_mode' has been renamed to 'from_attributes'
  warnings.warn(message, UserWarning)
/home/hongb/.openclaw/workspace/filebot/backend/venv/lib/python3.12/site-packages/pydantic/_internal/_config.py:383: UserWarning: Valid config keys have changed in V2:
* 'orm_mode' has been renamed to 'from_attributes'
  warnings.warn(message, UserWarning)
/home/hongb/.openclaw/workspace/filebot/backend/venv/lib/python3.12/site-packages/pydantic/_internal/_config.py:383: UserWarning: Valid config keys have changed in V2:
* 'orm_mode' has been renamed to 'from_attributes'
  warnings.warn(message, UserWarning)
/home/hongb/.openclaw/workspace/filebot/backend/venv/lib/python3.12/site-packages/pydantic/_internal/_config.py:383: UserWarning: Valid config keys have changed in V2:
* 'orm_mode' has been renamed to 'from_attributes'
  warnings.warn(message, UserWarning)
/home/hongb/.openclaw/workspace/filebot/backend/venv/lib/python3.12/site-packages/pydantic/_internal/_config.py:383: UserWarning: Valid config keys have changed in V2:
* 'orm_mode' has been renamed to 'from_attributes'
  warnings.warn(message, UserWarning)
/home/hongb/.openclaw/workspace/filebot/backend/venv/lib/python3.12/site-packages/pydantic/_internal/_config.py:383: UserWarning: Valid config keys have changed in V2:
* 'orm_mode' has been renamed to 'from_attributes'
  warnings.warn(message, UserWarning)
/home/hongb/.openclaw/workspace/filebot/backend/venv/lib/python3.12/site-packages/pydantic/_internal/_config.py:383: UserWarning: Valid config keys have changed in V2:
* 'orm_mode' has been renamed to 'from_attributes'
  warnings.warn(message, UserWarning)
/home/hongb/.openclaw/workspace/filebot/backend/venv/lib/python3.12/site-packages/pydantic/_internal/_config.py:383: UserWarning: Valid config keys have changed in V2:
* 'orm_mode' has been renamed to 'from_attributes'
  warnings.warn(message, UserWarning)
/home/hongb/.openclaw/workspace/filebot/backend/venv/lib/python3.12/site-packages/pydantic/_internal/_config.py:383: UserWarning: Valid config keys have changed in V2:
* 'orm_mode' has been renamed to 'from_attributes'
  warnings.warn(message, UserWarning)
/home/hongb/.openclaw/workspace/filebot/backend/venv/lib/python3.12/site-packages/pydantic/_internal/_config.py:383: UserWarning: Valid config keys have changed in V2:
* 'orm_mode' has been renamed to 'from_attributes'
  warnings.warn(message, UserWarning)
/home/hongb/.openclaw/workspace/filebot/backend/venv/lib/python3.12/site-packages/pydantic/_internal/_config.py:383: UserWarning: Valid config keys have changed in V2:
* 'orm_mode' has been renamed to 'from_attributes'
  warnings.warn(message, UserWarning)
/home/hongb/.openclaw/workspace/filebot/backend/venv/lib/python3.12/site-packages/pydantic/_internal/_config.py:383: UserWarning: Valid config keys have changed in V2:
* 'orm_mode' has been renamed to 'from_attributes'
  warnings.warn(message, UserWarning)
/home/hongb/.openclaw/workspace/filebot/backend/venv/lib/python3.12/site-packages/pydantic/_internal/_config.py:383: UserWarning: Valid config keys have changed in V2:
* 'orm_mode' has been renamed to 'from_attributes'
  warnings.warn(message, UserWarning)
/home/hongb/.openclaw/workspace/filebot/backend/venv/lib/python3.12/site-packages/pydantic/_internal/_config.py:383: UserWarning: Valid config keys have changed in V2:
* 'orm_mode' has been renamed to 'from_attributes'
  warnings.warn(message, UserWarning)
/home/hongb/.openclaw/workspace/filebot/backend/venv/lib/python3.12/site-packages/pydantic/_internal/_config.py:383: UserWarning: Valid config keys have changed in V2:
* 'orm_mode' has been renamed to 'from_attributes'
  warnings.warn(message, UserWarning)
/home/hongb/.openclaw/workspace/filebot/backend/venv/lib/python3.12/site-packages/pydantic/_internal/_config.py:383: UserWarning: Valid config keys have changed in V2:
* 'orm_mode' has been renamed to 'from_attributes'
  warnings.warn(message, UserWarning)
/home/hongb/.openclaw/workspace/filebot/backend/venv/lib/python3.12/site-packages/pydantic/_internal/_config.py:383: UserWarning: Valid config keys have changed in V2:
* 'orm_mode' has been renamed to 'from_attributes'
  warnings.warn(message, UserWarning)
/home/hongb/.openclaw/workspace/filebot/backend/venv/lib/python3.12/site-packages/pydantic/_internal/_config.py:383: UserWarning: Valid config keys have changed in V2:
* 'orm_mode' has been renamed to 'from_attributes'
  warnings.warn(message, UserWarning)
/home/hongb/.openclaw/workspace/filebot/backend/venv/lib/python3.12/site-packages/pydantic/_internal/_config.py:383: UserWarning: Valid config keys have changed in V2:
* 'orm_mode' has been renamed to 'from_attributes'
  warnings.warn(message, UserWarning)
/home/hongb/.openclaw/workspace/filebot/backend/venv/lib/python3.12/site-packages/pydantic/_internal/_config.py:383: UserWarning: Valid config keys have changed in V2:
* 'orm_mode' has been renamed to 'from_attributes'
  warnings.warn(message, UserWarning)
/home/hongb/.openclaw/workspace/filebot/backend/venv/lib/python3.12/site-packages/pydantic/_internal/_config.py:383: UserWarning: Valid config keys have changed in V2:
* 'orm_mode' has been renamed to 'from_attributes'
  warnings.warn(message, UserWarning)
/home/hongb/.openclaw/workspace/filebot/backend/venv/lib/python3.12/site-packages/pydantic/_internal/_config.py:383: UserWarning: Valid config keys have changed in V2:
* 'orm_mode' has been renamed to 'from_attributes'
  warnings.warn(message, UserWarning)
/home/hongb/.openclaw/workspace/filebot/backend/venv/lib/python3.12/site-packages/pydantic/_internal/_config.py:383: UserWarning: Valid config keys have changed in V2:
* 'orm_mode' has been renamed to 'from_attributes'
  warnings.warn(message, UserWarning)
/home/hongb/.openclaw/workspace/filebot/backend/venv/lib/python3.12/site-packages/pydantic/_internal/_config.py:383: UserWarning: Valid config keys have changed in V2:
* 'orm_mode' has been renamed to 'from_attributes'
  warnings.warn(message, UserWarning)
/home/hongb/.openclaw/workspace/filebot/backend/venv/lib/python3.12/site-packages/pydantic/_internal/_config.py:383: UserWarning: Valid config keys have changed in V2:
* 'orm_mode' has been renamed to 'from_attributes'
  warnings.warn(message, UserWarning)
/home/hongb/.openclaw/workspace/filebot/backend/venv/lib/python3.12/site-packages/pydantic/_internal/_config.py:383: UserWarning: Valid config keys have changed in V2:
* 'orm_mode' has been renamed to 'from_attributes'
  warnings.warn(message, UserWarning)
/home/hongb/.openclaw/workspace/filebot/backend/venv/lib/python3.12/site-packages/pydantic/_internal/_config.py:383: UserWarning: Valid config keys have changed in V2:
* 'orm_mode' has been renamed to 'from_attributes'
  warnings.warn(message, UserWarning)
/home/hongb/.openclaw/workspace/filebot/backend/venv/lib/python3.12/site-packages/pydantic/_internal/_config.py:383: UserWarning: Valid config keys have changed in V2:
* 'orm_mode' has been renamed to 'from_attributes'
  warnings.warn(message, UserWarning)
/home/hongb/.openclaw/workspace/filebot/backend/venv/lib/python3.12/site-packages/pydantic/_internal/_config.py:383: UserWarning: Valid config keys have changed in V2:
* 'orm_mode' has been renamed to 'from_attributes'
  warnings.warn(message, UserWarning)
/home/hongb/.openclaw/workspace/filebot/backend/venv/lib/python3.12/site-packages/pydantic/_internal/_config.py:383: UserWarning: Valid config keys have changed in V2:
* 'orm_mode' has been renamed to 'from_attributes'
  warnings.warn(message, UserWarning)
/home/hongb/.openclaw/workspace/filebot/backend/venv/lib/python3.12/site-packages/pydantic/_internal/_config.py:383: UserWarning: Valid config keys have changed in V2:
* 'orm_mode' has been renamed to 'from_attributes'
  warnings.warn(message, UserWarning)
/home/hongb/.openclaw/workspace/filebot/backend/venv/lib/python3.12/site-packages/pydantic/_internal/_config.py:383: UserWarning: Valid config keys have changed in V2:
* 'orm_mode' has been renamed to 'from_attributes'
  warnings.warn(message, UserWarning)
/home/hongb/.openclaw/workspace/filebot/backend/venv/lib/python3.12/site-packages/pydantic/_internal/_config.py:383: UserWarning: Valid config keys have changed in V2:
* 'orm_mode' has been renamed to 'from_attributes'
  warnings.warn(message, UserWarning)
/home/hongb/.openclaw/workspace/filebot/backend/venv/lib/python3.12/site-packages/pydantic/_internal/_config.py:383: UserWarning: Valid config keys have changed in V2:
* 'orm_mode' has been renamed to 'from_attributes'
  warnings.warn(message, UserWarning)
/home/hongb/.openclaw/workspace/filebot/backend/venv/lib/python3.12/site-packages/pydantic/_internal/_config.py:383: UserWarning: Valid config keys have changed in V2:
* 'orm_mode' has been renamed to 'from_attributes'
  warnings.warn(message, UserWarning)
/home/hongb/.openclaw/workspace/filebot/backend/venv/lib/python3.12/site-packages/pydantic/_internal/_config.py:383: UserWarning: Valid config keys have changed in V2:
* 'orm_mode' has been renamed to 'from_attributes'
  warnings.warn(message, UserWarning)
/home/hongb/.openclaw/workspace/filebot/backend/venv/lib/python3.12/site-packages/pydantic/_internal/_config.py:383: UserWarning: Valid config keys have changed in V2:
* 'orm_mode' has been renamed to 'from_attributes'
  warnings.warn(message, UserWarning)
/home/hongb/.openclaw/workspace/filebot/backend/venv/lib/python3.12/site-packages/pydantic/_internal/_config.py:383: UserWarning: Valid config keys have changed in V2:
* 'orm_mode' has been renamed to 'from_attributes'
  warnings.warn(message, UserWarning)
/home/hongb/.openclaw/workspace/filebot/backend/venv/lib/python3.12/site-packages/pydantic/_internal/_config.py:383: UserWarning: Valid config keys have changed in V2:
* 'orm_mode' has been renamed to 'from_attributes'
  warnings.warn(message, UserWarning)
/home/hongb/.openclaw/workspace/filebot/backend/venv/lib/python3.12/site-packages/pydantic/_internal/_config.py:383: UserWarning: Valid config keys have changed in V2:
* 'orm_mode' has been renamed to 'from_attributes'
  warnings.warn(message, UserWarning)
/home/hongb/.openclaw/workspace/filebot/backend/venv/lib/python3.12/site-packages/pydantic/_internal/_config.py:383: UserWarning: Valid config keys have changed in V2:
* 'orm_mode' has been renamed to 'from_attributes'
  warnings.warn(message, UserWarning)
/home/hongb/.openclaw/workspace/filebot/backend/venv/lib/python3.12/site-packages/pydantic/_internal/_config.py:383: UserWarning: Valid config keys have changed in V2:
* 'orm_mode' has been renamed to 'from_attributes'
  warnings.warn(message, UserWarning)
/home/hongb/.openclaw/workspace/filebot/backend/venv/lib/python3.12/site-packages/pydantic/_internal/_config.py:383: UserWarning: Valid config keys have changed in V2:
* 'orm_mode' has been renamed to 'from_attributes'
  warnings.warn(message, UserWarning)
/home/hongb/.openclaw/workspace/filebot/backend/venv/lib/python3.12/site-packages/pydantic/_internal/_config.py:383: UserWarning: Valid config keys have changed in V2:
* 'schema_extra' has been renamed to 'json_schema_extra'
  warnings.warn(message, UserWarning)
/home/hongb/.openclaw/workspace/filebot/backend/venv/lib/python3.12/site-packages/pydantic/_internal/_config.py:383: UserWarning: Valid config keys have changed in V2:
* 'schema_extra' has been renamed to 'json_schema_extra'
  warnings.warn(message, UserWarning)
/home/hongb/.openclaw/workspace/filebot/backend/venv/lib/python3.12/site-packages/pydantic/_internal/_config.py:383: UserWarning: Valid config keys have changed in V2:
* 'schema_extra' has been renamed to 'json_schema_extra'
  warnings.warn(message, UserWarning)
/home/hongb/.openclaw/workspace/filebot/backend/venv/lib/python3.12/site-packages/pydantic/_internal/_config.py:383: UserWarning: Valid config keys have changed in V2:
* 'schema_extra' has been renamed to 'json_schema_extra'
  warnings.warn(message, UserWarning)
/home/hongb/.openclaw/workspace/filebot/backend/venv/lib/python3.12/site-packages/pydantic/_internal/_config.py:383: UserWarning: Valid config keys have changed in V2:
* 'schema_extra' has been renamed to 'json_schema_extra'
  warnings.warn(message, UserWarning)
/home/hongb/.openclaw/workspace/filebot/backend/venv/lib/python3.12/site-packages/pydantic/_internal/_config.py:383: UserWarning: Valid config keys have changed in V2:
* 'schema_extra' has been renamed to 'json_schema_extra'
  warnings.warn(message, UserWarning)
/home/hongb/.openclaw/workspace/filebot/backend/venv/lib/python3.12/site-packages/pydantic/_internal/_config.py:383: UserWarning: Valid config keys have changed in V2:
* 'schema_extra' has been renamed to 'json_schema_extra'
  warnings.warn(message, UserWarning)
/home/hongb/.openclaw/workspace/filebot/backend/venv/lib/python3.12/site-packages/pydantic/_internal/_config.py:383: UserWarning: Valid config keys have changed in V2:
* 'schema_extra' has been renamed to 'json_schema_extra'
  warnings.warn(message, UserWarning)
/home/hongb/.openclaw/workspace/filebot/backend/venv/lib/python3.12/site-packages/pydantic/_internal/_config.py:383: UserWarning: Valid config keys have changed in V2:
* 'schema_extra' has been renamed to 'json_schema_extra'
  warnings.warn(message, UserWarning)
/home/hongb/.openclaw/workspace/filebot/backend/venv/lib/python3.12/site-packages/pydantic/_internal/_config.py:383: UserWarning: Valid config keys have changed in V2:
* 'schema_extra' has been renamed to 'json_schema_extra'
  warnings.warn(message, UserWarning)
/home/hongb/.openclaw/workspace/filebot/backend/venv/lib/python3.12/site-packages/pydantic/_internal/_config.py:383: UserWarning: Valid config keys have changed in V2:
* 'schema_extra' has been renamed to 'json_schema_extra'
  warnings.warn(message, UserWarning)
/home/hongb/.openclaw/workspace/filebot/backend/venv/lib/python3.12/site-packages/pydantic/_internal/_config.py:383: UserWarning: Valid config keys have changed in V2:
* 'schema_extra' has been renamed to 'json_schema_extra'
  warnings.warn(message, UserWarning)
/home/hongb/.openclaw/workspace/filebot/backend/venv/lib/python3.12/site-packages/pydantic/_internal/_config.py:383: UserWarning: Valid config keys have changed in V2:
* 'schema_extra' has been renamed to 'json_schema_extra'
  warnings.warn(message, UserWarning)
/home/hongb/.openclaw/workspace/filebot/backend/venv/lib/python3.12/site-packages/pydantic/_internal/_config.py:383: UserWarning: Valid config keys have changed in V2:
* 'schema_extra' has been renamed to 'json_schema_extra'
  warnings.warn(message, UserWarning)
/home/hongb/.openclaw/workspace/filebot/backend/venv/lib/python3.12/site-packages/pydantic/_internal/_config.py:383: UserWarning: Valid config keys have changed in V2:
* 'schema_extra' has been renamed to 'json_schema_extra'
  warnings.warn(message, UserWarning)
/home/hongb/.openclaw/workspace/filebot/backend/venv/lib/python3.12/site-packages/pydantic/_internal/_config.py:383: UserWarning: Valid config keys have changed in V2:
* 'schema_extra' has been renamed to 'json_schema_extra'
  warnings.warn(message, UserWarning)
/home/hongb/.openclaw/workspace/filebot/backend/venv/lib/python3.12/site-packages/pydantic/_internal/_config.py:383: UserWarning: Valid config keys have changed in V2:
* 'schema_extra' has been renamed to 'json_schema_extra'
  warnings.warn(message, UserWarning)
/home/hongb/.openclaw/workspace/filebot/backend/venv/lib/python3.12/site-packages/pydantic/_internal/_config.py:383: UserWarning: Valid config keys have changed in V2:
* 'schema_extra' has been renamed to 'json_schema_extra'
  warnings.warn(message, UserWarning)
/home/hongb/.openclaw/workspace/filebot/backend/venv/lib/python3.12/site-packages/pydantic/_internal/_config.py:383: UserWarning: Valid config keys have changed in V2:
* 'schema_extra' has been renamed to 'json_schema_extra'
  warnings.warn(message, UserWarning)
/home/hongb/.openclaw/workspace/filebot/backend/venv/lib/python3.12/site-packages/pydantic/_internal/_config.py:383: UserWarning: Valid config keys have changed in V2:
* 'schema_extra' has been renamed to 'json_schema_extra'
  warnings.warn(message, UserWarning)
/home/hongb/.openclaw/workspace/filebot/backend/venv/lib/python3.12/site-packages/pydantic/_internal/_config.py:383: UserWarning: Valid config keys have changed in V2:
* 'schema_extra' has been renamed to 'json_schema_extra'
  warnings.warn(message, UserWarning)
/home/hongb/.openclaw/workspace/filebot/backend/venv/lib/python3.12/site-packages/pydantic/_internal/_config.py:383: UserWarning: Valid config keys have changed in V2:
* 'schema_extra' has been renamed to 'json_schema_extra'
  warnings.warn(message, UserWarning)
/home/hongb/.openclaw/workspace/filebot/backend/venv/lib/python3.12/site-packages/pydantic/_internal/_config.py:383: UserWarning: Valid config keys have changed in V2:
* 'schema_extra' has been renamed to 'json_schema_extra'
  warnings.warn(message, UserWarning)
/home/hongb/.openclaw/workspace/filebot/backend/venv/lib/python3.12/site-packages/pydantic/_internal/_config.py:383: UserWarning: Valid config keys have changed in V2:
* 'schema_extra' has been renamed to 'json_schema_extra'
  warnings.warn(message, UserWarning)
/home/hongb/.openclaw/workspace/filebot/backend/venv/lib/python3.12/site-packages/pydantic/_internal/_config.py:383: UserWarning: Valid config keys have changed in V2:
* 'schema_extra' has been renamed to 'json_schema_extra'
  warnings.warn(message, UserWarning)
/home/hongb/.openclaw/workspace/filebot/backend/venv/lib/python3.12/site-packages/pydantic/_internal/_config.py:383: UserWarning: Valid config keys have changed in V2:
* 'schema_extra' has been renamed to 'json_schema_extra'
  warnings.warn(message, UserWarning)
/home/hongb/.openclaw/workspace/filebot/backend/venv/lib/python3.12/site-packages/pydantic/_internal/_config.py:383: UserWarning: Valid config keys have changed in V2:
* 'schema_extra' has been renamed to 'json_schema_extra'
  warnings.warn(message, UserWarning)
/home/hongb/.openclaw/workspace/filebot/backend/venv/lib/python3.12/site-packages/pydantic/_internal/_config.py:383: UserWarning: Valid config keys have changed in V2:
* 'schema_extra' has been renamed to 'json_schema_extra'
  warnings.warn(message, UserWarning)
/home/hongb/.openclaw/workspace/filebot/backend/venv/lib/python3.12/site-packages/pydantic/_internal/_config.py:383: UserWarning: Valid config keys have changed in V2:
* 'schema_extra' has been renamed to 'json_schema_extra'
  warnings.warn(message, UserWarning)
/home/hongb/.openclaw/workspace/filebot/backend/venv/lib/python3.12/site-packages/pydantic/_internal/_config.py:383: UserWarning: Valid config keys have changed in V2:
* 'schema_extra' has been renamed to 'json_schema_extra'
  warnings.warn(message, UserWarning)
/home/hongb/.openclaw/workspace/filebot/backend/venv/lib/python3.12/site-packages/pydantic/_internal/_config.py:383: UserWarning: Valid config keys have changed in V2:
* 'schema_extra' has been renamed to 'json_schema_extra'
  warnings.warn(message, UserWarning)
/home/hongb/.openclaw/workspace/filebot/backend/venv/lib/python3.12/site-packages/pydantic/_internal/_config.py:383: UserWarning: Valid config keys have changed in V2:
* 'schema_extra' has been renamed to 'json_schema_extra'
  warnings.warn(message, UserWarning)
/home/hongb/.openclaw/workspace/filebot/backend/venv/lib/python3.12/site-packages/pydantic/_internal/_config.py:383: UserWarning: Valid config keys have changed in V2:
* 'schema_extra' has been renamed to 'json_schema_extra'
  warnings.warn(message, UserWarning)
/home/hongb/.openclaw/workspace/filebot/backend/venv/lib/python3.12/site-packages/pydantic/_internal/_config.py:383: UserWarning: Valid config keys have changed in V2:
* 'schema_extra' has been renamed to 'json_schema_extra'
  warnings.warn(message, UserWarning)
/home/hongb/.openclaw/workspace/filebot/backend/venv/lib/python3.12/site-packages/pydantic/_internal/_config.py:383: UserWarning: Valid config keys have changed in V2:
* 'schema_extra' has been renamed to 'json_schema_extra'
  warnings.warn(message, UserWarning)
/home/hongb/.openclaw/workspace/filebot/backend/venv/lib/python3.12/site-packages/pydantic/_internal/_config.py:383: UserWarning: Valid config keys have changed in V2:
* 'schema_extra' has been renamed to 'json_schema_extra'
  warnings.warn(message, UserWarning)
/home/hongb/.openclaw/workspace/filebot/backend/venv/lib/python3.12/site-packages/pydantic/_internal/_config.py:383: UserWarning: Valid config keys have changed in V2:
* 'orm_mode' has been renamed to 'from_attributes'
  warnings.warn(message, UserWarning)
INFO:     127.0.0.1:52900 - "GET /api/openapi.json HTTP/1.1" 200 OK
INFO:     127.0.0.1:51428 - "POST /api/v1/auth/login HTTP/1.1" 200 OK
INFO:     127.0.0.1:40056 - "POST /api/v1/ai/crawl-website HTTP/1.1" 422 Unprocessable Entity
INFO:     127.0.0.1:40068 - "GET /api/v1/folders HTTP/1.1" 307 Temporary Redirect
INFO:     127.0.0.1:50224 - "POST /api/v1/folders HTTP/1.1" 307 Temporary Redirect
INFO:     127.0.0.1:42316 - "GET / HTTP/1.1" 200 OK
INFO:     127.0.0.1:57688 - "GET /api/v1/folders HTTP/1.1" 307 Temporary Redirect
INFO:     127.0.0.1:54660 - "GET /api/v1/folders HTTP/1.1" 307 Temporary Redirect
2026-03-30 16:28:31,275 - app.routers.ai - INFO - 创建爬取任务: crawl_de42f1568a20, URL: https://www.canada.ca/en.html, 文件夹: Public Documents
INFO:     127.0.0.1:50448 - "POST /api/v1/ai/crawl-website HTTP/1.1" 200 OK
2026-03-30 16:28:31,279 - app.routers.ai - INFO - 开始爬取网站: https://www.canada.ca/en.html, 深度: 1, 任务ID: crawl_de42f1568a20
2026-03-30 16:28:31,299 - app.ai.website_crawler - INFO - 开始后台爬取任务 crawl_de42f1568a20: https://www.canada.ca/en.html
2026-03-30 16:28:31,315 - app.ai.website_crawler - INFO - 开始爬取网站: https://www.canada.ca/en.html, 深度: 1, 文件夹: Public Documents
/home/hongb/.openclaw/workspace/filebot/backend/venv/lib/python3.12/site-packages/urllib3/connectionpool.py:1097: InsecureRequestWarning: Unverified HTTPS request is being made to host 'www.canada.ca'. Adding certificate verification is strongly advised. See: https://urllib3.readthedocs.io/en/latest/advanced-usage.html#tls-warnings
  warnings.warn(
2026-03-30 16:28:31,577 - app.ai.website_crawler - INFO - 找到robots.txt: https://www.canada.ca/robots.txt
2026-03-30 16:28:31,577 - app.ai.website_crawler - INFO - 爬取: https://www.canada.ca/en.html (深度 0/1)
/home/hongb/.openclaw/workspace/filebot/backend/venv/lib/python3.12/site-packages/urllib3/connectionpool.py:1097: InsecureRequestWarning: Unverified HTTPS request is being made to host 'www.canada.ca'. Adding certificate verification is strongly advised. See: https://urllib3.readthedocs.io/en/latest/advanced-usage.html#tls-warnings
  warnings.warn(
2026-03-30 16:28:31,728 - app.ai.website_crawler - INFO - create_document: html_content 类型: <class 'str'>, 长度: 38193, 非空: True, 去空后非空: True
2026-03-30 16:28:31,728 - app.ai.website_crawler - INFO - 使用html_content参数，长度: 38193
2026-03-30 16:28:31,729 - app.ai.website_crawler - INFO - 保存HTML内容成功: en.html, 大小: 38209 字节
2026-03-30 16:28:31,756 - app.ai.website_crawler - INFO - 创建文档成功: ID=877ec88c-465e-47b9-866a-4165014f5009, 标题='Home - Canada.ca', 文件='en.html'
2026-03-30 16:28:31,756 - app.ai.website_crawler - INFO - 文档保存成功: ID=877ec88c-465e-47b9-866a-4165014f5009, 标题='Home - Canada.ca'
2026-03-30 16:28:31,756 - app.ai.website_crawler - INFO - 成功爬取并保存页面: Home - Canada.ca
/home/hongb/.openclaw/workspace/filebot/backend/venv/lib/python3.12/site-packages/urllib3/connectionpool.py:1097: InsecureRequestWarning: Unverified HTTPS request is being made to host 'www.canada.ca'. Adding certificate verification is strongly advised. See: https://urllib3.readthedocs.io/en/latest/advanced-usage.html#tls-warnings
  warnings.warn(
2026-03-30 16:28:31,788 - app.ai.website_crawler - INFO - URL路径解析: https://www.canada.ca/etc/designs/canada/wet-boew/assets/sig-blk-en.svg -> 路径段: ['etc', 'designs', 'canada', 'wet-boew', 'assets']
2026-03-30 16:28:31,791 - app.ai.website_crawler - INFO - 创建子文件夹: etc (原始路径段: etc)，父文件夹: Public Documents
2026-03-30 16:28:31,801 - app.ai.website_crawler - INFO - 创建子文件夹: designs (原始路径段: designs)，父文件夹: etc
2026-03-30 16:28:31,808 - app.ai.website_crawler - INFO - 创建子文件夹: canada (原始路径段: canada)，父文件夹: designs
2026-03-30 16:28:31,814 - app.ai.website_crawler - INFO - 创建子文件夹: wet-boew (原始路径段: wet-boew)，父文件夹: canada
2026-03-30 16:28:31,820 - app.ai.website_crawler - INFO - 创建子文件夹: assets (原始路径段: assets)，父文件夹: wet-boew
2026-03-30 16:28:31,825 - app.ai.website_crawler - INFO - URL https://www.canada.ca/etc/designs/canada/wet-boew/assets/sig-blk-en.svg 对应的文件夹ID: 1db85ea0-9566-4ea1-ab15-444914ef3667
2026-03-30 16:28:31,834 - app.ai.website_crawler - INFO - 图片下载成功: sig-blk-en.svg (10060 bytes)
/home/hongb/.openclaw/workspace/filebot/backend/venv/lib/python3.12/site-packages/urllib3/connectionpool.py:1097: InsecureRequestWarning: Unverified HTTPS request is being made to host 'www.canada.ca'. Adding certificate verification is strongly advised. See: https://urllib3.readthedocs.io/en/latest/advanced-usage.html#tls-warnings
  warnings.warn(
2026-03-30 16:28:31,874 - app.ai.website_crawler - INFO - URL路径解析: https://www.canada.ca/content/dam/canada/activities/20260304-1-520x200.jpg -> 路径段: ['content', 'dam', 'canada', 'activities']
2026-03-30 16:28:31,874 - app.ai.website_crawler - INFO - 创建子文件夹: content (原始路径段: content)，父文件夹: Public Documents
2026-03-30 16:28:31,881 - app.ai.website_crawler - INFO - 创建子文件夹: dam (原始路径段: dam)，父文件夹: content
2026-03-30 16:28:31,886 - app.ai.website_crawler - INFO - 创建子文件夹: canada (原始路径段: canada)，父文件夹: dam
2026-03-30 16:28:31,891 - app.ai.website_crawler - INFO - 创建子文件夹: activities (原始路径段: activities)，父文件夹: canada
2026-03-30 16:28:31,895 - app.ai.website_crawler - INFO - URL https://www.canada.ca/content/dam/canada/activities/20260304-1-520x200.jpg 对应的文件夹ID: 3925666b-c6b0-43b6-aa2a-1790493d233c
2026-03-30 16:28:31,904 - app.ai.website_crawler - INFO - 图片下载成功: 20260304-1-520x200.jpg (16595 bytes)
/home/hongb/.openclaw/workspace/filebot/backend/venv/lib/python3.12/site-packages/urllib3/connectionpool.py:1097: InsecureRequestWarning: Unverified HTTPS request is being made to host 'www.canada.ca'. Adding certificate verification is strongly advised. See: https://urllib3.readthedocs.io/en/latest/advanced-usage.html#tls-warnings
  warnings.warn(
2026-03-30 16:28:31,946 - app.ai.website_crawler - INFO - URL路径解析: https://www.canada.ca/content/dam/canada/activities/20260316-1-520x200.jpg -> 路径段: ['content', 'dam', 'canada', 'activities']
2026-03-30 16:28:31,947 - app.ai.website_crawler - INFO - URL https://www.canada.ca/content/dam/canada/activities/20260316-1-520x200.jpg 对应的文件夹ID: 3925666b-c6b0-43b6-aa2a-1790493d233c
2026-03-30 16:28:31,955 - app.ai.website_crawler - INFO - 图片下载成功: 20260316-1-520x200.jpg (34067 bytes)
/home/hongb/.openclaw/workspace/filebot/backend/venv/lib/python3.12/site-packages/urllib3/connectionpool.py:1097: InsecureRequestWarning: Unverified HTTPS request is being made to host 'www.canada.ca'. Adding certificate verification is strongly advised. See: https://urllib3.readthedocs.io/en/latest/advanced-usage.html#tls-warnings
  warnings.warn(
2026-03-30 16:28:32,004 - app.ai.website_crawler - INFO - URL路径解析: https://www.canada.ca/content/dam/canada/activities/20251202-2-520x200.jpg -> 路径段: ['content', 'dam', 'canada', 'activities']
2026-03-30 16:28:32,005 - app.ai.website_crawler - INFO - URL https://www.canada.ca/content/dam/canada/activities/20251202-2-520x200.jpg 对应的文件夹ID: 3925666b-c6b0-43b6-aa2a-1790493d233c
2026-03-30 16:28:32,012 - app.ai.website_crawler - INFO - 图片下载成功: 20251202-2-520x200.jpg (38979 bytes)
/home/hongb/.openclaw/workspace/filebot/backend/venv/lib/python3.12/site-packages/urllib3/connectionpool.py:1097: InsecureRequestWarning: Unverified HTTPS request is being made to host 'www.canada.ca'. Adding certificate verification is strongly advised. See: https://urllib3.readthedocs.io/en/latest/advanced-usage.html#tls-warnings
  warnings.warn(
2026-03-30 16:28:32,047 - app.ai.website_crawler - INFO - URL路径解析: https://www.canada.ca/content/dam/canada/activities/20251127-1-520x200.jpg -> 路径段: ['content', 'dam', 'canada', 'activities']
2026-03-30 16:28:32,048 - app.ai.website_crawler - INFO - URL https://www.canada.ca/content/dam/canada/activities/20251127-1-520x200.jpg 对应的文件夹ID: 3925666b-c6b0-43b6-aa2a-1790493d233c
2026-03-30 16:28:32,054 - app.ai.website_crawler - INFO - 图片下载成功: 20251127-1-520x200.jpg (42765 bytes)
/home/hongb/.openclaw/workspace/filebot/backend/venv/lib/python3.12/site-packages/urllib3/connectionpool.py:1097: InsecureRequestWarning: Unverified HTTPS request is being made to host 'www.canada.ca'. Adding certificate verification is strongly advised. See: https://urllib3.readthedocs.io/en/latest/advanced-usage.html#tls-warnings
  warnings.warn(
2026-03-30 16:28:32,094 - app.ai.website_crawler - INFO - URL路径解析: https://www.canada.ca/content/dam/canada/activities/20260302-1-520x200.jpg -> 路径段: ['content', 'dam', 'canada', 'activities']
2026-03-30 16:28:32,095 - app.ai.website_crawler - INFO - URL https://www.canada.ca/content/dam/canada/activities/20260302-1-520x200.jpg 对应的文件夹ID: 3925666b-c6b0-43b6-aa2a-1790493d233c
2026-03-30 16:28:32,101 - app.ai.website_crawler - INFO - 图片下载成功: 20260302-1-520x200.jpg (15911 bytes)
/home/hongb/.openclaw/workspace/filebot/backend/venv/lib/python3.12/site-packages/urllib3/connectionpool.py:1097: InsecureRequestWarning: Unverified HTTPS request is being made to host 'www.canada.ca'. Adding certificate verification is strongly advised. See: https://urllib3.readthedocs.io/en/latest/advanced-usage.html#tls-warnings
  warnings.warn(
2026-03-30 16:28:32,134 - app.ai.website_crawler - INFO - URL路径解析: https://www.canada.ca/content/dam/canada/activities/20260302-4-520x200.jpg -> 路径段: ['content', 'dam', 'canada', 'activities']
2026-03-30 16:28:32,135 - app.ai.website_crawler - INFO - URL https://www.canada.ca/content/dam/canada/activities/20260302-4-520x200.jpg 对应的文件夹ID: 3925666b-c6b0-43b6-aa2a-1790493d233c
2026-03-30 16:28:32,142 - app.ai.website_crawler - INFO - 图片下载成功: 20260302-4-520x200.jpg (25967 bytes)
/home/hongb/.openclaw/workspace/filebot/backend/venv/lib/python3.12/site-packages/urllib3/connectionpool.py:1097: InsecureRequestWarning: Unverified HTTPS request is being made to host 'www.canada.ca'. Adding certificate verification is strongly advised. See: https://urllib3.readthedocs.io/en/latest/advanced-usage.html#tls-warnings
  warnings.warn(
2026-03-30 16:28:32,177 - app.ai.website_crawler - INFO - URL路径解析: https://www.canada.ca/content/dam/canada/activities/20260310-2-520x200.jpg -> 路径段: ['content', 'dam', 'canada', 'activities']
2026-03-30 16:28:32,178 - app.ai.website_crawler - INFO - URL https://www.canada.ca/content/dam/canada/activities/20260310-2-520x200.jpg 对应的文件夹ID: 3925666b-c6b0-43b6-aa2a-1790493d233c
2026-03-30 16:28:32,185 - app.ai.website_crawler - INFO - 图片下载成功: 20260310-2-520x200.jpg (53956 bytes)
/home/hongb/.openclaw/workspace/filebot/backend/venv/lib/python3.12/site-packages/urllib3/connectionpool.py:1097: InsecureRequestWarning: Unverified HTTPS request is being made to host 'www.canada.ca'. Adding certificate verification is strongly advised. See: https://urllib3.readthedocs.io/en/latest/advanced-usage.html#tls-warnings
  warnings.warn(
2026-03-30 16:28:32,216 - app.ai.website_crawler - INFO - URL路径解析: https://www.canada.ca/content/dam/canada/activities/20260316-2-520x200.jpg -> 路径段: ['content', 'dam', 'canada', 'activities']
2026-03-30 16:28:32,217 - app.ai.website_crawler - INFO - URL https://www.canada.ca/content/dam/canada/activities/20260316-2-520x200.jpg 对应的文件夹ID: 3925666b-c6b0-43b6-aa2a-1790493d233c
2026-03-30 16:28:32,224 - app.ai.website_crawler - INFO - 图片下载成功: 20260316-2-520x200.jpg (40861 bytes)
/home/hongb/.openclaw/workspace/filebot/backend/venv/lib/python3.12/site-packages/urllib3/connectionpool.py:1097: InsecureRequestWarning: Unverified HTTPS request is being made to host 'www.canada.ca'. Adding certificate verification is strongly advised. See: https://urllib3.readthedocs.io/en/latest/advanced-usage.html#tls-warnings
  warnings.warn(
2026-03-30 16:28:32,260 - app.ai.website_crawler - INFO - URL路径解析: https://www.canada.ca/content/dam/canada/activities/20260218-1-520x200.jpg -> 路径段: ['content', 'dam', 'canada', 'activities']
2026-03-30 16:28:32,261 - app.ai.website_crawler - INFO - URL https://www.canada.ca/content/dam/canada/activities/20260218-1-520x200.jpg 对应的文件夹ID: 3925666b-c6b0-43b6-aa2a-1790493d233c
2026-03-30 16:28:32,268 - app.ai.website_crawler - INFO - 图片下载成功: 20260218-1-520x200.jpg (59693 bytes)
/home/hongb/.openclaw/workspace/filebot/backend/venv/lib/python3.12/site-packages/urllib3/connectionpool.py:1097: InsecureRequestWarning: Unverified HTTPS request is being made to host 'www.canada.ca'. Adding certificate verification is strongly advised. See: https://urllib3.readthedocs.io/en/latest/advanced-usage.html#tls-warnings
  warnings.warn(
2026-03-30 16:28:32,323 - app.ai.website_crawler - INFO - URL路径解析: https://www.canada.ca/content/dam/canada/activities/20260309-1-520x200.jpg -> 路径段: ['content', 'dam', 'canada', 'activities']
2026-03-30 16:28:32,324 - app.ai.website_crawler - INFO - URL https://www.canada.ca/content/dam/canada/activities/20260309-1-520x200.jpg 对应的文件夹ID: 3925666b-c6b0-43b6-aa2a-1790493d233c
2026-03-30 16:28:32,330 - app.ai.website_crawler - INFO - 图片下载成功: 20260309-1-520x200.jpg (82229 bytes)
/home/hongb/.openclaw/workspace/filebot/backend/venv/lib/python3.12/site-packages/urllib3/connectionpool.py:1097: InsecureRequestWarning: Unverified HTTPS request is being made to host 'www.canada.ca'. Adding certificate verification is strongly advised. See: https://urllib3.readthedocs.io/en/latest/advanced-usage.html#tls-warnings
  warnings.warn(
2026-03-30 16:28:32,363 - app.ai.website_crawler - INFO - URL路径解析: https://www.canada.ca/content/dam/canada/activities/20260202-1-520x200.jpg -> 路径段: ['content', 'dam', 'canada', 'activities']
2026-03-30 16:28:32,365 - app.ai.website_crawler - INFO - URL https://www.canada.ca/content/dam/canada/activities/20260202-1-520x200.jpg 对应的文件夹ID: 3925666b-c6b0-43b6-aa2a-1790493d233c
2026-03-30 16:28:32,372 - app.ai.website_crawler - INFO - 图片下载成功: 20260202-1-520x200.jpg (58436 bytes)
/home/hongb/.openclaw/workspace/filebot/backend/venv/lib/python3.12/site-packages/urllib3/connectionpool.py:1097: InsecureRequestWarning: Unverified HTTPS request is being made to host 'www.canada.ca'. Adding certificate verification is strongly advised. See: https://urllib3.readthedocs.io/en/latest/advanced-usage.html#tls-warnings
  warnings.warn(
2026-03-30 16:28:32,401 - app.ai.website_crawler - INFO - URL路径解析: https://www.canada.ca/content/dam/canada/activities/20260130-6-520x200.jpg -> 路径段: ['content', 'dam', 'canada', 'activities']
2026-03-30 16:28:32,402 - app.ai.website_crawler - INFO - URL https://www.canada.ca/content/dam/canada/activities/20260130-6-520x200.jpg 对应的文件夹ID: 3925666b-c6b0-43b6-aa2a-1790493d233c
2026-03-30 16:28:32,412 - app.ai.website_crawler - INFO - 图片下载成功: 20260130-6-520x200.jpg (31868 bytes)
/home/hongb/.openclaw/workspace/filebot/backend/venv/lib/python3.12/site-packages/urllib3/connectionpool.py:1097: InsecureRequestWarning: Unverified HTTPS request is being made to host 'www.canada.ca'. Adding certificate verification is strongly advised. See: https://urllib3.readthedocs.io/en/latest/advanced-usage.html#tls-warnings
  warnings.warn(
2026-03-30 16:28:32,440 - app.ai.website_crawler - INFO - URL路径解析: https://www.canada.ca/content/dam/canada/activities/20231121-4-520x200.jpg -> 路径段: ['content', 'dam', 'canada', 'activities']
2026-03-30 16:28:32,441 - app.ai.website_crawler - INFO - URL https://www.canada.ca/content/dam/canada/activities/20231121-4-520x200.jpg 对应的文件夹ID: 3925666b-c6b0-43b6-aa2a-1790493d233c
2026-03-30 16:28:32,449 - app.ai.website_crawler - INFO - 图片下载成功: 20231121-4-520x200.jpg (33895 bytes)
/home/hongb/.openclaw/workspace/filebot/backend/venv/lib/python3.12/site-packages/urllib3/connectionpool.py:1097: InsecureRequestWarning: Unverified HTTPS request is being made to host 'www.canada.ca'. Adding certificate verification is strongly advised. See: https://urllib3.readthedocs.io/en/latest/advanced-usage.html#tls-warnings
  warnings.warn(
2026-03-30 16:28:32,487 - app.ai.website_crawler - INFO - URL路径解析: https://www.canada.ca/content/dam/canada/activities/20260306-1-520x200.jpg -> 路径段: ['content', 'dam', 'canada', 'activities']
2026-03-30 16:28:32,489 - app.ai.website_crawler - INFO - URL https://www.canada.ca/content/dam/canada/activities/20260306-1-520x200.jpg 对应的文件夹ID: 3925666b-c6b0-43b6-aa2a-1790493d233c
2026-03-30 16:28:32,495 - app.ai.website_crawler - INFO - 图片下载成功: 20260306-1-520x200.jpg (40694 bytes)
/home/hongb/.openclaw/workspace/filebot/backend/venv/lib/python3.12/site-packages/urllib3/connectionpool.py:1097: InsecureRequestWarning: Unverified HTTPS request is being made to host 'www.canada.ca'. Adding certificate verification is strongly advised. See: https://urllib3.readthedocs.io/en/latest/advanced-usage.html#tls-warnings
  warnings.warn(
2026-03-30 16:28:32,539 - app.ai.website_crawler - INFO - URL路径解析: https://www.canada.ca/content/dam/canada/activities/20260127-1-520x200.jpg -> 路径段: ['content', 'dam', 'canada', 'activities']
2026-03-30 16:28:32,541 - app.ai.website_crawler - INFO - URL https://www.canada.ca/content/dam/canada/activities/20260127-1-520x200.jpg 对应的文件夹ID: 3925666b-c6b0-43b6-aa2a-1790493d233c
2026-03-30 16:28:32,548 - app.ai.website_crawler - INFO - 图片下载成功: 20260127-1-520x200.jpg (16871 bytes)
/home/hongb/.openclaw/workspace/filebot/backend/venv/lib/python3.12/site-packages/urllib3/connectionpool.py:1097: InsecureRequestWarning: Unverified HTTPS request is being made to host 'www.canada.ca'. Adding certificate verification is strongly advised. See: https://urllib3.readthedocs.io/en/latest/advanced-usage.html#tls-warnings
  warnings.warn(
2026-03-30 16:28:32,594 - app.ai.website_crawler - INFO - URL路径解析: https://www.canada.ca/content/dam/canada/activities/20260302-5-520x200.jpg -> 路径段: ['content', 'dam', 'canada', 'activities']
2026-03-30 16:28:32,596 - app.ai.website_crawler - INFO - URL https://www.canada.ca/content/dam/canada/activities/20260302-5-520x200.jpg 对应的文件夹ID: 3925666b-c6b0-43b6-aa2a-1790493d233c
2026-03-30 16:28:32,603 - app.ai.website_crawler - INFO - 图片下载成功: 20260302-5-520x200.jpg (24048 bytes)
/home/hongb/.openclaw/workspace/filebot/backend/venv/lib/python3.12/site-packages/urllib3/connectionpool.py:1097: InsecureRequestWarning: Unverified HTTPS request is being made to host 'www.canada.ca'. Adding certificate verification is strongly advised. See: https://urllib3.readthedocs.io/en/latest/advanced-usage.html#tls-warnings
  warnings.warn(
2026-03-30 16:28:32,637 - app.ai.website_crawler - INFO - URL路径解析: https://www.canada.ca/etc/designs/canada/wet-boew/assets/wmms-blk.svg -> 路径段: ['etc', 'designs', 'canada', 'wet-boew', 'assets']
2026-03-30 16:28:32,638 - app.ai.website_crawler - INFO - URL https://www.canada.ca/etc/designs/canada/wet-boew/assets/wmms-blk.svg 对应的文件夹ID: 1db85ea0-9566-4ea1-ab15-444914ef3667
2026-03-30 16:28:32,644 - app.ai.website_crawler - INFO - 图片下载成功: wmms-blk.svg (4768 bytes)
2026-03-30 16:28:32,655 - app.ai.website_crawler - INFO - 爬取: https://www.canada.ca/en/services/benefits.html (深度 1/1)
/home/hongb/.openclaw/workspace/filebot/backend/venv/lib/python3.12/site-packages/urllib3/connectionpool.py:1097: InsecureRequestWarning: Unverified HTTPS request is being made to host 'www.canada.ca'. Adding certificate verification is strongly advised. See: https://urllib3.readthedocs.io/en/latest/advanced-usage.html#tls-warnings
  warnings.warn(
2026-03-30 16:28:33,757 - app.ai.website_crawler - INFO - URL路径解析: https://www.canada.ca/en/services/benefits.html -> 路径段: ['en', 'services']
2026-03-30 16:28:33,757 - app.ai.website_crawler - INFO - 创建子文件夹: en (原始路径段: en)，父文件夹: Public Documents
2026-03-30 16:28:33,764 - app.ai.website_crawler - INFO - 创建子文件夹: services (原始路径段: services)，父文件夹: en
2026-03-30 16:28:33,770 - app.ai.website_crawler - INFO - URL https://www.canada.ca/en/services/benefits.html 对应的文件夹ID: 1197c708-bcf1-48ae-b342-0ee5237a7493
2026-03-30 16:28:33,772 - app.ai.website_crawler - INFO - create_document: html_content 类型: <class 'str'>, 长度: 27908, 非空: True, 去空后非空: True
2026-03-30 16:28:33,772 - app.ai.website_crawler - INFO - 使用html_content参数，长度: 27908
2026-03-30 16:28:33,773 - app.ai.website_crawler - INFO - 保存HTML内容成功: benefits.html, 大小: 27912 字节
2026-03-30 16:28:33,778 - app.ai.website_crawler - INFO - 创建文档成功: ID=787517f3-1fbc-4aa7-958c-7e122156d289, 标题='Benefits - Canada.ca', 文件='benefits.html'
2026-03-30 16:28:33,778 - app.ai.website_crawler - INFO - 文档保存成功: ID=787517f3-1fbc-4aa7-958c-7e122156d289, 标题='Benefits - Canada.ca'
2026-03-30 16:28:33,779 - app.ai.website_crawler - INFO - 成功爬取并保存页面: Benefits - Canada.ca
2026-03-30 16:28:33,779 - app.ai.website_crawler - INFO - 爬取: https://www.canada.ca/en/services/environment.html (深度 1/1)
/home/hongb/.openclaw/workspace/filebot/backend/venv/lib/python3.12/site-packages/urllib3/connectionpool.py:1097: InsecureRequestWarning: Unverified HTTPS request is being made to host 'www.canada.ca'. Adding certificate verification is strongly advised. See: https://urllib3.readthedocs.io/en/latest/advanced-usage.html#tls-warnings
  warnings.warn(
2026-03-30 16:28:33,878 - app.ai.website_crawler - INFO - URL路径解析: https://www.canada.ca/en/services/environment.html -> 路径段: ['en', 'services']
2026-03-30 16:28:33,878 - app.ai.website_crawler - INFO - URL https://www.canada.ca/en/services/environment.html 对应的文件夹ID: 1197c708-bcf1-48ae-b342-0ee5237a7493
2026-03-30 16:28:33,880 - app.ai.website_crawler - INFO - create_document: html_content 类型: <class 'str'>, 长度: 25999, 非空: True, 去空后非空: True
2026-03-30 16:28:33,880 - app.ai.website_crawler - INFO - 使用html_content参数，长度: 25999
2026-03-30 16:28:33,880 - app.ai.website_crawler - INFO - 保存HTML内容成功: environment.html, 大小: 26003 字节
2026-03-30 16:28:33,889 - app.ai.website_crawler - INFO - 创建文档成功: ID=e08a49b1-0a0b-4b36-bfb9-62a1290cc86f, 标题='Environment and natural resources - Canada.ca', 文件='environment.html'
2026-03-30 16:28:33,889 - app.ai.website_crawler - INFO - 文档保存成功: ID=e08a49b1-0a0b-4b36-bfb9-62a1290cc86f, 标题='Environment and natural resources - Canada.ca'
2026-03-30 16:28:33,889 - app.ai.website_crawler - INFO - 成功爬取并保存页面: Environment and natural resources - Canada.ca
2026-03-30 16:28:33,889 - app.ai.website_crawler - INFO - 爬取: https://www.canada.ca/en/services/life-events.html (深度 1/1)
/home/hongb/.openclaw/workspace/filebot/backend/venv/lib/python3.12/site-packages/urllib3/connectionpool.py:1097: InsecureRequestWarning: Unverified HTTPS request is being made to host 'www.canada.ca'. Adding certificate verification is strongly advised. See: https://urllib3.readthedocs.io/en/latest/advanced-usage.html#tls-warnings
  warnings.warn(
2026-03-30 16:28:33,979 - app.ai.website_crawler - INFO - URL路径解析: https://www.canada.ca/en/services/life-events.html -> 路径段: ['en', 'services']
2026-03-30 16:28:33,980 - app.ai.website_crawler - INFO - URL https://www.canada.ca/en/services/life-events.html 对应的文件夹ID: 1197c708-bcf1-48ae-b342-0ee5237a7493
2026-03-30 16:28:33,982 - app.ai.website_crawler - INFO - create_document: html_content 类型: <class 'str'>, 长度: 21830, 非空: True, 去空后非空: True
2026-03-30 16:28:33,982 - app.ai.website_crawler - INFO - 使用html_content参数，长度: 21830
2026-03-30 16:28:33,982 - app.ai.website_crawler - INFO - 保存HTML内容成功: life-events.html, 大小: 21830 字节
2026-03-30 16:28:33,989 - app.ai.website_crawler - INFO - 创建文档成功: ID=58403591-bb00-4b8c-8c5b-c1d850790624, 标题='Manage life events - Canada.ca', 文件='life-events.html'
2026-03-30 16:28:33,989 - app.ai.website_crawler - INFO - 文档保存成功: ID=58403591-bb00-4b8c-8c5b-c1d850790624, 标题='Manage life events - Canada.ca'
2026-03-30 16:28:33,989 - app.ai.website_crawler - INFO - 成功爬取并保存页面: Manage life events - Canada.ca
2026-03-30 16:28:33,989 - app.ai.website_crawler - INFO - 爬取: https://www.canada.ca/en/public-health/services/diseases/measles.html?utm_source=pco-landingpage&utm_medium=feature&utm_content=enhc&utm_campaign=hc-sc-campaignpco25-26 (深度 1/1)
/home/hongb/.openclaw/workspace/filebot/backend/venv/lib/python3.12/site-packages/urllib3/connectionpool.py:1097: InsecureRequestWarning: Unverified HTTPS request is being made to host 'www.canada.ca'. Adding certificate verification is strongly advised. See: https://urllib3.readthedocs.io/en/latest/advanced-usage.html#tls-warnings
  warnings.warn(
2026-03-30 16:28:34,097 - app.ai.website_crawler - INFO - URL路径解析: https://www.canada.ca/en/public-health/services/diseases/measles.html?utm_source=pco-landingpage&utm_medium=feature&utm_content=enhc&utm_campaign=hc-sc-campaignpco25-26 -> 路径段: ['en', 'public-health', 'services', 'diseases']
2026-03-30 16:28:34,097 - app.ai.website_crawler - INFO - 创建子文件夹: public-health (原始路径段: public-health)，父文件夹: en
2026-03-30 16:28:34,105 - app.ai.website_crawler - INFO - 创建子文件夹: services (原始路径段: services)，父文件夹: public-health
2026-03-30 16:28:34,109 - app.ai.website_crawler - INFO - 创建子文件夹: diseases (原始路径段: diseases)，父文件夹: services
2026-03-30 16:28:34,114 - app.ai.website_crawler - INFO - URL https://www.canada.ca/en/public-health/services/diseases/measles.html?utm_source=pco-landingpage&utm_medium=feature&utm_content=enhc&utm_campaign=hc-sc-campaignpco25-26 对应的文件夹ID: 5ee5e613-0fe3-405a-9ebf-31313f4db006
2026-03-30 16:28:34,115 - app.ai.website_crawler - INFO - create_document: html_content 类型: <class 'str'>, 长度: 27823, 非空: True, 去空后非空: True
2026-03-30 16:28:34,115 - app.ai.website_crawler - INFO - 使用html_content参数，长度: 27823
2026-03-30 16:28:34,115 - app.ai.website_crawler - INFO - 保存HTML内容成功: measles.html, 大小: 27823 字节
2026-03-30 16:28:34,120 - app.ai.website_crawler - INFO - 创建文档成功: ID=60c8f588-ca98-47ed-8ed5-dfa304b95afd, 标题='Measles: Symptoms and treatment - Canada.ca', 文件='measles.html'
2026-03-30 16:28:34,120 - app.ai.website_crawler - INFO - 文档保存成功: ID=60c8f588-ca98-47ed-8ed5-dfa304b95afd, 标题='Measles: Symptoms and treatment - Canada.ca'
2026-03-30 16:28:34,120 - app.ai.website_crawler - INFO - 成功爬取并保存页面: Measles: Symptoms and treatment - Canada.ca
2026-03-30 16:28:34,124 - app.ai.website_crawler - INFO - 爬取: https://www.canada.ca/en/immigration-refugees-citizenship/services/visit-canada.html (深度 1/1)
/home/hongb/.openclaw/workspace/filebot/backend/venv/lib/python3.12/site-packages/urllib3/connectionpool.py:1097: InsecureRequestWarning: Unverified HTTPS request is being made to host 'www.canada.ca'. Adding certificate verification is strongly advised. See: https://urllib3.readthedocs.io/en/latest/advanced-usage.html#tls-warnings
  warnings.warn(
2026-03-30 16:28:34,164 - app.ai.website_crawler - INFO - URL路径解析: https://www.canada.ca/en/immigration-refugees-citizenship/services/visit-canada.html -> 路径段: ['en', 'immigration-refugees-citizenship', 'services']
2026-03-30 16:28:34,165 - app.ai.website_crawler - INFO - 创建子文件夹: immigration-refugees-citizenship (原始路径段: immigration-refugees-citizenship)，父文件夹: en
2026-03-30 16:28:34,170 - app.ai.website_crawler - INFO - 创建子文件夹: services (原始路径段: services)，父文件夹: immigration-refugees-citizenship
2026-03-30 16:28:34,175 - app.ai.website_crawler - INFO - URL https://www.canada.ca/en/immigration-refugees-citizenship/services/visit-canada.html 对应的文件夹ID: 93ab501f-8557-468e-ad62-da383b8cd457
2026-03-30 16:28:34,177 - app.ai.website_crawler - INFO - create_document: html_content 类型: <class 'str'>, 长度: 32733, 非空: True, 去空后非空: True
2026-03-30 16:28:34,177 - app.ai.website_crawler - INFO - 使用html_content参数，长度: 32733
2026-03-30 16:28:34,177 - app.ai.website_crawler - INFO - 保存HTML内容成功: visit-canada.html, 大小: 32741 字节
2026-03-30 16:28:34,182 - app.ai.website_crawler - INFO - 创建文档成功: ID=64e88299-be21-4bc7-b75b-5f3a0b74428e, 标题='Visit Canada - Canada.ca', 文件='visit-canada.html'
2026-03-30 16:28:34,182 - app.ai.website_crawler - INFO - 文档保存成功: ID=64e88299-be21-4bc7-b75b-5f3a0b74428e, 标题='Visit Canada - Canada.ca'
2026-03-30 16:28:34,182 - app.ai.website_crawler - INFO - 成功爬取并保存页面: Visit Canada - Canada.ca
2026-03-30 16:28:34,182 - app.ai.website_crawler - INFO - 爬取: https://www.canada.ca/en/services/defence.html (深度 1/1)
/home/hongb/.openclaw/workspace/filebot/backend/venv/lib/python3.12/site-packages/urllib3/connectionpool.py:1097: InsecureRequestWarning: Unverified HTTPS request is being made to host 'www.canada.ca'. Adding certificate verification is strongly advised. See: https://urllib3.readthedocs.io/en/latest/advanced-usage.html#tls-warnings
  warnings.warn(
2026-03-30 16:28:34,252 - app.ai.website_crawler - INFO - URL路径解析: https://www.canada.ca/en/services/defence.html -> 路径段: ['en', 'services']
2026-03-30 16:28:34,253 - app.ai.website_crawler - INFO - URL https://www.canada.ca/en/services/defence.html 对应的文件夹ID: 1197c708-bcf1-48ae-b342-0ee5237a7493
2026-03-30 16:28:34,254 - app.ai.website_crawler - INFO - create_document: html_content 类型: <class 'str'>, 长度: 22915, 非空: True, 去空后非空: True
2026-03-30 16:28:34,254 - app.ai.website_crawler - INFO - 使用html_content参数，长度: 22915
2026-03-30 16:28:34,254 - app.ai.website_crawler - INFO - 保存HTML内容成功: defence.html, 大小: 22921 字节
2026-03-30 16:28:34,261 - app.ai.website_crawler - INFO - 创建文档成功: ID=346141e6-968a-490d-8a62-5be796f61b49, 标题='National security and defence - Canada.ca', 文件='defence.html'
2026-03-30 16:28:34,261 - app.ai.website_crawler - INFO - 文档保存成功: ID=346141e6-968a-490d-8a62-5be796f61b49, 标题='National security and defence - Canada.ca'
2026-03-30 16:28:34,261 - app.ai.website_crawler - INFO - 成功爬取并保存页面: National security and defence - Canada.ca
2026-03-30 16:28:34,261 - app.ai.website_crawler - INFO - 爬取: https://www.canada.ca/en/government/system/laws.html (深度 1/1)
/home/hongb/.openclaw/workspace/filebot/backend/venv/lib/python3.12/site-packages/urllib3/connectionpool.py:1097: InsecureRequestWarning: Unverified HTTPS request is being made to host 'www.canada.ca'. Adding certificate verification is strongly advised. See: https://urllib3.readthedocs.io/en/latest/advanced-usage.html#tls-warnings
  warnings.warn(
2026-03-30 16:28:34,345 - app.ai.website_crawler - INFO - URL路径解析: https://www.canada.ca/en/government/system/laws.html -> 路径段: ['en', 'government', 'system']
2026-03-30 16:28:34,346 - app.ai.website_crawler - INFO - 创建子文件夹: government (原始路径段: government)，父文件夹: en
2026-03-30 16:28:34,353 - app.ai.website_crawler - INFO - 创建子文件夹: system (原始路径段: system)，父文件夹: government
2026-03-30 16:28:34,358 - app.ai.website_crawler - INFO - URL https://www.canada.ca/en/government/system/laws.html 对应的文件夹ID: d40ddd04-1c40-4dd9-9f66-c00822f34c6f
2026-03-30 16:28:34,361 - app.ai.website_crawler - INFO - create_document: html_content 类型: <class 'str'>, 长度: 21162, 非空: True, 去空后非空: True
2026-03-30 16:28:34,361 - app.ai.website_crawler - INFO - 使用html_content参数，长度: 21162
2026-03-30 16:28:34,361 - app.ai.website_crawler - INFO - 保存HTML内容成功: laws.html, 大小: 21162 字节
2026-03-30 16:28:34,366 - app.ai.website_crawler - INFO - 创建文档成功: ID=bef8f054-4360-4095-8c35-b1e2394a14d7, 标题='Treaties, laws and regulations - Canada.ca', 文件='laws.html'
2026-03-30 16:28:34,366 - app.ai.website_crawler - INFO - 文档保存成功: ID=bef8f054-4360-4095-8c35-b1e2394a14d7, 标题='Treaties, laws and regulations - Canada.ca'
2026-03-30 16:28:34,366 - app.ai.website_crawler - INFO - 成功爬取并保存页面: Treaties, laws and regulations - Canada.ca
2026-03-30 16:28:34,366 - app.ai.website_crawler - INFO - 爬取: https://www.canada.ca/en/canadian-heritage/campaigns/soccer-2026.html?utm_campaign=pch-pch-fifa26-2025-2026&utm_medium=canada-ca&utm_source=cdn-bas&utm_content=web-promos-en-260303 (深度 1/1)
/home/hongb/.openclaw/workspace/filebot/backend/venv/lib/python3.12/site-packages/urllib3/connectionpool.py:1097: InsecureRequestWarning: Unverified HTTPS request is being made to host 'www.canada.ca'. Adding certificate verification is strongly advised. See: https://urllib3.readthedocs.io/en/latest/advanced-usage.html#tls-warnings
  warnings.warn(
2026-03-30 16:28:34,478 - app.ai.website_crawler - INFO - URL路径解析: https://www.canada.ca/en/canadian-heritage/campaigns/soccer-2026.html?utm_campaign=pch-pch-fifa26-2025-2026&utm_medium=canada-ca&utm_source=cdn-bas&utm_content=web-promos-en-260303 -> 路径段: ['en', 'canadian-heritage', 'campaigns']
2026-03-30 16:28:34,479 - app.ai.website_crawler - INFO - 创建子文件夹: canadian-heritage (原始路径段: canadian-heritage)，父文件夹: en
2026-03-30 16:28:34,485 - app.ai.website_crawler - INFO - 创建子文件夹: campaigns (原始路径段: campaigns)，父文件夹: canadian-heritage
2026-03-30 16:28:34,490 - app.ai.website_crawler - INFO - URL https://www.canada.ca/en/canadian-heritage/campaigns/soccer-2026.html?utm_campaign=pch-pch-fifa26-2025-2026&utm_medium=canada-ca&utm_source=cdn-bas&utm_content=web-promos-en-260303 对应的文件夹ID: da60933f-92bd-4a43-b542-32a28101adb4
2026-03-30 16:28:34,492 - app.ai.website_crawler - INFO - create_document: html_content 类型: <class 'str'>, 长度: 28964, 非空: True, 去空后非空: True
2026-03-30 16:28:34,492 - app.ai.website_crawler - INFO - 使用html_content参数，长度: 28964
2026-03-30 16:28:34,492 - app.ai.website_crawler - INFO - 保存HTML内容成功: soccer-2026.html, 大小: 29072 字节
2026-03-30 16:28:34,498 - app.ai.website_crawler - INFO - 创建文档成功: ID=b9ef3fca-62a8-480e-a193-6d5078a81ce0, 标题='Canada welcomes the FIFA World Cup 2026™ - Canada.ca', 文件='soccer-2026.html'
2026-03-30 16:28:34,499 - app.ai.website_crawler - INFO - 文档保存成功: ID=b9ef3fca-62a8-480e-a193-6d5078a81ce0, 标题='Canada welcomes the FIFA World Cup 2026™ - Canada.ca'
2026-03-30 16:28:34,499 - app.ai.website_crawler - INFO - 成功爬取并保存页面: Canada welcomes the FIFA World Cup 2026™ - Canada.ca
2026-03-30 16:28:34,499 - app.ai.website_crawler - INFO - 爬取: https://www.canada.ca/en/social.html (深度 1/1)
/home/hongb/.openclaw/workspace/filebot/backend/venv/lib/python3.12/site-packages/urllib3/connectionpool.py:1097: InsecureRequestWarning: Unverified HTTPS request is being made to host 'www.canada.ca'. Adding certificate verification is strongly advised. See: https://urllib3.readthedocs.io/en/latest/advanced-usage.html#tls-warnings
  warnings.warn(
2026-03-30 16:28:34,555 - app.ai.website_crawler - INFO - URL路径解析: https://www.canada.ca/en/social.html -> 路径段: ['en']
2026-03-30 16:28:34,556 - app.ai.website_crawler - INFO - URL https://www.canada.ca/en/social.html 对应的文件夹ID: 0307226e-b96b-4f30-bda5-ef6f86ee8a4d
2026-03-30 16:28:34,557 - app.ai.website_crawler - INFO - create_document: html_content 类型: <class 'str'>, 长度: 19699, 非空: True, 去空后非空: True
2026-03-30 16:28:34,557 - app.ai.website_crawler - INFO - 使用html_content参数，长度: 19699
2026-03-30 16:28:34,558 - app.ai.website_crawler - INFO - 保存HTML内容成功: social.html, 大小: 19700 字节
2026-03-30 16:28:34,564 - app.ai.website_crawler - INFO - 创建文档成功: ID=118cb2bd-43f5-4574-8f5e-c2257f970229, 标题='Social media - Canada.ca', 文件='social.html'
2026-03-30 16:28:34,564 - app.ai.website_crawler - INFO - 文档保存成功: ID=118cb2bd-43f5-4574-8f5e-c2257f970229, 标题='Social media - Canada.ca'
2026-03-30 16:28:34,564 - app.ai.website_crawler - INFO - 成功爬取并保存页面: Social media - Canada.ca
2026-03-30 16:28:34,569 - app.ai.website_crawler - INFO - 爬取: https://www.canada.ca/en/transparency/terms.html (深度 1/1)
/home/hongb/.openclaw/workspace/filebot/backend/venv/lib/python3.12/site-packages/urllib3/connectionpool.py:1097: InsecureRequestWarning: Unverified HTTPS request is being made to host 'www.canada.ca'. Adding certificate verification is strongly advised. See: https://urllib3.readthedocs.io/en/latest/advanced-usage.html#tls-warnings
  warnings.warn(
2026-03-30 16:28:34,638 - app.ai.website_crawler - INFO - URL路径解析: https://www.canada.ca/en/transparency/terms.html -> 路径段: ['en', 'transparency']
2026-03-30 16:28:34,639 - app.ai.website_crawler - INFO - 创建子文件夹: transparency (原始路径段: transparency)，父文件夹: en
2026-03-30 16:28:34,646 - app.ai.website_crawler - INFO - URL https://www.canada.ca/en/transparency/terms.html 对应的文件夹ID: 124a63f4-bce2-4a88-9bfc-06c6f757eccc
2026-03-30 16:28:34,647 - app.ai.website_crawler - INFO - create_document: html_content 类型: <class 'str'>, 长度: 34844, 非空: True, 去空后非空: True
2026-03-30 16:28:34,648 - app.ai.website_crawler - INFO - 使用html_content参数，长度: 34844
2026-03-30 16:28:34,648 - app.ai.website_crawler - INFO - 保存HTML内容成功: terms.html, 大小: 34854 字节
2026-03-30 16:28:34,655 - app.ai.website_crawler - INFO - 创建文档成功: ID=1cbd57af-4ee1-493f-aa36-babd317aea13, 标题='Terms and conditions - Canada.ca', 文件='terms.html'
2026-03-30 16:28:34,655 - app.ai.website_crawler - INFO - 文档保存成功: ID=1cbd57af-4ee1-493f-aa36-babd317aea13, 标题='Terms and conditions - Canada.ca'
2026-03-30 16:28:34,655 - app.ai.website_crawler - INFO - 成功爬取并保存页面: Terms and conditions - Canada.ca
2026-03-30 16:28:34,655 - app.ai.website_crawler - INFO - 爬取: https://www.canada.ca/en/government/about-canada-ca.html (深度 1/1)
/home/hongb/.openclaw/workspace/filebot/backend/venv/lib/python3.12/site-packages/urllib3/connectionpool.py:1097: InsecureRequestWarning: Unverified HTTPS request is being made to host 'www.canada.ca'. Adding certificate verification is strongly advised. See: https://urllib3.readthedocs.io/en/latest/advanced-usage.html#tls-warnings
  warnings.warn(
2026-03-30 16:28:34,755 - app.ai.website_crawler - INFO - URL路径解析: https://www.canada.ca/en/government/about-canada-ca.html -> 路径段: ['en', 'government']
2026-03-30 16:28:34,756 - app.ai.website_crawler - INFO - URL https://www.canada.ca/en/government/about-canada-ca.html 对应的文件夹ID: 8f07fc21-78e9-4872-ab10-8812ef32dc14
2026-03-30 16:28:34,758 - app.ai.website_crawler - INFO - create_document: html_content 类型: <class 'str'>, 长度: 19505, 非空: True, 去空后非空: True
2026-03-30 16:28:34,758 - app.ai.website_crawler - INFO - 使用html_content参数，长度: 19505
2026-03-30 16:28:34,759 - app.ai.website_crawler - INFO - 保存HTML内容成功: about-canada-ca.html, 大小: 19507 字节
2026-03-30 16:28:34,766 - app.ai.website_crawler - INFO - 创建文档成功: ID=55bbe5fc-09c9-4c53-8fa5-6511dc2f4720, 标题='About Canada.ca - Canada.ca', 文件='about-canada-ca.html'
2026-03-30 16:28:34,766 - app.ai.website_crawler - INFO - 文档保存成功: ID=55bbe5fc-09c9-4c53-8fa5-6511dc2f4720, 标题='About Canada.ca - Canada.ca'
2026-03-30 16:28:34,766 - app.ai.website_crawler - INFO - 成功爬取并保存页面: About Canada.ca - Canada.ca
2026-03-30 16:28:34,766 - app.ai.website_crawler - INFO - 爬取: https://www.canada.ca/en/contact.html (深度 1/1)
/home/hongb/.openclaw/workspace/filebot/backend/venv/lib/python3.12/site-packages/urllib3/connectionpool.py:1097: InsecureRequestWarning: Unverified HTTPS request is being made to host 'www.canada.ca'. Adding certificate verification is strongly advised. See: https://urllib3.readthedocs.io/en/latest/advanced-usage.html#tls-warnings
  warnings.warn(
2026-03-30 16:28:34,872 - app.ai.website_crawler - INFO - URL路径解析: https://www.canada.ca/en/contact.html -> 路径段: ['en']
2026-03-30 16:28:34,873 - app.ai.website_crawler - INFO - URL https://www.canada.ca/en/contact.html 对应的文件夹ID: 0307226e-b96b-4f30-bda5-ef6f86ee8a4d
2026-03-30 16:28:34,876 - app.ai.website_crawler - INFO - create_document: html_content 类型: <class 'str'>, 长度: 59297, 非空: True, 去空后非空: True
2026-03-30 16:28:34,876 - app.ai.website_crawler - INFO - 使用html_content参数，长度: 59297
2026-03-30 16:28:34,877 - app.ai.website_crawler - INFO - 保存HTML内容成功: contact.html, 大小: 59297 字节
2026-03-30 16:28:34,887 - app.ai.website_crawler - INFO - 创建文档成功: ID=feeebdc7-75e7-414b-b612-92d96b8f54f8, 标题='Contact the Government of Canada - Canada.ca', 文件='contact.html'
2026-03-30 16:28:34,888 - app.ai.website_crawler - INFO - 文档保存成功: ID=feeebdc7-75e7-414b-b612-92d96b8f54f8, 标题='Contact the Government of Canada - Canada.ca'
2026-03-30 16:28:34,888 - app.ai.website_crawler - INFO - 成功爬取并保存页面: Contact the Government of Canada - Canada.ca
2026-03-30 16:28:34,888 - app.ai.website_crawler - INFO - 爬取: https://www.canada.ca/en/health-canada/services/health-risks-safety/radiation/radon/participate-study.html (深度 1/1)
/home/hongb/.openclaw/workspace/filebot/backend/venv/lib/python3.12/site-packages/urllib3/connectionpool.py:1097: InsecureRequestWarning: Unverified HTTPS request is being made to host 'www.canada.ca'. Adding certificate verification is strongly advised. See: https://urllib3.readthedocs.io/en/latest/advanced-usage.html#tls-warnings
  warnings.warn(
2026-03-30 16:28:34,993 - app.ai.website_crawler - INFO - URL路径解析: https://www.canada.ca/en/health-canada/services/health-risks-safety/radiation/radon/participate-study.html -> 路径段: ['en', 'health-canada', 'services', 'health-risks-safety', 'radiation', 'radon']
2026-03-30 16:28:34,993 - app.ai.website_crawler - INFO - 创建子文件夹: health-canada (原始路径段: health-canada)，父文件夹: en
2026-03-30 16:28:34,999 - app.ai.website_crawler - INFO - 创建子文件夹: services (原始路径段: services)，父文件夹: health-canada
2026-03-30 16:28:35,003 - app.ai.website_crawler - INFO - 创建子文件夹: health-risks-safety (原始路径段: health-risks-safety)，父文件夹: services
2026-03-30 16:28:35,008 - app.ai.website_crawler - INFO - 创建子文件夹: radiation (原始路径段: radiation)，父文件夹: health-risks-safety
2026-03-30 16:28:35,013 - app.ai.website_crawler - INFO - 创建子文件夹: radon (原始路径段: radon)，父文件夹: radiation
2026-03-30 16:28:35,017 - app.ai.website_crawler - INFO - URL https://www.canada.ca/en/health-canada/services/health-risks-safety/radiation/radon/participate-study.html 对应的文件夹ID: 938d38a4-5921-4ab4-9779-e0ca7633a823
2026-03-30 16:28:35,019 - app.ai.website_crawler - INFO - create_document: html_content 类型: <class 'str'>, 长度: 22712, 非空: True, 去空后非空: True
2026-03-30 16:28:35,019 - app.ai.website_crawler - INFO - 使用html_content参数，长度: 22712
2026-03-30 16:28:35,019 - app.ai.website_crawler - INFO - 保存HTML内容成功: participate-study.html, 大小: 22712 字节
2026-03-30 16:28:35,024 - app.ai.website_crawler - INFO - 创建文档成功: ID=7618d3fd-2b4b-4746-8fa4-637868666903, 标题='Participate in a radon study - Canada.ca', 文件='participate-study.html'
2026-03-30 16:28:35,024 - app.ai.website_crawler - INFO - 文档保存成功: ID=7618d3fd-2b4b-4746-8fa4-637868666903, 标题='Participate in a radon study - Canada.ca'
2026-03-30 16:28:35,024 - app.ai.website_crawler - INFO - 成功爬取并保存页面: Participate in a radon study - Canada.ca
2026-03-30 16:28:35,024 - app.ai.website_crawler - INFO - 爬取: https://www.canada.ca/en/news.html (深度 1/1)
/home/hongb/.openclaw/workspace/filebot/backend/venv/lib/python3.12/site-packages/urllib3/connectionpool.py:1097: InsecureRequestWarning: Unverified HTTPS request is being made to host 'www.canada.ca'. Adding certificate verification is strongly advised. See: https://urllib3.readthedocs.io/en/latest/advanced-usage.html#tls-warnings
  warnings.warn(
2026-03-30 16:28:35,078 - app.ai.website_crawler - INFO - URL路径解析: https://www.canada.ca/en/news.html -> 路径段: ['en']
2026-03-30 16:28:35,078 - app.ai.website_crawler - INFO - URL https://www.canada.ca/en/news.html 对应的文件夹ID: 0307226e-b96b-4f30-bda5-ef6f86ee8a4d
2026-03-30 16:28:35,080 - app.ai.website_crawler - INFO - create_document: html_content 类型: <class 'str'>, 长度: 49326, 非空: True, 去空后非空: True
2026-03-30 16:28:35,080 - app.ai.website_crawler - INFO - 使用html_content参数，长度: 49326
2026-03-30 16:28:35,080 - app.ai.website_crawler - INFO - 保存HTML内容成功: news.html, 大小: 49341 字节
2026-03-30 16:28:35,086 - app.ai.website_crawler - INFO - 创建文档成功: ID=23ca65e0-9ab2-4cc9-95f0-5375270b385f, 标题='News - Canada.ca', 文件='news.html'
2026-03-30 16:28:35,086 - app.ai.website_crawler - INFO - 文档保存成功: ID=23ca65e0-9ab2-4cc9-95f0-5375270b385f, 标题='News - Canada.ca'
2026-03-30 16:28:35,086 - app.ai.website_crawler - INFO - 成功爬取并保存页面: News - Canada.ca
2026-03-30 16:28:35,090 - app.ai.website_crawler - INFO - 爬取: https://www.canada.ca/en/campaign/building-strong-economy.html?utm_campaign=ised-isde-nation-builders-25-26&utm_medium=web&utm_source=feat&utm_content=pco-en-251128 (深度 1/1)
/home/hongb/.openclaw/workspace/filebot/backend/venv/lib/python3.12/site-packages/urllib3/connectionpool.py:1097: InsecureRequestWarning: Unverified HTTPS request is being made to host 'www.canada.ca'. Adding certificate verification is strongly advised. See: https://urllib3.readthedocs.io/en/latest/advanced-usage.html#tls-warnings
  warnings.warn(
2026-03-30 16:28:35,262 - app.ai.website_crawler - INFO - URL路径解析: https://www.canada.ca/en/campaign/building-strong-economy.html?utm_campaign=ised-isde-nation-builders-25-26&utm_medium=web&utm_source=feat&utm_content=pco-en-251128 -> 路径段: ['en', 'campaign']
2026-03-30 16:28:35,263 - app.ai.website_crawler - INFO - 创建子文件夹: campaign (原始路径段: campaign)，父文件夹: en
2026-03-30 16:28:35,268 - app.ai.website_crawler - INFO - URL https://www.canada.ca/en/campaign/building-strong-economy.html?utm_campaign=ised-isde-nation-builders-25-26&utm_medium=web&utm_source=feat&utm_content=pco-en-251128 对应的文件夹ID: 7c89fdc7-bd0a-451c-a887-e9cfd54d296c
2026-03-30 16:28:35,270 - app.ai.website_crawler - INFO - create_document: html_content 类型: <class 'str'>, 长度: 28205, 非空: True, 去空后非空: True
2026-03-30 16:28:35,270 - app.ai.website_crawler - INFO - 使用html_content参数，长度: 28205
2026-03-30 16:28:35,270 - app.ai.website_crawler - INFO - 保存HTML内容成功: building-strong-economy.html, 大小: 28225 字节
2026-03-30 16:28:35,275 - app.ai.website_crawler - INFO - 创建文档成功: ID=91d6c6bb-3466-4cc4-918c-76c72766c170, 标题='Building a Strong Economy - Canada.ca', 文件='building-strong-economy.html'
2026-03-30 16:28:35,275 - app.ai.website_crawler - INFO - 文档保存成功: ID=91d6c6bb-3466-4cc4-918c-76c72766c170, 标题='Building a Strong Economy - Canada.ca'
2026-03-30 16:28:35,275 - app.ai.website_crawler - INFO - 成功爬取并保存页面: Building a Strong Economy - Canada.ca
2026-03-30 16:28:35,275 - app.ai.website_crawler - INFO - 爬取: https://www.canada.ca/en/services.html (深度 1/1)
/home/hongb/.openclaw/workspace/filebot/backend/venv/lib/python3.12/site-packages/urllib3/connectionpool.py:1097: InsecureRequestWarning: Unverified HTTPS request is being made to host 'www.canada.ca'. Adding certificate verification is strongly advised. See: https://urllib3.readthedocs.io/en/latest/advanced-usage.html#tls-warnings
  warnings.warn(
2026-03-30 16:28:35,337 - app.ai.website_crawler - INFO - URL路径解析: https://www.canada.ca/en/services.html -> 路径段: ['en']
2026-03-30 16:28:35,337 - app.ai.website_crawler - INFO - URL https://www.canada.ca/en/services.html 对应的文件夹ID: 0307226e-b96b-4f30-bda5-ef6f86ee8a4d
2026-03-30 16:28:35,339 - app.ai.website_crawler - INFO - create_document: html_content 类型: <class 'str'>, 长度: 26436, 非空: True, 去空后非空: True
2026-03-30 16:28:35,339 - app.ai.website_crawler - INFO - 使用html_content参数，长度: 26436
2026-03-30 16:28:35,339 - app.ai.website_crawler - INFO - 保存HTML内容成功: services.html, 大小: 26437 字节
2026-03-30 16:28:35,345 - app.ai.website_crawler - INFO - 创建文档成功: ID=e18a648c-f99c-4c6c-b473-de87afbca2a7, 标题='Government of Canada services - Canada.ca', 文件='services.html'
2026-03-30 16:28:35,345 - app.ai.website_crawler - INFO - 文档保存成功: ID=e18a648c-f99c-4c6c-b473-de87afbca2a7, 标题='Government of Canada services - Canada.ca'
2026-03-30 16:28:35,345 - app.ai.website_crawler - INFO - 成功爬取并保存页面: Government of Canada services - Canada.ca
2026-03-30 16:28:35,346 - app.ai.website_crawler - INFO - 爬取: https://www.canada.ca/en/services/health.html (深度 1/1)
/home/hongb/.openclaw/workspace/filebot/backend/venv/lib/python3.12/site-packages/urllib3/connectionpool.py:1097: InsecureRequestWarning: Unverified HTTPS request is being made to host 'www.canada.ca'. Adding certificate verification is strongly advised. See: https://urllib3.readthedocs.io/en/latest/advanced-usage.html#tls-warnings
  warnings.warn(
2026-03-30 16:28:35,413 - app.ai.website_crawler - INFO - URL路径解析: https://www.canada.ca/en/services/health.html -> 路径段: ['en', 'services']
2026-03-30 16:28:35,414 - app.ai.website_crawler - INFO - URL https://www.canada.ca/en/services/health.html 对应的文件夹ID: 1197c708-bcf1-48ae-b342-0ee5237a7493
2026-03-30 16:28:35,415 - app.ai.website_crawler - INFO - create_document: html_content 类型: <class 'str'>, 长度: 26507, 非空: True, 去空后非空: True
2026-03-30 16:28:35,415 - app.ai.website_crawler - INFO - 使用html_content参数，长度: 26507
2026-03-30 16:28:35,415 - app.ai.website_crawler - INFO - 保存HTML内容成功: health.html, 大小: 26507 字节
2026-03-30 16:28:35,421 - app.ai.website_crawler - INFO - 创建文档成功: ID=36b8fd33-3278-4fe5-a350-d929229a9298, 标题='Health - Canada.ca', 文件='health.html'
2026-03-30 16:28:35,421 - app.ai.website_crawler - INFO - 文档保存成功: ID=36b8fd33-3278-4fe5-a350-d929229a9298, 标题='Health - Canada.ca'
2026-03-30 16:28:35,421 - app.ai.website_crawler - INFO - 成功爬取并保存页面: Health - Canada.ca
2026-03-30 16:28:35,421 - app.ai.website_crawler - INFO - 爬取: https://www.canada.ca/fr.html (深度 1/1)
/home/hongb/.openclaw/workspace/filebot/backend/venv/lib/python3.12/site-packages/urllib3/connectionpool.py:1097: InsecureRequestWarning: Unverified HTTPS request is being made to host 'www.canada.ca'. Adding certificate verification is strongly advised. See: https://urllib3.readthedocs.io/en/latest/advanced-usage.html#tls-warnings
  warnings.warn(
2026-03-30 16:28:35,504 - app.ai.website_crawler - INFO - create_document: html_content 类型: <class 'str'>, 长度: 38763, 非空: True, 去空后非空: True
2026-03-30 16:28:35,504 - app.ai.website_crawler - INFO - 使用html_content参数，长度: 38763
2026-03-30 16:28:35,504 - app.ai.website_crawler - INFO - 保存HTML内容成功: fr.html, 大小: 38983 字节
2026-03-30 16:28:35,511 - app.ai.website_crawler - INFO - 创建文档成功: ID=83b2ae1f-61ad-43be-b29c-15c04c1b8809, 标题='Accueil - Canada.ca', 文件='fr.html'
2026-03-30 16:28:35,511 - app.ai.website_crawler - INFO - 文档保存成功: ID=83b2ae1f-61ad-43be-b29c-15c04c1b8809, 标题='Accueil - Canada.ca'
2026-03-30 16:28:35,511 - app.ai.website_crawler - INFO - 成功爬取并保存页面: Accueil - Canada.ca
2026-03-30 16:28:35,511 - app.ai.website_crawler - INFO - 爬取: https://www.canada.ca/en/transparency/privacy.html (深度 1/1)
/home/hongb/.openclaw/workspace/filebot/backend/venv/lib/python3.12/site-packages/urllib3/connectionpool.py:1097: InsecureRequestWarning: Unverified HTTPS request is being made to host 'www.canada.ca'. Adding certificate verification is strongly advised. See: https://urllib3.readthedocs.io/en/latest/advanced-usage.html#tls-warnings
  warnings.warn(
2026-03-30 16:28:35,592 - app.ai.website_crawler - INFO - URL路径解析: https://www.canada.ca/en/transparency/privacy.html -> 路径段: ['en', 'transparency']
2026-03-30 16:28:35,592 - app.ai.website_crawler - INFO - URL https://www.canada.ca/en/transparency/privacy.html 对应的文件夹ID: 124a63f4-bce2-4a88-9bfc-06c6f757eccc
2026-03-30 16:28:35,593 - app.ai.website_crawler - INFO - create_document: html_content 类型: <class 'str'>, 长度: 32215, 非空: True, 去空后非空: True
2026-03-30 16:28:35,593 - app.ai.website_crawler - INFO - 使用html_content参数，长度: 32215
2026-03-30 16:28:35,593 - app.ai.website_crawler - INFO - 保存HTML内容成功: privacy.html, 大小: 32231 字节
2026-03-30 16:28:35,600 - app.ai.website_crawler - INFO - 创建文档成功: ID=d84dc01b-06ac-4be3-9afb-0699c64d74c6, 标题='Privacy - Canada.ca', 文件='privacy.html'
2026-03-30 16:28:35,600 - app.ai.website_crawler - INFO - 文档保存成功: ID=d84dc01b-06ac-4be3-9afb-0699c64d74c6, 标题='Privacy - Canada.ca'
2026-03-30 16:28:35,600 - app.ai.website_crawler - INFO - 成功爬取并保存页面: Privacy - Canada.ca
2026-03-30 16:28:35,604 - app.ai.website_crawler - INFO - 爬取: https://www.canada.ca/en/services/jobs.html (深度 1/1)
/home/hongb/.openclaw/workspace/filebot/backend/venv/lib/python3.12/site-packages/urllib3/connectionpool.py:1097: InsecureRequestWarning: Unverified HTTPS request is being made to host 'www.canada.ca'. Adding certificate verification is strongly advised. See: https://urllib3.readthedocs.io/en/latest/advanced-usage.html#tls-warnings
  warnings.warn(
2026-03-30 16:28:35,649 - app.ai.website_crawler - INFO - URL路径解析: https://www.canada.ca/en/services/jobs.html -> 路径段: ['en', 'services']
2026-03-30 16:28:35,650 - app.ai.website_crawler - INFO - URL https://www.canada.ca/en/services/jobs.html 对应的文件夹ID: 1197c708-bcf1-48ae-b342-0ee5237a7493
2026-03-30 16:28:35,651 - app.ai.website_crawler - INFO - create_document: html_content 类型: <class 'str'>, 长度: 29890, 非空: True, 去空后非空: True
2026-03-30 16:28:35,651 - app.ai.website_crawler - INFO - 使用html_content参数，长度: 29890
2026-03-30 16:28:35,651 - app.ai.website_crawler - INFO - 保存HTML内容成功: jobs.html, 大小: 29900 字节
2026-03-30 16:28:35,657 - app.ai.website_crawler - INFO - 创建文档成功: ID=bac45f44-faf2-40fc-acb5-da43d6e6a17f, 标题='Jobs and the workplace - Canada.ca', 文件='jobs.html'
2026-03-30 16:28:35,657 - app.ai.website_crawler - INFO - 文档保存成功: ID=bac45f44-faf2-40fc-acb5-da43d6e6a17f, 标题='Jobs and the workplace - Canada.ca'
2026-03-30 16:28:35,657 - app.ai.website_crawler - INFO - 成功爬取并保存页面: Jobs and the workplace - Canada.ca
2026-03-30 16:28:35,658 - app.ai.website_crawler - INFO - 爬取: https://www.canada.ca/en/government/dept.html (深度 1/1)
/home/hongb/.openclaw/workspace/filebot/backend/venv/lib/python3.12/site-packages/urllib3/connectionpool.py:1097: InsecureRequestWarning: Unverified HTTPS request is being made to host 'www.canada.ca'. Adding certificate verification is strongly advised. See: https://urllib3.readthedocs.io/en/latest/advanced-usage.html#tls-warnings
  warnings.warn(
2026-03-30 16:28:35,752 - app.ai.website_crawler - INFO - URL路径解析: https://www.canada.ca/en/government/dept.html -> 路径段: ['en', 'government']
2026-03-30 16:28:35,754 - app.ai.website_crawler - INFO - URL https://www.canada.ca/en/government/dept.html 对应的文件夹ID: 8f07fc21-78e9-4872-ab10-8812ef32dc14
2026-03-30 16:28:35,755 - app.ai.website_crawler - INFO - create_document: html_content 类型: <class 'str'>, 长度: 49752, 非空: True, 去空后非空: True
2026-03-30 16:28:35,755 - app.ai.website_crawler - INFO - 使用html_content参数，长度: 49752
2026-03-30 16:28:35,755 - app.ai.website_crawler - INFO - 保存HTML内容成功: dept.html, 大小: 49752 字节
2026-03-30 16:28:35,762 - app.ai.website_crawler - INFO - 创建文档成功: ID=52ba8834-bbc9-49e2-85bc-b639117ff89c, 标题='Departments and agencies - Canada.ca', 文件='dept.html'
2026-03-30 16:28:35,763 - app.ai.website_crawler - INFO - 文档保存成功: ID=52ba8834-bbc9-49e2-85bc-b639117ff89c, 标题='Departments and agencies - Canada.ca'
2026-03-30 16:28:35,763 - app.ai.website_crawler - INFO - 成功爬取并保存页面: Departments and agencies - Canada.ca
2026-03-30 16:28:35,763 - app.ai.website_crawler - INFO - 爬取: https://www.canada.ca/en/canadian-heritage/campaigns/canada-pass.html?utm_campaign=pch-pch-csp-lpcf-phase3-25-26&utm_medium=canada-ca&utm_source=homepage&utm_content=featured-en-260116 (深度 1/1)
/home/hongb/.openclaw/workspace/filebot/backend/venv/lib/python3.12/site-packages/urllib3/connectionpool.py:1097: InsecureRequestWarning: Unverified HTTPS request is being made to host 'www.canada.ca'. Adding certificate verification is strongly advised. See: https://urllib3.readthedocs.io/en/latest/advanced-usage.html#tls-warnings
  warnings.warn(
2026-03-30 16:28:35,815 - app.ai.website_crawler - INFO - URL路径解析: https://www.canada.ca/en/canadian-heritage/campaigns/canada-pass.html?utm_campaign=pch-pch-csp-lpcf-phase3-25-26&utm_medium=canada-ca&utm_source=homepage&utm_content=featured-en-260116 -> 路径段: ['en', 'canadian-heritage', 'campaigns']
2026-03-30 16:28:35,816 - app.ai.website_crawler - INFO - URL https://www.canada.ca/en/canadian-heritage/campaigns/canada-pass.html?utm_campaign=pch-pch-csp-lpcf-phase3-25-26&utm_medium=canada-ca&utm_source=homepage&utm_content=featured-en-260116 对应的文件夹ID: da60933f-92bd-4a43-b542-32a28101adb4
2026-03-30 16:28:35,818 - app.ai.website_crawler - INFO - create_document: html_content 类型: <class 'str'>, 长度: 30447, 非空: True, 去空后非空: True
2026-03-30 16:28:35,818 - app.ai.website_crawler - INFO - 使用html_content参数，长度: 30447
2026-03-30 16:28:35,818 - app.ai.website_crawler - INFO - 保存HTML内容成功: canada-pass.html, 大小: 30449 字节
2026-03-30 16:28:35,824 - app.ai.website_crawler - INFO - 创建文档成功: ID=68cb4c13-e5e7-45e8-86f6-7210088243b5, 标题='Canada Strong Pass - Canada.ca', 文件='canada-pass.html'
2026-03-30 16:28:35,824 - app.ai.website_crawler - INFO - 文档保存成功: ID=68cb4c13-e5e7-45e8-86f6-7210088243b5, 标题='Canada Strong Pass - Canada.ca'
2026-03-30 16:28:35,824 - app.ai.website_crawler - INFO - 成功爬取并保存页面: Canada Strong Pass - Canada.ca
2026-03-30 16:28:35,824 - app.ai.website_crawler - INFO - 爬取: https://www.canada.ca/en/immigration-refugees-citizenship/services/canadian-passports.html (深度 1/1)
/home/hongb/.openclaw/workspace/filebot/backend/venv/lib/python3.12/site-packages/urllib3/connectionpool.py:1097: InsecureRequestWarning: Unverified HTTPS request is being made to host 'www.canada.ca'. Adding certificate verification is strongly advised. See: https://urllib3.readthedocs.io/en/latest/advanced-usage.html#tls-warnings
  warnings.warn(
2026-03-30 16:28:35,892 - app.ai.website_crawler - INFO - URL路径解析: https://www.canada.ca/en/immigration-refugees-citizenship/services/canadian-passports.html -> 路径段: ['en', 'immigration-refugees-citizenship', 'services']
2026-03-30 16:28:35,893 - app.ai.website_crawler - INFO - URL https://www.canada.ca/en/immigration-refugees-citizenship/services/canadian-passports.html 对应的文件夹ID: 93ab501f-8557-468e-ad62-da383b8cd457
2026-03-30 16:28:35,896 - app.ai.website_crawler - INFO - create_document: html_content 类型: <class 'str'>, 长度: 44360, 非空: True, 去空后非空: True
2026-03-30 16:28:35,896 - app.ai.website_crawler - INFO - 使用html_content参数，长度: 44360
2026-03-30 16:28:35,896 - app.ai.website_crawler - INFO - 保存HTML内容成功: canadian-passports.html, 大小: 44374 字节
2026-03-30 16:28:35,903 - app.ai.website_crawler - INFO - 创建文档成功: ID=6fcc6ab8-2b4b-4906-851f-a13c0c2f81cf, 标题='Canadian passports and other travel documents: Applying in Canada - Canada.ca', 文件='canadian-passports.html'
2026-03-30 16:28:35,903 - app.ai.website_crawler - INFO - 文档保存成功: ID=6fcc6ab8-2b4b-4906-851f-a13c0c2f81cf, 标题='Canadian passports and other travel documents: Applying in Canada - Canada.ca'
2026-03-30 16:28:35,903 - app.ai.website_crawler - INFO - 成功爬取并保存页面: Canadian passports and other travel documents: Applying in Canada - Canada.ca
2026-03-30 16:28:35,903 - app.ai.website_crawler - INFO - 爬取: https://www.canada.ca/en/environment-climate-change/services/national-wildlife-areas/explore-canada-national-wildlife-areas.html?utm_campaign=eccc-eccc-national-wildlife-area-25-26&utm_medium=qrc&utm_source=homepage-en (深度 1/1)
/home/hongb/.openclaw/workspace/filebot/backend/venv/lib/python3.12/site-packages/urllib3/connectionpool.py:1097: InsecureRequestWarning: Unverified HTTPS request is being made to host 'www.canada.ca'. Adding certificate verification is strongly advised. See: https://urllib3.readthedocs.io/en/latest/advanced-usage.html#tls-warnings
  warnings.warn(
2026-03-30 16:28:36,002 - app.ai.website_crawler - INFO - URL路径解析: https://www.canada.ca/en/environment-climate-change/services/national-wildlife-areas/explore-canada-national-wildlife-areas.html?utm_campaign=eccc-eccc-national-wildlife-area-25-26&utm_medium=qrc&utm_source=homepage-en -> 路径段: ['en', 'environment-climate-change', 'services', 'national-wildlife-areas']
2026-03-30 16:28:36,003 - app.ai.website_crawler - INFO - 创建子文件夹: environment-climate-change (原始路径段: environment-climate-change)，父文件夹: en
2026-03-30 16:28:36,010 - app.ai.website_crawler - INFO - 创建子文件夹: services (原始路径段: services)，父文件夹: environment-climate-change
2026-03-30 16:28:36,016 - app.ai.website_crawler - INFO - 创建子文件夹: national-wildlife-areas (原始路径段: national-wildlife-areas)，父文件夹: services
2026-03-30 16:28:36,021 - app.ai.website_crawler - INFO - URL https://www.canada.ca/en/environment-climate-change/services/national-wildlife-areas/explore-canada-national-wildlife-areas.html?utm_campaign=eccc-eccc-national-wildlife-area-25-26&utm_medium=qrc&utm_source=homepage-en 对应的文件夹ID: 4de8f4ad-fbbe-4246-bd61-d5c3c9ebd0e8
2026-03-30 16:28:36,023 - app.ai.website_crawler - INFO - create_document: html_content 类型: <class 'str'>, 长度: 29736, 非空: True, 去空后非空: True
2026-03-30 16:28:36,023 - app.ai.website_crawler - INFO - 使用html_content参数，长度: 29736
2026-03-30 16:28:36,023 - app.ai.website_crawler - INFO - 保存HTML内容成功: explore-canada-national-wildlife-areas.html, 大小: 29767 字节
2026-03-30 16:28:36,029 - app.ai.website_crawler - INFO - 创建文档成功: ID=3300bb88-fc49-4cf7-b343-360f5b593fa1, 标题='Explore Canada’s National Wildlife Areas - Canada.ca', 文件='explore-canada-national-wildlife-areas.html'
2026-03-30 16:28:36,029 - app.ai.website_crawler - INFO - 文档保存成功: ID=3300bb88-fc49-4cf7-b343-360f5b593fa1, 标题='Explore Canada’s National Wildlife Areas - Canada.ca'
2026-03-30 16:28:36,029 - app.ai.website_crawler - INFO - 成功爬取并保存页面: Explore Canada’s National Wildlife Areas - Canada.ca
2026-03-30 16:28:36,035 - app.ai.website_crawler - INFO - 爬取: https://www.canada.ca/en/government/publicservice.html (深度 1/1)
/home/hongb/.openclaw/workspace/filebot/backend/venv/lib/python3.12/site-packages/urllib3/connectionpool.py:1097: InsecureRequestWarning: Unverified HTTPS request is being made to host 'www.canada.ca'. Adding certificate verification is strongly advised. See: https://urllib3.readthedocs.io/en/latest/advanced-usage.html#tls-warnings
  warnings.warn(
2026-03-30 16:28:36,129 - app.ai.website_crawler - INFO - URL路径解析: https://www.canada.ca/en/government/publicservice.html -> 路径段: ['en', 'government']
2026-03-30 16:28:36,129 - app.ai.website_crawler - INFO - URL https://www.canada.ca/en/government/publicservice.html 对应的文件夹ID: 8f07fc21-78e9-4872-ab10-8812ef32dc14
2026-03-30 16:28:36,130 - app.ai.website_crawler - INFO - create_document: html_content 类型: <class 'str'>, 长度: 23275, 非空: True, 去空后非空: True
2026-03-30 16:28:36,130 - app.ai.website_crawler - INFO - 使用html_content参数，长度: 23275
2026-03-30 16:28:36,130 - app.ai.website_crawler - INFO - 保存HTML内容成功: publicservice.html, 大小: 23275 字节
2026-03-30 16:28:36,136 - app.ai.website_crawler - INFO - 创建文档成功: ID=42e3c262-693a-4018-8532-8a81c946d847, 标题='Working for the government - Canada.ca', 文件='publicservice.html'
2026-03-30 16:28:36,136 - app.ai.website_crawler - INFO - 文档保存成功: ID=42e3c262-693a-4018-8532-8a81c946d847, 标题='Working for the government - Canada.ca'
2026-03-30 16:28:36,136 - app.ai.website_crawler - INFO - 成功爬取并保存页面: Working for the government - Canada.ca
2026-03-30 16:28:36,136 - app.ai.website_crawler - INFO - 爬取: https://www.canada.ca/en/department-finance/programs/international-trade-finance-policy/canadas-response-us-tariffs/support-canadian-workers-employers.html?utm_campaign=not-applicable&utm_medium=vanity-url&utm_source=canada-ca_support-tariff&utm_source=canada&utm_medium=promofeature&utm_campaign=esdc-edsc-support-canadian-workers-employers-25-26&utm_content=static_0001 (深度 1/1)
/home/hongb/.openclaw/workspace/filebot/backend/venv/lib/python3.12/site-packages/urllib3/connectionpool.py:1097: InsecureRequestWarning: Unverified HTTPS request is being made to host 'www.canada.ca'. Adding certificate verification is strongly advised. See: https://urllib3.readthedocs.io/en/latest/advanced-usage.html#tls-warnings
  warnings.warn(
2026-03-30 16:28:36,323 - app.ai.website_crawler - INFO - URL路径解析: https://www.canada.ca/en/department-finance/programs/international-trade-finance-policy/canadas-response-us-tariffs/support-canadian-workers-employers.html?utm_campaign=not-applicable&utm_medium=vanity-url&utm_source=canada-ca_support-tariff&utm_source=canada&utm_medium=promofeature&utm_campaign=esdc-edsc-support-canadian-workers-employers-25-26&utm_content=static_0001 -> 路径段: ['en', 'department-finance', 'programs', 'international-trade-finance-policy', 'canadas-response-us-tariffs']
2026-03-30 16:28:36,324 - app.ai.website_crawler - INFO - 创建子文件夹: department-finance (原始路径段: department-finance)，父文件夹: en
2026-03-30 16:28:36,330 - app.ai.website_crawler - INFO - 创建子文件夹: programs (原始路径段: programs)，父文件夹: department-finance
2026-03-30 16:28:36,335 - app.ai.website_crawler - INFO - 创建子文件夹: international-trade-finance-policy (原始路径段: international-trade-finance-policy)，父文件夹: programs
2026-03-30 16:28:36,342 - app.ai.website_crawler - INFO - 创建子文件夹: canadas-response-us-tariffs (原始路径段: canadas-response-us-tariffs)，父文件夹: international-trade-finance-policy
2026-03-30 16:28:36,347 - app.ai.website_crawler - INFO - URL https://www.canada.ca/en/department-finance/programs/international-trade-finance-policy/canadas-response-us-tariffs/support-canadian-workers-employers.html?utm_campaign=not-applicable&utm_medium=vanity-url&utm_source=canada-ca_support-tariff&utm_source=canada&utm_medium=promofeature&utm_campaign=esdc-edsc-support-canadian-workers-employers-25-26&utm_content=static_0001 对应的文件夹ID: 734a6de5-5c06-4c89-8de5-c8f6f47f413c
2026-03-30 16:28:36,349 - app.ai.website_crawler - INFO - create_document: html_content 类型: <class 'str'>, 长度: 36625, 非空: True, 去空后非空: True
2026-03-30 16:28:36,349 - app.ai.website_crawler - INFO - 使用html_content参数，长度: 36625
2026-03-30 16:28:36,349 - app.ai.website_crawler - INFO - 保存HTML内容成功: support-canadian-workers-employers.html, 大小: 36643 字节
2026-03-30 16:28:36,355 - app.ai.website_crawler - INFO - 创建文档成功: ID=afe1c01e-1e74-45b3-8154-317a4c3bfa9a, 标题='Support for workers and employers impacted by tariffs - Canada.ca', 文件='support-canadian-workers-employers.html'
2026-03-30 16:28:36,355 - app.ai.website_crawler - INFO - 文档保存成功: ID=afe1c01e-1e74-45b3-8154-317a4c3bfa9a, 标题='Support for workers and employers impacted by tariffs - Canada.ca'
2026-03-30 16:28:36,355 - app.ai.website_crawler - INFO - 成功爬取并保存页面: Support for workers and employers impacted by tariffs - Canada.ca
2026-03-30 16:28:36,355 - app.ai.website_crawler - INFO - 爬取: https://www.canada.ca/en/canadian-heritage/campaigns/month-francophonie.html?utm_campaign=pch-pch-moisfranco-26-27&utm_medium=canada-ca&utm_source=home-initiatives&utm_content=web-promos-en-260302 (深度 1/1)
/home/hongb/.openclaw/workspace/filebot/backend/venv/lib/python3.12/site-packages/urllib3/connectionpool.py:1097: InsecureRequestWarning: Unverified HTTPS request is being made to host 'www.canada.ca'. Adding certificate verification is strongly advised. See: https://urllib3.readthedocs.io/en/latest/advanced-usage.html#tls-warnings
  warnings.warn(
2026-03-30 16:28:36,421 - app.ai.website_crawler - INFO - URL路径解析: https://www.canada.ca/en/canadian-heritage/campaigns/month-francophonie.html?utm_campaign=pch-pch-moisfranco-26-27&utm_medium=canada-ca&utm_source=home-initiatives&utm_content=web-promos-en-260302 -> 路径段: ['en', 'canadian-heritage', 'campaigns']
2026-03-30 16:28:36,422 - app.ai.website_crawler - INFO - URL https://www.canada.ca/en/canadian-heritage/campaigns/month-francophonie.html?utm_campaign=pch-pch-moisfranco-26-27&utm_medium=canada-ca&utm_source=home-initiatives&utm_content=web-promos-en-260302 对应的文件夹ID: da60933f-92bd-4a43-b542-32a28101adb4
2026-03-30 16:28:36,423 - app.ai.website_crawler - INFO - create_document: html_content 类型: <class 'str'>, 长度: 19609, 非空: True, 去空后非空: True
2026-03-30 16:28:36,423 - app.ai.website_crawler - INFO - 使用html_content参数，长度: 19609
2026-03-30 16:28:36,423 - app.ai.website_crawler - INFO - 保存HTML内容成功: month-francophonie.html, 大小: 19621 字节
2026-03-30 16:28:36,431 - app.ai.website_crawler - INFO - 创建文档成功: ID=d3b70cb3-3d09-4272-a0d0-bdaccc3d7a35, 标题='Month of La Francophonie – March - Canada.ca', 文件='month-francophonie.html'
2026-03-30 16:28:36,431 - app.ai.website_crawler - INFO - 文档保存成功: ID=d3b70cb3-3d09-4272-a0d0-bdaccc3d7a35, 标题='Month of La Francophonie – March - Canada.ca'
2026-03-30 16:28:36,431 - app.ai.website_crawler - INFO - 成功爬取并保存页面: Month of La Francophonie – March - Canada.ca
2026-03-30 16:28:36,431 - app.ai.website_crawler - INFO - 爬取: https://www.canada.ca/en/government/system.html (深度 1/1)
/home/hongb/.openclaw/workspace/filebot/backend/venv/lib/python3.12/site-packages/urllib3/connectionpool.py:1097: InsecureRequestWarning: Unverified HTTPS request is being made to host 'www.canada.ca'. Adding certificate verification is strongly advised. See: https://urllib3.readthedocs.io/en/latest/advanced-usage.html#tls-warnings
  warnings.warn(
2026-03-30 16:28:36,470 - app.ai.website_crawler - INFO - URL路径解析: https://www.canada.ca/en/government/system.html -> 路径段: ['en', 'government']
2026-03-30 16:28:36,471 - app.ai.website_crawler - INFO - URL https://www.canada.ca/en/government/system.html 对应的文件夹ID: 8f07fc21-78e9-4872-ab10-8812ef32dc14
2026-03-30 16:28:36,472 - app.ai.website_crawler - INFO - create_document: html_content 类型: <class 'str'>, 长度: 23142, 非空: True, 去空后非空: True
2026-03-30 16:28:36,472 - app.ai.website_crawler - INFO - 使用html_content参数，长度: 23142
2026-03-30 16:28:36,472 - app.ai.website_crawler - INFO - 保存HTML内容成功: system.html, 大小: 23146 字节
2026-03-30 16:28:36,479 - app.ai.website_crawler - INFO - 创建文档成功: ID=bff64b9d-ed64-4ed4-979c-d9cc727e4e00, 标题='About government - Canada.ca', 文件='system.html'
2026-03-30 16:28:36,479 - app.ai.website_crawler - INFO - 文档保存成功: ID=bff64b9d-ed64-4ed4-979c-d9cc727e4e00, 标题='About government - Canada.ca'
2026-03-30 16:28:36,479 - app.ai.website_crawler - INFO - 成功爬取并保存页面: About government - Canada.ca
2026-03-30 16:28:36,479 - app.ai.website_crawler - INFO - 爬取: https://www.canada.ca/en/services/science.html (深度 1/1)
/home/hongb/.openclaw/workspace/filebot/backend/venv/lib/python3.12/site-packages/urllib3/connectionpool.py:1097: InsecureRequestWarning: Unverified HTTPS request is being made to host 'www.canada.ca'. Adding certificate verification is strongly advised. See: https://urllib3.readthedocs.io/en/latest/advanced-usage.html#tls-warnings
  warnings.warn(
2026-03-30 16:28:36,555 - app.ai.website_crawler - INFO - URL路径解析: https://www.canada.ca/en/services/science.html -> 路径段: ['en', 'services']
2026-03-30 16:28:36,556 - app.ai.website_crawler - INFO - URL https://www.canada.ca/en/services/science.html 对应的文件夹ID: 1197c708-bcf1-48ae-b342-0ee5237a7493
2026-03-30 16:28:36,557 - app.ai.website_crawler - INFO - create_document: html_content 类型: <class 'str'>, 长度: 26430, 非空: True, 去空后非空: True
2026-03-30 16:28:36,557 - app.ai.website_crawler - INFO - 使用html_content参数，长度: 26430
2026-03-30 16:28:36,557 - app.ai.website_crawler - INFO - 保存HTML内容成功: science.html, 大小: 26430 字节
2026-03-30 16:28:36,563 - app.ai.website_crawler - INFO - 创建文档成功: ID=f03b69bc-13e6-4720-8390-a22db34ee1ab, 标题='Science and innovation - Canada.ca', 文件='science.html'
2026-03-30 16:28:36,564 - app.ai.website_crawler - INFO - 文档保存成功: ID=f03b69bc-13e6-4720-8390-a22db34ee1ab, 标题='Science and innovation - Canada.ca'
2026-03-30 16:28:36,564 - app.ai.website_crawler - INFO - 成功爬取并保存页面: Science and innovation - Canada.ca
2026-03-30 16:28:36,568 - app.ai.website_crawler - INFO - 爬取: https://www.canada.ca/en/services/benefits/disability/canada-disability-benefit.html (深度 1/1)
/home/hongb/.openclaw/workspace/filebot/backend/venv/lib/python3.12/site-packages/urllib3/connectionpool.py:1097: InsecureRequestWarning: Unverified HTTPS request is being made to host 'www.canada.ca'. Adding certificate verification is strongly advised. See: https://urllib3.readthedocs.io/en/latest/advanced-usage.html#tls-warnings
  warnings.warn(
2026-03-30 16:28:36,604 - app.ai.website_crawler - INFO - URL路径解析: https://www.canada.ca/en/services/benefits/disability/canada-disability-benefit.html -> 路径段: ['en', 'services', 'benefits', 'disability']
2026-03-30 16:28:36,605 - app.ai.website_crawler - INFO - 创建子文件夹: benefits (原始路径段: benefits)，父文件夹: services
2026-03-30 16:28:36,611 - app.ai.website_crawler - INFO - 创建子文件夹: disability (原始路径段: disability)，父文件夹: benefits
2026-03-30 16:28:36,617 - app.ai.website_crawler - INFO - URL https://www.canada.ca/en/services/benefits/disability/canada-disability-benefit.html 对应的文件夹ID: ccd4f567-857d-42f6-a0f9-1d92dc677228
2026-03-30 16:28:36,619 - app.ai.website_crawler - INFO - create_document: html_content 类型: <class 'str'>, 长度: 23121, 非空: True, 去空后非空: True
2026-03-30 16:28:36,619 - app.ai.website_crawler - INFO - 使用html_content参数，长度: 23121
2026-03-30 16:28:36,619 - app.ai.website_crawler - INFO - 保存HTML内容成功: canada-disability-benefit.html, 大小: 23121 字节
2026-03-30 16:28:36,626 - app.ai.website_crawler - INFO - 创建文档成功: ID=0f3bd425-87d1-4c4c-aae9-0fb87f366618, 标题='Canada Disability Benefit - Canada.ca', 文件='canada-disability-benefit.html'
2026-03-30 16:28:36,626 - app.ai.website_crawler - INFO - 文档保存成功: ID=0f3bd425-87d1-4c4c-aae9-0fb87f366618, 标题='Canada Disability Benefit - Canada.ca'
2026-03-30 16:28:36,626 - app.ai.website_crawler - INFO - 成功爬取并保存页面: Canada Disability Benefit - Canada.ca
2026-03-30 16:28:36,626 - app.ai.website_crawler - INFO - 爬取: https://www.canada.ca/en/financial-consumer-agency/campaigns/it-pays-to-know.html (深度 1/1)
/home/hongb/.openclaw/workspace/filebot/backend/venv/lib/python3.12/site-packages/urllib3/connectionpool.py:1097: InsecureRequestWarning: Unverified HTTPS request is being made to host 'www.canada.ca'. Adding certificate verification is strongly advised. See: https://urllib3.readthedocs.io/en/latest/advanced-usage.html#tls-warnings
  warnings.warn(
2026-03-30 16:28:36,728 - app.ai.website_crawler - INFO - URL路径解析: https://www.canada.ca/en/financial-consumer-agency/campaigns/it-pays-to-know.html -> 路径段: ['en', 'financial-consumer-agency', 'campaigns']
2026-03-30 16:28:36,729 - app.ai.website_crawler - INFO - 创建子文件夹: financial-consumer-agency (原始路径段: financial-consumer-agency)，父文件夹: en
2026-03-30 16:28:36,735 - app.ai.website_crawler - INFO - 创建子文件夹: campaigns (原始路径段: campaigns)，父文件夹: financial-consumer-agency
2026-03-30 16:28:36,741 - app.ai.website_crawler - INFO - URL https://www.canada.ca/en/financial-consumer-agency/campaigns/it-pays-to-know.html 对应的文件夹ID: 1a7b2b82-f245-47c6-ae29-9476a7359a33
2026-03-30 16:28:36,743 - app.ai.website_crawler - INFO - create_document: html_content 类型: <class 'str'>, 长度: 28176, 非空: True, 去空后非空: True
2026-03-30 16:28:36,743 - app.ai.website_crawler - INFO - 使用html_content参数，长度: 28176
2026-03-30 16:28:36,743 - app.ai.website_crawler - INFO - 保存HTML内容成功: it-pays-to-know.html, 大小: 28193 字节
2026-03-30 16:28:36,749 - app.ai.website_crawler - INFO - 创建文档成功: ID=652b5876-3cf5-4e0a-a61d-fcf1bb749dae, 标题='Making the most of your money - Canada.ca', 文件='it-pays-to-know.html'
2026-03-30 16:28:36,749 - app.ai.website_crawler - INFO - 文档保存成功: ID=652b5876-3cf5-4e0a-a61d-fcf1bb749dae, 标题='Making the most of your money - Canada.ca'
2026-03-30 16:28:36,749 - app.ai.website_crawler - INFO - 成功爬取并保存页面: Making the most of your money - Canada.ca
2026-03-30 16:28:36,749 - app.ai.website_crawler - INFO - 爬取: https://www.canada.ca/en/revenue-agency/campaigns/every-dollar-counts.html (深度 1/1)
/home/hongb/.openclaw/workspace/filebot/backend/venv/lib/python3.12/site-packages/urllib3/connectionpool.py:1097: InsecureRequestWarning: Unverified HTTPS request is being made to host 'www.canada.ca'. Adding certificate verification is strongly advised. See: https://urllib3.readthedocs.io/en/latest/advanced-usage.html#tls-warnings
  warnings.warn(
2026-03-30 16:28:36,831 - app.ai.website_crawler - INFO - URL路径解析: https://www.canada.ca/en/revenue-agency/campaigns/every-dollar-counts.html -> 路径段: ['en', 'revenue-agency', 'campaigns']
2026-03-30 16:28:36,832 - app.ai.website_crawler - INFO - 创建子文件夹: revenue-agency (原始路径段: revenue-agency)，父文件夹: en
2026-03-30 16:28:36,839 - app.ai.website_crawler - INFO - 创建子文件夹: campaigns (原始路径段: campaigns)，父文件夹: revenue-agency
2026-03-30 16:28:36,845 - app.ai.website_crawler - INFO - URL https://www.canada.ca/en/revenue-agency/campaigns/every-dollar-counts.html 对应的文件夹ID: 60747d87-9ad0-4ef3-b0b0-2a0b926b327d
2026-03-30 16:28:36,847 - app.ai.website_crawler - INFO - create_document: html_content 类型: <class 'str'>, 长度: 41267, 非空: True, 去空后非空: True
2026-03-30 16:28:36,847 - app.ai.website_crawler - INFO - 使用html_content参数，长度: 41267
2026-03-30 16:28:36,848 - app.ai.website_crawler - INFO - 保存HTML内容成功: every-dollar-counts.html, 大小: 41271 字节
2026-03-30 16:28:36,855 - app.ai.website_crawler - INFO - 创建文档成功: ID=9a0b7a25-60f7-4072-8f02-74a0e0c69089, 标题='Every dollar counts - Benefits, credits and programs - Canada.ca', 文件='every-dollar-counts.html'
2026-03-30 16:28:36,855 - app.ai.website_crawler - INFO - 文档保存成功: ID=9a0b7a25-60f7-4072-8f02-74a0e0c69089, 标题='Every dollar counts - Benefits, credits and programs - Canada.ca'
2026-03-30 16:28:36,855 - app.ai.website_crawler - INFO - 成功爬取并保存页面: Every dollar counts - Benefits, credits and programs - Canada.ca
2026-03-30 16:28:36,855 - app.ai.website_crawler - INFO - 爬取: https://www.canada.ca/en/mobile.html (深度 1/1)
/home/hongb/.openclaw/workspace/filebot/backend/venv/lib/python3.12/site-packages/urllib3/connectionpool.py:1097: InsecureRequestWarning: Unverified HTTPS request is being made to host 'www.canada.ca'. Adding certificate verification is strongly advised. See: https://urllib3.readthedocs.io/en/latest/advanced-usage.html#tls-warnings
  warnings.warn(
2026-03-30 16:28:36,982 - app.ai.website_crawler - INFO - URL路径解析: https://www.canada.ca/en/mobile.html -> 路径段: ['en']
2026-03-30 16:28:36,983 - app.ai.website_crawler - INFO - URL https://www.canada.ca/en/mobile.html 对应的文件夹ID: 0307226e-b96b-4f30-bda5-ef6f86ee8a4d
2026-03-30 16:28:36,984 - app.ai.website_crawler - INFO - create_document: html_content 类型: <class 'str'>, 长度: 28616, 非空: True, 去空后非空: True
2026-03-30 16:28:36,984 - app.ai.website_crawler - INFO - 使用html_content参数，长度: 28616
2026-03-30 16:28:36,984 - app.ai.website_crawler - INFO - 保存HTML内容成功: mobile.html, 大小: 28635 字节
2026-03-30 16:28:36,992 - app.ai.website_crawler - INFO - 创建文档成功: ID=ceed5e2f-125c-4e22-9d77-166d8dd7bbe1, 标题='Mobile centre - Canada.ca', 文件='mobile.html'
2026-03-30 16:28:36,992 - app.ai.website_crawler - INFO - 文档保存成功: ID=ceed5e2f-125c-4e22-9d77-166d8dd7bbe1, 标题='Mobile centre - Canada.ca'
2026-03-30 16:28:36,992 - app.ai.website_crawler - INFO - 成功爬取并保存页面: Mobile centre - Canada.ca
2026-03-30 16:28:36,992 - app.ai.website_crawler - INFO - 爬取: https://www.canada.ca/en/public-safety-canada/campaigns/firearms-buyback.html (深度 1/1)
/home/hongb/.openclaw/workspace/filebot/backend/venv/lib/python3.12/site-packages/urllib3/connectionpool.py:1097: InsecureRequestWarning: Unverified HTTPS request is being made to host 'www.canada.ca'. Adding certificate verification is strongly advised. See: https://urllib3.readthedocs.io/en/latest/advanced-usage.html#tls-warnings
  warnings.warn(
2026-03-30 16:28:37,042 - app.ai.website_crawler - INFO - URL路径解析: https://www.canada.ca/en/public-safety-canada/campaigns/firearms-buyback.html -> 路径段: ['en', 'public-safety-canada', 'campaigns']
2026-03-30 16:28:37,043 - app.ai.website_crawler - INFO - 创建子文件夹: public-safety-canada (原始路径段: public-safety-canada)，父文件夹: en
2026-03-30 16:28:37,049 - app.ai.website_crawler - INFO - 创建子文件夹: campaigns (原始路径段: campaigns)，父文件夹: public-safety-canada
2026-03-30 16:28:37,055 - app.ai.website_crawler - INFO - URL https://www.canada.ca/en/public-safety-canada/campaigns/firearms-buyback.html 对应的文件夹ID: efc087e2-5de3-498f-aae7-1d144ffb04f1
2026-03-30 16:28:37,056 - app.ai.website_crawler - INFO - create_document: html_content 类型: <class 'str'>, 长度: 24324, 非空: True, 去空后非空: True
2026-03-30 16:28:37,057 - app.ai.website_crawler - INFO - 使用html_content参数，长度: 24324
2026-03-30 16:28:37,058 - app.ai.website_crawler - INFO - 保存HTML内容成功: firearms-buyback.html, 大小: 24328 字节
2026-03-30 16:28:37,063 - app.ai.website_crawler - INFO - 创建文档成功: ID=e0a7a292-89f3-4252-9265-5e2bd3f99a5a, 标题='Assault-Style Firearms Compensation Program - Canada.ca', 文件='firearms-buyback.html'
2026-03-30 16:28:37,063 - app.ai.website_crawler - INFO - 文档保存成功: ID=e0a7a292-89f3-4252-9265-5e2bd3f99a5a, 标题='Assault-Style Firearms Compensation Program - Canada.ca'
2026-03-30 16:28:37,063 - app.ai.website_crawler - INFO - 成功爬取并保存页面: Assault-Style Firearms Compensation Program - Canada.ca
2026-03-30 16:28:37,067 - app.ai.website_crawler - INFO - 爬取: https://www.canada.ca/en/services/immigration-citizenship.html (深度 1/1)
/home/hongb/.openclaw/workspace/filebot/backend/venv/lib/python3.12/site-packages/urllib3/connectionpool.py:1097: InsecureRequestWarning: Unverified HTTPS request is being made to host 'www.canada.ca'. Adding certificate verification is strongly advised. See: https://urllib3.readthedocs.io/en/latest/advanced-usage.html#tls-warnings
  warnings.warn(
2026-03-30 16:28:37,114 - app.ai.website_crawler - INFO - URL路径解析: https://www.canada.ca/en/services/immigration-citizenship.html -> 路径段: ['en', 'services']
2026-03-30 16:28:37,114 - app.ai.website_crawler - INFO - URL https://www.canada.ca/en/services/immigration-citizenship.html 对应的文件夹ID: 1197c708-bcf1-48ae-b342-0ee5237a7493
2026-03-30 16:28:37,115 - app.ai.website_crawler - INFO - create_document: html_content 类型: <class 'str'>, 长度: 32542, 非空: True, 去空后非空: True
2026-03-30 16:28:37,115 - app.ai.website_crawler - INFO - 使用html_content参数，长度: 32542
2026-03-30 16:28:37,115 - app.ai.website_crawler - INFO - 保存HTML内容成功: immigration-citizenship.html, 大小: 32546 字节
2026-03-30 16:28:37,123 - app.ai.website_crawler - INFO - 创建文档成功: ID=275a9071-4d84-4994-99c6-540a68afc27d, 标题='Immigration and citizenship - Canada.ca', 文件='immigration-citizenship.html'
2026-03-30 16:28:37,123 - app.ai.website_crawler - INFO - 文档保存成功: ID=275a9071-4d84-4994-99c6-540a68afc27d, 标题='Immigration and citizenship - Canada.ca'
2026-03-30 16:28:37,123 - app.ai.website_crawler - INFO - 成功爬取并保存页面: Immigration and citizenship - Canada.ca
2026-03-30 16:28:37,123 - app.ai.website_crawler - INFO - 爬取: https://www.canada.ca/en/services/taxes/income-tax/personal-income-tax/get-ready-taxes.html (深度 1/1)
/home/hongb/.openclaw/workspace/filebot/backend/venv/lib/python3.12/site-packages/urllib3/connectionpool.py:1097: InsecureRequestWarning: Unverified HTTPS request is being made to host 'www.canada.ca'. Adding certificate verification is strongly advised. See: https://urllib3.readthedocs.io/en/latest/advanced-usage.html#tls-warnings
  warnings.warn(
2026-03-30 16:28:37,167 - app.ai.website_crawler - INFO - URL路径解析: https://www.canada.ca/en/services/taxes/income-tax/personal-income-tax/get-ready-taxes.html -> 路径段: ['en', 'services', 'taxes', 'income-tax', 'personal-income-tax']
2026-03-30 16:28:37,168 - app.ai.website_crawler - INFO - 创建子文件夹: taxes (原始路径段: taxes)，父文件夹: services
2026-03-30 16:28:37,174 - app.ai.website_crawler - INFO - 创建子文件夹: income-tax (原始路径段: income-tax)，父文件夹: taxes
2026-03-30 16:28:37,179 - app.ai.website_crawler - INFO - 创建子文件夹: personal-income-tax (原始路径段: personal-income-tax)，父文件夹: income-tax
2026-03-30 16:28:37,184 - app.ai.website_crawler - INFO - URL https://www.canada.ca/en/services/taxes/income-tax/personal-income-tax/get-ready-taxes.html 对应的文件夹ID: 6378d782-2412-4a06-bdc7-a2d0c2d2aaf3
2026-03-30 16:28:37,186 - app.ai.website_crawler - INFO - create_document: html_content 类型: <class 'str'>, 长度: 33108, 非空: True, 去空后非空: True
2026-03-30 16:28:37,186 - app.ai.website_crawler - INFO - 使用html_content参数，长度: 33108
2026-03-30 16:28:37,186 - app.ai.website_crawler - INFO - 保存HTML内容成功: get-ready-taxes.html, 大小: 33114 字节
2026-03-30 16:28:37,191 - app.ai.website_crawler - INFO - 创建文档成功: ID=110bd6e9-34e5-4282-b32c-af3f2d9401d4, 标题='Get ready to file a tax return - Personal income tax - Canada.ca', 文件='get-ready-taxes.html'
2026-03-30 16:28:37,191 - app.ai.website_crawler - INFO - 文档保存成功: ID=110bd6e9-34e5-4282-b32c-af3f2d9401d4, 标题='Get ready to file a tax return - Personal income tax - Canada.ca'
2026-03-30 16:28:37,191 - app.ai.website_crawler - INFO - 成功爬取并保存页面: Get ready to file a tax return - Personal income tax - Canada.ca
2026-03-30 16:28:37,191 - app.ai.website_crawler - INFO - 爬取: https://www.canada.ca/en/services/finance.html (深度 1/1)
/home/hongb/.openclaw/workspace/filebot/backend/venv/lib/python3.12/site-packages/urllib3/connectionpool.py:1097: InsecureRequestWarning: Unverified HTTPS request is being made to host 'www.canada.ca'. Adding certificate verification is strongly advised. See: https://urllib3.readthedocs.io/en/latest/advanced-usage.html#tls-warnings
  warnings.warn(
2026-03-30 16:28:37,278 - app.ai.website_crawler - INFO - URL路径解析: https://www.canada.ca/en/services/finance.html -> 路径段: ['en', 'services']
2026-03-30 16:28:37,278 - app.ai.website_crawler - INFO - URL https://www.canada.ca/en/services/finance.html 对应的文件夹ID: 1197c708-bcf1-48ae-b342-0ee5237a7493
2026-03-30 16:28:37,279 - app.ai.website_crawler - INFO - create_document: html_content 类型: <class 'str'>, 长度: 27308, 非空: True, 去空后非空: True
2026-03-30 16:28:37,279 - app.ai.website_crawler - INFO - 使用html_content参数，长度: 27308
2026-03-30 16:28:37,279 - app.ai.website_crawler - INFO - 保存HTML内容成功: finance.html, 大小: 27310 字节
2026-03-30 16:28:37,286 - app.ai.website_crawler - INFO - 创建文档成功: ID=bcdd5bc0-8ce0-472d-868f-e154976bdc4f, 标题='Money and finances - Canada.ca', 文件='finance.html'
2026-03-30 16:28:37,286 - app.ai.website_crawler - INFO - 文档保存成功: ID=bcdd5bc0-8ce0-472d-868f-e154976bdc4f, 标题='Money and finances - Canada.ca'
2026-03-30 16:28:37,286 - app.ai.website_crawler - INFO - 成功爬取并保存页面: Money and finances - Canada.ca
2026-03-30 16:28:37,286 - app.ai.website_crawler - INFO - 爬取: https://www.canada.ca/en/services/benefits/publicpensions.html (深度 1/1)
/home/hongb/.openclaw/workspace/filebot/backend/venv/lib/python3.12/site-packages/urllib3/connectionpool.py:1097: InsecureRequestWarning: Unverified HTTPS request is being made to host 'www.canada.ca'. Adding certificate verification is strongly advised. See: https://urllib3.readthedocs.io/en/latest/advanced-usage.html#tls-warnings
  warnings.warn(
2026-03-30 16:28:37,350 - app.ai.website_crawler - INFO - URL路径解析: https://www.canada.ca/en/services/benefits/publicpensions.html -> 路径段: ['en', 'services', 'benefits']
2026-03-30 16:28:37,351 - app.ai.website_crawler - INFO - URL https://www.canada.ca/en/services/benefits/publicpensions.html 对应的文件夹ID: 15c1cd63-425f-4ad3-adfe-4abd6a7cee8d
2026-03-30 16:28:37,353 - app.ai.website_crawler - INFO - create_document: html_content 类型: <class 'str'>, 长度: 29773, 非空: True, 去空后非空: True
2026-03-30 16:28:37,353 - app.ai.website_crawler - INFO - 使用html_content参数，长度: 29773
2026-03-30 16:28:37,353 - app.ai.website_crawler - INFO - 保存HTML内容成功: publicpensions.html, 大小: 29779 字节
2026-03-30 16:28:37,359 - app.ai.website_crawler - INFO - 创建文档成功: ID=56993eef-98a3-4645-8062-b7b867912802, 标题='Public pensions - Canada.ca', 文件='publicpensions.html'
2026-03-30 16:28:37,359 - app.ai.website_crawler - INFO - 文档保存成功: ID=56993eef-98a3-4645-8062-b7b867912802, 标题='Public pensions - Canada.ca'
2026-03-30 16:28:37,359 - app.ai.website_crawler - INFO - 成功爬取并保存页面: Public pensions - Canada.ca
2026-03-30 16:28:37,359 - app.ai.website_crawler - INFO - 爬取: https://www.canada.ca/en/services/business.html (深度 1/1)
/home/hongb/.openclaw/workspace/filebot/backend/venv/lib/python3.12/site-packages/urllib3/connectionpool.py:1097: InsecureRequestWarning: Unverified HTTPS request is being made to host 'www.canada.ca'. Adding certificate verification is strongly advised. See: https://urllib3.readthedocs.io/en/latest/advanced-usage.html#tls-warnings
  warnings.warn(
2026-03-30 16:28:37,421 - app.ai.website_crawler - INFO - URL路径解析: https://www.canada.ca/en/services/business.html -> 路径段: ['en', 'services']
2026-03-30 16:28:37,422 - app.ai.website_crawler - INFO - URL https://www.canada.ca/en/services/business.html 对应的文件夹ID: 1197c708-bcf1-48ae-b342-0ee5237a7493
2026-03-30 16:28:37,423 - app.ai.website_crawler - INFO - create_document: html_content 类型: <class 'str'>, 长度: 32759, 非空: True, 去空后非空: True
2026-03-30 16:28:37,423 - app.ai.website_crawler - INFO - 使用html_content参数，长度: 32759
2026-03-30 16:28:37,423 - app.ai.website_crawler - INFO - 保存HTML内容成功: business.html, 大小: 32763 字节
2026-03-30 16:28:37,430 - app.ai.website_crawler - INFO - 创建文档成功: ID=915ea302-2116-4c05-9568-7a15255a24e9, 标题='Business and industry - Canada.ca', 文件='business.html'
2026-03-30 16:28:37,430 - app.ai.website_crawler - INFO - 文档保存成功: ID=915ea302-2116-4c05-9568-7a15255a24e9, 标题='Business and industry - Canada.ca'
2026-03-30 16:28:37,430 - app.ai.website_crawler - INFO - 成功爬取并保存页面: Business and industry - Canada.ca
2026-03-30 16:28:37,435 - app.ai.website_crawler - INFO - 爬取: https://www.canada.ca/en/services/youth.html (深度 1/1)
/home/hongb/.openclaw/workspace/filebot/backend/venv/lib/python3.12/site-packages/urllib3/connectionpool.py:1097: InsecureRequestWarning: Unverified HTTPS request is being made to host 'www.canada.ca'. Adding certificate verification is strongly advised. See: https://urllib3.readthedocs.io/en/latest/advanced-usage.html#tls-warnings
  warnings.warn(
2026-03-30 16:28:37,481 - app.ai.website_crawler - INFO - URL路径解析: https://www.canada.ca/en/services/youth.html -> 路径段: ['en', 'services']
2026-03-30 16:28:37,482 - app.ai.website_crawler - INFO - URL https://www.canada.ca/en/services/youth.html 对应的文件夹ID: 1197c708-bcf1-48ae-b342-0ee5237a7493
2026-03-30 16:28:37,483 - app.ai.website_crawler - INFO - create_document: html_content 类型: <class 'str'>, 长度: 29372, 非空: True, 去空后非空: True
2026-03-30 16:28:37,483 - app.ai.website_crawler - INFO - 使用html_content参数，长度: 29372
2026-03-30 16:28:37,483 - app.ai.website_crawler - INFO - 保存HTML内容成功: youth.html, 大小: 29374 字节
2026-03-30 16:28:37,489 - app.ai.website_crawler - INFO - 创建文档成功: ID=81cf742a-9f68-4f72-b579-6763139c4ba1, 标题='Youth in Canada - Canada.ca', 文件='youth.html'
2026-03-30 16:28:37,489 - app.ai.website_crawler - INFO - 文档保存成功: ID=81cf742a-9f68-4f72-b579-6763139c4ba1, 标题='Youth in Canada - Canada.ca'
2026-03-30 16:28:37,489 - app.ai.website_crawler - INFO - 成功爬取并保存页面: Youth in Canada - Canada.ca
2026-03-30 16:28:37,490 - app.ai.website_crawler - INFO - 爬取: https://www.canada.ca/en/services/policing.html (深度 1/1)
/home/hongb/.openclaw/workspace/filebot/backend/venv/lib/python3.12/site-packages/urllib3/connectionpool.py:1097: InsecureRequestWarning: Unverified HTTPS request is being made to host 'www.canada.ca'. Adding certificate verification is strongly advised. See: https://urllib3.readthedocs.io/en/latest/advanced-usage.html#tls-warnings
  warnings.warn(
2026-03-30 16:28:37,559 - app.ai.website_crawler - INFO - URL路径解析: https://www.canada.ca/en/services/policing.html -> 路径段: ['en', 'services']
2026-03-30 16:28:37,560 - app.ai.website_crawler - INFO - URL https://www.canada.ca/en/services/policing.html 对应的文件夹ID: 1197c708-bcf1-48ae-b342-0ee5237a7493
2026-03-30 16:28:37,561 - app.ai.website_crawler - INFO - create_document: html_content 类型: <class 'str'>, 长度: 21971, 非空: True, 去空后非空: True
2026-03-30 16:28:37,562 - app.ai.website_crawler - INFO - 使用html_content参数，长度: 21971
2026-03-30 16:28:37,562 - app.ai.website_crawler - INFO - 保存HTML内容成功: policing.html, 大小: 21973 字节
2026-03-30 16:28:37,571 - app.ai.website_crawler - INFO - 创建文档成功: ID=3b1e5fd4-eb54-4747-aea9-03952f782ca9, 标题='Policing, justice and emergencies - Canada.ca', 文件='policing.html'
2026-03-30 16:28:37,571 - app.ai.website_crawler - INFO - 文档保存成功: ID=3b1e5fd4-eb54-4747-aea9-03952f782ca9, 标题='Policing, justice and emergencies - Canada.ca'
2026-03-30 16:28:37,571 - app.ai.website_crawler - INFO - 成功爬取并保存页面: Policing, justice and emergencies - Canada.ca
2026-03-30 16:28:37,571 - app.ai.website_crawler - INFO - 爬取: https://www.canada.ca/en/services/culture.html (深度 1/1)
/home/hongb/.openclaw/workspace/filebot/backend/venv/lib/python3.12/site-packages/urllib3/connectionpool.py:1097: InsecureRequestWarning: Unverified HTTPS request is being made to host 'www.canada.ca'. Adding certificate verification is strongly advised. See: https://urllib3.readthedocs.io/en/latest/advanced-usage.html#tls-warnings
  warnings.warn(
2026-03-30 16:28:37,644 - app.ai.website_crawler - INFO - URL路径解析: https://www.canada.ca/en/services/culture.html -> 路径段: ['en', 'services']
2026-03-30 16:28:37,645 - app.ai.website_crawler - INFO - URL https://www.canada.ca/en/services/culture.html 对应的文件夹ID: 1197c708-bcf1-48ae-b342-0ee5237a7493
2026-03-30 16:28:37,646 - app.ai.website_crawler - INFO - create_document: html_content 类型: <class 'str'>, 长度: 30115, 非空: True, 去空后非空: True
2026-03-30 16:28:37,646 - app.ai.website_crawler - INFO - 使用html_content参数，长度: 30115
2026-03-30 16:28:37,647 - app.ai.website_crawler - INFO - 保存HTML内容成功: culture.html, 大小: 30129 字节
2026-03-30 16:28:37,653 - app.ai.website_crawler - INFO - 创建文档成功: ID=c0fd9d69-e40d-4d05-aa54-c2894493fad9, 标题='Culture, history and sport - Canada.ca', 文件='culture.html'
2026-03-30 16:28:37,653 - app.ai.website_crawler - INFO - 文档保存成功: ID=c0fd9d69-e40d-4d05-aa54-c2894493fad9, 标题='Culture, history and sport - Canada.ca'
2026-03-30 16:28:37,653 - app.ai.website_crawler - INFO - 成功爬取并保存页面: Culture, history and sport - Canada.ca
2026-03-30 16:28:37,653 - app.ai.website_crawler - INFO - 爬取: https://www.canada.ca/en/government/sign-in-online-account.html (深度 1/1)
/home/hongb/.openclaw/workspace/filebot/backend/venv/lib/python3.12/site-packages/urllib3/connectionpool.py:1097: InsecureRequestWarning: Unverified HTTPS request is being made to host 'www.canada.ca'. Adding certificate verification is strongly advised. See: https://urllib3.readthedocs.io/en/latest/advanced-usage.html#tls-warnings
  warnings.warn(
2026-03-30 16:28:37,744 - app.ai.website_crawler - INFO - URL路径解析: https://www.canada.ca/en/government/sign-in-online-account.html -> 路径段: ['en', 'government']
2026-03-30 16:28:37,745 - app.ai.website_crawler - INFO - URL https://www.canada.ca/en/government/sign-in-online-account.html 对应的文件夹ID: 8f07fc21-78e9-4872-ab10-8812ef32dc14
2026-03-30 16:28:37,746 - app.ai.website_crawler - INFO - create_document: html_content 类型: <class 'str'>, 长度: 53604, 非空: True, 去空后非空: True
2026-03-30 16:28:37,746 - app.ai.website_crawler - INFO - 使用html_content参数，长度: 53604
2026-03-30 16:28:37,746 - app.ai.website_crawler - INFO - 保存HTML内容成功: sign-in-online-account.html, 大小: 53615 字节
2026-03-30 16:28:37,755 - app.ai.website_crawler - INFO - 创建文档成功: ID=a5e2eaa2-d851-4241-8cce-bb9eaa68e64e, 标题='Sign in to a Government of Canada online account - Canada.ca', 文件='sign-in-online-account.html'
2026-03-30 16:28:37,755 - app.ai.website_crawler - INFO - 文档保存成功: ID=a5e2eaa2-d851-4241-8cce-bb9eaa68e64e, 标题='Sign in to a Government of Canada online account - Canada.ca'
2026-03-30 16:28:37,755 - app.ai.website_crawler - INFO - 成功爬取并保存页面: Sign in to a Government of Canada online account - Canada.ca
2026-03-30 16:28:37,755 - app.ai.website_crawler - INFO - 爬取: https://www.canada.ca/en/services/benefits/ei.html (深度 1/1)
/home/hongb/.openclaw/workspace/filebot/backend/venv/lib/python3.12/site-packages/urllib3/connectionpool.py:1097: InsecureRequestWarning: Unverified HTTPS request is being made to host 'www.canada.ca'. Adding certificate verification is strongly advised. See: https://urllib3.readthedocs.io/en/latest/advanced-usage.html#tls-warnings
  warnings.warn(
2026-03-30 16:28:37,801 - app.ai.website_crawler - INFO - URL路径解析: https://www.canada.ca/en/services/benefits/ei.html -> 路径段: ['en', 'services', 'benefits']
2026-03-30 16:28:37,802 - app.ai.website_crawler - INFO - URL https://www.canada.ca/en/services/benefits/ei.html 对应的文件夹ID: 15c1cd63-425f-4ad3-adfe-4abd6a7cee8d
2026-03-30 16:28:37,803 - app.ai.website_crawler - INFO - create_document: html_content 类型: <class 'str'>, 长度: 26605, 非空: True, 去空后非空: True
2026-03-30 16:28:37,803 - app.ai.website_crawler - INFO - 使用html_content参数，长度: 26605
2026-03-30 16:28:37,803 - app.ai.website_crawler - INFO - 保存HTML内容成功: ei.html, 大小: 26613 字节
2026-03-30 16:28:37,810 - app.ai.website_crawler - INFO - 创建文档成功: ID=8894e909-c9ed-4432-bb74-e993fa7b8734, 标题='Employment Insurance benefits - Canada.ca', 文件='ei.html'
2026-03-30 16:28:37,810 - app.ai.website_crawler - INFO - 文档保存成功: ID=8894e909-c9ed-4432-bb74-e993fa7b8734, 标题='Employment Insurance benefits - Canada.ca'
2026-03-30 16:28:37,810 - app.ai.website_crawler - INFO - 成功爬取并保存页面: Employment Insurance benefits - Canada.ca
2026-03-30 16:28:37,815 - app.ai.website_crawler - INFO - 爬取: https://www.canada.ca/en/services/taxes.html (深度 1/1)
/home/hongb/.openclaw/workspace/filebot/backend/venv/lib/python3.12/site-packages/urllib3/connectionpool.py:1097: InsecureRequestWarning: Unverified HTTPS request is being made to host 'www.canada.ca'. Adding certificate verification is strongly advised. See: https://urllib3.readthedocs.io/en/latest/advanced-usage.html#tls-warnings
  warnings.warn(
2026-03-30 16:28:37,868 - app.ai.website_crawler - INFO - URL路径解析: https://www.canada.ca/en/services/taxes.html -> 路径段: ['en', 'services']
2026-03-30 16:28:37,868 - app.ai.website_crawler - INFO - URL https://www.canada.ca/en/services/taxes.html 对应的文件夹ID: 1197c708-bcf1-48ae-b342-0ee5237a7493
2026-03-30 16:28:37,870 - app.ai.website_crawler - INFO - create_document: html_content 类型: <class 'str'>, 长度: 28118, 非空: True, 去空后非空: True
2026-03-30 16:28:37,870 - app.ai.website_crawler - INFO - 使用html_content参数，长度: 28118
2026-03-30 16:28:37,870 - app.ai.website_crawler - INFO - 保存HTML内容成功: taxes.html, 大小: 28118 字节
2026-03-30 16:28:37,876 - app.ai.website_crawler - INFO - 创建文档成功: ID=88a0697c-528e-40bc-9a93-97685425cd9a, 标题='Taxes - Canada.ca', 文件='taxes.html'
2026-03-30 16:28:37,876 - app.ai.website_crawler - INFO - 文档保存成功: ID=88a0697c-528e-40bc-9a93-97685425cd9a, 标题='Taxes - Canada.ca'
2026-03-30 16:28:37,876 - app.ai.website_crawler - INFO - 成功爬取并保存页面: Taxes - Canada.ca
2026-03-30 16:28:37,877 - app.ai.website_crawler - INFO - 爬取: https://www.canada.ca/en/services/transport.html (深度 1/1)
/home/hongb/.openclaw/workspace/filebot/backend/venv/lib/python3.12/site-packages/urllib3/connectionpool.py:1097: InsecureRequestWarning: Unverified HTTPS request is being made to host 'www.canada.ca'. Adding certificate verification is strongly advised. See: https://urllib3.readthedocs.io/en/latest/advanced-usage.html#tls-warnings
  warnings.warn(
2026-03-30 16:28:37,947 - app.ai.website_crawler - INFO - URL路径解析: https://www.canada.ca/en/services/transport.html -> 路径段: ['en', 'services']
2026-03-30 16:28:37,948 - app.ai.website_crawler - INFO - URL https://www.canada.ca/en/services/transport.html 对应的文件夹ID: 1197c708-bcf1-48ae-b342-0ee5237a7493
2026-03-30 16:28:37,949 - app.ai.website_crawler - INFO - create_document: html_content 类型: <class 'str'>, 长度: 27128, 非空: True, 去空后非空: True
2026-03-30 16:28:37,949 - app.ai.website_crawler - INFO - 使用html_content参数，长度: 27128
2026-03-30 16:28:37,949 - app.ai.website_crawler - INFO - 保存HTML内容成功: transport.html, 大小: 27128 字节
2026-03-30 16:28:37,957 - app.ai.website_crawler - INFO - 创建文档成功: ID=9f6b01da-2609-4c16-9064-0dc1b15cbf0a, 标题='Transport and infrastructure - Canada.ca', 文件='transport.html'
2026-03-30 16:28:37,957 - app.ai.website_crawler - INFO - 文档保存成功: ID=9f6b01da-2609-4c16-9064-0dc1b15cbf0a, 标题='Transport and infrastructure - Canada.ca'
2026-03-30 16:28:37,957 - app.ai.website_crawler - INFO - 成功爬取并保存页面: Transport and infrastructure - Canada.ca
2026-03-30 16:28:37,957 - app.ai.website_crawler - INFO - 爬取: https://www.canada.ca/en/services/indigenous-peoples.html (深度 1/1)
/home/hongb/.openclaw/workspace/filebot/backend/venv/lib/python3.12/site-packages/urllib3/connectionpool.py:1097: InsecureRequestWarning: Unverified HTTPS request is being made to host 'www.canada.ca'. Adding certificate verification is strongly advised. See: https://urllib3.readthedocs.io/en/latest/advanced-usage.html#tls-warnings
  warnings.warn(
2026-03-30 16:28:38,005 - app.ai.website_crawler - INFO - URL路径解析: https://www.canada.ca/en/services/indigenous-peoples.html -> 路径段: ['en', 'services']
2026-03-30 16:28:38,006 - app.ai.website_crawler - INFO - URL https://www.canada.ca/en/services/indigenous-peoples.html 对应的文件夹ID: 1197c708-bcf1-48ae-b342-0ee5237a7493
2026-03-30 16:28:38,007 - app.ai.website_crawler - INFO - create_document: html_content 类型: <class 'str'>, 长度: 28249, 非空: True, 去空后非空: True
2026-03-30 16:28:38,007 - app.ai.website_crawler - INFO - 使用html_content参数，长度: 28249
2026-03-30 16:28:38,007 - app.ai.website_crawler - INFO - 保存HTML内容成功: indigenous-peoples.html, 大小: 28256 字节
2026-03-30 16:28:38,015 - app.ai.website_crawler - INFO - 创建文档成功: ID=faf644fa-3b4b-4ecc-b30a-9936bed2f693, 标题='Indigenous peoples - Canada.ca', 文件='indigenous-peoples.html'
2026-03-30 16:28:38,015 - app.ai.website_crawler - INFO - 文档保存成功: ID=faf644fa-3b4b-4ecc-b30a-9936bed2f693, 标题='Indigenous peoples - Canada.ca'
2026-03-30 16:28:38,015 - app.ai.website_crawler - INFO - 成功爬取并保存页面: Indigenous peoples - Canada.ca
2026-03-30 16:28:38,015 - app.ai.website_crawler - INFO - 爬取: https://www.canada.ca/en/services/benefits/dental/dental-care-plan.html (深度 1/1)
/home/hongb/.openclaw/workspace/filebot/backend/venv/lib/python3.12/site-packages/urllib3/connectionpool.py:1097: InsecureRequestWarning: Unverified HTTPS request is being made to host 'www.canada.ca'. Adding certificate verification is strongly advised. See: https://urllib3.readthedocs.io/en/latest/advanced-usage.html#tls-warnings
  warnings.warn(
2026-03-30 16:28:38,059 - app.ai.website_crawler - INFO - URL路径解析: https://www.canada.ca/en/services/benefits/dental/dental-care-plan.html -> 路径段: ['en', 'services', 'benefits', 'dental']
2026-03-30 16:28:38,060 - app.ai.website_crawler - INFO - 创建子文件夹: dental (原始路径段: dental)，父文件夹: benefits
2026-03-30 16:28:38,067 - app.ai.website_crawler - INFO - URL https://www.canada.ca/en/services/benefits/dental/dental-care-plan.html 对应的文件夹ID: 168bf8fe-10de-40d8-a09a-80b6df56251c
2026-03-30 16:28:38,068 - app.ai.website_crawler - INFO - create_document: html_content 类型: <class 'str'>, 长度: 23424, 非空: True, 去空后非空: True
2026-03-30 16:28:38,069 - app.ai.website_crawler - INFO - 使用html_content参数，长度: 23424
2026-03-30 16:28:38,069 - app.ai.website_crawler - INFO - 保存HTML内容成功: dental-care-plan.html, 大小: 23426 字节
2026-03-30 16:28:38,074 - app.ai.website_crawler - INFO - 创建文档成功: ID=005206b7-129f-4447-9ea9-c7e0ee213f56, 标题='Canadian Dental Care Plan - Canada.ca', 文件='dental-care-plan.html'
2026-03-30 16:28:38,074 - app.ai.website_crawler - INFO - 文档保存成功: ID=005206b7-129f-4447-9ea9-c7e0ee213f56, 标题='Canadian Dental Care Plan - Canada.ca'
2026-03-30 16:28:38,074 - app.ai.website_crawler - INFO - 成功爬取并保存页面: Canadian Dental Care Plan - Canada.ca
2026-03-30 16:28:38,074 - app.ai.website_crawler - INFO - 爬取: https://www.canada.ca/en/services/veterans-military.html (深度 1/1)
/home/hongb/.openclaw/workspace/filebot/backend/venv/lib/python3.12/site-packages/urllib3/connectionpool.py:1097: InsecureRequestWarning: Unverified HTTPS request is being made to host 'www.canada.ca'. Adding certificate verification is strongly advised. See: https://urllib3.readthedocs.io/en/latest/advanced-usage.html#tls-warnings
  warnings.warn(
2026-03-30 16:28:38,173 - app.ai.website_crawler - INFO - URL路径解析: https://www.canada.ca/en/services/veterans-military.html -> 路径段: ['en', 'services']
2026-03-30 16:28:38,173 - app.ai.website_crawler - INFO - URL https://www.canada.ca/en/services/veterans-military.html 对应的文件夹ID: 1197c708-bcf1-48ae-b342-0ee5237a7493
2026-03-30 16:28:38,174 - app.ai.website_crawler - INFO - create_document: html_content 类型: <class 'str'>, 长度: 22714, 非空: True, 去空后非空: True
2026-03-30 16:28:38,174 - app.ai.website_crawler - INFO - 使用html_content参数，长度: 22714
2026-03-30 16:28:38,175 - app.ai.website_crawler - INFO - 保存HTML内容成功: veterans-military.html, 大小: 22716 字节
2026-03-30 16:28:38,181 - app.ai.website_crawler - INFO - 创建文档成功: ID=f585fae3-4792-46d7-9d84-cac05579db9a, 标题='Veterans and military - Canada.ca', 文件='veterans-military.html'
2026-03-30 16:28:38,182 - app.ai.website_crawler - INFO - 文档保存成功: ID=f585fae3-4792-46d7-9d84-cac05579db9a, 标题='Veterans and military - Canada.ca'
2026-03-30 16:28:38,182 - app.ai.website_crawler - INFO - 成功爬取并保存页面: Veterans and military - Canada.ca
2026-03-30 16:28:38,186 - app.ai.website_crawler - INFO - 爬取完成: 总计 50 页, 成功 50 页, 失败 0 页, 时间 6.86秒
2026-03-30 16:28:38,191 - app.ai.website_crawler - INFO - 爬取任务 crawl_de42f1568a20 完成: {'total_pages': 50, 'successful_pages': 50, 'failed_pages': 0, 'total_images': 18, 'downloaded_images': 18, 'failed_images': 0, 'start_time': 1774902511.3237762, 'urls': [{'url': 'https://www.canada.ca/en.html', 'title': 'Home - Canada.ca', 'status': 'success', 'document_id': '877ec88c-465e-47b9-866a-4165014f5009'}, {'url': 'https://www.canada.ca/en/services/benefits.html', 'title': 'Benefits - Canada.ca', 'status': 'success', 'document_id': '787517f3-1fbc-4aa7-958c-7e122156d289'}, {'url': 'https://www.canada.ca/en/services/environment.html', 'title': 'Environment and natural resources - Canada.ca', 'status': 'success', 'document_id': 'e08a49b1-0a0b-4b36-bfb9-62a1290cc86f'}, {'url': 'https://www.canada.ca/en/services/life-events.html', 'title': 'Manage life events - Canada.ca', 'status': 'success', 'document_id': '58403591-bb00-4b8c-8c5b-c1d850790624'}, {'url': 'https://www.canada.ca/en/public-health/services/diseases/measles.html?utm_source=pco-landingpage&utm_medium=feature&utm_content=enhc&utm_campaign=hc-sc-campaignpco25-26', 'title': 'Measles: Symptoms and treatment - Canada.ca', 'status': 'success', 'document_id': '60c8f588-ca98-47ed-8ed5-dfa304b95afd'}, {'url': 'https://www.canada.ca/en/immigration-refugees-citizenship/services/visit-canada.html', 'title': 'Visit Canada - Canada.ca', 'status': 'success', 'document_id': '64e88299-be21-4bc7-b75b-5f3a0b74428e'}, {'url': 'https://www.canada.ca/en/services/defence.html', 'title': 'National security and defence - Canada.ca', 'status': 'success', 'document_id': '346141e6-968a-490d-8a62-5be796f61b49'}, {'url': 'https://www.canada.ca/en/government/system/laws.html', 'title': 'Treaties, laws and regulations - Canada.ca', 'status': 'success', 'document_id': 'bef8f054-4360-4095-8c35-b1e2394a14d7'}, {'url': 'https://www.canada.ca/en/canadian-heritage/campaigns/soccer-2026.html?utm_campaign=pch-pch-fifa26-2025-2026&utm_medium=canada-ca&utm_source=cdn-bas&utm_content=web-promos-en-260303', 'title': 'Canada welcomes the FIFA World Cup 2026™ - Canada.ca', 'status': 'success', 'document_id': 'b9ef3fca-62a8-480e-a193-6d5078a81ce0'}, {'url': 'https://www.canada.ca/en/social.html', 'title': 'Social media - Canada.ca', 'status': 'success', 'document_id': '118cb2bd-43f5-4574-8f5e-c2257f970229'}, {'url': 'https://www.canada.ca/en/transparency/terms.html', 'title': 'Terms and conditions - Canada.ca', 'status': 'success', 'document_id': '1cbd57af-4ee1-493f-aa36-babd317aea13'}, {'url': 'https://www.canada.ca/en/government/about-canada-ca.html', 'title': 'About Canada.ca - Canada.ca', 'status': 'success', 'document_id': '55bbe5fc-09c9-4c53-8fa5-6511dc2f4720'}, {'url': 'https://www.canada.ca/en/contact.html', 'title': 'Contact the Government of Canada - Canada.ca', 'status': 'success', 'document_id': 'feeebdc7-75e7-414b-b612-92d96b8f54f8'}, {'url': 'https://www.canada.ca/en/health-canada/services/health-risks-safety/radiation/radon/participate-study.html', 'title': 'Participate in a radon study - Canada.ca', 'status': 'success', 'document_id': '7618d3fd-2b4b-4746-8fa4-637868666903'}, {'url': 'https://www.canada.ca/en/news.html', 'title': 'News - Canada.ca', 'status': 'success', 'document_id': '23ca65e0-9ab2-4cc9-95f0-5375270b385f'}, {'url': 'https://www.canada.ca/en/campaign/building-strong-economy.html?utm_campaign=ised-isde-nation-builders-25-26&utm_medium=web&utm_source=feat&utm_content=pco-en-251128', 'title': 'Building a Strong Economy - Canada.ca', 'status': 'success', 'document_id': '91d6c6bb-3466-4cc4-918c-76c72766c170'}, {'url': 'https://www.canada.ca/en/services.html', 'title': 'Government of Canada services - Canada.ca', 'status': 'success', 'document_id': 'e18a648c-f99c-4c6c-b473-de87afbca2a7'}, {'url': 'https://www.canada.ca/en/services/health.html', 'title': 'Health - Canada.ca', 'status': 'success', 'document_id': '36b8fd33-3278-4fe5-a350-d929229a9298'}, {'url': 'https://www.canada.ca/fr.html', 'title': 'Accueil - Canada.ca', 'status': 'success', 'document_id': '83b2ae1f-61ad-43be-b29c-15c04c1b8809'}, {'url': 'https://www.canada.ca/en/transparency/privacy.html', 'title': 'Privacy - Canada.ca', 'status': 'success', 'document_id': 'd84dc01b-06ac-4be3-9afb-0699c64d74c6'}, {'url': 'https://www.canada.ca/en/services/jobs.html', 'title': 'Jobs and the workplace - Canada.ca', 'status': 'success', 'document_id': 'bac45f44-faf2-40fc-acb5-da43d6e6a17f'}, {'url': 'https://www.canada.ca/en/government/dept.html', 'title': 'Departments and agencies - Canada.ca', 'status': 'success', 'document_id': '52ba8834-bbc9-49e2-85bc-b639117ff89c'}, {'url': 'https://www.canada.ca/en/canadian-heritage/campaigns/canada-pass.html?utm_campaign=pch-pch-csp-lpcf-phase3-25-26&utm_medium=canada-ca&utm_source=homepage&utm_content=featured-en-260116', 'title': 'Canada Strong Pass - Canada.ca', 'status': 'success', 'document_id': '68cb4c13-e5e7-45e8-86f6-7210088243b5'}, {'url': 'https://www.canada.ca/en/immigration-refugees-citizenship/services/canadian-passports.html', 'title': 'Canadian passports and other travel documents: Applying in Canada - Canada.ca', 'status': 'success', 'document_id': '6fcc6ab8-2b4b-4906-851f-a13c0c2f81cf'}, {'url': 'https://www.canada.ca/en/environment-climate-change/services/national-wildlife-areas/explore-canada-national-wildlife-areas.html?utm_campaign=eccc-eccc-national-wildlife-area-25-26&utm_medium=qrc&utm_source=homepage-en', 'title': 'Explore Canada’s National Wildlife Areas - Canada.ca', 'status': 'success', 'document_id': '3300bb88-fc49-4cf7-b343-360f5b593fa1'}, {'url': 'https://www.canada.ca/en/government/publicservice.html', 'title': 'Working for the government - Canada.ca', 'status': 'success', 'document_id': '42e3c262-693a-4018-8532-8a81c946d847'}, {'url': 'https://www.canada.ca/en/department-finance/programs/international-trade-finance-policy/canadas-response-us-tariffs/support-canadian-workers-employers.html?utm_campaign=not-applicable&utm_medium=vanity-url&utm_source=canada-ca_support-tariff&utm_source=canada&utm_medium=promofeature&utm_campaign=esdc-edsc-support-canadian-workers-employers-25-26&utm_content=static_0001', 'title': 'Support for workers and employers impacted by tariffs - Canada.ca', 'status': 'success', 'document_id': 'afe1c01e-1e74-45b3-8154-317a4c3bfa9a'}, {'url': 'https://www.canada.ca/en/canadian-heritage/campaigns/month-francophonie.html?utm_campaign=pch-pch-moisfranco-26-27&utm_medium=canada-ca&utm_source=home-initiatives&utm_content=web-promos-en-260302', 'title': 'Month of La Francophonie – March - Canada.ca', 'status': 'success', 'document_id': 'd3b70cb3-3d09-4272-a0d0-bdaccc3d7a35'}, {'url': 'https://www.canada.ca/en/government/system.html', 'title': 'About government - Canada.ca', 'status': 'success', 'document_id': 'bff64b9d-ed64-4ed4-979c-d9cc727e4e00'}, {'url': 'https://www.canada.ca/en/services/science.html', 'title': 'Science and innovation - Canada.ca', 'status': 'success', 'document_id': 'f03b69bc-13e6-4720-8390-a22db34ee1ab'}, {'url': 'https://www.canada.ca/en/services/benefits/disability/canada-disability-benefit.html', 'title': 'Canada Disability Benefit - Canada.ca', 'status': 'success', 'document_id': '0f3bd425-87d1-4c4c-aae9-0fb87f366618'}, {'url': 'https://www.canada.ca/en/financial-consumer-agency/campaigns/it-pays-to-know.html', 'title': 'Making the most of your money - Canada.ca', 'status': 'success', 'document_id': '652b5876-3cf5-4e0a-a61d-fcf1bb749dae'}, {'url': 'https://www.canada.ca/en/revenue-agency/campaigns/every-dollar-counts.html', 'title': 'Every dollar counts - Benefits, credits and programs - Canada.ca', 'status': 'success', 'document_id': '9a0b7a25-60f7-4072-8f02-74a0e0c69089'}, {'url': 'https://www.canada.ca/en/mobile.html', 'title': 'Mobile centre - Canada.ca', 'status': 'success', 'document_id': 'ceed5e2f-125c-4e22-9d77-166d8dd7bbe1'}, {'url': 'https://www.canada.ca/en/public-safety-canada/campaigns/firearms-buyback.html', 'title': 'Assault-Style Firearms Compensation Program - Canada.ca', 'status': 'success', 'document_id': 'e0a7a292-89f3-4252-9265-5e2bd3f99a5a'}, {'url': 'https://www.canada.ca/en/services/immigration-citizenship.html', 'title': 'Immigration and citizenship - Canada.ca', 'status': 'success', 'document_id': '275a9071-4d84-4994-99c6-540a68afc27d'}, {'url': 'https://www.canada.ca/en/services/taxes/income-tax/personal-income-tax/get-ready-taxes.html', 'title': 'Get ready to file a tax return - Personal income tax - Canada.ca', 'status': 'success', 'document_id': '110bd6e9-34e5-4282-b32c-af3f2d9401d4'}, {'url': 'https://www.canada.ca/en/services/finance.html', 'title': 'Money and finances - Canada.ca', 'status': 'success', 'document_id': 'bcdd5bc0-8ce0-472d-868f-e154976bdc4f'}, {'url': 'https://www.canada.ca/en/services/benefits/publicpensions.html', 'title': 'Public pensions - Canada.ca', 'status': 'success', 'document_id': '56993eef-98a3-4645-8062-b7b867912802'}, {'url': 'https://www.canada.ca/en/services/business.html', 'title': 'Business and industry - Canada.ca', 'status': 'success', 'document_id': '915ea302-2116-4c05-9568-7a15255a24e9'}, {'url': 'https://www.canada.ca/en/services/youth.html', 'title': 'Youth in Canada - Canada.ca', 'status': 'success', 'document_id': '81cf742a-9f68-4f72-b579-6763139c4ba1'}, {'url': 'https://www.canada.ca/en/services/policing.html', 'title': 'Policing, justice and emergencies - Canada.ca', 'status': 'success', 'document_id': '3b1e5fd4-eb54-4747-aea9-03952f782ca9'}, {'url': 'https://www.canada.ca/en/services/culture.html', 'title': 'Culture, history and sport - Canada.ca', 'status': 'success', 'document_id': 'c0fd9d69-e40d-4d05-aa54-c2894493fad9'}, {'url': 'https://www.canada.ca/en/government/sign-in-online-account.html', 'title': 'Sign in to a Government of Canada online account - Canada.ca', 'status': 'success', 'document_id': 'a5e2eaa2-d851-4241-8cce-bb9eaa68e64e'}, {'url': 'https://www.canada.ca/en/services/benefits/ei.html', 'title': 'Employment Insurance benefits - Canada.ca', 'status': 'success', 'document_id': '8894e909-c9ed-4432-bb74-e993fa7b8734'}, {'url': 'https://www.canada.ca/en/services/taxes.html', 'title': 'Taxes - Canada.ca', 'status': 'success', 'document_id': '88a0697c-528e-40bc-9a93-97685425cd9a'}, {'url': 'https://www.canada.ca/en/services/transport.html', 'title': 'Transport and infrastructure - Canada.ca', 'status': 'success', 'document_id': '9f6b01da-2609-4c16-9064-0dc1b15cbf0a'}, {'url': 'https://www.canada.ca/en/services/indigenous-peoples.html', 'title': 'Indigenous peoples - Canada.ca', 'status': 'success', 'document_id': 'faf644fa-3b4b-4ecc-b30a-9936bed2f693'}, {'url': 'https://www.canada.ca/en/services/benefits/dental/dental-care-plan.html', 'title': 'Canadian Dental Care Plan - Canada.ca', 'status': 'success', 'document_id': '005206b7-129f-4447-9ea9-c7e0ee213f56'}, {'url': 'https://www.canada.ca/en/services/veterans-military.html', 'title': 'Veterans and military - Canada.ca', 'status': 'success', 'document_id': 'f585fae3-4792-46d7-9d84-cac05579db9a'}], 'total_time': 6.862680435180664}
2026-03-30 16:28:38,192 - app.routers.ai - INFO - 网站爬取完成: https://www.canada.ca/en.html, 任务ID: crawl_de42f1568a20, 结果: {'total_pages': 50, 'successful_pages': 50, 'failed_pages': 0, 'total_images': 18, 'downloaded_images': 18, 'failed_images': 0, 'start_time': 1774902511.3237762, 'urls': [{'url': 'https://www.canada.ca/en.html', 'title': 'Home - Canada.ca', 'status': 'success', 'document_id': '877ec88c-465e-47b9-866a-4165014f5009'}, {'url': 'https://www.canada.ca/en/services/benefits.html', 'title': 'Benefits - Canada.ca', 'status': 'success', 'document_id': '787517f3-1fbc-4aa7-958c-7e122156d289'}, {'url': 'https://www.canada.ca/en/services/environment.html', 'title': 'Environment and natural resources - Canada.ca', 'status': 'success', 'document_id': 'e08a49b1-0a0b-4b36-bfb9-62a1290cc86f'}, {'url': 'https://www.canada.ca/en/services/life-events.html', 'title': 'Manage life events - Canada.ca', 'status': 'success', 'document_id': '58403591-bb00-4b8c-8c5b-c1d850790624'}, {'url': 'https://www.canada.ca/en/public-health/services/diseases/measles.html?utm_source=pco-landingpage&utm_medium=feature&utm_content=enhc&utm_campaign=hc-sc-campaignpco25-26', 'title': 'Measles: Symptoms and treatment - Canada.ca', 'status': 'success', 'document_id': '60c8f588-ca98-47ed-8ed5-dfa304b95afd'}, {'url': 'https://www.canada.ca/en/immigration-refugees-citizenship/services/visit-canada.html', 'title': 'Visit Canada - Canada.ca', 'status': 'success', 'document_id': '64e88299-be21-4bc7-b75b-5f3a0b74428e'}, {'url': 'https://www.canada.ca/en/services/defence.html', 'title': 'National security and defence - Canada.ca', 'status': 'success', 'document_id': '346141e6-968a-490d-8a62-5be796f61b49'}, {'url': 'https://www.canada.ca/en/government/system/laws.html', 'title': 'Treaties, laws and regulations - Canada.ca', 'status': 'success', 'document_id': 'bef8f054-4360-4095-8c35-b1e2394a14d7'}, {'url': 'https://www.canada.ca/en/canadian-heritage/campaigns/soccer-2026.html?utm_campaign=pch-pch-fifa26-2025-2026&utm_medium=canada-ca&utm_source=cdn-bas&utm_content=web-promos-en-260303', 'title': 'Canada welcomes the FIFA World Cup 2026™ - Canada.ca', 'status': 'success', 'document_id': 'b9ef3fca-62a8-480e-a193-6d5078a81ce0'}, {'url': 'https://www.canada.ca/en/social.html', 'title': 'Social media - Canada.ca', 'status': 'success', 'document_id': '118cb2bd-43f5-4574-8f5e-c2257f970229'}, {'url': 'https://www.canada.ca/en/transparency/terms.html', 'title': 'Terms and conditions - Canada.ca', 'status': 'success', 'document_id': '1cbd57af-4ee1-493f-aa36-babd317aea13'}, {'url': 'https://www.canada.ca/en/government/about-canada-ca.html', 'title': 'About Canada.ca - Canada.ca', 'status': 'success', 'document_id': '55bbe5fc-09c9-4c53-8fa5-6511dc2f4720'}, {'url': 'https://www.canada.ca/en/contact.html', 'title': 'Contact the Government of Canada - Canada.ca', 'status': 'success', 'document_id': 'feeebdc7-75e7-414b-b612-92d96b8f54f8'}, {'url': 'https://www.canada.ca/en/health-canada/services/health-risks-safety/radiation/radon/participate-study.html', 'title': 'Participate in a radon study - Canada.ca', 'status': 'success', 'document_id': '7618d3fd-2b4b-4746-8fa4-637868666903'}, {'url': 'https://www.canada.ca/en/news.html', 'title': 'News - Canada.ca', 'status': 'success', 'document_id': '23ca65e0-9ab2-4cc9-95f0-5375270b385f'}, {'url': 'https://www.canada.ca/en/campaign/building-strong-economy.html?utm_campaign=ised-isde-nation-builders-25-26&utm_medium=web&utm_source=feat&utm_content=pco-en-251128', 'title': 'Building a Strong Economy - Canada.ca', 'status': 'success', 'document_id': '91d6c6bb-3466-4cc4-918c-76c72766c170'}, {'url': 'https://www.canada.ca/en/services.html', 'title': 'Government of Canada services - Canada.ca', 'status': 'success', 'document_id': 'e18a648c-f99c-4c6c-b473-de87afbca2a7'}, {'url': 'https://www.canada.ca/en/services/health.html', 'title': 'Health - Canada.ca', 'status': 'success', 'document_id': '36b8fd33-3278-4fe5-a350-d929229a9298'}, {'url': 'https://www.canada.ca/fr.html', 'title': 'Accueil - Canada.ca', 'status': 'success', 'document_id': '83b2ae1f-61ad-43be-b29c-15c04c1b8809'}, {'url': 'https://www.canada.ca/en/transparency/privacy.html', 'title': 'Privacy - Canada.ca', 'status': 'success', 'document_id': 'd84dc01b-06ac-4be3-9afb-0699c64d74c6'}, {'url': 'https://www.canada.ca/en/services/jobs.html', 'title': 'Jobs and the workplace - Canada.ca', 'status': 'success', 'document_id': 'bac45f44-faf2-40fc-acb5-da43d6e6a17f'}, {'url': 'https://www.canada.ca/en/government/dept.html', 'title': 'Departments and agencies - Canada.ca', 'status': 'success', 'document_id': '52ba8834-bbc9-49e2-85bc-b639117ff89c'}, {'url': 'https://www.canada.ca/en/canadian-heritage/campaigns/canada-pass.html?utm_campaign=pch-pch-csp-lpcf-phase3-25-26&utm_medium=canada-ca&utm_source=homepage&utm_content=featured-en-260116', 'title': 'Canada Strong Pass - Canada.ca', 'status': 'success', 'document_id': '68cb4c13-e5e7-45e8-86f6-7210088243b5'}, {'url': 'https://www.canada.ca/en/immigration-refugees-citizenship/services/canadian-passports.html', 'title': 'Canadian passports and other travel documents: Applying in Canada - Canada.ca', 'status': 'success', 'document_id': '6fcc6ab8-2b4b-4906-851f-a13c0c2f81cf'}, {'url': 'https://www.canada.ca/en/environment-climate-change/services/national-wildlife-areas/explore-canada-national-wildlife-areas.html?utm_campaign=eccc-eccc-national-wildlife-area-25-26&utm_medium=qrc&utm_source=homepage-en', 'title': 'Explore Canada’s National Wildlife Areas - Canada.ca', 'status': 'success', 'document_id': '3300bb88-fc49-4cf7-b343-360f5b593fa1'}, {'url': 'https://www.canada.ca/en/government/publicservice.html', 'title': 'Working for the government - Canada.ca', 'status': 'success', 'document_id': '42e3c262-693a-4018-8532-8a81c946d847'}, {'url': 'https://www.canada.ca/en/department-finance/programs/international-trade-finance-policy/canadas-response-us-tariffs/support-canadian-workers-employers.html?utm_campaign=not-applicable&utm_medium=vanity-url&utm_source=canada-ca_support-tariff&utm_source=canada&utm_medium=promofeature&utm_campaign=esdc-edsc-support-canadian-workers-employers-25-26&utm_content=static_0001', 'title': 'Support for workers and employers impacted by tariffs - Canada.ca', 'status': 'success', 'document_id': 'afe1c01e-1e74-45b3-8154-317a4c3bfa9a'}, {'url': 'https://www.canada.ca/en/canadian-heritage/campaigns/month-francophonie.html?utm_campaign=pch-pch-moisfranco-26-27&utm_medium=canada-ca&utm_source=home-initiatives&utm_content=web-promos-en-260302', 'title': 'Month of La Francophonie – March - Canada.ca', 'status': 'success', 'document_id': 'd3b70cb3-3d09-4272-a0d0-bdaccc3d7a35'}, {'url': 'https://www.canada.ca/en/government/system.html', 'title': 'About government - Canada.ca', 'status': 'success', 'document_id': 'bff64b9d-ed64-4ed4-979c-d9cc727e4e00'}, {'url': 'https://www.canada.ca/en/services/science.html', 'title': 'Science and innovation - Canada.ca', 'status': 'success', 'document_id': 'f03b69bc-13e6-4720-8390-a22db34ee1ab'}, {'url': 'https://www.canada.ca/en/services/benefits/disability/canada-disability-benefit.html', 'title': 'Canada Disability Benefit - Canada.ca', 'status': 'success', 'document_id': '0f3bd425-87d1-4c4c-aae9-0fb87f366618'}, {'url': 'https://www.canada.ca/en/financial-consumer-agency/campaigns/it-pays-to-know.html', 'title': 'Making the most of your money - Canada.ca', 'status': 'success', 'document_id': '652b5876-3cf5-4e0a-a61d-fcf1bb749dae'}, {'url': 'https://www.canada.ca/en/revenue-agency/campaigns/every-dollar-counts.html', 'title': 'Every dollar counts - Benefits, credits and programs - Canada.ca', 'status': 'success', 'document_id': '9a0b7a25-60f7-4072-8f02-74a0e0c69089'}, {'url': 'https://www.canada.ca/en/mobile.html', 'title': 'Mobile centre - Canada.ca', 'status': 'success', 'document_id': 'ceed5e2f-125c-4e22-9d77-166d8dd7bbe1'}, {'url': 'https://www.canada.ca/en/public-safety-canada/campaigns/firearms-buyback.html', 'title': 'Assault-Style Firearms Compensation Program - Canada.ca', 'status': 'success', 'document_id': 'e0a7a292-89f3-4252-9265-5e2bd3f99a5a'}, {'url': 'https://www.canada.ca/en/services/immigration-citizenship.html', 'title': 'Immigration and citizenship - Canada.ca', 'status': 'success', 'document_id': '275a9071-4d84-4994-99c6-540a68afc27d'}, {'url': 'https://www.canada.ca/en/services/taxes/income-tax/personal-income-tax/get-ready-taxes.html', 'title': 'Get ready to file a tax return - Personal income tax - Canada.ca', 'status': 'success', 'document_id': '110bd6e9-34e5-4282-b32c-af3f2d9401d4'}, {'url': 'https://www.canada.ca/en/services/finance.html', 'title': 'Money and finances - Canada.ca', 'status': 'success', 'document_id': 'bcdd5bc0-8ce0-472d-868f-e154976bdc4f'}, {'url': 'https://www.canada.ca/en/services/benefits/publicpensions.html', 'title': 'Public pensions - Canada.ca', 'status': 'success', 'document_id': '56993eef-98a3-4645-8062-b7b867912802'}, {'url': 'https://www.canada.ca/en/services/business.html', 'title': 'Business and industry - Canada.ca', 'status': 'success', 'document_id': '915ea302-2116-4c05-9568-7a15255a24e9'}, {'url': 'https://www.canada.ca/en/services/youth.html', 'title': 'Youth in Canada - Canada.ca', 'status': 'success', 'document_id': '81cf742a-9f68-4f72-b579-6763139c4ba1'}, {'url': 'https://www.canada.ca/en/services/policing.html', 'title': 'Policing, justice and emergencies - Canada.ca', 'status': 'success', 'document_id': '3b1e5fd4-eb54-4747-aea9-03952f782ca9'}, {'url': 'https://www.canada.ca/en/services/culture.html', 'title': 'Culture, history and sport - Canada.ca', 'status': 'success', 'document_id': 'c0fd9d69-e40d-4d05-aa54-c2894493fad9'}, {'url': 'https://www.canada.ca/en/government/sign-in-online-account.html', 'title': 'Sign in to a Government of Canada online account - Canada.ca', 'status': 'success', 'document_id': 'a5e2eaa2-d851-4241-8cce-bb9eaa68e64e'}, {'url': 'https://www.canada.ca/en/services/benefits/ei.html', 'title': 'Employment Insurance benefits - Canada.ca', 'status': 'success', 'document_id': '8894e909-c9ed-4432-bb74-e993fa7b8734'}, {'url': 'https://www.canada.ca/en/services/taxes.html', 'title': 'Taxes - Canada.ca', 'status': 'success', 'document_id': '88a0697c-528e-40bc-9a93-97685425cd9a'}, {'url': 'https://www.canada.ca/en/services/transport.html', 'title': 'Transport and infrastructure - Canada.ca', 'status': 'success', 'document_id': '9f6b01da-2609-4c16-9064-0dc1b15cbf0a'}, {'url': 'https://www.canada.ca/en/services/indigenous-peoples.html', 'title': 'Indigenous peoples - Canada.ca', 'status': 'success', 'document_id': 'faf644fa-3b4b-4ecc-b30a-9936bed2f693'}, {'url': 'https://www.canada.ca/en/services/benefits/dental/dental-care-plan.html', 'title': 'Canadian Dental Care Plan - Canada.ca', 'status': 'success', 'document_id': '005206b7-129f-4447-9ea9-c7e0ee213f56'}, {'url': 'https://www.canada.ca/en/services/veterans-military.html', 'title': 'Veterans and military - Canada.ca', 'status': 'success', 'document_id': 'f585fae3-4792-46d7-9d84-cac05579db9a'}], 'total_time': 6.862680435180664}
INFO:     127.0.0.1:55706 - "GET /api/v1/ai/crawl-website/crawl_de42f1568a20 HTTP/1.1" 404 Not Found
INFO:     127.0.0.1:53850 - "GET / HTTP/1.1" 200 OK
INFO:     127.0.0.1:42350 - "GET / HTTP/1.1" 200 OK
INFO:     127.0.0.1:56712 - "GET / HTTP/1.1" 200 OK
INFO:     127.0.0.1:40728 - "GET / HTTP/1.1" 200 OK
INFO:     127.0.0.1:43504 - "GET / HTTP/1.1" 200 OK
INFO:     127.0.0.1:49436 - "GET / HTTP/1.1" 200 OK
INFO:     127.0.0.1:35038 - "GET / HTTP/1.1" 200 OK
INFO:     127.0.0.1:52616 - "GET / HTTP/1.1" 200 OK
INFO:     127.0.0.1:48274 - "GET / HTTP/1.1" 200 OK
INFO:     127.0.0.1:56744 - "GET / HTTP/1.1" 200 OK
INFO:     127.0.0.1:58168 - "GET /api/v1/folders/194f0ab3-a000-498f-8ffe-9277ffa2ab6e HTTP/1.1" 200 OK
INFO:     127.0.0.1:58170 - "GET /api/v1/folders/?app_id=3093c5b6-f1a4-435f-b1c3-8d7387ba2c60&parent_folder_id=194f0ab3-a000-498f-8ffe-9277ffa2ab6e HTTP/1.1" 200 OK
INFO:     127.0.0.1:58174 - "GET /api/v1/folders/90da7800-bd12-47e4-aaa7-7a678622ccf8 HTTP/1.1" 200 OK
INFO:     127.0.0.1:58190 - "GET /api/v1/folders/?app_id=3093c5b6-f1a4-435f-b1c3-8d7387ba2c60&parent_folder_id=90da7800-bd12-47e4-aaa7-7a678622ccf8 HTTP/1.1" 200 OK
INFO:     127.0.0.1:58194 - "GET /api/v1/folders/594b8b50-6486-44d0-9669-6124a1fb87a7 HTTP/1.1" 200 OK
INFO:     127.0.0.1:58204 - "GET /api/v1/folders/?app_id=3093c5b6-f1a4-435f-b1c3-8d7387ba2c60&parent_folder_id=594b8b50-6486-44d0-9669-6124a1fb87a7 HTTP/1.1" 200 OK
INFO:     127.0.0.1:58206 - "GET /api/v1/folders/b21af527-177b-49f9-9e33-44a11fc14e24 HTTP/1.1" 200 OK
INFO:     127.0.0.1:58212 - "GET /api/v1/folders/?app_id=3093c5b6-f1a4-435f-b1c3-8d7387ba2c60&parent_folder_id=b21af527-177b-49f9-9e33-44a11fc14e24 HTTP/1.1" 200 OK
INFO:     127.0.0.1:44872 - "GET /api/v1/folders/b4b2e455-d13e-434e-9ad4-9d6b06e91b33 HTTP/1.1" 200 OK
INFO:     127.0.0.1:44888 - "GET /api/v1/folders/?app_id=3093c5b6-f1a4-435f-b1c3-8d7387ba2c60&parent_folder_id=b4b2e455-d13e-434e-9ad4-9d6b06e91b33 HTTP/1.1" 200 OK
INFO:     127.0.0.1:44892 - "GET /api/v1/folders/91354f29-a57b-40c2-9f30-bfa3d4a4bb2b HTTP/1.1" 200 OK
INFO:     127.0.0.1:44896 - "GET /api/v1/folders/?app_id=3093c5b6-f1a4-435f-b1c3-8d7387ba2c60&parent_folder_id=91354f29-a57b-40c2-9f30-bfa3d4a4bb2b HTTP/1.1" 200 OK
INFO:     127.0.0.1:44904 - "GET /api/v1/apps/ HTTP/1.1" 200 OK
INFO:     127.0.0.1:44912 - "GET /api/v1/apps/ HTTP/1.1" 200 OK
INFO:     127.0.0.1:44922 - "GET /api/v1/folders/?app_id=3093c5b6-f1a4-435f-b1c3-8d7387ba2c60 HTTP/1.1" 200 OK
INFO:     127.0.0.1:44930 - "GET /api/v1/folders/?app_id=3093c5b6-f1a4-435f-b1c3-8d7387ba2c60 HTTP/1.1" 200 OK
/home/hongb/.openclaw/workspace/filebot/backend/app/routers/documents.py:242: SAWarning: Coercing Subquery object into a select() for use in IN(); please pass a select() construct explicitly
  query = query.filter(App.id.in_(user_apps_subquery))
INFO:     127.0.0.1:44938 - "GET /api/v1/documents/?folder_id=91354f29-a57b-40c2-9f30-bfa3d4a4bb2b HTTP/1.1" 200 OK
INFO:     127.0.0.1:44954 - "GET /api/v1/documents/?folder_id=91354f29-a57b-40c2-9f30-bfa3d4a4bb2b HTTP/1.1" 200 OK
INFO:     127.0.0.1:41924 - "GET /api/v1/documents/fcac4a48-a5dd-4b9c-8cdd-8e041e75a31e HTTP/1.1" 200 OK
INFO:     127.0.0.1:38440 - "GET /api/v1/documents/fcac4a48-a5dd-4b9c-8cdd-8e041e75a31e HTTP/1.1" 200 OK
INFO:     127.0.0.1:38456 - "GET /api/v1/folders/91354f29-a57b-40c2-9f30-bfa3d4a4bb2b HTTP/1.1" 200 OK
INFO:     127.0.0.1:38470 - "GET /api/v1/folders/91354f29-a57b-40c2-9f30-bfa3d4a4bb2b HTTP/1.1" 200 OK
INFO:     127.0.0.1:38484 - "GET /api/v1/apps/ HTTP/1.1" 200 OK
INFO:     127.0.0.1:38500 - "GET /api/v1/apps/ HTTP/1.1" 200 OK
INFO:     127.0.0.1:38516 - "GET /api/v1/documents/fcac4a48-a5dd-4b9c-8cdd-8e041e75a31e/download?download_type=original HTTP/1.1" 200 OK
INFO:     127.0.0.1:45354 - "GET / HTTP/1.1" 200 OK
INFO:     127.0.0.1:60022 - "GET / HTTP/1.1" 200 OK
INFO:     127.0.0.1:60782 - "GET / HTTP/1.1" 200 OK
INFO:     127.0.0.1:38244 - "GET / HTTP/1.1" 200 OK
INFO:     127.0.0.1:49086 - "GET / HTTP/1.1" 200 OK
INFO:     127.0.0.1:35734 - "GET / HTTP/1.1" 200 OK
INFO:     127.0.0.1:48730 - "GET / HTTP/1.1" 200 OK
INFO:     127.0.0.1:33418 - "GET / HTTP/1.1" 200 OK
INFO:     127.0.0.1:52344 - "GET / HTTP/1.1" 200 OK
INFO:     127.0.0.1:38722 - "GET / HTTP/1.1" 200 OK
INFO:     127.0.0.1:35434 - "GET / HTTP/1.1" 200 OK
INFO:     127.0.0.1:51772 - "GET / HTTP/1.1" 200 OK
INFO:     127.0.0.1:46884 - "HEAD / HTTP/1.1" 405 Method Not Allowed
INFO:     127.0.0.1:37918 - "HEAD / HTTP/1.1" 405 Method Not Allowed
INFO:     127.0.0.1:51004 - "HEAD / HTTP/1.1" 405 Method Not Allowed
INFO:     127.0.0.1:34554 - "HEAD / HTTP/1.1" 405 Method Not Allowed
INFO:     127.0.0.1:39406 - "HEAD / HTTP/1.1" 405 Method Not Allowed
INFO:     127.0.0.1:41632 - "HEAD / HTTP/1.1" 405 Method Not Allowed
INFO:     127.0.0.1:52012 - "HEAD / HTTP/1.1" 405 Method Not Allowed
INFO:     127.0.0.1:35170 - "HEAD / HTTP/1.1" 405 Method Not Allowed
INFO:     127.0.0.1:57788 - "HEAD / HTTP/1.1" 405 Method Not Allowed
WARNING:  Invalid HTTP request received.
INFO:     127.0.0.1:45420 - "GET /api/v1/files/ HTTP/1.1" 404 Not Found
INFO:     127.0.0.1:36906 - "HEAD / HTTP/1.1" 405 Method Not Allowed
INFO:     127.0.0.1:47112 - "HEAD / HTTP/1.1" 405 Method Not Allowed
INFO:     127.0.0.1:57902 - "GET /api/v1/apps/boarding HTTP/1.1" 200 OK
INFO:     127.0.0.1:57910 - "GET /api/v1/apps/boarding HTTP/1.1" 200 OK
INFO:     127.0.0.1:52284 - "GET /api/v1/folders/?app_id=3093c5b6-f1a4-435f-b1c3-8d7387ba2c60 HTTP/1.1" 200 OK
INFO:     127.0.0.1:52286 - "GET /api/v1/folders/?app_id=3093c5b6-f1a4-435f-b1c3-8d7387ba2c60 HTTP/1.1" 200 OK
INFO:     127.0.0.1:52302 - "GET /api/v1/folders/f6293130-4f34-42d2-8a95-952086a95927 HTTP/1.1" 200 OK
INFO:     127.0.0.1:52308 - "GET /api/v1/folders/?app_id=3093c5b6-f1a4-435f-b1c3-8d7387ba2c60&parent_folder_id=f6293130-4f34-42d2-8a95-952086a95927 HTTP/1.1" 200 OK
INFO:     127.0.0.1:43212 - "GET /api/v1/apps/ HTTP/1.1" 200 OK
INFO:     127.0.0.1:39988 - "GET /api/v1/apps/ HTTP/1.1" 200 OK
INFO:     127.0.0.1:39994 - "GET /api/v1/apps/canada-site HTTP/1.1" 200 OK
INFO:     127.0.0.1:40010 - "GET /api/v1/apps/canada-site HTTP/1.1" 200 OK
INFO:     127.0.0.1:40020 - "GET /api/v1/folders/?app_id=98523bb3-1c54-4b12-94f8-42b7c164ac8b HTTP/1.1" 200 OK
INFO:     127.0.0.1:40028 - "GET /api/v1/folders/?app_id=98523bb3-1c54-4b12-94f8-42b7c164ac8b HTTP/1.1" 200 OK
INFO:     127.0.0.1:40032 - "GET /api/v1/folders/21877994-0884-4dd3-8232-93355c90e315 HTTP/1.1" 200 OK
INFO:     127.0.0.1:40042 - "GET /api/v1/folders/?app_id=98523bb3-1c54-4b12-94f8-42b7c164ac8b&parent_folder_id=21877994-0884-4dd3-8232-93355c90e315 HTTP/1.1" 200 OK
INFO:     127.0.0.1:44064 - "DELETE /api/v1/folders/21877994-0884-4dd3-8232-93355c90e315?recursive=true HTTP/1.1" 200 OK
INFO:     127.0.0.1:44068 - "GET /api/v1/folders/?app_id=98523bb3-1c54-4b12-94f8-42b7c164ac8b HTTP/1.1" 200 OK
INFO:     127.0.0.1:44084 - "GET /api/v1/folders/b50b8110-0ff2-4a34-9023-3c0237cff4a4 HTTP/1.1" 200 OK
INFO:     127.0.0.1:44088 - "GET /api/v1/folders/?app_id=98523bb3-1c54-4b12-94f8-42b7c164ac8b&parent_folder_id=b50b8110-0ff2-4a34-9023-3c0237cff4a4 HTTP/1.1" 200 OK
INFO:     127.0.0.1:43592 - "DELETE /api/v1/folders/b50b8110-0ff2-4a34-9023-3c0237cff4a4?recursive=true HTTP/1.1" 200 OK
INFO:     127.0.0.1:43596 - "GET /api/v1/folders/?app_id=98523bb3-1c54-4b12-94f8-42b7c164ac8b HTTP/1.1" 200 OK
INFO:     127.0.0.1:43602 - "GET /api/v1/apps/ HTTP/1.1" 200 OK
INFO:     127.0.0.1:43618 - "GET /api/v1/apps/ HTTP/1.1" 200 OK
INFO:     127.0.0.1:43634 - "GET /api/v1/apps/boarding HTTP/1.1" 200 OK
INFO:     127.0.0.1:43650 - "GET /api/v1/apps/boarding HTTP/1.1" 200 OK
INFO:     127.0.0.1:43648 - "GET /api/v1/folders/?app_id=3093c5b6-f1a4-435f-b1c3-8d7387ba2c60 HTTP/1.1" 200 OK
INFO:     127.0.0.1:43658 - "GET /api/v1/folders/?app_id=3093c5b6-f1a4-435f-b1c3-8d7387ba2c60 HTTP/1.1" 200 OK
INFO:     127.0.0.1:43668 - "GET /api/v1/folders/f6293130-4f34-42d2-8a95-952086a95927 HTTP/1.1" 200 OK
INFO:     127.0.0.1:43680 - "GET /api/v1/folders/?app_id=3093c5b6-f1a4-435f-b1c3-8d7387ba2c60&parent_folder_id=f6293130-4f34-42d2-8a95-952086a95927 HTTP/1.1" 200 OK
INFO:     127.0.0.1:60664 - "GET / HTTP/1.1" 200 OK
INFO:     127.0.0.1:46008 - "GET /api/v1/ai/crawl-tasks?limit=50 HTTP/1.1" 200 OK
INFO:     127.0.0.1:46024 - "GET /api/v1/ai/crawl-tasks?limit=50 HTTP/1.1" 200 OK
INFO:     127.0.0.1:41436 - "GET /api/v1/folders/bf7d22e7-4b8f-4407-9727-c9d3076f035a HTTP/1.1" 200 OK
INFO:     127.0.0.1:41440 - "GET /api/v1/folders/?app_id=3093c5b6-f1a4-435f-b1c3-8d7387ba2c60&parent_folder_id=bf7d22e7-4b8f-4407-9727-c9d3076f035a HTTP/1.1" 200 OK
INFO:     127.0.0.1:34882 - "GET /api/v1/apps/ HTTP/1.1" 200 OK
INFO:     127.0.0.1:34898 - "GET /api/v1/apps/ HTTP/1.1" 200 OK
INFO:     127.0.0.1:34904 - "GET /api/v1/folders/?app_id=3093c5b6-f1a4-435f-b1c3-8d7387ba2c60 HTTP/1.1" 200 OK
INFO:     127.0.0.1:34920 - "GET /api/v1/folders/?app_id=3093c5b6-f1a4-435f-b1c3-8d7387ba2c60 HTTP/1.1" 200 OK
INFO:     127.0.0.1:34926 - "GET /api/v1/documents/?folder_id=bf7d22e7-4b8f-4407-9727-c9d3076f035a HTTP/1.1" 200 OK
INFO:     127.0.0.1:34930 - "GET /api/v1/documents/?folder_id=bf7d22e7-4b8f-4407-9727-c9d3076f035a HTTP/1.1" 200 OK
INFO:     127.0.0.1:53104 - "GET /api/v1/apps/boarding HTTP/1.1" 200 OK
INFO:     127.0.0.1:53112 - "GET /api/v1/apps/boarding HTTP/1.1" 200 OK
INFO:     127.0.0.1:53126 - "GET /api/v1/folders/?app_id=3093c5b6-f1a4-435f-b1c3-8d7387ba2c60 HTTP/1.1" 200 OK
INFO:     127.0.0.1:53140 - "GET /api/v1/folders/?app_id=3093c5b6-f1a4-435f-b1c3-8d7387ba2c60 HTTP/1.1" 200 OK
INFO:     127.0.0.1:53146 - "GET /api/v1/folders/f6293130-4f34-42d2-8a95-952086a95927 HTTP/1.1" 200 OK
INFO:     127.0.0.1:53152 - "GET /api/v1/folders/?app_id=3093c5b6-f1a4-435f-b1c3-8d7387ba2c60&parent_folder_id=f6293130-4f34-42d2-8a95-952086a95927 HTTP/1.1" 200 OK
INFO:     127.0.0.1:44448 - "GET /api/v1/apps/ HTTP/1.1" 200 OK
INFO:     127.0.0.1:44474 - "GET /api/v1/apps/ HTTP/1.1" 200 OK
INFO:     127.0.0.1:44460 - "GET /api/v1/folders/?app_id=3093c5b6-f1a4-435f-b1c3-8d7387ba2c60 HTTP/1.1" 200 OK
INFO:     127.0.0.1:44486 - "GET /api/v1/folders/?app_id=3093c5b6-f1a4-435f-b1c3-8d7387ba2c60 HTTP/1.1" 200 OK
INFO:     127.0.0.1:44490 - "GET /api/v1/documents/?folder_id=f6293130-4f34-42d2-8a95-952086a95927 HTTP/1.1" 200 OK
INFO:     127.0.0.1:44492 - "GET /api/v1/documents/?folder_id=f6293130-4f34-42d2-8a95-952086a95927 HTTP/1.1" 200 OK
INFO:     127.0.0.1:46672 - "GET /api/v1/apps/ HTTP/1.1" 200 OK
INFO:     127.0.0.1:46680 - "GET /api/v1/apps/ HTTP/1.1" 200 OK
INFO:     127.0.0.1:48942 - "GET /api/v1/apps/ HTTP/1.1" 200 OK
INFO:     127.0.0.1:48944 - "GET /api/v1/apps/ HTTP/1.1" 200 OK
INFO:     127.0.0.1:58930 - "GET /api/v1/apps/ HTTP/1.1" 200 OK
INFO:     127.0.0.1:58946 - "GET /api/v1/apps/ HTTP/1.1" 200 OK
INFO:     127.0.0.1:58960 - "GET /api/v1/apps/boarding HTTP/1.1" 200 OK
INFO:     127.0.0.1:58966 - "GET /api/v1/apps/boarding HTTP/1.1" 200 OK
INFO:     127.0.0.1:58976 - "GET /api/v1/folders/?app_id=3093c5b6-f1a4-435f-b1c3-8d7387ba2c60 HTTP/1.1" 200 OK
INFO:     127.0.0.1:58980 - "GET /api/v1/folders/?app_id=3093c5b6-f1a4-435f-b1c3-8d7387ba2c60 HTTP/1.1" 200 OK
INFO:     127.0.0.1:43972 - "GET /api/v1/apps/boarding HTTP/1.1" 200 OK
INFO:     127.0.0.1:43982 - "GET /api/v1/apps/boarding HTTP/1.1" 200 OK
INFO:     127.0.0.1:43984 - "GET /api/v1/folders/f6293130-4f34-42d2-8a95-952086a95927 HTTP/1.1" 200 OK
INFO:     127.0.0.1:41474 - "GET /api/v1/folders/f6293130-4f34-42d2-8a95-952086a95927 HTTP/1.1" 200 OK
INFO:     127.0.0.1:41484 - "GET /api/v1/documents/?folder_id=f6293130-4f34-42d2-8a95-952086a95927 HTTP/1.1" 200 OK
INFO:     127.0.0.1:41486 - "GET /api/v1/documents/?folder_id=f6293130-4f34-42d2-8a95-952086a95927 HTTP/1.1" 200 OK
INFO:     127.0.0.1:56290 - "GET /api/v1/apps/boarding HTTP/1.1" 200 OK
INFO:     127.0.0.1:56302 - "GET /api/v1/apps/boarding HTTP/1.1" 200 OK
INFO:     127.0.0.1:56308 - "GET /api/v1/folders/?app_id=3093c5b6-f1a4-435f-b1c3-8d7387ba2c60 HTTP/1.1" 200 OK
INFO:     127.0.0.1:56316 - "GET /api/v1/folders/?app_id=3093c5b6-f1a4-435f-b1c3-8d7387ba2c60 HTTP/1.1" 200 OK
INFO:     127.0.0.1:56328 - "GET /api/v1/apps/boarding HTTP/1.1" 200 OK
INFO:     127.0.0.1:56332 - "GET /api/v1/apps/boarding HTTP/1.1" 200 OK
INFO:     127.0.0.1:56346 - "GET /api/v1/folders/f6293130-4f34-42d2-8a95-952086a95927 HTTP/1.1" 200 OK
INFO:     127.0.0.1:56358 - "GET /api/v1/folders/f6293130-4f34-42d2-8a95-952086a95927 HTTP/1.1" 200 OK
INFO:     127.0.0.1:56362 - "GET /api/v1/documents/?folder_id=f6293130-4f34-42d2-8a95-952086a95927 HTTP/1.1" 200 OK
INFO:     127.0.0.1:56364 - "GET /api/v1/documents/?folder_id=f6293130-4f34-42d2-8a95-952086a95927 HTTP/1.1" 200 OK
INFO:     127.0.0.1:58924 - "GET /api/v1/apps/boarding HTTP/1.1" 200 OK
INFO:     127.0.0.1:58926 - "GET /api/v1/apps/boarding HTTP/1.1" 200 OK
INFO:     127.0.0.1:58940 - "GET /api/v1/folders/?app_id=3093c5b6-f1a4-435f-b1c3-8d7387ba2c60 HTTP/1.1" 200 OK
INFO:     127.0.0.1:58946 - "GET /api/v1/folders/?app_id=3093c5b6-f1a4-435f-b1c3-8d7387ba2c60 HTTP/1.1" 200 OK
INFO:     127.0.0.1:44908 - "GET /api/v1/apps/boarding HTTP/1.1" 200 OK
INFO:     127.0.0.1:44916 - "GET /api/v1/apps/boarding HTTP/1.1" 200 OK
INFO:     127.0.0.1:44920 - "GET /api/v1/folders/f6293130-4f34-42d2-8a95-952086a95927 HTTP/1.1" 200 OK
INFO:     127.0.0.1:44932 - "GET /api/v1/folders/f6293130-4f34-42d2-8a95-952086a95927 HTTP/1.1" 200 OK
INFO:     127.0.0.1:44934 - "GET /api/v1/documents/?folder_id=f6293130-4f34-42d2-8a95-952086a95927 HTTP/1.1" 200 OK
INFO:     127.0.0.1:44936 - "GET /api/v1/documents/?folder_id=f6293130-4f34-42d2-8a95-952086a95927 HTTP/1.1" 200 OK
INFO:     127.0.0.1:44952 - "GET /api/v1/apps/boarding HTTP/1.1" 200 OK
INFO:     127.0.0.1:44960 - "GET /api/v1/apps/boarding HTTP/1.1" 200 OK
INFO:     127.0.0.1:34302 - "GET /api/v1/folders/?app_id=3093c5b6-f1a4-435f-b1c3-8d7387ba2c60 HTTP/1.1" 200 OK
INFO:     127.0.0.1:34314 - "GET /api/v1/folders/?app_id=3093c5b6-f1a4-435f-b1c3-8d7387ba2c60 HTTP/1.1" 200 OK
INFO:     127.0.0.1:55440 - "GET /api/v1/apps/boarding HTTP/1.1" 200 OK
INFO:     127.0.0.1:55442 - "GET /api/v1/apps/boarding HTTP/1.1" 200 OK
INFO:     127.0.0.1:55450 - "GET /api/v1/folders/178496f7-8b28-4737-a28d-95c72d6d8a94 HTTP/1.1" 200 OK
INFO:     127.0.0.1:55458 - "GET /api/v1/folders/178496f7-8b28-4737-a28d-95c72d6d8a94 HTTP/1.1" 200 OK
INFO:     127.0.0.1:55462 - "GET /api/v1/documents/?folder_id=178496f7-8b28-4737-a28d-95c72d6d8a94 HTTP/1.1" 200 OK
INFO:     127.0.0.1:55464 - "GET /api/v1/documents/?folder_id=178496f7-8b28-4737-a28d-95c72d6d8a94 HTTP/1.1" 200 OK
INFO:     127.0.0.1:58270 - "GET /api/v1/apps/boarding HTTP/1.1" 200 OK
INFO:     127.0.0.1:58286 - "GET /api/v1/apps/boarding HTTP/1.1" 200 OK
INFO:     127.0.0.1:58294 - "GET /api/v1/folders/?app_id=3093c5b6-f1a4-435f-b1c3-8d7387ba2c60 HTTP/1.1" 200 OK
INFO:     127.0.0.1:58306 - "GET /api/v1/folders/?app_id=3093c5b6-f1a4-435f-b1c3-8d7387ba2c60 HTTP/1.1" 200 OK
INFO:     127.0.0.1:54880 - "GET /api/v1/apps/boarding HTTP/1.1" 200 OK
INFO:     127.0.0.1:54896 - "GET /api/v1/apps/boarding HTTP/1.1" 200 OK
INFO:     127.0.0.1:54902 - "GET /api/v1/folders/f6293130-4f34-42d2-8a95-952086a95927 HTTP/1.1" 200 OK
INFO:     127.0.0.1:54914 - "GET /api/v1/folders/f6293130-4f34-42d2-8a95-952086a95927 HTTP/1.1" 200 OK
INFO:     127.0.0.1:54930 - "GET /api/v1/documents/?folder_id=f6293130-4f34-42d2-8a95-952086a95927 HTTP/1.1" 200 OK
INFO:     127.0.0.1:54946 - "GET /api/v1/documents/?folder_id=f6293130-4f34-42d2-8a95-952086a95927 HTTP/1.1" 200 OK
/home/hongb/.openclaw/workspace/filebot/backend/app/routers/search.py:43: SAWarning: Coercing Subquery object into a select() for use in IN(); please pass a select() construct explicitly
  query = query.filter(App.id.in_(user_apps_subquery))
INFO:     127.0.0.1:39758 - "GET /api/v1/search/documents?title=services&folder_id=f6293130-4f34-42d2-8a95-952086a95927 HTTP/1.1" 200 OK
INFO:     127.0.0.1:39828 - "GET /api/v1/search/documents?title=service&folder_id=f6293130-4f34-42d2-8a95-952086a95927 HTTP/1.1" 200 OK
INFO:     127.0.0.1:34714 - "GET /api/v1/apps/boarding HTTP/1.1" 200 OK
INFO:     127.0.0.1:34722 - "GET /api/v1/apps/boarding HTTP/1.1" 200 OK
INFO:     127.0.0.1:34738 - "GET /api/v1/folders/?app_id=3093c5b6-f1a4-435f-b1c3-8d7387ba2c60 HTTP/1.1" 200 OK
INFO:     127.0.0.1:34746 - "GET /api/v1/folders/?app_id=3093c5b6-f1a4-435f-b1c3-8d7387ba2c60 HTTP/1.1" 200 OK
INFO:     127.0.0.1:50500 - "GET /api/v1/apps/boarding HTTP/1.1" 200 OK
INFO:     127.0.0.1:50506 - "GET /api/v1/apps/boarding HTTP/1.1" 200 OK
INFO:     127.0.0.1:50514 - "GET /api/v1/folders/3c14e8ad-2ac4-4857-8608-ab22b0f38b25 HTTP/1.1" 200 OK
INFO:     127.0.0.1:50524 - "GET /api/v1/folders/3c14e8ad-2ac4-4857-8608-ab22b0f38b25 HTTP/1.1" 200 OK
INFO:     127.0.0.1:50532 - "GET /api/v1/documents/?folder_id=3c14e8ad-2ac4-4857-8608-ab22b0f38b25 HTTP/1.1" 200 OK
INFO:     127.0.0.1:50546 - "GET /api/v1/documents/?folder_id=3c14e8ad-2ac4-4857-8608-ab22b0f38b25 HTTP/1.1" 200 OK
INFO:     127.0.0.1:51228 - "GET /api/v1/apps/boarding HTTP/1.1" 200 OK
INFO:     127.0.0.1:51236 - "GET /api/v1/apps/boarding HTTP/1.1" 200 OK
INFO:     127.0.0.1:51238 - "GET /api/v1/folders/?app_id=3093c5b6-f1a4-435f-b1c3-8d7387ba2c60 HTTP/1.1" 200 OK
INFO:     127.0.0.1:51244 - "GET /api/v1/folders/?app_id=3093c5b6-f1a4-435f-b1c3-8d7387ba2c60 HTTP/1.1" 200 OK
INFO:     127.0.0.1:53410 - "GET /api/v1/apps/ HTTP/1.1" 200 OK
INFO:     127.0.0.1:53424 - "GET /api/v1/apps/ HTTP/1.1" 200 OK
INFO:     127.0.0.1:53432 - "GET /api/v1/apps/ HTTP/1.1" 200 OK
INFO:     127.0.0.1:53440 - "GET /api/v1/apps/ HTTP/1.1" 200 OK
INFO:     127.0.0.1:53452 - "GET /api/v1/apps/canada-site HTTP/1.1" 200 OK
INFO:     127.0.0.1:53458 - "GET /api/v1/apps/canada-site HTTP/1.1" 200 OK
INFO:     127.0.0.1:53460 - "GET /api/v1/folders/?app_id=98523bb3-1c54-4b12-94f8-42b7c164ac8b HTTP/1.1" 200 OK
INFO:     127.0.0.1:53468 - "GET /api/v1/folders/?app_id=98523bb3-1c54-4b12-94f8-42b7c164ac8b HTTP/1.1" 200 OK
INFO:     127.0.0.1:56376 - "GET /api/v1/apps/ HTTP/1.1" 200 OK
INFO:     127.0.0.1:56378 - "GET /api/v1/apps/ HTTP/1.1" 200 OK
INFO:     127.0.0.1:56386 - "GET /api/v1/apps/boarding HTTP/1.1" 200 OK
INFO:     127.0.0.1:56396 - "GET /api/v1/apps/boarding HTTP/1.1" 200 OK
INFO:     127.0.0.1:56388 - "GET /api/v1/folders/?app_id=3093c5b6-f1a4-435f-b1c3-8d7387ba2c60 HTTP/1.1" 200 OK
INFO:     127.0.0.1:56410 - "GET /api/v1/folders/?app_id=3093c5b6-f1a4-435f-b1c3-8d7387ba2c60 HTTP/1.1" 200 OK
INFO:     127.0.0.1:56412 - "GET /api/v1/folders/f6293130-4f34-42d2-8a95-952086a95927 HTTP/1.1" 200 OK
INFO:     127.0.0.1:56416 - "GET /api/v1/folders/?app_id=3093c5b6-f1a4-435f-b1c3-8d7387ba2c60&parent_folder_id=f6293130-4f34-42d2-8a95-952086a95927 HTTP/1.1" 200 OK
INFO:     127.0.0.1:60024 - "GET /api/v1/folders/9d016392-35ae-4e71-adb2-0c21454b1d00 HTTP/1.1" 200 OK
INFO:     127.0.0.1:60028 - "GET /api/v1/folders/?app_id=3093c5b6-f1a4-435f-b1c3-8d7387ba2c60&parent_folder_id=9d016392-35ae-4e71-adb2-0c21454b1d00 HTTP/1.1" 200 OK
INFO:     127.0.0.1:60042 - "GET /api/v1/folders/bf7d22e7-4b8f-4407-9727-c9d3076f035a HTTP/1.1" 200 OK
INFO:     127.0.0.1:60044 - "GET /api/v1/folders/?app_id=3093c5b6-f1a4-435f-b1c3-8d7387ba2c60&parent_folder_id=bf7d22e7-4b8f-4407-9727-c9d3076f035a HTTP/1.1" 200 OK
INFO:     127.0.0.1:47930 - "GET /api/v1/folders/194f0ab3-a000-498f-8ffe-9277ffa2ab6e HTTP/1.1" 200 OK
INFO:     127.0.0.1:47932 - "GET /api/v1/folders/?app_id=3093c5b6-f1a4-435f-b1c3-8d7387ba2c60&parent_folder_id=194f0ab3-a000-498f-8ffe-9277ffa2ab6e HTTP/1.1" 200 OK
INFO:     127.0.0.1:47944 - "GET /api/v1/folders/bf7d22e7-4b8f-4407-9727-c9d3076f035a HTTP/1.1" 200 OK
INFO:     127.0.0.1:47960 - "GET /api/v1/folders/?app_id=3093c5b6-f1a4-435f-b1c3-8d7387ba2c60&parent_folder_id=bf7d22e7-4b8f-4407-9727-c9d3076f035a HTTP/1.1" 200 OK
INFO:     127.0.0.1:53464 - "GET /api/v1/folders/e09d3372-1b9b-4cae-83d1-acdcdde62246 HTTP/1.1" 200 OK
INFO:     127.0.0.1:53474 - "GET /api/v1/folders/?app_id=3093c5b6-f1a4-435f-b1c3-8d7387ba2c60&parent_folder_id=e09d3372-1b9b-4cae-83d1-acdcdde62246 HTTP/1.1" 200 OK
INFO:     127.0.0.1:53484 - "GET /api/v1/folders/c3384cfd-5d32-485e-8d2c-898011cd1de6 HTTP/1.1" 200 OK
INFO:     127.0.0.1:53500 - "GET /api/v1/folders/?app_id=3093c5b6-f1a4-435f-b1c3-8d7387ba2c60&parent_folder_id=c3384cfd-5d32-485e-8d2c-898011cd1de6 HTTP/1.1" 200 OK
INFO:     127.0.0.1:53502 - "GET /api/v1/folders/8ee5c0d9-c7ff-4c2f-8d8c-6a0c70aeff9e HTTP/1.1" 200 OK
INFO:     127.0.0.1:53518 - "GET /api/v1/folders/?app_id=3093c5b6-f1a4-435f-b1c3-8d7387ba2c60&parent_folder_id=8ee5c0d9-c7ff-4c2f-8d8c-6a0c70aeff9e HTTP/1.1" 200 OK
INFO:     127.0.0.1:51032 - "GET /api/v1/apps/ HTTP/1.1" 200 OK
INFO:     127.0.0.1:51048 - "GET /api/v1/apps/ HTTP/1.1" 200 OK
INFO:     127.0.0.1:50858 - "GET /api/v1/apps/boarding HTTP/1.1" 200 OK
INFO:     127.0.0.1:50868 - "GET /api/v1/apps/boarding HTTP/1.1" 200 OK
INFO:     127.0.0.1:50884 - "GET /api/v1/folders/?app_id=3093c5b6-f1a4-435f-b1c3-8d7387ba2c60 HTTP/1.1" 200 OK
INFO:     127.0.0.1:50892 - "GET /api/v1/folders/?app_id=3093c5b6-f1a4-435f-b1c3-8d7387ba2c60 HTTP/1.1" 200 OK
INFO:     127.0.0.1:50894 - "GET /api/v1/folders/f6293130-4f34-42d2-8a95-952086a95927 HTTP/1.1" 200 OK
INFO:     127.0.0.1:50908 - "GET /api/v1/folders/?app_id=3093c5b6-f1a4-435f-b1c3-8d7387ba2c60&parent_folder_id=f6293130-4f34-42d2-8a95-952086a95927 HTTP/1.1" 200 OK
INFO:     127.0.0.1:50918 - "GET /api/v1/folders/194f0ab3-a000-498f-8ffe-9277ffa2ab6e HTTP/1.1" 200 OK
INFO:     127.0.0.1:37858 - "GET /api/v1/folders/bf7d22e7-4b8f-4407-9727-c9d3076f035a HTTP/1.1" 200 OK
INFO:     127.0.0.1:42904 - "GET /api/v1/folders/?app_id=3093c5b6-f1a4-435f-b1c3-8d7387ba2c60&parent_folder_id=194f0ab3-a000-498f-8ffe-9277ffa2ab6e HTTP/1.1" 200 OK
INFO:     127.0.0.1:37876 - "GET /api/v1/folders/c3384cfd-5d32-485e-8d2c-898011cd1de6 HTTP/1.1" 200 OK
INFO:     127.0.0.1:37870 - "GET /api/v1/folders/e09d3372-1b9b-4cae-83d1-acdcdde62246 HTTP/1.1" 200 OK
INFO:     127.0.0.1:37890 - "GET /api/v1/folders/?app_id=3093c5b6-f1a4-435f-b1c3-8d7387ba2c60&parent_folder_id=bf7d22e7-4b8f-4407-9727-c9d3076f035a HTTP/1.1" 200 OK
INFO:     127.0.0.1:37892 - "GET /api/v1/folders/?app_id=3093c5b6-f1a4-435f-b1c3-8d7387ba2c60&parent_folder_id=c3384cfd-5d32-485e-8d2c-898011cd1de6 HTTP/1.1" 200 OK
INFO:     127.0.0.1:37906 - "GET /api/v1/folders/?app_id=3093c5b6-f1a4-435f-b1c3-8d7387ba2c60&parent_folder_id=e09d3372-1b9b-4cae-83d1-acdcdde62246 HTTP/1.1" 200 OK
INFO:     127.0.0.1:47188 - "GET /api/v1/folders/e09d3372-1b9b-4cae-83d1-acdcdde62246 HTTP/1.1" 200 OK
INFO:     127.0.0.1:47204 - "GET /api/v1/folders/?app_id=3093c5b6-f1a4-435f-b1c3-8d7387ba2c60&parent_folder_id=e09d3372-1b9b-4cae-83d1-acdcdde62246 HTTP/1.1" 200 OK
INFO:     127.0.0.1:47208 - "GET /api/v1/folders/c3384cfd-5d32-485e-8d2c-898011cd1de6 HTTP/1.1" 200 OK
INFO:     127.0.0.1:47214 - "GET /api/v1/folders/?app_id=3093c5b6-f1a4-435f-b1c3-8d7387ba2c60&parent_folder_id=c3384cfd-5d32-485e-8d2c-898011cd1de6 HTTP/1.1" 200 OK
INFO:     127.0.0.1:44080 - "GET /api/v1/apps/ HTTP/1.1" 200 OK
INFO:     127.0.0.1:44100 - "GET /api/v1/apps/ HTTP/1.1" 200 OK
INFO:     127.0.0.1:44094 - "GET /api/v1/folders/?app_id=3093c5b6-f1a4-435f-b1c3-8d7387ba2c60 HTTP/1.1" 200 OK
INFO:     127.0.0.1:44116 - "GET /api/v1/folders/?app_id=3093c5b6-f1a4-435f-b1c3-8d7387ba2c60 HTTP/1.1" 200 OK
INFO:     127.0.0.1:44128 - "GET /api/v1/documents/?folder_id=c3384cfd-5d32-485e-8d2c-898011cd1de6 HTTP/1.1" 200 OK
INFO:     127.0.0.1:44138 - "GET /api/v1/documents/?folder_id=c3384cfd-5d32-485e-8d2c-898011cd1de6 HTTP/1.1" 200 OK
INFO:     127.0.0.1:44150 - "GET /api/v1/apps/boarding HTTP/1.1" 200 OK
INFO:     127.0.0.1:44152 - "GET /api/v1/apps/boarding HTTP/1.1" 200 OK
INFO:     127.0.0.1:44166 - "GET /api/v1/folders/?app_id=3093c5b6-f1a4-435f-b1c3-8d7387ba2c60 HTTP/1.1" 200 OK
INFO:     127.0.0.1:44174 - "GET /api/v1/folders/?app_id=3093c5b6-f1a4-435f-b1c3-8d7387ba2c60 HTTP/1.1" 200 OK
INFO:     127.0.0.1:44176 - "GET /api/v1/folders/f6293130-4f34-42d2-8a95-952086a95927 HTTP/1.1" 200 OK
INFO:     127.0.0.1:44188 - "GET /api/v1/folders/?app_id=3093c5b6-f1a4-435f-b1c3-8d7387ba2c60&parent_folder_id=f6293130-4f34-42d2-8a95-952086a95927 HTTP/1.1" 200 OK
INFO:     127.0.0.1:48302 - "GET /api/v1/folders/194f0ab3-a000-498f-8ffe-9277ffa2ab6e HTTP/1.1" 200 OK
INFO:     127.0.0.1:48312 - "GET /api/v1/folders/?app_id=3093c5b6-f1a4-435f-b1c3-8d7387ba2c60&parent_folder_id=194f0ab3-a000-498f-8ffe-9277ffa2ab6e HTTP/1.1" 200 OK
INFO:     127.0.0.1:48314 - "GET /api/v1/folders/bf7d22e7-4b8f-4407-9727-c9d3076f035a HTTP/1.1" 200 OK
INFO:     127.0.0.1:48318 - "GET /api/v1/folders/?app_id=3093c5b6-f1a4-435f-b1c3-8d7387ba2c60&parent_folder_id=bf7d22e7-4b8f-4407-9727-c9d3076f035a HTTP/1.1" 200 OK
INFO:     127.0.0.1:48328 - "GET /api/v1/folders/e65331d0-9c49-42a4-91a5-ce06f32c1c16 HTTP/1.1" 200 OK
INFO:     127.0.0.1:48344 - "GET /api/v1/folders/?app_id=3093c5b6-f1a4-435f-b1c3-8d7387ba2c60&parent_folder_id=e65331d0-9c49-42a4-91a5-ce06f32c1c16 HTTP/1.1" 200 OK
INFO:     127.0.0.1:60646 - "GET /api/v1/apps/ HTTP/1.1" 200 OK
INFO:     127.0.0.1:60660 - "GET /api/v1/apps/ HTTP/1.1" 200 OK
INFO:     127.0.0.1:60674 - "GET /api/v1/folders/?app_id=3093c5b6-f1a4-435f-b1c3-8d7387ba2c60 HTTP/1.1" 200 OK
INFO:     127.0.0.1:60684 - "GET /api/v1/folders/?app_id=3093c5b6-f1a4-435f-b1c3-8d7387ba2c60 HTTP/1.1" 200 OK
INFO:     127.0.0.1:60686 - "GET /api/v1/documents/?folder_id=e65331d0-9c49-42a4-91a5-ce06f32c1c16 HTTP/1.1" 200 OK
INFO:     127.0.0.1:60694 - "GET /api/v1/documents/?folder_id=e65331d0-9c49-42a4-91a5-ce06f32c1c16 HTTP/1.1" 200 OK
INFO:     127.0.0.1:45888 - "GET /api/v1/apps/ HTTP/1.1" 200 OK
INFO:     127.0.0.1:35414 - "GET /api/v1/apps/ HTTP/1.1" 200 OK
INFO:     127.0.0.1:58880 - "GET /api/v1/apps/ HTTP/1.1" 200 OK
INFO:     127.0.0.1:58882 - "GET /api/v1/apps/ HTTP/1.1" 200 OK
INFO:     127.0.0.1:57970 - "GET /api/v1/apps/boarding HTTP/1.1" 200 OK
INFO:     127.0.0.1:57974 - "GET /api/v1/apps/boarding HTTP/1.1" 200 OK
INFO:     127.0.0.1:57988 - "GET /api/v1/folders/?app_id=3093c5b6-f1a4-435f-b1c3-8d7387ba2c60 HTTP/1.1" 200 OK
INFO:     127.0.0.1:57990 - "GET /api/v1/folders/?app_id=3093c5b6-f1a4-435f-b1c3-8d7387ba2c60 HTTP/1.1" 200 OK
INFO:     127.0.0.1:59384 - "GET /api/v1/apps/boarding HTTP/1.1" 200 OK
INFO:     127.0.0.1:59404 - "GET /api/v1/apps/boarding HTTP/1.1" 200 OK
INFO:     127.0.0.1:59396 - "GET /api/v1/folders/f6293130-4f34-42d2-8a95-952086a95927 HTTP/1.1" 200 OK
INFO:     127.0.0.1:59408 - "GET /api/v1/folders/f6293130-4f34-42d2-8a95-952086a95927 HTTP/1.1" 200 OK
INFO:     127.0.0.1:59418 - "GET /api/v1/documents/?folder_id=f6293130-4f34-42d2-8a95-952086a95927 HTTP/1.1" 200 OK
INFO:     127.0.0.1:59432 - "GET /api/v1/documents/?folder_id=f6293130-4f34-42d2-8a95-952086a95927 HTTP/1.1" 200 OK
INFO:     127.0.0.1:59448 - "GET /api/v1/apps/boarding HTTP/1.1" 200 OK
INFO:     127.0.0.1:59464 - "GET /api/v1/apps/boarding HTTP/1.1" 200 OK
INFO:     127.0.0.1:59468 - "GET /api/v1/folders/?app_id=3093c5b6-f1a4-435f-b1c3-8d7387ba2c60 HTTP/1.1" 200 OK
INFO:     127.0.0.1:59472 - "GET /api/v1/folders/?app_id=3093c5b6-f1a4-435f-b1c3-8d7387ba2c60 HTTP/1.1" 200 OK
INFO:     127.0.0.1:52548 - "GET /api/v1/ai/crawl-tasks?limit=50 HTTP/1.1" 200 OK
INFO:     127.0.0.1:52552 - "GET /api/v1/ai/crawl-tasks?limit=50 HTTP/1.1" 200 OK
INFO:     Shutting down
INFO:     Waiting for application shutdown.
2026-03-31 18:39:53,026 - main - INFO - 关闭 FileBot 应用...
INFO:     Application shutdown complete.
INFO:     Finished server process [3089999]
INFO:     Stopping reloader process [3089997]
