/home/hongb/.openclaw/workspace/filebot/backend/venv/lib/python3.12/site-packages/pydantic/_internal/_config.py:383: UserWarning: Valid config keys have changed in V2:
* 'schema_extra' has been renamed to 'json_schema_extra'
  warnings.warn(message, UserWarning)
/home/hongb/.openclaw/workspace/filebot/backend/venv/lib/python3.12/site-packages/pydantic/_internal/_config.py:383: UserWarning: Valid config keys have changed in V2:
* 'orm_mode' has been renamed to 'from_attributes'
  warnings.warn(message, UserWarning)
/home/hongb/.openclaw/workspace/filebot/backend/venv/lib/python3.12/site-packages/pydantic/_internal/_config.py:383: UserWarning: Valid config keys have changed in V2:
* 'schema_extra' has been renamed to 'json_schema_extra'
  warnings.warn(message, UserWarning)
INFO:     Started server process [1365567]
INFO:     Waiting for application startup.
2026-03-21 18:10:01,815 - main - INFO - 启动 FileBot 应用...
2026-03-21 18:10:01,859 - app.core.security - INFO - 管理员用户已存在: admin
2026-03-21 18:10:01,859 - main - INFO - 默认用户初始化完成
INFO:     Application startup complete.
INFO:     Uvicorn running on http://0.0.0.0:8001 (Press CTRL+C to quit)
INFO:     127.0.0.1:57516 - "GET / HTTP/1.1" 200 OK
INFO:     127.0.0.1:58788 - "GET /api/health HTTP/1.1" 200 OK
INFO:     127.0.0.1:32948 - "OPTIONS /api/v1/features/check?feature=ai_document_classification HTTP/1.1" 200 OK
INFO:     127.0.0.1:32958 - "OPTIONS /api/v1/features/check?feature=ai_document_classification HTTP/1.1" 200 OK
INFO:     127.0.0.1:32972 - "OPTIONS /api/v1/documents/ HTTP/1.1" 200 OK
INFO:     127.0.0.1:32948 - "GET /api/v1/features/check?feature=ai_document_classification HTTP/1.1" 200 OK
INFO:     127.0.0.1:32948 - "GET /api/v1/features/check?feature=ai_document_classification HTTP/1.1" 200 OK
INFO:     127.0.0.1:32958 - "OPTIONS /api/v1/features/current-edition HTTP/1.1" 200 OK
INFO:     127.0.0.1:32984 - "OPTIONS /api/v1/documents/ HTTP/1.1" 200 OK
INFO:     127.0.0.1:32958 - "GET /api/v1/features/current-edition HTTP/1.1" 200 OK
INFO:     127.0.0.1:32984 - "GET /api/v1/features/current-edition HTTP/1.1" 200 OK
INFO:     127.0.0.1:32972 - "GET /api/v1/documents/ HTTP/1.1" 500 Internal Server Error
ERROR:    Exception in ASGI application
Traceback (most recent call last):
  File "/home/hongb/.openclaw/workspace/filebot/backend/venv/lib/python3.12/site-packages/sqlalchemy/sql/sqltypes.py", line 1709, in _object_value_for_elem
    return self._object_lookup[elem]  # type: ignore[return-value]
           ~~~~~~~~~~~~~~~~~~~^^^^^^
KeyError: 'MULTIPAGE'

The above exception was the direct cause of the following exception:

Traceback (most recent call last):
  File "/home/hongb/.openclaw/workspace/filebot/backend/venv/lib/python3.12/site-packages/uvicorn/protocols/http/h11_impl.py", line 410, in run_asgi
    result = await app(  # type: ignore[func-returns-value]
             ^^^^^^^^^^^^^^^^^^^^^^^^^^^^^^^^^^^^^^^^^^^^^^
  File "/home/hongb/.openclaw/workspace/filebot/backend/venv/lib/python3.12/site-packages/uvicorn/middleware/proxy_headers.py", line 60, in __call__
    return await self.app(scope, receive, send)
           ^^^^^^^^^^^^^^^^^^^^^^^^^^^^^^^^^^^^
  File "/home/hongb/.openclaw/workspace/filebot/backend/venv/lib/python3.12/site-packages/fastapi/applications.py", line 1160, in __call__
    await super().__call__(scope, receive, send)
  File "/home/hongb/.openclaw/workspace/filebot/backend/venv/lib/python3.12/site-packages/starlette/applications.py", line 107, in __call__
    await self.middleware_stack(scope, receive, send)
  File "/home/hongb/.openclaw/workspace/filebot/backend/venv/lib/python3.12/site-packages/starlette/middleware/errors.py", line 186, in __call__
    raise exc
  File "/home/hongb/.openclaw/workspace/filebot/backend/venv/lib/python3.12/site-packages/starlette/middleware/errors.py", line 164, in __call__
    await self.app(scope, receive, _send)
  File "/home/hongb/.openclaw/workspace/filebot/backend/venv/lib/python3.12/site-packages/starlette/middleware/cors.py", line 95, in __call__
    await self.simple_response(scope, receive, send, request_headers=headers)
  File "/home/hongb/.openclaw/workspace/filebot/backend/venv/lib/python3.12/site-packages/starlette/middleware/cors.py", line 153, in simple_response
    await self.app(scope, receive, send)
  File "/home/hongb/.openclaw/workspace/filebot/backend/venv/lib/python3.12/site-packages/starlette/middleware/exceptions.py", line 63, in __call__
    await wrap_app_handling_exceptions(self.app, conn)(scope, receive, send)
  File "/home/hongb/.openclaw/workspace/filebot/backend/venv/lib/python3.12/site-packages/starlette/_exception_handler.py", line 53, in wrapped_app
    raise exc
  File "/home/hongb/.openclaw/workspace/filebot/backend/venv/lib/python3.12/site-packages/starlette/_exception_handler.py", line 42, in wrapped_app
    await app(scope, receive, sender)
  File "/home/hongb/.openclaw/workspace/filebot/backend/venv/lib/python3.12/site-packages/fastapi/middleware/asyncexitstack.py", line 18, in __call__
    await self.app(scope, receive, send)
  File "/home/hongb/.openclaw/workspace/filebot/backend/venv/lib/python3.12/site-packages/starlette/routing.py", line 716, in __call__
    await self.middleware_stack(scope, receive, send)
  File "/home/hongb/.openclaw/workspace/filebot/backend/venv/lib/python3.12/site-packages/starlette/routing.py", line 736, in app
    await route.handle(scope, receive, send)
  File "/home/hongb/.openclaw/workspace/filebot/backend/venv/lib/python3.12/site-packages/starlette/routing.py", line 290, in handle
    await self.app(scope, receive, send)
  File "/home/hongb/.openclaw/workspace/filebot/backend/venv/lib/python3.12/site-packages/fastapi/routing.py", line 130, in app
    await wrap_app_handling_exceptions(app, request)(scope, receive, send)
  File "/home/hongb/.openclaw/workspace/filebot/backend/venv/lib/python3.12/site-packages/starlette/_exception_handler.py", line 53, in wrapped_app
    raise exc
  File "/home/hongb/.openclaw/workspace/filebot/backend/venv/lib/python3.12/site-packages/starlette/_exception_handler.py", line 42, in wrapped_app
    await app(scope, receive, sender)
  File "/home/hongb/.openclaw/workspace/filebot/backend/venv/lib/python3.12/site-packages/fastapi/routing.py", line 116, in app
    response = await f(request)
               ^^^^^^^^^^^^^^^^
  File "/home/hongb/.openclaw/workspace/filebot/backend/venv/lib/python3.12/site-packages/fastapi/routing.py", line 670, in app
    raw_response = await run_endpoint_function(
                   ^^^^^^^^^^^^^^^^^^^^^^^^^^^^
  File "/home/hongb/.openclaw/workspace/filebot/backend/venv/lib/python3.12/site-packages/fastapi/routing.py", line 326, in run_endpoint_function
    return await run_in_threadpool(dependant.call, **values)
           ^^^^^^^^^^^^^^^^^^^^^^^^^^^^^^^^^^^^^^^^^^^^^^^^^
  File "/home/hongb/.openclaw/workspace/filebot/backend/venv/lib/python3.12/site-packages/starlette/concurrency.py", line 32, in run_in_threadpool
    return await anyio.to_thread.run_sync(func)
           ^^^^^^^^^^^^^^^^^^^^^^^^^^^^^^^^^^^^
  File "/home/hongb/.openclaw/workspace/filebot/backend/venv/lib/python3.12/site-packages/anyio/to_thread.py", line 63, in run_sync
    return await get_async_backend().run_sync_in_worker_thread(
           ^^^^^^^^^^^^^^^^^^^^^^^^^^^^^^^^^^^^^^^^^^^^^^^^^^^^
  File "/home/hongb/.openclaw/workspace/filebot/backend/venv/lib/python3.12/site-packages/anyio/_backends/_asyncio.py", line 2502, in run_sync_in_worker_thread
    return await future
           ^^^^^^^^^^^^
  File "/home/hongb/.openclaw/workspace/filebot/backend/venv/lib/python3.12/site-packages/anyio/_backends/_asyncio.py", line 986, in run
    result = context.run(func, *args)
             ^^^^^^^^^^^^^^^^^^^^^^^^
  File "/home/hongb/.openclaw/workspace/filebot/backend/app/routers/documents.py", line 249, in get_documents
    documents = query.offset(skip).limit(limit).all()
                ^^^^^^^^^^^^^^^^^^^^^^^^^^^^^^^^^^^^^
  File "/home/hongb/.openclaw/workspace/filebot/backend/venv/lib/python3.12/site-packages/sqlalchemy/orm/query.py", line 2704, in all
    return self._iter().all()  # type: ignore
           ^^^^^^^^^^^^^^^^^^
  File "/home/hongb/.openclaw/workspace/filebot/backend/venv/lib/python3.12/site-packages/sqlalchemy/engine/result.py", line 1786, in all
    return self._allrows()
           ^^^^^^^^^^^^^^^
  File "/home/hongb/.openclaw/workspace/filebot/backend/venv/lib/python3.12/site-packages/sqlalchemy/engine/result.py", line 560, in _allrows
    rows = self._fetchall_impl()
           ^^^^^^^^^^^^^^^^^^^^^
  File "/home/hongb/.openclaw/workspace/filebot/backend/venv/lib/python3.12/site-packages/sqlalchemy/engine/result.py", line 1693, in _fetchall_impl
    return self._real_result._fetchall_impl()
           ^^^^^^^^^^^^^^^^^^^^^^^^^^^^^^^^^^
  File "/home/hongb/.openclaw/workspace/filebot/backend/venv/lib/python3.12/site-packages/sqlalchemy/engine/result.py", line 2287, in _fetchall_impl
    return list(self.iterator)
           ^^^^^^^^^^^^^^^^^^^
  File "/home/hongb/.openclaw/workspace/filebot/backend/venv/lib/python3.12/site-packages/sqlalchemy/orm/loading.py", line 220, in chunks
    fetch = cursor._raw_all_rows()
            ^^^^^^^^^^^^^^^^^^^^^^
  File "/home/hongb/.openclaw/workspace/filebot/backend/venv/lib/python3.12/site-packages/sqlalchemy/engine/result.py", line 553, in _raw_all_rows
    return [make_row(row) for row in rows]
            ^^^^^^^^^^^^^
  File "lib/sqlalchemy/cyextension/resultproxy.pyx", line 22, in sqlalchemy.cyextension.resultproxy.BaseRow.__init__
  File "lib/sqlalchemy/cyextension/resultproxy.pyx", line 79, in sqlalchemy.cyextension.resultproxy._apply_processors
  File "/home/hongb/.openclaw/workspace/filebot/backend/venv/lib/python3.12/site-packages/sqlalchemy/sql/sqltypes.py", line 1829, in process
    value = self._object_value_for_elem(value)
            ^^^^^^^^^^^^^^^^^^^^^^^^^^^^^^^^^^
  File "/home/hongb/.openclaw/workspace/filebot/backend/venv/lib/python3.12/site-packages/sqlalchemy/sql/sqltypes.py", line 1711, in _object_value_for_elem
    raise LookupError(
LookupError: 'MULTIPAGE' is not among the defined enum values. Enum name: filetype. Possible values: TIFF, PDF, DOC, ..., OTHER
INFO:     127.0.0.1:32984 - "GET /api/v1/documents/ HTTP/1.1" 500 Internal Server Error
ERROR:    Exception in ASGI application
Traceback (most recent call last):
  File "/home/hongb/.openclaw/workspace/filebot/backend/venv/lib/python3.12/site-packages/sqlalchemy/sql/sqltypes.py", line 1709, in _object_value_for_elem
    return self._object_lookup[elem]  # type: ignore[return-value]
           ~~~~~~~~~~~~~~~~~~~^^^^^^
KeyError: 'MULTIPAGE'

The above exception was the direct cause of the following exception:

Traceback (most recent call last):
  File "/home/hongb/.openclaw/workspace/filebot/backend/venv/lib/python3.12/site-packages/uvicorn/protocols/http/h11_impl.py", line 410, in run_asgi
    result = await app(  # type: ignore[func-returns-value]
             ^^^^^^^^^^^^^^^^^^^^^^^^^^^^^^^^^^^^^^^^^^^^^^
  File "/home/hongb/.openclaw/workspace/filebot/backend/venv/lib/python3.12/site-packages/uvicorn/middleware/proxy_headers.py", line 60, in __call__
    return await self.app(scope, receive, send)
           ^^^^^^^^^^^^^^^^^^^^^^^^^^^^^^^^^^^^
  File "/home/hongb/.openclaw/workspace/filebot/backend/venv/lib/python3.12/site-packages/fastapi/applications.py", line 1160, in __call__
    await super().__call__(scope, receive, send)
  File "/home/hongb/.openclaw/workspace/filebot/backend/venv/lib/python3.12/site-packages/starlette/applications.py", line 107, in __call__
    await self.middleware_stack(scope, receive, send)
  File "/home/hongb/.openclaw/workspace/filebot/backend/venv/lib/python3.12/site-packages/starlette/middleware/errors.py", line 186, in __call__
    raise exc
  File "/home/hongb/.openclaw/workspace/filebot/backend/venv/lib/python3.12/site-packages/starlette/middleware/errors.py", line 164, in __call__
    await self.app(scope, receive, _send)
  File "/home/hongb/.openclaw/workspace/filebot/backend/venv/lib/python3.12/site-packages/starlette/middleware/cors.py", line 95, in __call__
    await self.simple_response(scope, receive, send, request_headers=headers)
  File "/home/hongb/.openclaw/workspace/filebot/backend/venv/lib/python3.12/site-packages/starlette/middleware/cors.py", line 153, in simple_response
    await self.app(scope, receive, send)
  File "/home/hongb/.openclaw/workspace/filebot/backend/venv/lib/python3.12/site-packages/starlette/middleware/exceptions.py", line 63, in __call__
    await wrap_app_handling_exceptions(self.app, conn)(scope, receive, send)
  File "/home/hongb/.openclaw/workspace/filebot/backend/venv/lib/python3.12/site-packages/starlette/_exception_handler.py", line 53, in wrapped_app
    raise exc
  File "/home/hongb/.openclaw/workspace/filebot/backend/venv/lib/python3.12/site-packages/starlette/_exception_handler.py", line 42, in wrapped_app
    await app(scope, receive, sender)
  File "/home/hongb/.openclaw/workspace/filebot/backend/venv/lib/python3.12/site-packages/fastapi/middleware/asyncexitstack.py", line 18, in __call__
    await self.app(scope, receive, send)
  File "/home/hongb/.openclaw/workspace/filebot/backend/venv/lib/python3.12/site-packages/starlette/routing.py", line 716, in __call__
    await self.middleware_stack(scope, receive, send)
  File "/home/hongb/.openclaw/workspace/filebot/backend/venv/lib/python3.12/site-packages/starlette/routing.py", line 736, in app
    await route.handle(scope, receive, send)
  File "/home/hongb/.openclaw/workspace/filebot/backend/venv/lib/python3.12/site-packages/starlette/routing.py", line 290, in handle
    await self.app(scope, receive, send)
  File "/home/hongb/.openclaw/workspace/filebot/backend/venv/lib/python3.12/site-packages/fastapi/routing.py", line 130, in app
    await wrap_app_handling_exceptions(app, request)(scope, receive, send)
  File "/home/hongb/.openclaw/workspace/filebot/backend/venv/lib/python3.12/site-packages/starlette/_exception_handler.py", line 53, in wrapped_app
    raise exc
  File "/home/hongb/.openclaw/workspace/filebot/backend/venv/lib/python3.12/site-packages/starlette/_exception_handler.py", line 42, in wrapped_app
    await app(scope, receive, sender)
  File "/home/hongb/.openclaw/workspace/filebot/backend/venv/lib/python3.12/site-packages/fastapi/routing.py", line 116, in app
    response = await f(request)
               ^^^^^^^^^^^^^^^^
  File "/home/hongb/.openclaw/workspace/filebot/backend/venv/lib/python3.12/site-packages/fastapi/routing.py", line 670, in app
    raw_response = await run_endpoint_function(
                   ^^^^^^^^^^^^^^^^^^^^^^^^^^^^
  File "/home/hongb/.openclaw/workspace/filebot/backend/venv/lib/python3.12/site-packages/fastapi/routing.py", line 326, in run_endpoint_function
    return await run_in_threadpool(dependant.call, **values)
           ^^^^^^^^^^^^^^^^^^^^^^^^^^^^^^^^^^^^^^^^^^^^^^^^^
  File "/home/hongb/.openclaw/workspace/filebot/backend/venv/lib/python3.12/site-packages/starlette/concurrency.py", line 32, in run_in_threadpool
    return await anyio.to_thread.run_sync(func)
           ^^^^^^^^^^^^^^^^^^^^^^^^^^^^^^^^^^^^
  File "/home/hongb/.openclaw/workspace/filebot/backend/venv/lib/python3.12/site-packages/anyio/to_thread.py", line 63, in run_sync
    return await get_async_backend().run_sync_in_worker_thread(
           ^^^^^^^^^^^^^^^^^^^^^^^^^^^^^^^^^^^^^^^^^^^^^^^^^^^^
  File "/home/hongb/.openclaw/workspace/filebot/backend/venv/lib/python3.12/site-packages/anyio/_backends/_asyncio.py", line 2502, in run_sync_in_worker_thread
    return await future
           ^^^^^^^^^^^^
  File "/home/hongb/.openclaw/workspace/filebot/backend/venv/lib/python3.12/site-packages/anyio/_backends/_asyncio.py", line 986, in run
    result = context.run(func, *args)
             ^^^^^^^^^^^^^^^^^^^^^^^^
  File "/home/hongb/.openclaw/workspace/filebot/backend/app/routers/documents.py", line 249, in get_documents
    documents = query.offset(skip).limit(limit).all()
                ^^^^^^^^^^^^^^^^^^^^^^^^^^^^^^^^^^^^^
  File "/home/hongb/.openclaw/workspace/filebot/backend/venv/lib/python3.12/site-packages/sqlalchemy/orm/query.py", line 2704, in all
    return self._iter().all()  # type: ignore
           ^^^^^^^^^^^^^^^^^^
  File "/home/hongb/.openclaw/workspace/filebot/backend/venv/lib/python3.12/site-packages/sqlalchemy/engine/result.py", line 1786, in all
    return self._allrows()
           ^^^^^^^^^^^^^^^
  File "/home/hongb/.openclaw/workspace/filebot/backend/venv/lib/python3.12/site-packages/sqlalchemy/engine/result.py", line 560, in _allrows
    rows = self._fetchall_impl()
           ^^^^^^^^^^^^^^^^^^^^^
  File "/home/hongb/.openclaw/workspace/filebot/backend/venv/lib/python3.12/site-packages/sqlalchemy/engine/result.py", line 1693, in _fetchall_impl
    return self._real_result._fetchall_impl()
           ^^^^^^^^^^^^^^^^^^^^^^^^^^^^^^^^^^
  File "/home/hongb/.openclaw/workspace/filebot/backend/venv/lib/python3.12/site-packages/sqlalchemy/engine/result.py", line 2287, in _fetchall_impl
    return list(self.iterator)
           ^^^^^^^^^^^^^^^^^^^
  File "/home/hongb/.openclaw/workspace/filebot/backend/venv/lib/python3.12/site-packages/sqlalchemy/orm/loading.py", line 220, in chunks
    fetch = cursor._raw_all_rows()
            ^^^^^^^^^^^^^^^^^^^^^^
  File "/home/hongb/.openclaw/workspace/filebot/backend/venv/lib/python3.12/site-packages/sqlalchemy/engine/result.py", line 553, in _raw_all_rows
    return [make_row(row) for row in rows]
            ^^^^^^^^^^^^^
  File "lib/sqlalchemy/cyextension/resultproxy.pyx", line 22, in sqlalchemy.cyextension.resultproxy.BaseRow.__init__
  File "lib/sqlalchemy/cyextension/resultproxy.pyx", line 79, in sqlalchemy.cyextension.resultproxy._apply_processors
  File "/home/hongb/.openclaw/workspace/filebot/backend/venv/lib/python3.12/site-packages/sqlalchemy/sql/sqltypes.py", line 1829, in process
    value = self._object_value_for_elem(value)
            ^^^^^^^^^^^^^^^^^^^^^^^^^^^^^^^^^^
  File "/home/hongb/.openclaw/workspace/filebot/backend/venv/lib/python3.12/site-packages/sqlalchemy/sql/sqltypes.py", line 1711, in _object_value_for_elem
    raise LookupError(
LookupError: 'MULTIPAGE' is not among the defined enum values. Enum name: filetype. Possible values: TIFF, PDF, DOC, ..., OTHER
INFO:     127.0.0.1:32958 - "GET /api/v1/documents/ HTTP/1.1" 500 Internal Server Error
ERROR:    Exception in ASGI application
Traceback (most recent call last):
  File "/home/hongb/.openclaw/workspace/filebot/backend/venv/lib/python3.12/site-packages/sqlalchemy/sql/sqltypes.py", line 1709, in _object_value_for_elem
    return self._object_lookup[elem]  # type: ignore[return-value]
           ~~~~~~~~~~~~~~~~~~~^^^^^^
KeyError: 'MULTIPAGE'

The above exception was the direct cause of the following exception:

Traceback (most recent call last):
  File "/home/hongb/.openclaw/workspace/filebot/backend/venv/lib/python3.12/site-packages/uvicorn/protocols/http/h11_impl.py", line 410, in run_asgi
    result = await app(  # type: ignore[func-returns-value]
             ^^^^^^^^^^^^^^^^^^^^^^^^^^^^^^^^^^^^^^^^^^^^^^
  File "/home/hongb/.openclaw/workspace/filebot/backend/venv/lib/python3.12/site-packages/uvicorn/middleware/proxy_headers.py", line 60, in __call__
    return await self.app(scope, receive, send)
           ^^^^^^^^^^^^^^^^^^^^^^^^^^^^^^^^^^^^
  File "/home/hongb/.openclaw/workspace/filebot/backend/venv/lib/python3.12/site-packages/fastapi/applications.py", line 1160, in __call__
    await super().__call__(scope, receive, send)
  File "/home/hongb/.openclaw/workspace/filebot/backend/venv/lib/python3.12/site-packages/starlette/applications.py", line 107, in __call__
    await self.middleware_stack(scope, receive, send)
  File "/home/hongb/.openclaw/workspace/filebot/backend/venv/lib/python3.12/site-packages/starlette/middleware/errors.py", line 186, in __call__
    raise exc
  File "/home/hongb/.openclaw/workspace/filebot/backend/venv/lib/python3.12/site-packages/starlette/middleware/errors.py", line 164, in __call__
    await self.app(scope, receive, _send)
  File "/home/hongb/.openclaw/workspace/filebot/backend/venv/lib/python3.12/site-packages/starlette/middleware/cors.py", line 95, in __call__
    await self.simple_response(scope, receive, send, request_headers=headers)
  File "/home/hongb/.openclaw/workspace/filebot/backend/venv/lib/python3.12/site-packages/starlette/middleware/cors.py", line 153, in simple_response
    await self.app(scope, receive, send)
  File "/home/hongb/.openclaw/workspace/filebot/backend/venv/lib/python3.12/site-packages/starlette/middleware/exceptions.py", line 63, in __call__
    await wrap_app_handling_exceptions(self.app, conn)(scope, receive, send)
  File "/home/hongb/.openclaw/workspace/filebot/backend/venv/lib/python3.12/site-packages/starlette/_exception_handler.py", line 53, in wrapped_app
    raise exc
  File "/home/hongb/.openclaw/workspace/filebot/backend/venv/lib/python3.12/site-packages/starlette/_exception_handler.py", line 42, in wrapped_app
    await app(scope, receive, sender)
  File "/home/hongb/.openclaw/workspace/filebot/backend/venv/lib/python3.12/site-packages/fastapi/middleware/asyncexitstack.py", line 18, in __call__
    await self.app(scope, receive, send)
  File "/home/hongb/.openclaw/workspace/filebot/backend/venv/lib/python3.12/site-packages/starlette/routing.py", line 716, in __call__
    await self.middleware_stack(scope, receive, send)
  File "/home/hongb/.openclaw/workspace/filebot/backend/venv/lib/python3.12/site-packages/starlette/routing.py", line 736, in app
    await route.handle(scope, receive, send)
  File "/home/hongb/.openclaw/workspace/filebot/backend/venv/lib/python3.12/site-packages/starlette/routing.py", line 290, in handle
    await self.app(scope, receive, send)
  File "/home/hongb/.openclaw/workspace/filebot/backend/venv/lib/python3.12/site-packages/fastapi/routing.py", line 130, in app
    await wrap_app_handling_exceptions(app, request)(scope, receive, send)
  File "/home/hongb/.openclaw/workspace/filebot/backend/venv/lib/python3.12/site-packages/starlette/_exception_handler.py", line 53, in wrapped_app
    raise exc
  File "/home/hongb/.openclaw/workspace/filebot/backend/venv/lib/python3.12/site-packages/starlette/_exception_handler.py", line 42, in wrapped_app
    await app(scope, receive, sender)
  File "/home/hongb/.openclaw/workspace/filebot/backend/venv/lib/python3.12/site-packages/fastapi/routing.py", line 116, in app
    response = await f(request)
               ^^^^^^^^^^^^^^^^
  File "/home/hongb/.openclaw/workspace/filebot/backend/venv/lib/python3.12/site-packages/fastapi/routing.py", line 670, in app
    raw_response = await run_endpoint_function(
                   ^^^^^^^^^^^^^^^^^^^^^^^^^^^^
  File "/home/hongb/.openclaw/workspace/filebot/backend/venv/lib/python3.12/site-packages/fastapi/routing.py", line 326, in run_endpoint_function
    return await run_in_threadpool(dependant.call, **values)
           ^^^^^^^^^^^^^^^^^^^^^^^^^^^^^^^^^^^^^^^^^^^^^^^^^
  File "/home/hongb/.openclaw/workspace/filebot/backend/venv/lib/python3.12/site-packages/starlette/concurrency.py", line 32, in run_in_threadpool
    return await anyio.to_thread.run_sync(func)
           ^^^^^^^^^^^^^^^^^^^^^^^^^^^^^^^^^^^^
  File "/home/hongb/.openclaw/workspace/filebot/backend/venv/lib/python3.12/site-packages/anyio/to_thread.py", line 63, in run_sync
    return await get_async_backend().run_sync_in_worker_thread(
           ^^^^^^^^^^^^^^^^^^^^^^^^^^^^^^^^^^^^^^^^^^^^^^^^^^^^
  File "/home/hongb/.openclaw/workspace/filebot/backend/venv/lib/python3.12/site-packages/anyio/_backends/_asyncio.py", line 2502, in run_sync_in_worker_thread
    return await future
           ^^^^^^^^^^^^
  File "/home/hongb/.openclaw/workspace/filebot/backend/venv/lib/python3.12/site-packages/anyio/_backends/_asyncio.py", line 986, in run
    result = context.run(func, *args)
             ^^^^^^^^^^^^^^^^^^^^^^^^
  File "/home/hongb/.openclaw/workspace/filebot/backend/app/routers/documents.py", line 249, in get_documents
    documents = query.offset(skip).limit(limit).all()
                ^^^^^^^^^^^^^^^^^^^^^^^^^^^^^^^^^^^^^
  File "/home/hongb/.openclaw/workspace/filebot/backend/venv/lib/python3.12/site-packages/sqlalchemy/orm/query.py", line 2704, in all
    return self._iter().all()  # type: ignore
           ^^^^^^^^^^^^^^^^^^
  File "/home/hongb/.openclaw/workspace/filebot/backend/venv/lib/python3.12/site-packages/sqlalchemy/engine/result.py", line 1786, in all
    return self._allrows()
           ^^^^^^^^^^^^^^^
  File "/home/hongb/.openclaw/workspace/filebot/backend/venv/lib/python3.12/site-packages/sqlalchemy/engine/result.py", line 560, in _allrows
    rows = self._fetchall_impl()
           ^^^^^^^^^^^^^^^^^^^^^
  File "/home/hongb/.openclaw/workspace/filebot/backend/venv/lib/python3.12/site-packages/sqlalchemy/engine/result.py", line 1693, in _fetchall_impl
    return self._real_result._fetchall_impl()
           ^^^^^^^^^^^^^^^^^^^^^^^^^^^^^^^^^^
  File "/home/hongb/.openclaw/workspace/filebot/backend/venv/lib/python3.12/site-packages/sqlalchemy/engine/result.py", line 2287, in _fetchall_impl
    return list(self.iterator)
           ^^^^^^^^^^^^^^^^^^^
  File "/home/hongb/.openclaw/workspace/filebot/backend/venv/lib/python3.12/site-packages/sqlalchemy/orm/loading.py", line 220, in chunks
    fetch = cursor._raw_all_rows()
            ^^^^^^^^^^^^^^^^^^^^^^
  File "/home/hongb/.openclaw/workspace/filebot/backend/venv/lib/python3.12/site-packages/sqlalchemy/engine/result.py", line 553, in _raw_all_rows
    return [make_row(row) for row in rows]
            ^^^^^^^^^^^^^
  File "lib/sqlalchemy/cyextension/resultproxy.pyx", line 22, in sqlalchemy.cyextension.resultproxy.BaseRow.__init__
  File "lib/sqlalchemy/cyextension/resultproxy.pyx", line 79, in sqlalchemy.cyextension.resultproxy._apply_processors
  File "/home/hongb/.openclaw/workspace/filebot/backend/venv/lib/python3.12/site-packages/sqlalchemy/sql/sqltypes.py", line 1829, in process
    value = self._object_value_for_elem(value)
            ^^^^^^^^^^^^^^^^^^^^^^^^^^^^^^^^^^
  File "/home/hongb/.openclaw/workspace/filebot/backend/venv/lib/python3.12/site-packages/sqlalchemy/sql/sqltypes.py", line 1711, in _object_value_for_elem
    raise LookupError(
LookupError: 'MULTIPAGE' is not among the defined enum values. Enum name: filetype. Possible values: TIFF, PDF, DOC, ..., OTHER
INFO:     127.0.0.1:32948 - "GET /api/v1/documents/ HTTP/1.1" 500 Internal Server Error
ERROR:    Exception in ASGI application
Traceback (most recent call last):
  File "/home/hongb/.openclaw/workspace/filebot/backend/venv/lib/python3.12/site-packages/sqlalchemy/sql/sqltypes.py", line 1709, in _object_value_for_elem
    return self._object_lookup[elem]  # type: ignore[return-value]
           ~~~~~~~~~~~~~~~~~~~^^^^^^
KeyError: 'MULTIPAGE'

The above exception was the direct cause of the following exception:

Traceback (most recent call last):
  File "/home/hongb/.openclaw/workspace/filebot/backend/venv/lib/python3.12/site-packages/uvicorn/protocols/http/h11_impl.py", line 410, in run_asgi
    result = await app(  # type: ignore[func-returns-value]
             ^^^^^^^^^^^^^^^^^^^^^^^^^^^^^^^^^^^^^^^^^^^^^^
  File "/home/hongb/.openclaw/workspace/filebot/backend/venv/lib/python3.12/site-packages/uvicorn/middleware/proxy_headers.py", line 60, in __call__
    return await self.app(scope, receive, send)
           ^^^^^^^^^^^^^^^^^^^^^^^^^^^^^^^^^^^^
  File "/home/hongb/.openclaw/workspace/filebot/backend/venv/lib/python3.12/site-packages/fastapi/applications.py", line 1160, in __call__
    await super().__call__(scope, receive, send)
  File "/home/hongb/.openclaw/workspace/filebot/backend/venv/lib/python3.12/site-packages/starlette/applications.py", line 107, in __call__
    await self.middleware_stack(scope, receive, send)
  File "/home/hongb/.openclaw/workspace/filebot/backend/venv/lib/python3.12/site-packages/starlette/middleware/errors.py", line 186, in __call__
    raise exc
  File "/home/hongb/.openclaw/workspace/filebot/backend/venv/lib/python3.12/site-packages/starlette/middleware/errors.py", line 164, in __call__
    await self.app(scope, receive, _send)
  File "/home/hongb/.openclaw/workspace/filebot/backend/venv/lib/python3.12/site-packages/starlette/middleware/cors.py", line 95, in __call__
    await self.simple_response(scope, receive, send, request_headers=headers)
  File "/home/hongb/.openclaw/workspace/filebot/backend/venv/lib/python3.12/site-packages/starlette/middleware/cors.py", line 153, in simple_response
    await self.app(scope, receive, send)
  File "/home/hongb/.openclaw/workspace/filebot/backend/venv/lib/python3.12/site-packages/starlette/middleware/exceptions.py", line 63, in __call__
    await wrap_app_handling_exceptions(self.app, conn)(scope, receive, send)
  File "/home/hongb/.openclaw/workspace/filebot/backend/venv/lib/python3.12/site-packages/starlette/_exception_handler.py", line 53, in wrapped_app
    raise exc
  File "/home/hongb/.openclaw/workspace/filebot/backend/venv/lib/python3.12/site-packages/starlette/_exception_handler.py", line 42, in wrapped_app
    await app(scope, receive, sender)
  File "/home/hongb/.openclaw/workspace/filebot/backend/venv/lib/python3.12/site-packages/fastapi/middleware/asyncexitstack.py", line 18, in __call__
    await self.app(scope, receive, send)
  File "/home/hongb/.openclaw/workspace/filebot/backend/venv/lib/python3.12/site-packages/starlette/routing.py", line 716, in __call__
    await self.middleware_stack(scope, receive, send)
  File "/home/hongb/.openclaw/workspace/filebot/backend/venv/lib/python3.12/site-packages/starlette/routing.py", line 736, in app
    await route.handle(scope, receive, send)
  File "/home/hongb/.openclaw/workspace/filebot/backend/venv/lib/python3.12/site-packages/starlette/routing.py", line 290, in handle
    await self.app(scope, receive, send)
  File "/home/hongb/.openclaw/workspace/filebot/backend/venv/lib/python3.12/site-packages/fastapi/routing.py", line 130, in app
    await wrap_app_handling_exceptions(app, request)(scope, receive, send)
  File "/home/hongb/.openclaw/workspace/filebot/backend/venv/lib/python3.12/site-packages/starlette/_exception_handler.py", line 53, in wrapped_app
    raise exc
  File "/home/hongb/.openclaw/workspace/filebot/backend/venv/lib/python3.12/site-packages/starlette/_exception_handler.py", line 42, in wrapped_app
    await app(scope, receive, sender)
  File "/home/hongb/.openclaw/workspace/filebot/backend/venv/lib/python3.12/site-packages/fastapi/routing.py", line 116, in app
    response = await f(request)
               ^^^^^^^^^^^^^^^^
  File "/home/hongb/.openclaw/workspace/filebot/backend/venv/lib/python3.12/site-packages/fastapi/routing.py", line 670, in app
    raw_response = await run_endpoint_function(
                   ^^^^^^^^^^^^^^^^^^^^^^^^^^^^
  File "/home/hongb/.openclaw/workspace/filebot/backend/venv/lib/python3.12/site-packages/fastapi/routing.py", line 326, in run_endpoint_function
    return await run_in_threadpool(dependant.call, **values)
           ^^^^^^^^^^^^^^^^^^^^^^^^^^^^^^^^^^^^^^^^^^^^^^^^^
  File "/home/hongb/.openclaw/workspace/filebot/backend/venv/lib/python3.12/site-packages/starlette/concurrency.py", line 32, in run_in_threadpool
    return await anyio.to_thread.run_sync(func)
           ^^^^^^^^^^^^^^^^^^^^^^^^^^^^^^^^^^^^
  File "/home/hongb/.openclaw/workspace/filebot/backend/venv/lib/python3.12/site-packages/anyio/to_thread.py", line 63, in run_sync
    return await get_async_backend().run_sync_in_worker_thread(
           ^^^^^^^^^^^^^^^^^^^^^^^^^^^^^^^^^^^^^^^^^^^^^^^^^^^^
  File "/home/hongb/.openclaw/workspace/filebot/backend/venv/lib/python3.12/site-packages/anyio/_backends/_asyncio.py", line 2502, in run_sync_in_worker_thread
    return await future
           ^^^^^^^^^^^^
  File "/home/hongb/.openclaw/workspace/filebot/backend/venv/lib/python3.12/site-packages/anyio/_backends/_asyncio.py", line 986, in run
    result = context.run(func, *args)
             ^^^^^^^^^^^^^^^^^^^^^^^^
  File "/home/hongb/.openclaw/workspace/filebot/backend/app/routers/documents.py", line 249, in get_documents
    documents = query.offset(skip).limit(limit).all()
                ^^^^^^^^^^^^^^^^^^^^^^^^^^^^^^^^^^^^^
  File "/home/hongb/.openclaw/workspace/filebot/backend/venv/lib/python3.12/site-packages/sqlalchemy/orm/query.py", line 2704, in all
    return self._iter().all()  # type: ignore
           ^^^^^^^^^^^^^^^^^^
  File "/home/hongb/.openclaw/workspace/filebot/backend/venv/lib/python3.12/site-packages/sqlalchemy/engine/result.py", line 1786, in all
    return self._allrows()
           ^^^^^^^^^^^^^^^
  File "/home/hongb/.openclaw/workspace/filebot/backend/venv/lib/python3.12/site-packages/sqlalchemy/engine/result.py", line 560, in _allrows
    rows = self._fetchall_impl()
           ^^^^^^^^^^^^^^^^^^^^^
  File "/home/hongb/.openclaw/workspace/filebot/backend/venv/lib/python3.12/site-packages/sqlalchemy/engine/result.py", line 1693, in _fetchall_impl
    return self._real_result._fetchall_impl()
           ^^^^^^^^^^^^^^^^^^^^^^^^^^^^^^^^^^
  File "/home/hongb/.openclaw/workspace/filebot/backend/venv/lib/python3.12/site-packages/sqlalchemy/engine/result.py", line 2287, in _fetchall_impl
    return list(self.iterator)
           ^^^^^^^^^^^^^^^^^^^
  File "/home/hongb/.openclaw/workspace/filebot/backend/venv/lib/python3.12/site-packages/sqlalchemy/orm/loading.py", line 220, in chunks
    fetch = cursor._raw_all_rows()
            ^^^^^^^^^^^^^^^^^^^^^^
  File "/home/hongb/.openclaw/workspace/filebot/backend/venv/lib/python3.12/site-packages/sqlalchemy/engine/result.py", line 553, in _raw_all_rows
    return [make_row(row) for row in rows]
            ^^^^^^^^^^^^^
  File "lib/sqlalchemy/cyextension/resultproxy.pyx", line 22, in sqlalchemy.cyextension.resultproxy.BaseRow.__init__
  File "lib/sqlalchemy/cyextension/resultproxy.pyx", line 79, in sqlalchemy.cyextension.resultproxy._apply_processors
  File "/home/hongb/.openclaw/workspace/filebot/backend/venv/lib/python3.12/site-packages/sqlalchemy/sql/sqltypes.py", line 1829, in process
    value = self._object_value_for_elem(value)
            ^^^^^^^^^^^^^^^^^^^^^^^^^^^^^^^^^^
  File "/home/hongb/.openclaw/workspace/filebot/backend/venv/lib/python3.12/site-packages/sqlalchemy/sql/sqltypes.py", line 1711, in _object_value_for_elem
    raise LookupError(
LookupError: 'MULTIPAGE' is not among the defined enum values. Enum name: filetype. Possible values: TIFF, PDF, DOC, ..., OTHER
INFO:     127.0.0.1:41842 - "GET /api/v1/documents/ HTTP/1.1" 500 Internal Server Error
ERROR:    Exception in ASGI application
Traceback (most recent call last):
  File "/home/hongb/.openclaw/workspace/filebot/backend/venv/lib/python3.12/site-packages/sqlalchemy/sql/sqltypes.py", line 1709, in _object_value_for_elem
    return self._object_lookup[elem]  # type: ignore[return-value]
           ~~~~~~~~~~~~~~~~~~~^^^^^^
KeyError: 'MULTIPAGE'

The above exception was the direct cause of the following exception:

Traceback (most recent call last):
  File "/home/hongb/.openclaw/workspace/filebot/backend/venv/lib/python3.12/site-packages/uvicorn/protocols/http/h11_impl.py", line 410, in run_asgi
    result = await app(  # type: ignore[func-returns-value]
             ^^^^^^^^^^^^^^^^^^^^^^^^^^^^^^^^^^^^^^^^^^^^^^
  File "/home/hongb/.openclaw/workspace/filebot/backend/venv/lib/python3.12/site-packages/uvicorn/middleware/proxy_headers.py", line 60, in __call__
    return await self.app(scope, receive, send)
           ^^^^^^^^^^^^^^^^^^^^^^^^^^^^^^^^^^^^
  File "/home/hongb/.openclaw/workspace/filebot/backend/venv/lib/python3.12/site-packages/fastapi/applications.py", line 1160, in __call__
    await super().__call__(scope, receive, send)
  File "/home/hongb/.openclaw/workspace/filebot/backend/venv/lib/python3.12/site-packages/starlette/applications.py", line 107, in __call__
    await self.middleware_stack(scope, receive, send)
  File "/home/hongb/.openclaw/workspace/filebot/backend/venv/lib/python3.12/site-packages/starlette/middleware/errors.py", line 186, in __call__
    raise exc
  File "/home/hongb/.openclaw/workspace/filebot/backend/venv/lib/python3.12/site-packages/starlette/middleware/errors.py", line 164, in __call__
    await self.app(scope, receive, _send)
  File "/home/hongb/.openclaw/workspace/filebot/backend/venv/lib/python3.12/site-packages/starlette/middleware/cors.py", line 95, in __call__
    await self.simple_response(scope, receive, send, request_headers=headers)
  File "/home/hongb/.openclaw/workspace/filebot/backend/venv/lib/python3.12/site-packages/starlette/middleware/cors.py", line 153, in simple_response
    await self.app(scope, receive, send)
  File "/home/hongb/.openclaw/workspace/filebot/backend/venv/lib/python3.12/site-packages/starlette/middleware/exceptions.py", line 63, in __call__
    await wrap_app_handling_exceptions(self.app, conn)(scope, receive, send)
  File "/home/hongb/.openclaw/workspace/filebot/backend/venv/lib/python3.12/site-packages/starlette/_exception_handler.py", line 53, in wrapped_app
    raise exc
  File "/home/hongb/.openclaw/workspace/filebot/backend/venv/lib/python3.12/site-packages/starlette/_exception_handler.py", line 42, in wrapped_app
    await app(scope, receive, sender)
  File "/home/hongb/.openclaw/workspace/filebot/backend/venv/lib/python3.12/site-packages/fastapi/middleware/asyncexitstack.py", line 18, in __call__
    await self.app(scope, receive, send)
  File "/home/hongb/.openclaw/workspace/filebot/backend/venv/lib/python3.12/site-packages/starlette/routing.py", line 716, in __call__
    await self.middleware_stack(scope, receive, send)
  File "/home/hongb/.openclaw/workspace/filebot/backend/venv/lib/python3.12/site-packages/starlette/routing.py", line 736, in app
    await route.handle(scope, receive, send)
  File "/home/hongb/.openclaw/workspace/filebot/backend/venv/lib/python3.12/site-packages/starlette/routing.py", line 290, in handle
    await self.app(scope, receive, send)
  File "/home/hongb/.openclaw/workspace/filebot/backend/venv/lib/python3.12/site-packages/fastapi/routing.py", line 130, in app
    await wrap_app_handling_exceptions(app, request)(scope, receive, send)
  File "/home/hongb/.openclaw/workspace/filebot/backend/venv/lib/python3.12/site-packages/starlette/_exception_handler.py", line 53, in wrapped_app
    raise exc
  File "/home/hongb/.openclaw/workspace/filebot/backend/venv/lib/python3.12/site-packages/starlette/_exception_handler.py", line 42, in wrapped_app
    await app(scope, receive, sender)
  File "/home/hongb/.openclaw/workspace/filebot/backend/venv/lib/python3.12/site-packages/fastapi/routing.py", line 116, in app
    response = await f(request)
               ^^^^^^^^^^^^^^^^
  File "/home/hongb/.openclaw/workspace/filebot/backend/venv/lib/python3.12/site-packages/fastapi/routing.py", line 670, in app
    raw_response = await run_endpoint_function(
                   ^^^^^^^^^^^^^^^^^^^^^^^^^^^^
  File "/home/hongb/.openclaw/workspace/filebot/backend/venv/lib/python3.12/site-packages/fastapi/routing.py", line 326, in run_endpoint_function
    return await run_in_threadpool(dependant.call, **values)
           ^^^^^^^^^^^^^^^^^^^^^^^^^^^^^^^^^^^^^^^^^^^^^^^^^
  File "/home/hongb/.openclaw/workspace/filebot/backend/venv/lib/python3.12/site-packages/starlette/concurrency.py", line 32, in run_in_threadpool
    return await anyio.to_thread.run_sync(func)
           ^^^^^^^^^^^^^^^^^^^^^^^^^^^^^^^^^^^^
  File "/home/hongb/.openclaw/workspace/filebot/backend/venv/lib/python3.12/site-packages/anyio/to_thread.py", line 63, in run_sync
    return await get_async_backend().run_sync_in_worker_thread(
           ^^^^^^^^^^^^^^^^^^^^^^^^^^^^^^^^^^^^^^^^^^^^^^^^^^^^
  File "/home/hongb/.openclaw/workspace/filebot/backend/venv/lib/python3.12/site-packages/anyio/_backends/_asyncio.py", line 2502, in run_sync_in_worker_thread
    return await future
           ^^^^^^^^^^^^
  File "/home/hongb/.openclaw/workspace/filebot/backend/venv/lib/python3.12/site-packages/anyio/_backends/_asyncio.py", line 986, in run
    result = context.run(func, *args)
             ^^^^^^^^^^^^^^^^^^^^^^^^
  File "/home/hongb/.openclaw/workspace/filebot/backend/app/routers/documents.py", line 249, in get_documents
    documents = query.offset(skip).limit(limit).all()
                ^^^^^^^^^^^^^^^^^^^^^^^^^^^^^^^^^^^^^
  File "/home/hongb/.openclaw/workspace/filebot/backend/venv/lib/python3.12/site-packages/sqlalchemy/orm/query.py", line 2704, in all
    return self._iter().all()  # type: ignore
           ^^^^^^^^^^^^^^^^^^
  File "/home/hongb/.openclaw/workspace/filebot/backend/venv/lib/python3.12/site-packages/sqlalchemy/engine/result.py", line 1786, in all
    return self._allrows()
           ^^^^^^^^^^^^^^^
  File "/home/hongb/.openclaw/workspace/filebot/backend/venv/lib/python3.12/site-packages/sqlalchemy/engine/result.py", line 560, in _allrows
    rows = self._fetchall_impl()
           ^^^^^^^^^^^^^^^^^^^^^
  File "/home/hongb/.openclaw/workspace/filebot/backend/venv/lib/python3.12/site-packages/sqlalchemy/engine/result.py", line 1693, in _fetchall_impl
    return self._real_result._fetchall_impl()
           ^^^^^^^^^^^^^^^^^^^^^^^^^^^^^^^^^^
  File "/home/hongb/.openclaw/workspace/filebot/backend/venv/lib/python3.12/site-packages/sqlalchemy/engine/result.py", line 2287, in _fetchall_impl
    return list(self.iterator)
           ^^^^^^^^^^^^^^^^^^^
  File "/home/hongb/.openclaw/workspace/filebot/backend/venv/lib/python3.12/site-packages/sqlalchemy/orm/loading.py", line 220, in chunks
    fetch = cursor._raw_all_rows()
            ^^^^^^^^^^^^^^^^^^^^^^
  File "/home/hongb/.openclaw/workspace/filebot/backend/venv/lib/python3.12/site-packages/sqlalchemy/engine/result.py", line 553, in _raw_all_rows
    return [make_row(row) for row in rows]
            ^^^^^^^^^^^^^
  File "lib/sqlalchemy/cyextension/resultproxy.pyx", line 22, in sqlalchemy.cyextension.resultproxy.BaseRow.__init__
  File "lib/sqlalchemy/cyextension/resultproxy.pyx", line 79, in sqlalchemy.cyextension.resultproxy._apply_processors
  File "/home/hongb/.openclaw/workspace/filebot/backend/venv/lib/python3.12/site-packages/sqlalchemy/sql/sqltypes.py", line 1829, in process
    value = self._object_value_for_elem(value)
            ^^^^^^^^^^^^^^^^^^^^^^^^^^^^^^^^^^
  File "/home/hongb/.openclaw/workspace/filebot/backend/venv/lib/python3.12/site-packages/sqlalchemy/sql/sqltypes.py", line 1711, in _object_value_for_elem
    raise LookupError(
LookupError: 'MULTIPAGE' is not among the defined enum values. Enum name: filetype. Possible values: TIFF, PDF, DOC, ..., OTHER
INFO:     127.0.0.1:41856 - "GET /api/v1/documents/ HTTP/1.1" 500 Internal Server Error
ERROR:    Exception in ASGI application
Traceback (most recent call last):
  File "/home/hongb/.openclaw/workspace/filebot/backend/venv/lib/python3.12/site-packages/sqlalchemy/sql/sqltypes.py", line 1709, in _object_value_for_elem
    return self._object_lookup[elem]  # type: ignore[return-value]
           ~~~~~~~~~~~~~~~~~~~^^^^^^
KeyError: 'MULTIPAGE'

The above exception was the direct cause of the following exception:

Traceback (most recent call last):
  File "/home/hongb/.openclaw/workspace/filebot/backend/venv/lib/python3.12/site-packages/uvicorn/protocols/http/h11_impl.py", line 410, in run_asgi
    result = await app(  # type: ignore[func-returns-value]
             ^^^^^^^^^^^^^^^^^^^^^^^^^^^^^^^^^^^^^^^^^^^^^^
  File "/home/hongb/.openclaw/workspace/filebot/backend/venv/lib/python3.12/site-packages/uvicorn/middleware/proxy_headers.py", line 60, in __call__
    return await self.app(scope, receive, send)
           ^^^^^^^^^^^^^^^^^^^^^^^^^^^^^^^^^^^^
  File "/home/hongb/.openclaw/workspace/filebot/backend/venv/lib/python3.12/site-packages/fastapi/applications.py", line 1160, in __call__
    await super().__call__(scope, receive, send)
  File "/home/hongb/.openclaw/workspace/filebot/backend/venv/lib/python3.12/site-packages/starlette/applications.py", line 107, in __call__
    await self.middleware_stack(scope, receive, send)
  File "/home/hongb/.openclaw/workspace/filebot/backend/venv/lib/python3.12/site-packages/starlette/middleware/errors.py", line 186, in __call__
    raise exc
  File "/home/hongb/.openclaw/workspace/filebot/backend/venv/lib/python3.12/site-packages/starlette/middleware/errors.py", line 164, in __call__
    await self.app(scope, receive, _send)
  File "/home/hongb/.openclaw/workspace/filebot/backend/venv/lib/python3.12/site-packages/starlette/middleware/cors.py", line 95, in __call__
    await self.simple_response(scope, receive, send, request_headers=headers)
  File "/home/hongb/.openclaw/workspace/filebot/backend/venv/lib/python3.12/site-packages/starlette/middleware/cors.py", line 153, in simple_response
    await self.app(scope, receive, send)
  File "/home/hongb/.openclaw/workspace/filebot/backend/venv/lib/python3.12/site-packages/starlette/middleware/exceptions.py", line 63, in __call__
    await wrap_app_handling_exceptions(self.app, conn)(scope, receive, send)
  File "/home/hongb/.openclaw/workspace/filebot/backend/venv/lib/python3.12/site-packages/starlette/_exception_handler.py", line 53, in wrapped_app
    raise exc
  File "/home/hongb/.openclaw/workspace/filebot/backend/venv/lib/python3.12/site-packages/starlette/_exception_handler.py", line 42, in wrapped_app
    await app(scope, receive, sender)
  File "/home/hongb/.openclaw/workspace/filebot/backend/venv/lib/python3.12/site-packages/fastapi/middleware/asyncexitstack.py", line 18, in __call__
    await self.app(scope, receive, send)
  File "/home/hongb/.openclaw/workspace/filebot/backend/venv/lib/python3.12/site-packages/starlette/routing.py", line 716, in __call__
    await self.middleware_stack(scope, receive, send)
  File "/home/hongb/.openclaw/workspace/filebot/backend/venv/lib/python3.12/site-packages/starlette/routing.py", line 736, in app
    await route.handle(scope, receive, send)
  File "/home/hongb/.openclaw/workspace/filebot/backend/venv/lib/python3.12/site-packages/starlette/routing.py", line 290, in handle
    await self.app(scope, receive, send)
  File "/home/hongb/.openclaw/workspace/filebot/backend/venv/lib/python3.12/site-packages/fastapi/routing.py", line 130, in app
    await wrap_app_handling_exceptions(app, request)(scope, receive, send)
  File "/home/hongb/.openclaw/workspace/filebot/backend/venv/lib/python3.12/site-packages/starlette/_exception_handler.py", line 53, in wrapped_app
    raise exc
  File "/home/hongb/.openclaw/workspace/filebot/backend/venv/lib/python3.12/site-packages/starlette/_exception_handler.py", line 42, in wrapped_app
    await app(scope, receive, sender)
  File "/home/hongb/.openclaw/workspace/filebot/backend/venv/lib/python3.12/site-packages/fastapi/routing.py", line 116, in app
    response = await f(request)
               ^^^^^^^^^^^^^^^^
  File "/home/hongb/.openclaw/workspace/filebot/backend/venv/lib/python3.12/site-packages/fastapi/routing.py", line 670, in app
    raw_response = await run_endpoint_function(
                   ^^^^^^^^^^^^^^^^^^^^^^^^^^^^
  File "/home/hongb/.openclaw/workspace/filebot/backend/venv/lib/python3.12/site-packages/fastapi/routing.py", line 326, in run_endpoint_function
    return await run_in_threadpool(dependant.call, **values)
           ^^^^^^^^^^^^^^^^^^^^^^^^^^^^^^^^^^^^^^^^^^^^^^^^^
  File "/home/hongb/.openclaw/workspace/filebot/backend/venv/lib/python3.12/site-packages/starlette/concurrency.py", line 32, in run_in_threadpool
    return await anyio.to_thread.run_sync(func)
           ^^^^^^^^^^^^^^^^^^^^^^^^^^^^^^^^^^^^
  File "/home/hongb/.openclaw/workspace/filebot/backend/venv/lib/python3.12/site-packages/anyio/to_thread.py", line 63, in run_sync
    return await get_async_backend().run_sync_in_worker_thread(
           ^^^^^^^^^^^^^^^^^^^^^^^^^^^^^^^^^^^^^^^^^^^^^^^^^^^^
  File "/home/hongb/.openclaw/workspace/filebot/backend/venv/lib/python3.12/site-packages/anyio/_backends/_asyncio.py", line 2502, in run_sync_in_worker_thread
    return await future
           ^^^^^^^^^^^^
  File "/home/hongb/.openclaw/workspace/filebot/backend/venv/lib/python3.12/site-packages/anyio/_backends/_asyncio.py", line 986, in run
    result = context.run(func, *args)
             ^^^^^^^^^^^^^^^^^^^^^^^^
  File "/home/hongb/.openclaw/workspace/filebot/backend/app/routers/documents.py", line 249, in get_documents
    documents = query.offset(skip).limit(limit).all()
                ^^^^^^^^^^^^^^^^^^^^^^^^^^^^^^^^^^^^^
  File "/home/hongb/.openclaw/workspace/filebot/backend/venv/lib/python3.12/site-packages/sqlalchemy/orm/query.py", line 2704, in all
    return self._iter().all()  # type: ignore
           ^^^^^^^^^^^^^^^^^^
  File "/home/hongb/.openclaw/workspace/filebot/backend/venv/lib/python3.12/site-packages/sqlalchemy/engine/result.py", line 1786, in all
    return self._allrows()
           ^^^^^^^^^^^^^^^
  File "/home/hongb/.openclaw/workspace/filebot/backend/venv/lib/python3.12/site-packages/sqlalchemy/engine/result.py", line 560, in _allrows
    rows = self._fetchall_impl()
           ^^^^^^^^^^^^^^^^^^^^^
  File "/home/hongb/.openclaw/workspace/filebot/backend/venv/lib/python3.12/site-packages/sqlalchemy/engine/result.py", line 1693, in _fetchall_impl
    return self._real_result._fetchall_impl()
           ^^^^^^^^^^^^^^^^^^^^^^^^^^^^^^^^^^
  File "/home/hongb/.openclaw/workspace/filebot/backend/venv/lib/python3.12/site-packages/sqlalchemy/engine/result.py", line 2287, in _fetchall_impl
    return list(self.iterator)
           ^^^^^^^^^^^^^^^^^^^
  File "/home/hongb/.openclaw/workspace/filebot/backend/venv/lib/python3.12/site-packages/sqlalchemy/orm/loading.py", line 220, in chunks
    fetch = cursor._raw_all_rows()
            ^^^^^^^^^^^^^^^^^^^^^^
  File "/home/hongb/.openclaw/workspace/filebot/backend/venv/lib/python3.12/site-packages/sqlalchemy/engine/result.py", line 553, in _raw_all_rows
    return [make_row(row) for row in rows]
            ^^^^^^^^^^^^^
  File "lib/sqlalchemy/cyextension/resultproxy.pyx", line 22, in sqlalchemy.cyextension.resultproxy.BaseRow.__init__
  File "lib/sqlalchemy/cyextension/resultproxy.pyx", line 79, in sqlalchemy.cyextension.resultproxy._apply_processors
  File "/home/hongb/.openclaw/workspace/filebot/backend/venv/lib/python3.12/site-packages/sqlalchemy/sql/sqltypes.py", line 1829, in process
    value = self._object_value_for_elem(value)
            ^^^^^^^^^^^^^^^^^^^^^^^^^^^^^^^^^^
  File "/home/hongb/.openclaw/workspace/filebot/backend/venv/lib/python3.12/site-packages/sqlalchemy/sql/sqltypes.py", line 1711, in _object_value_for_elem
    raise LookupError(
LookupError: 'MULTIPAGE' is not among the defined enum values. Enum name: filetype. Possible values: TIFF, PDF, DOC, ..., OTHER
INFO:     127.0.0.1:41858 - "GET /api/v1/documents/ HTTP/1.1" 500 Internal Server Error
ERROR:    Exception in ASGI application
Traceback (most recent call last):
  File "/home/hongb/.openclaw/workspace/filebot/backend/venv/lib/python3.12/site-packages/sqlalchemy/sql/sqltypes.py", line 1709, in _object_value_for_elem
    return self._object_lookup[elem]  # type: ignore[return-value]
           ~~~~~~~~~~~~~~~~~~~^^^^^^
KeyError: 'MULTIPAGE'

The above exception was the direct cause of the following exception:

Traceback (most recent call last):
  File "/home/hongb/.openclaw/workspace/filebot/backend/venv/lib/python3.12/site-packages/uvicorn/protocols/http/h11_impl.py", line 410, in run_asgi
    result = await app(  # type: ignore[func-returns-value]
             ^^^^^^^^^^^^^^^^^^^^^^^^^^^^^^^^^^^^^^^^^^^^^^
  File "/home/hongb/.openclaw/workspace/filebot/backend/venv/lib/python3.12/site-packages/uvicorn/middleware/proxy_headers.py", line 60, in __call__
    return await self.app(scope, receive, send)
           ^^^^^^^^^^^^^^^^^^^^^^^^^^^^^^^^^^^^
  File "/home/hongb/.openclaw/workspace/filebot/backend/venv/lib/python3.12/site-packages/fastapi/applications.py", line 1160, in __call__
    await super().__call__(scope, receive, send)
  File "/home/hongb/.openclaw/workspace/filebot/backend/venv/lib/python3.12/site-packages/starlette/applications.py", line 107, in __call__
    await self.middleware_stack(scope, receive, send)
  File "/home/hongb/.openclaw/workspace/filebot/backend/venv/lib/python3.12/site-packages/starlette/middleware/errors.py", line 186, in __call__
    raise exc
  File "/home/hongb/.openclaw/workspace/filebot/backend/venv/lib/python3.12/site-packages/starlette/middleware/errors.py", line 164, in __call__
    await self.app(scope, receive, _send)
  File "/home/hongb/.openclaw/workspace/filebot/backend/venv/lib/python3.12/site-packages/starlette/middleware/cors.py", line 95, in __call__
    await self.simple_response(scope, receive, send, request_headers=headers)
  File "/home/hongb/.openclaw/workspace/filebot/backend/venv/lib/python3.12/site-packages/starlette/middleware/cors.py", line 153, in simple_response
    await self.app(scope, receive, send)
  File "/home/hongb/.openclaw/workspace/filebot/backend/venv/lib/python3.12/site-packages/starlette/middleware/exceptions.py", line 63, in __call__
    await wrap_app_handling_exceptions(self.app, conn)(scope, receive, send)
  File "/home/hongb/.openclaw/workspace/filebot/backend/venv/lib/python3.12/site-packages/starlette/_exception_handler.py", line 53, in wrapped_app
    raise exc
  File "/home/hongb/.openclaw/workspace/filebot/backend/venv/lib/python3.12/site-packages/starlette/_exception_handler.py", line 42, in wrapped_app
    await app(scope, receive, sender)
  File "/home/hongb/.openclaw/workspace/filebot/backend/venv/lib/python3.12/site-packages/fastapi/middleware/asyncexitstack.py", line 18, in __call__
    await self.app(scope, receive, send)
  File "/home/hongb/.openclaw/workspace/filebot/backend/venv/lib/python3.12/site-packages/starlette/routing.py", line 716, in __call__
    await self.middleware_stack(scope, receive, send)
  File "/home/hongb/.openclaw/workspace/filebot/backend/venv/lib/python3.12/site-packages/starlette/routing.py", line 736, in app
    await route.handle(scope, receive, send)
  File "/home/hongb/.openclaw/workspace/filebot/backend/venv/lib/python3.12/site-packages/starlette/routing.py", line 290, in handle
    await self.app(scope, receive, send)
  File "/home/hongb/.openclaw/workspace/filebot/backend/venv/lib/python3.12/site-packages/fastapi/routing.py", line 130, in app
    await wrap_app_handling_exceptions(app, request)(scope, receive, send)
  File "/home/hongb/.openclaw/workspace/filebot/backend/venv/lib/python3.12/site-packages/starlette/_exception_handler.py", line 53, in wrapped_app
    raise exc
  File "/home/hongb/.openclaw/workspace/filebot/backend/venv/lib/python3.12/site-packages/starlette/_exception_handler.py", line 42, in wrapped_app
    await app(scope, receive, sender)
  File "/home/hongb/.openclaw/workspace/filebot/backend/venv/lib/python3.12/site-packages/fastapi/routing.py", line 116, in app
    response = await f(request)
               ^^^^^^^^^^^^^^^^
  File "/home/hongb/.openclaw/workspace/filebot/backend/venv/lib/python3.12/site-packages/fastapi/routing.py", line 670, in app
    raw_response = await run_endpoint_function(
                   ^^^^^^^^^^^^^^^^^^^^^^^^^^^^
  File "/home/hongb/.openclaw/workspace/filebot/backend/venv/lib/python3.12/site-packages/fastapi/routing.py", line 326, in run_endpoint_function
    return await run_in_threadpool(dependant.call, **values)
           ^^^^^^^^^^^^^^^^^^^^^^^^^^^^^^^^^^^^^^^^^^^^^^^^^
  File "/home/hongb/.openclaw/workspace/filebot/backend/venv/lib/python3.12/site-packages/starlette/concurrency.py", line 32, in run_in_threadpool
    return await anyio.to_thread.run_sync(func)
           ^^^^^^^^^^^^^^^^^^^^^^^^^^^^^^^^^^^^
  File "/home/hongb/.openclaw/workspace/filebot/backend/venv/lib/python3.12/site-packages/anyio/to_thread.py", line 63, in run_sync
    return await get_async_backend().run_sync_in_worker_thread(
           ^^^^^^^^^^^^^^^^^^^^^^^^^^^^^^^^^^^^^^^^^^^^^^^^^^^^
  File "/home/hongb/.openclaw/workspace/filebot/backend/venv/lib/python3.12/site-packages/anyio/_backends/_asyncio.py", line 2502, in run_sync_in_worker_thread
    return await future
           ^^^^^^^^^^^^
  File "/home/hongb/.openclaw/workspace/filebot/backend/venv/lib/python3.12/site-packages/anyio/_backends/_asyncio.py", line 986, in run
    result = context.run(func, *args)
             ^^^^^^^^^^^^^^^^^^^^^^^^
  File "/home/hongb/.openclaw/workspace/filebot/backend/app/routers/documents.py", line 249, in get_documents
    documents = query.offset(skip).limit(limit).all()
                ^^^^^^^^^^^^^^^^^^^^^^^^^^^^^^^^^^^^^
  File "/home/hongb/.openclaw/workspace/filebot/backend/venv/lib/python3.12/site-packages/sqlalchemy/orm/query.py", line 2704, in all
    return self._iter().all()  # type: ignore
           ^^^^^^^^^^^^^^^^^^
  File "/home/hongb/.openclaw/workspace/filebot/backend/venv/lib/python3.12/site-packages/sqlalchemy/engine/result.py", line 1786, in all
    return self._allrows()
           ^^^^^^^^^^^^^^^
  File "/home/hongb/.openclaw/workspace/filebot/backend/venv/lib/python3.12/site-packages/sqlalchemy/engine/result.py", line 560, in _allrows
    rows = self._fetchall_impl()
           ^^^^^^^^^^^^^^^^^^^^^
  File "/home/hongb/.openclaw/workspace/filebot/backend/venv/lib/python3.12/site-packages/sqlalchemy/engine/result.py", line 1693, in _fetchall_impl
    return self._real_result._fetchall_impl()
           ^^^^^^^^^^^^^^^^^^^^^^^^^^^^^^^^^^
  File "/home/hongb/.openclaw/workspace/filebot/backend/venv/lib/python3.12/site-packages/sqlalchemy/engine/result.py", line 2287, in _fetchall_impl
    return list(self.iterator)
           ^^^^^^^^^^^^^^^^^^^
  File "/home/hongb/.openclaw/workspace/filebot/backend/venv/lib/python3.12/site-packages/sqlalchemy/orm/loading.py", line 220, in chunks
    fetch = cursor._raw_all_rows()
            ^^^^^^^^^^^^^^^^^^^^^^
  File "/home/hongb/.openclaw/workspace/filebot/backend/venv/lib/python3.12/site-packages/sqlalchemy/engine/result.py", line 553, in _raw_all_rows
    return [make_row(row) for row in rows]
            ^^^^^^^^^^^^^
  File "lib/sqlalchemy/cyextension/resultproxy.pyx", line 22, in sqlalchemy.cyextension.resultproxy.BaseRow.__init__
  File "lib/sqlalchemy/cyextension/resultproxy.pyx", line 79, in sqlalchemy.cyextension.resultproxy._apply_processors
  File "/home/hongb/.openclaw/workspace/filebot/backend/venv/lib/python3.12/site-packages/sqlalchemy/sql/sqltypes.py", line 1829, in process
    value = self._object_value_for_elem(value)
            ^^^^^^^^^^^^^^^^^^^^^^^^^^^^^^^^^^
  File "/home/hongb/.openclaw/workspace/filebot/backend/venv/lib/python3.12/site-packages/sqlalchemy/sql/sqltypes.py", line 1711, in _object_value_for_elem
    raise LookupError(
LookupError: 'MULTIPAGE' is not among the defined enum values. Enum name: filetype. Possible values: TIFF, PDF, DOC, ..., OTHER
INFO:     127.0.0.1:56282 - "GET /api/v1/documents/ HTTP/1.1" 500 Internal Server Error
ERROR:    Exception in ASGI application
Traceback (most recent call last):
  File "/home/hongb/.openclaw/workspace/filebot/backend/venv/lib/python3.12/site-packages/sqlalchemy/sql/sqltypes.py", line 1709, in _object_value_for_elem
    return self._object_lookup[elem]  # type: ignore[return-value]
           ~~~~~~~~~~~~~~~~~~~^^^^^^
KeyError: 'MULTIPAGE'

The above exception was the direct cause of the following exception:

Traceback (most recent call last):
  File "/home/hongb/.openclaw/workspace/filebot/backend/venv/lib/python3.12/site-packages/uvicorn/protocols/http/h11_impl.py", line 410, in run_asgi
    result = await app(  # type: ignore[func-returns-value]
             ^^^^^^^^^^^^^^^^^^^^^^^^^^^^^^^^^^^^^^^^^^^^^^
  File "/home/hongb/.openclaw/workspace/filebot/backend/venv/lib/python3.12/site-packages/uvicorn/middleware/proxy_headers.py", line 60, in __call__
    return await self.app(scope, receive, send)
           ^^^^^^^^^^^^^^^^^^^^^^^^^^^^^^^^^^^^
  File "/home/hongb/.openclaw/workspace/filebot/backend/venv/lib/python3.12/site-packages/fastapi/applications.py", line 1160, in __call__
    await super().__call__(scope, receive, send)
  File "/home/hongb/.openclaw/workspace/filebot/backend/venv/lib/python3.12/site-packages/starlette/applications.py", line 107, in __call__
    await self.middleware_stack(scope, receive, send)
  File "/home/hongb/.openclaw/workspace/filebot/backend/venv/lib/python3.12/site-packages/starlette/middleware/errors.py", line 186, in __call__
    raise exc
  File "/home/hongb/.openclaw/workspace/filebot/backend/venv/lib/python3.12/site-packages/starlette/middleware/errors.py", line 164, in __call__
    await self.app(scope, receive, _send)
  File "/home/hongb/.openclaw/workspace/filebot/backend/venv/lib/python3.12/site-packages/starlette/middleware/cors.py", line 95, in __call__
    await self.simple_response(scope, receive, send, request_headers=headers)
  File "/home/hongb/.openclaw/workspace/filebot/backend/venv/lib/python3.12/site-packages/starlette/middleware/cors.py", line 153, in simple_response
    await self.app(scope, receive, send)
  File "/home/hongb/.openclaw/workspace/filebot/backend/venv/lib/python3.12/site-packages/starlette/middleware/exceptions.py", line 63, in __call__
    await wrap_app_handling_exceptions(self.app, conn)(scope, receive, send)
  File "/home/hongb/.openclaw/workspace/filebot/backend/venv/lib/python3.12/site-packages/starlette/_exception_handler.py", line 53, in wrapped_app
    raise exc
  File "/home/hongb/.openclaw/workspace/filebot/backend/venv/lib/python3.12/site-packages/starlette/_exception_handler.py", line 42, in wrapped_app
    await app(scope, receive, sender)
  File "/home/hongb/.openclaw/workspace/filebot/backend/venv/lib/python3.12/site-packages/fastapi/middleware/asyncexitstack.py", line 18, in __call__
    await self.app(scope, receive, send)
  File "/home/hongb/.openclaw/workspace/filebot/backend/venv/lib/python3.12/site-packages/starlette/routing.py", line 716, in __call__
    await self.middleware_stack(scope, receive, send)
  File "/home/hongb/.openclaw/workspace/filebot/backend/venv/lib/python3.12/site-packages/starlette/routing.py", line 736, in app
    await route.handle(scope, receive, send)
  File "/home/hongb/.openclaw/workspace/filebot/backend/venv/lib/python3.12/site-packages/starlette/routing.py", line 290, in handle
    await self.app(scope, receive, send)
  File "/home/hongb/.openclaw/workspace/filebot/backend/venv/lib/python3.12/site-packages/fastapi/routing.py", line 130, in app
    await wrap_app_handling_exceptions(app, request)(scope, receive, send)
  File "/home/hongb/.openclaw/workspace/filebot/backend/venv/lib/python3.12/site-packages/starlette/_exception_handler.py", line 53, in wrapped_app
    raise exc
  File "/home/hongb/.openclaw/workspace/filebot/backend/venv/lib/python3.12/site-packages/starlette/_exception_handler.py", line 42, in wrapped_app
    await app(scope, receive, sender)
  File "/home/hongb/.openclaw/workspace/filebot/backend/venv/lib/python3.12/site-packages/fastapi/routing.py", line 116, in app
    response = await f(request)
               ^^^^^^^^^^^^^^^^
  File "/home/hongb/.openclaw/workspace/filebot/backend/venv/lib/python3.12/site-packages/fastapi/routing.py", line 670, in app
    raw_response = await run_endpoint_function(
                   ^^^^^^^^^^^^^^^^^^^^^^^^^^^^
  File "/home/hongb/.openclaw/workspace/filebot/backend/venv/lib/python3.12/site-packages/fastapi/routing.py", line 326, in run_endpoint_function
    return await run_in_threadpool(dependant.call, **values)
           ^^^^^^^^^^^^^^^^^^^^^^^^^^^^^^^^^^^^^^^^^^^^^^^^^
  File "/home/hongb/.openclaw/workspace/filebot/backend/venv/lib/python3.12/site-packages/starlette/concurrency.py", line 32, in run_in_threadpool
    return await anyio.to_thread.run_sync(func)
           ^^^^^^^^^^^^^^^^^^^^^^^^^^^^^^^^^^^^
  File "/home/hongb/.openclaw/workspace/filebot/backend/venv/lib/python3.12/site-packages/anyio/to_thread.py", line 63, in run_sync
    return await get_async_backend().run_sync_in_worker_thread(
           ^^^^^^^^^^^^^^^^^^^^^^^^^^^^^^^^^^^^^^^^^^^^^^^^^^^^
  File "/home/hongb/.openclaw/workspace/filebot/backend/venv/lib/python3.12/site-packages/anyio/_backends/_asyncio.py", line 2502, in run_sync_in_worker_thread
    return await future
           ^^^^^^^^^^^^
  File "/home/hongb/.openclaw/workspace/filebot/backend/venv/lib/python3.12/site-packages/anyio/_backends/_asyncio.py", line 986, in run
    result = context.run(func, *args)
             ^^^^^^^^^^^^^^^^^^^^^^^^
  File "/home/hongb/.openclaw/workspace/filebot/backend/app/routers/documents.py", line 249, in get_documents
    documents = query.offset(skip).limit(limit).all()
                ^^^^^^^^^^^^^^^^^^^^^^^^^^^^^^^^^^^^^
  File "/home/hongb/.openclaw/workspace/filebot/backend/venv/lib/python3.12/site-packages/sqlalchemy/orm/query.py", line 2704, in all
    return self._iter().all()  # type: ignore
           ^^^^^^^^^^^^^^^^^^
  File "/home/hongb/.openclaw/workspace/filebot/backend/venv/lib/python3.12/site-packages/sqlalchemy/engine/result.py", line 1786, in all
    return self._allrows()
           ^^^^^^^^^^^^^^^
  File "/home/hongb/.openclaw/workspace/filebot/backend/venv/lib/python3.12/site-packages/sqlalchemy/engine/result.py", line 560, in _allrows
    rows = self._fetchall_impl()
           ^^^^^^^^^^^^^^^^^^^^^
  File "/home/hongb/.openclaw/workspace/filebot/backend/venv/lib/python3.12/site-packages/sqlalchemy/engine/result.py", line 1693, in _fetchall_impl
    return self._real_result._fetchall_impl()
           ^^^^^^^^^^^^^^^^^^^^^^^^^^^^^^^^^^
  File "/home/hongb/.openclaw/workspace/filebot/backend/venv/lib/python3.12/site-packages/sqlalchemy/engine/result.py", line 2287, in _fetchall_impl
    return list(self.iterator)
           ^^^^^^^^^^^^^^^^^^^
  File "/home/hongb/.openclaw/workspace/filebot/backend/venv/lib/python3.12/site-packages/sqlalchemy/orm/loading.py", line 220, in chunks
    fetch = cursor._raw_all_rows()
            ^^^^^^^^^^^^^^^^^^^^^^
  File "/home/hongb/.openclaw/workspace/filebot/backend/venv/lib/python3.12/site-packages/sqlalchemy/engine/result.py", line 553, in _raw_all_rows
    return [make_row(row) for row in rows]
            ^^^^^^^^^^^^^
  File "lib/sqlalchemy/cyextension/resultproxy.pyx", line 22, in sqlalchemy.cyextension.resultproxy.BaseRow.__init__
  File "lib/sqlalchemy/cyextension/resultproxy.pyx", line 79, in sqlalchemy.cyextension.resultproxy._apply_processors
  File "/home/hongb/.openclaw/workspace/filebot/backend/venv/lib/python3.12/site-packages/sqlalchemy/sql/sqltypes.py", line 1829, in process
    value = self._object_value_for_elem(value)
            ^^^^^^^^^^^^^^^^^^^^^^^^^^^^^^^^^^
  File "/home/hongb/.openclaw/workspace/filebot/backend/venv/lib/python3.12/site-packages/sqlalchemy/sql/sqltypes.py", line 1711, in _object_value_for_elem
    raise LookupError(
LookupError: 'MULTIPAGE' is not among the defined enum values. Enum name: filetype. Possible values: TIFF, PDF, DOC, ..., OTHER
INFO:     127.0.0.1:56292 - "GET /api/v1/documents/ HTTP/1.1" 500 Internal Server Error
ERROR:    Exception in ASGI application
Traceback (most recent call last):
  File "/home/hongb/.openclaw/workspace/filebot/backend/venv/lib/python3.12/site-packages/sqlalchemy/sql/sqltypes.py", line 1709, in _object_value_for_elem
    return self._object_lookup[elem]  # type: ignore[return-value]
           ~~~~~~~~~~~~~~~~~~~^^^^^^
KeyError: 'MULTIPAGE'

The above exception was the direct cause of the following exception:

Traceback (most recent call last):
  File "/home/hongb/.openclaw/workspace/filebot/backend/venv/lib/python3.12/site-packages/uvicorn/protocols/http/h11_impl.py", line 410, in run_asgi
    result = await app(  # type: ignore[func-returns-value]
             ^^^^^^^^^^^^^^^^^^^^^^^^^^^^^^^^^^^^^^^^^^^^^^
  File "/home/hongb/.openclaw/workspace/filebot/backend/venv/lib/python3.12/site-packages/uvicorn/middleware/proxy_headers.py", line 60, in __call__
    return await self.app(scope, receive, send)
           ^^^^^^^^^^^^^^^^^^^^^^^^^^^^^^^^^^^^
  File "/home/hongb/.openclaw/workspace/filebot/backend/venv/lib/python3.12/site-packages/fastapi/applications.py", line 1160, in __call__
    await super().__call__(scope, receive, send)
  File "/home/hongb/.openclaw/workspace/filebot/backend/venv/lib/python3.12/site-packages/starlette/applications.py", line 107, in __call__
    await self.middleware_stack(scope, receive, send)
  File "/home/hongb/.openclaw/workspace/filebot/backend/venv/lib/python3.12/site-packages/starlette/middleware/errors.py", line 186, in __call__
    raise exc
  File "/home/hongb/.openclaw/workspace/filebot/backend/venv/lib/python3.12/site-packages/starlette/middleware/errors.py", line 164, in __call__
    await self.app(scope, receive, _send)
  File "/home/hongb/.openclaw/workspace/filebot/backend/venv/lib/python3.12/site-packages/starlette/middleware/cors.py", line 95, in __call__
    await self.simple_response(scope, receive, send, request_headers=headers)
  File "/home/hongb/.openclaw/workspace/filebot/backend/venv/lib/python3.12/site-packages/starlette/middleware/cors.py", line 153, in simple_response
    await self.app(scope, receive, send)
  File "/home/hongb/.openclaw/workspace/filebot/backend/venv/lib/python3.12/site-packages/starlette/middleware/exceptions.py", line 63, in __call__
    await wrap_app_handling_exceptions(self.app, conn)(scope, receive, send)
  File "/home/hongb/.openclaw/workspace/filebot/backend/venv/lib/python3.12/site-packages/starlette/_exception_handler.py", line 53, in wrapped_app
    raise exc
  File "/home/hongb/.openclaw/workspace/filebot/backend/venv/lib/python3.12/site-packages/starlette/_exception_handler.py", line 42, in wrapped_app
    await app(scope, receive, sender)
  File "/home/hongb/.openclaw/workspace/filebot/backend/venv/lib/python3.12/site-packages/fastapi/middleware/asyncexitstack.py", line 18, in __call__
    await self.app(scope, receive, send)
  File "/home/hongb/.openclaw/workspace/filebot/backend/venv/lib/python3.12/site-packages/starlette/routing.py", line 716, in __call__
    await self.middleware_stack(scope, receive, send)
  File "/home/hongb/.openclaw/workspace/filebot/backend/venv/lib/python3.12/site-packages/starlette/routing.py", line 736, in app
    await route.handle(scope, receive, send)
  File "/home/hongb/.openclaw/workspace/filebot/backend/venv/lib/python3.12/site-packages/starlette/routing.py", line 290, in handle
    await self.app(scope, receive, send)
  File "/home/hongb/.openclaw/workspace/filebot/backend/venv/lib/python3.12/site-packages/fastapi/routing.py", line 130, in app
    await wrap_app_handling_exceptions(app, request)(scope, receive, send)
  File "/home/hongb/.openclaw/workspace/filebot/backend/venv/lib/python3.12/site-packages/starlette/_exception_handler.py", line 53, in wrapped_app
    raise exc
  File "/home/hongb/.openclaw/workspace/filebot/backend/venv/lib/python3.12/site-packages/starlette/_exception_handler.py", line 42, in wrapped_app
    await app(scope, receive, sender)
  File "/home/hongb/.openclaw/workspace/filebot/backend/venv/lib/python3.12/site-packages/fastapi/routing.py", line 116, in app
    response = await f(request)
               ^^^^^^^^^^^^^^^^
  File "/home/hongb/.openclaw/workspace/filebot/backend/venv/lib/python3.12/site-packages/fastapi/routing.py", line 670, in app
    raw_response = await run_endpoint_function(
                   ^^^^^^^^^^^^^^^^^^^^^^^^^^^^
  File "/home/hongb/.openclaw/workspace/filebot/backend/venv/lib/python3.12/site-packages/fastapi/routing.py", line 326, in run_endpoint_function
    return await run_in_threadpool(dependant.call, **values)
           ^^^^^^^^^^^^^^^^^^^^^^^^^^^^^^^^^^^^^^^^^^^^^^^^^
  File "/home/hongb/.openclaw/workspace/filebot/backend/venv/lib/python3.12/site-packages/starlette/concurrency.py", line 32, in run_in_threadpool
    return await anyio.to_thread.run_sync(func)
           ^^^^^^^^^^^^^^^^^^^^^^^^^^^^^^^^^^^^
  File "/home/hongb/.openclaw/workspace/filebot/backend/venv/lib/python3.12/site-packages/anyio/to_thread.py", line 63, in run_sync
    return await get_async_backend().run_sync_in_worker_thread(
           ^^^^^^^^^^^^^^^^^^^^^^^^^^^^^^^^^^^^^^^^^^^^^^^^^^^^
  File "/home/hongb/.openclaw/workspace/filebot/backend/venv/lib/python3.12/site-packages/anyio/_backends/_asyncio.py", line 2502, in run_sync_in_worker_thread
    return await future
           ^^^^^^^^^^^^
  File "/home/hongb/.openclaw/workspace/filebot/backend/venv/lib/python3.12/site-packages/anyio/_backends/_asyncio.py", line 986, in run
    result = context.run(func, *args)
             ^^^^^^^^^^^^^^^^^^^^^^^^
  File "/home/hongb/.openclaw/workspace/filebot/backend/app/routers/documents.py", line 249, in get_documents
    documents = query.offset(skip).limit(limit).all()
                ^^^^^^^^^^^^^^^^^^^^^^^^^^^^^^^^^^^^^
  File "/home/hongb/.openclaw/workspace/filebot/backend/venv/lib/python3.12/site-packages/sqlalchemy/orm/query.py", line 2704, in all
    return self._iter().all()  # type: ignore
           ^^^^^^^^^^^^^^^^^^
  File "/home/hongb/.openclaw/workspace/filebot/backend/venv/lib/python3.12/site-packages/sqlalchemy/engine/result.py", line 1786, in all
    return self._allrows()
           ^^^^^^^^^^^^^^^
  File "/home/hongb/.openclaw/workspace/filebot/backend/venv/lib/python3.12/site-packages/sqlalchemy/engine/result.py", line 560, in _allrows
    rows = self._fetchall_impl()
           ^^^^^^^^^^^^^^^^^^^^^
  File "/home/hongb/.openclaw/workspace/filebot/backend/venv/lib/python3.12/site-packages/sqlalchemy/engine/result.py", line 1693, in _fetchall_impl
    return self._real_result._fetchall_impl()
           ^^^^^^^^^^^^^^^^^^^^^^^^^^^^^^^^^^
  File "/home/hongb/.openclaw/workspace/filebot/backend/venv/lib/python3.12/site-packages/sqlalchemy/engine/result.py", line 2287, in _fetchall_impl
    return list(self.iterator)
           ^^^^^^^^^^^^^^^^^^^
  File "/home/hongb/.openclaw/workspace/filebot/backend/venv/lib/python3.12/site-packages/sqlalchemy/orm/loading.py", line 220, in chunks
    fetch = cursor._raw_all_rows()
            ^^^^^^^^^^^^^^^^^^^^^^
  File "/home/hongb/.openclaw/workspace/filebot/backend/venv/lib/python3.12/site-packages/sqlalchemy/engine/result.py", line 553, in _raw_all_rows
    return [make_row(row) for row in rows]
            ^^^^^^^^^^^^^
  File "lib/sqlalchemy/cyextension/resultproxy.pyx", line 22, in sqlalchemy.cyextension.resultproxy.BaseRow.__init__
  File "lib/sqlalchemy/cyextension/resultproxy.pyx", line 79, in sqlalchemy.cyextension.resultproxy._apply_processors
  File "/home/hongb/.openclaw/workspace/filebot/backend/venv/lib/python3.12/site-packages/sqlalchemy/sql/sqltypes.py", line 1829, in process
    value = self._object_value_for_elem(value)
            ^^^^^^^^^^^^^^^^^^^^^^^^^^^^^^^^^^
  File "/home/hongb/.openclaw/workspace/filebot/backend/venv/lib/python3.12/site-packages/sqlalchemy/sql/sqltypes.py", line 1711, in _object_value_for_elem
    raise LookupError(
LookupError: 'MULTIPAGE' is not among the defined enum values. Enum name: filetype. Possible values: TIFF, PDF, DOC, ..., OTHER
INFO:     127.0.0.1:56294 - "GET /api/v1/documents/ HTTP/1.1" 500 Internal Server Error
ERROR:    Exception in ASGI application
Traceback (most recent call last):
  File "/home/hongb/.openclaw/workspace/filebot/backend/venv/lib/python3.12/site-packages/sqlalchemy/sql/sqltypes.py", line 1709, in _object_value_for_elem
    return self._object_lookup[elem]  # type: ignore[return-value]
           ~~~~~~~~~~~~~~~~~~~^^^^^^
KeyError: 'MULTIPAGE'

The above exception was the direct cause of the following exception:

Traceback (most recent call last):
  File "/home/hongb/.openclaw/workspace/filebot/backend/venv/lib/python3.12/site-packages/uvicorn/protocols/http/h11_impl.py", line 410, in run_asgi
    result = await app(  # type: ignore[func-returns-value]
             ^^^^^^^^^^^^^^^^^^^^^^^^^^^^^^^^^^^^^^^^^^^^^^
  File "/home/hongb/.openclaw/workspace/filebot/backend/venv/lib/python3.12/site-packages/uvicorn/middleware/proxy_headers.py", line 60, in __call__
    return await self.app(scope, receive, send)
           ^^^^^^^^^^^^^^^^^^^^^^^^^^^^^^^^^^^^
  File "/home/hongb/.openclaw/workspace/filebot/backend/venv/lib/python3.12/site-packages/fastapi/applications.py", line 1160, in __call__
    await super().__call__(scope, receive, send)
  File "/home/hongb/.openclaw/workspace/filebot/backend/venv/lib/python3.12/site-packages/starlette/applications.py", line 107, in __call__
    await self.middleware_stack(scope, receive, send)
  File "/home/hongb/.openclaw/workspace/filebot/backend/venv/lib/python3.12/site-packages/starlette/middleware/errors.py", line 186, in __call__
    raise exc
  File "/home/hongb/.openclaw/workspace/filebot/backend/venv/lib/python3.12/site-packages/starlette/middleware/errors.py", line 164, in __call__
    await self.app(scope, receive, _send)
  File "/home/hongb/.openclaw/workspace/filebot/backend/venv/lib/python3.12/site-packages/starlette/middleware/cors.py", line 95, in __call__
    await self.simple_response(scope, receive, send, request_headers=headers)
  File "/home/hongb/.openclaw/workspace/filebot/backend/venv/lib/python3.12/site-packages/starlette/middleware/cors.py", line 153, in simple_response
    await self.app(scope, receive, send)
  File "/home/hongb/.openclaw/workspace/filebot/backend/venv/lib/python3.12/site-packages/starlette/middleware/exceptions.py", line 63, in __call__
    await wrap_app_handling_exceptions(self.app, conn)(scope, receive, send)
  File "/home/hongb/.openclaw/workspace/filebot/backend/venv/lib/python3.12/site-packages/starlette/_exception_handler.py", line 53, in wrapped_app
    raise exc
  File "/home/hongb/.openclaw/workspace/filebot/backend/venv/lib/python3.12/site-packages/starlette/_exception_handler.py", line 42, in wrapped_app
    await app(scope, receive, sender)
  File "/home/hongb/.openclaw/workspace/filebot/backend/venv/lib/python3.12/site-packages/fastapi/middleware/asyncexitstack.py", line 18, in __call__
    await self.app(scope, receive, send)
  File "/home/hongb/.openclaw/workspace/filebot/backend/venv/lib/python3.12/site-packages/starlette/routing.py", line 716, in __call__
    await self.middleware_stack(scope, receive, send)
  File "/home/hongb/.openclaw/workspace/filebot/backend/venv/lib/python3.12/site-packages/starlette/routing.py", line 736, in app
    await route.handle(scope, receive, send)
  File "/home/hongb/.openclaw/workspace/filebot/backend/venv/lib/python3.12/site-packages/starlette/routing.py", line 290, in handle
    await self.app(scope, receive, send)
  File "/home/hongb/.openclaw/workspace/filebot/backend/venv/lib/python3.12/site-packages/fastapi/routing.py", line 130, in app
    await wrap_app_handling_exceptions(app, request)(scope, receive, send)
  File "/home/hongb/.openclaw/workspace/filebot/backend/venv/lib/python3.12/site-packages/starlette/_exception_handler.py", line 53, in wrapped_app
    raise exc
  File "/home/hongb/.openclaw/workspace/filebot/backend/venv/lib/python3.12/site-packages/starlette/_exception_handler.py", line 42, in wrapped_app
    await app(scope, receive, sender)
  File "/home/hongb/.openclaw/workspace/filebot/backend/venv/lib/python3.12/site-packages/fastapi/routing.py", line 116, in app
    response = await f(request)
               ^^^^^^^^^^^^^^^^
  File "/home/hongb/.openclaw/workspace/filebot/backend/venv/lib/python3.12/site-packages/fastapi/routing.py", line 670, in app
    raw_response = await run_endpoint_function(
                   ^^^^^^^^^^^^^^^^^^^^^^^^^^^^
  File "/home/hongb/.openclaw/workspace/filebot/backend/venv/lib/python3.12/site-packages/fastapi/routing.py", line 326, in run_endpoint_function
    return await run_in_threadpool(dependant.call, **values)
           ^^^^^^^^^^^^^^^^^^^^^^^^^^^^^^^^^^^^^^^^^^^^^^^^^
  File "/home/hongb/.openclaw/workspace/filebot/backend/venv/lib/python3.12/site-packages/starlette/concurrency.py", line 32, in run_in_threadpool
    return await anyio.to_thread.run_sync(func)
           ^^^^^^^^^^^^^^^^^^^^^^^^^^^^^^^^^^^^
  File "/home/hongb/.openclaw/workspace/filebot/backend/venv/lib/python3.12/site-packages/anyio/to_thread.py", line 63, in run_sync
    return await get_async_backend().run_sync_in_worker_thread(
           ^^^^^^^^^^^^^^^^^^^^^^^^^^^^^^^^^^^^^^^^^^^^^^^^^^^^
  File "/home/hongb/.openclaw/workspace/filebot/backend/venv/lib/python3.12/site-packages/anyio/_backends/_asyncio.py", line 2502, in run_sync_in_worker_thread
    return await future
           ^^^^^^^^^^^^
  File "/home/hongb/.openclaw/workspace/filebot/backend/venv/lib/python3.12/site-packages/anyio/_backends/_asyncio.py", line 986, in run
    result = context.run(func, *args)
             ^^^^^^^^^^^^^^^^^^^^^^^^
  File "/home/hongb/.openclaw/workspace/filebot/backend/app/routers/documents.py", line 249, in get_documents
    documents = query.offset(skip).limit(limit).all()
                ^^^^^^^^^^^^^^^^^^^^^^^^^^^^^^^^^^^^^
  File "/home/hongb/.openclaw/workspace/filebot/backend/venv/lib/python3.12/site-packages/sqlalchemy/orm/query.py", line 2704, in all
    return self._iter().all()  # type: ignore
           ^^^^^^^^^^^^^^^^^^
  File "/home/hongb/.openclaw/workspace/filebot/backend/venv/lib/python3.12/site-packages/sqlalchemy/engine/result.py", line 1786, in all
    return self._allrows()
           ^^^^^^^^^^^^^^^
  File "/home/hongb/.openclaw/workspace/filebot/backend/venv/lib/python3.12/site-packages/sqlalchemy/engine/result.py", line 560, in _allrows
    rows = self._fetchall_impl()
           ^^^^^^^^^^^^^^^^^^^^^
  File "/home/hongb/.openclaw/workspace/filebot/backend/venv/lib/python3.12/site-packages/sqlalchemy/engine/result.py", line 1693, in _fetchall_impl
    return self._real_result._fetchall_impl()
           ^^^^^^^^^^^^^^^^^^^^^^^^^^^^^^^^^^
  File "/home/hongb/.openclaw/workspace/filebot/backend/venv/lib/python3.12/site-packages/sqlalchemy/engine/result.py", line 2287, in _fetchall_impl
    return list(self.iterator)
           ^^^^^^^^^^^^^^^^^^^
  File "/home/hongb/.openclaw/workspace/filebot/backend/venv/lib/python3.12/site-packages/sqlalchemy/orm/loading.py", line 220, in chunks
    fetch = cursor._raw_all_rows()
            ^^^^^^^^^^^^^^^^^^^^^^
  File "/home/hongb/.openclaw/workspace/filebot/backend/venv/lib/python3.12/site-packages/sqlalchemy/engine/result.py", line 553, in _raw_all_rows
    return [make_row(row) for row in rows]
            ^^^^^^^^^^^^^
  File "lib/sqlalchemy/cyextension/resultproxy.pyx", line 22, in sqlalchemy.cyextension.resultproxy.BaseRow.__init__
  File "lib/sqlalchemy/cyextension/resultproxy.pyx", line 79, in sqlalchemy.cyextension.resultproxy._apply_processors
  File "/home/hongb/.openclaw/workspace/filebot/backend/venv/lib/python3.12/site-packages/sqlalchemy/sql/sqltypes.py", line 1829, in process
    value = self._object_value_for_elem(value)
            ^^^^^^^^^^^^^^^^^^^^^^^^^^^^^^^^^^
  File "/home/hongb/.openclaw/workspace/filebot/backend/venv/lib/python3.12/site-packages/sqlalchemy/sql/sqltypes.py", line 1711, in _object_value_for_elem
    raise LookupError(
LookupError: 'MULTIPAGE' is not among the defined enum values. Enum name: filetype. Possible values: TIFF, PDF, DOC, ..., OTHER
INFO:     127.0.0.1:56318 - "GET /api/health HTTP/1.1" 200 OK
INFO:     127.0.0.1:47022 - "GET /api/v1/documents/ HTTP/1.1" 500 Internal Server Error
ERROR:    Exception in ASGI application
Traceback (most recent call last):
  File "/home/hongb/.openclaw/workspace/filebot/backend/venv/lib/python3.12/site-packages/sqlalchemy/sql/sqltypes.py", line 1709, in _object_value_for_elem
    return self._object_lookup[elem]  # type: ignore[return-value]
           ~~~~~~~~~~~~~~~~~~~^^^^^^
KeyError: 'MULTIPAGE'

The above exception was the direct cause of the following exception:

Traceback (most recent call last):
  File "/home/hongb/.openclaw/workspace/filebot/backend/venv/lib/python3.12/site-packages/uvicorn/protocols/http/h11_impl.py", line 410, in run_asgi
    result = await app(  # type: ignore[func-returns-value]
             ^^^^^^^^^^^^^^^^^^^^^^^^^^^^^^^^^^^^^^^^^^^^^^
  File "/home/hongb/.openclaw/workspace/filebot/backend/venv/lib/python3.12/site-packages/uvicorn/middleware/proxy_headers.py", line 60, in __call__
    return await self.app(scope, receive, send)
           ^^^^^^^^^^^^^^^^^^^^^^^^^^^^^^^^^^^^
  File "/home/hongb/.openclaw/workspace/filebot/backend/venv/lib/python3.12/site-packages/fastapi/applications.py", line 1160, in __call__
    await super().__call__(scope, receive, send)
  File "/home/hongb/.openclaw/workspace/filebot/backend/venv/lib/python3.12/site-packages/starlette/applications.py", line 107, in __call__
    await self.middleware_stack(scope, receive, send)
  File "/home/hongb/.openclaw/workspace/filebot/backend/venv/lib/python3.12/site-packages/starlette/middleware/errors.py", line 186, in __call__
    raise exc
  File "/home/hongb/.openclaw/workspace/filebot/backend/venv/lib/python3.12/site-packages/starlette/middleware/errors.py", line 164, in __call__
    await self.app(scope, receive, _send)
  File "/home/hongb/.openclaw/workspace/filebot/backend/venv/lib/python3.12/site-packages/starlette/middleware/cors.py", line 95, in __call__
    await self.simple_response(scope, receive, send, request_headers=headers)
  File "/home/hongb/.openclaw/workspace/filebot/backend/venv/lib/python3.12/site-packages/starlette/middleware/cors.py", line 153, in simple_response
    await self.app(scope, receive, send)
  File "/home/hongb/.openclaw/workspace/filebot/backend/venv/lib/python3.12/site-packages/starlette/middleware/exceptions.py", line 63, in __call__
    await wrap_app_handling_exceptions(self.app, conn)(scope, receive, send)
  File "/home/hongb/.openclaw/workspace/filebot/backend/venv/lib/python3.12/site-packages/starlette/_exception_handler.py", line 53, in wrapped_app
    raise exc
  File "/home/hongb/.openclaw/workspace/filebot/backend/venv/lib/python3.12/site-packages/starlette/_exception_handler.py", line 42, in wrapped_app
    await app(scope, receive, sender)
  File "/home/hongb/.openclaw/workspace/filebot/backend/venv/lib/python3.12/site-packages/fastapi/middleware/asyncexitstack.py", line 18, in __call__
    await self.app(scope, receive, send)
  File "/home/hongb/.openclaw/workspace/filebot/backend/venv/lib/python3.12/site-packages/starlette/routing.py", line 716, in __call__
    await self.middleware_stack(scope, receive, send)
  File "/home/hongb/.openclaw/workspace/filebot/backend/venv/lib/python3.12/site-packages/starlette/routing.py", line 736, in app
    await route.handle(scope, receive, send)
  File "/home/hongb/.openclaw/workspace/filebot/backend/venv/lib/python3.12/site-packages/starlette/routing.py", line 290, in handle
    await self.app(scope, receive, send)
  File "/home/hongb/.openclaw/workspace/filebot/backend/venv/lib/python3.12/site-packages/fastapi/routing.py", line 130, in app
    await wrap_app_handling_exceptions(app, request)(scope, receive, send)
  File "/home/hongb/.openclaw/workspace/filebot/backend/venv/lib/python3.12/site-packages/starlette/_exception_handler.py", line 53, in wrapped_app
    raise exc
  File "/home/hongb/.openclaw/workspace/filebot/backend/venv/lib/python3.12/site-packages/starlette/_exception_handler.py", line 42, in wrapped_app
    await app(scope, receive, sender)
  File "/home/hongb/.openclaw/workspace/filebot/backend/venv/lib/python3.12/site-packages/fastapi/routing.py", line 116, in app
    response = await f(request)
               ^^^^^^^^^^^^^^^^
  File "/home/hongb/.openclaw/workspace/filebot/backend/venv/lib/python3.12/site-packages/fastapi/routing.py", line 670, in app
    raw_response = await run_endpoint_function(
                   ^^^^^^^^^^^^^^^^^^^^^^^^^^^^
  File "/home/hongb/.openclaw/workspace/filebot/backend/venv/lib/python3.12/site-packages/fastapi/routing.py", line 326, in run_endpoint_function
    return await run_in_threadpool(dependant.call, **values)
           ^^^^^^^^^^^^^^^^^^^^^^^^^^^^^^^^^^^^^^^^^^^^^^^^^
  File "/home/hongb/.openclaw/workspace/filebot/backend/venv/lib/python3.12/site-packages/starlette/concurrency.py", line 32, in run_in_threadpool
    return await anyio.to_thread.run_sync(func)
           ^^^^^^^^^^^^^^^^^^^^^^^^^^^^^^^^^^^^
  File "/home/hongb/.openclaw/workspace/filebot/backend/venv/lib/python3.12/site-packages/anyio/to_thread.py", line 63, in run_sync
    return await get_async_backend().run_sync_in_worker_thread(
           ^^^^^^^^^^^^^^^^^^^^^^^^^^^^^^^^^^^^^^^^^^^^^^^^^^^^
  File "/home/hongb/.openclaw/workspace/filebot/backend/venv/lib/python3.12/site-packages/anyio/_backends/_asyncio.py", line 2502, in run_sync_in_worker_thread
    return await future
           ^^^^^^^^^^^^
  File "/home/hongb/.openclaw/workspace/filebot/backend/venv/lib/python3.12/site-packages/anyio/_backends/_asyncio.py", line 986, in run
    result = context.run(func, *args)
             ^^^^^^^^^^^^^^^^^^^^^^^^
  File "/home/hongb/.openclaw/workspace/filebot/backend/app/routers/documents.py", line 249, in get_documents
    documents = query.offset(skip).limit(limit).all()
                ^^^^^^^^^^^^^^^^^^^^^^^^^^^^^^^^^^^^^
  File "/home/hongb/.openclaw/workspace/filebot/backend/venv/lib/python3.12/site-packages/sqlalchemy/orm/query.py", line 2704, in all
    return self._iter().all()  # type: ignore
           ^^^^^^^^^^^^^^^^^^
  File "/home/hongb/.openclaw/workspace/filebot/backend/venv/lib/python3.12/site-packages/sqlalchemy/engine/result.py", line 1786, in all
    return self._allrows()
           ^^^^^^^^^^^^^^^
  File "/home/hongb/.openclaw/workspace/filebot/backend/venv/lib/python3.12/site-packages/sqlalchemy/engine/result.py", line 560, in _allrows
    rows = self._fetchall_impl()
           ^^^^^^^^^^^^^^^^^^^^^
  File "/home/hongb/.openclaw/workspace/filebot/backend/venv/lib/python3.12/site-packages/sqlalchemy/engine/result.py", line 1693, in _fetchall_impl
    return self._real_result._fetchall_impl()
           ^^^^^^^^^^^^^^^^^^^^^^^^^^^^^^^^^^
  File "/home/hongb/.openclaw/workspace/filebot/backend/venv/lib/python3.12/site-packages/sqlalchemy/engine/result.py", line 2287, in _fetchall_impl
    return list(self.iterator)
           ^^^^^^^^^^^^^^^^^^^
  File "/home/hongb/.openclaw/workspace/filebot/backend/venv/lib/python3.12/site-packages/sqlalchemy/orm/loading.py", line 220, in chunks
    fetch = cursor._raw_all_rows()
            ^^^^^^^^^^^^^^^^^^^^^^
  File "/home/hongb/.openclaw/workspace/filebot/backend/venv/lib/python3.12/site-packages/sqlalchemy/engine/result.py", line 553, in _raw_all_rows
    return [make_row(row) for row in rows]
            ^^^^^^^^^^^^^
  File "lib/sqlalchemy/cyextension/resultproxy.pyx", line 22, in sqlalchemy.cyextension.resultproxy.BaseRow.__init__
  File "lib/sqlalchemy/cyextension/resultproxy.pyx", line 79, in sqlalchemy.cyextension.resultproxy._apply_processors
  File "/home/hongb/.openclaw/workspace/filebot/backend/venv/lib/python3.12/site-packages/sqlalchemy/sql/sqltypes.py", line 1829, in process
    value = self._object_value_for_elem(value)
            ^^^^^^^^^^^^^^^^^^^^^^^^^^^^^^^^^^
  File "/home/hongb/.openclaw/workspace/filebot/backend/venv/lib/python3.12/site-packages/sqlalchemy/sql/sqltypes.py", line 1711, in _object_value_for_elem
    raise LookupError(
LookupError: 'MULTIPAGE' is not among the defined enum values. Enum name: filetype. Possible values: TIFF, PDF, DOC, ..., OTHER
INFO:     127.0.0.1:47032 - "GET /api/v1/documents/ HTTP/1.1" 500 Internal Server Error
ERROR:    Exception in ASGI application
Traceback (most recent call last):
  File "/home/hongb/.openclaw/workspace/filebot/backend/venv/lib/python3.12/site-packages/sqlalchemy/sql/sqltypes.py", line 1709, in _object_value_for_elem
    return self._object_lookup[elem]  # type: ignore[return-value]
           ~~~~~~~~~~~~~~~~~~~^^^^^^
KeyError: 'MULTIPAGE'

The above exception was the direct cause of the following exception:

Traceback (most recent call last):
  File "/home/hongb/.openclaw/workspace/filebot/backend/venv/lib/python3.12/site-packages/uvicorn/protocols/http/h11_impl.py", line 410, in run_asgi
    result = await app(  # type: ignore[func-returns-value]
             ^^^^^^^^^^^^^^^^^^^^^^^^^^^^^^^^^^^^^^^^^^^^^^
  File "/home/hongb/.openclaw/workspace/filebot/backend/venv/lib/python3.12/site-packages/uvicorn/middleware/proxy_headers.py", line 60, in __call__
    return await self.app(scope, receive, send)
           ^^^^^^^^^^^^^^^^^^^^^^^^^^^^^^^^^^^^
  File "/home/hongb/.openclaw/workspace/filebot/backend/venv/lib/python3.12/site-packages/fastapi/applications.py", line 1160, in __call__
    await super().__call__(scope, receive, send)
  File "/home/hongb/.openclaw/workspace/filebot/backend/venv/lib/python3.12/site-packages/starlette/applications.py", line 107, in __call__
    await self.middleware_stack(scope, receive, send)
  File "/home/hongb/.openclaw/workspace/filebot/backend/venv/lib/python3.12/site-packages/starlette/middleware/errors.py", line 186, in __call__
    raise exc
  File "/home/hongb/.openclaw/workspace/filebot/backend/venv/lib/python3.12/site-packages/starlette/middleware/errors.py", line 164, in __call__
    await self.app(scope, receive, _send)
  File "/home/hongb/.openclaw/workspace/filebot/backend/venv/lib/python3.12/site-packages/starlette/middleware/cors.py", line 95, in __call__
    await self.simple_response(scope, receive, send, request_headers=headers)
  File "/home/hongb/.openclaw/workspace/filebot/backend/venv/lib/python3.12/site-packages/starlette/middleware/cors.py", line 153, in simple_response
    await self.app(scope, receive, send)
  File "/home/hongb/.openclaw/workspace/filebot/backend/venv/lib/python3.12/site-packages/starlette/middleware/exceptions.py", line 63, in __call__
    await wrap_app_handling_exceptions(self.app, conn)(scope, receive, send)
  File "/home/hongb/.openclaw/workspace/filebot/backend/venv/lib/python3.12/site-packages/starlette/_exception_handler.py", line 53, in wrapped_app
    raise exc
  File "/home/hongb/.openclaw/workspace/filebot/backend/venv/lib/python3.12/site-packages/starlette/_exception_handler.py", line 42, in wrapped_app
    await app(scope, receive, sender)
  File "/home/hongb/.openclaw/workspace/filebot/backend/venv/lib/python3.12/site-packages/fastapi/middleware/asyncexitstack.py", line 18, in __call__
    await self.app(scope, receive, send)
  File "/home/hongb/.openclaw/workspace/filebot/backend/venv/lib/python3.12/site-packages/starlette/routing.py", line 716, in __call__
    await self.middleware_stack(scope, receive, send)
  File "/home/hongb/.openclaw/workspace/filebot/backend/venv/lib/python3.12/site-packages/starlette/routing.py", line 736, in app
    await route.handle(scope, receive, send)
  File "/home/hongb/.openclaw/workspace/filebot/backend/venv/lib/python3.12/site-packages/starlette/routing.py", line 290, in handle
    await self.app(scope, receive, send)
  File "/home/hongb/.openclaw/workspace/filebot/backend/venv/lib/python3.12/site-packages/fastapi/routing.py", line 130, in app
    await wrap_app_handling_exceptions(app, request)(scope, receive, send)
  File "/home/hongb/.openclaw/workspace/filebot/backend/venv/lib/python3.12/site-packages/starlette/_exception_handler.py", line 53, in wrapped_app
    raise exc
  File "/home/hongb/.openclaw/workspace/filebot/backend/venv/lib/python3.12/site-packages/starlette/_exception_handler.py", line 42, in wrapped_app
    await app(scope, receive, sender)
  File "/home/hongb/.openclaw/workspace/filebot/backend/venv/lib/python3.12/site-packages/fastapi/routing.py", line 116, in app
    response = await f(request)
               ^^^^^^^^^^^^^^^^
  File "/home/hongb/.openclaw/workspace/filebot/backend/venv/lib/python3.12/site-packages/fastapi/routing.py", line 670, in app
    raw_response = await run_endpoint_function(
                   ^^^^^^^^^^^^^^^^^^^^^^^^^^^^
  File "/home/hongb/.openclaw/workspace/filebot/backend/venv/lib/python3.12/site-packages/fastapi/routing.py", line 326, in run_endpoint_function
    return await run_in_threadpool(dependant.call, **values)
           ^^^^^^^^^^^^^^^^^^^^^^^^^^^^^^^^^^^^^^^^^^^^^^^^^
  File "/home/hongb/.openclaw/workspace/filebot/backend/venv/lib/python3.12/site-packages/starlette/concurrency.py", line 32, in run_in_threadpool
    return await anyio.to_thread.run_sync(func)
           ^^^^^^^^^^^^^^^^^^^^^^^^^^^^^^^^^^^^
  File "/home/hongb/.openclaw/workspace/filebot/backend/venv/lib/python3.12/site-packages/anyio/to_thread.py", line 63, in run_sync
    return await get_async_backend().run_sync_in_worker_thread(
           ^^^^^^^^^^^^^^^^^^^^^^^^^^^^^^^^^^^^^^^^^^^^^^^^^^^^
  File "/home/hongb/.openclaw/workspace/filebot/backend/venv/lib/python3.12/site-packages/anyio/_backends/_asyncio.py", line 2502, in run_sync_in_worker_thread
    return await future
           ^^^^^^^^^^^^
  File "/home/hongb/.openclaw/workspace/filebot/backend/venv/lib/python3.12/site-packages/anyio/_backends/_asyncio.py", line 986, in run
    result = context.run(func, *args)
             ^^^^^^^^^^^^^^^^^^^^^^^^
  File "/home/hongb/.openclaw/workspace/filebot/backend/app/routers/documents.py", line 249, in get_documents
    documents = query.offset(skip).limit(limit).all()
                ^^^^^^^^^^^^^^^^^^^^^^^^^^^^^^^^^^^^^
  File "/home/hongb/.openclaw/workspace/filebot/backend/venv/lib/python3.12/site-packages/sqlalchemy/orm/query.py", line 2704, in all
    return self._iter().all()  # type: ignore
           ^^^^^^^^^^^^^^^^^^
  File "/home/hongb/.openclaw/workspace/filebot/backend/venv/lib/python3.12/site-packages/sqlalchemy/engine/result.py", line 1786, in all
    return self._allrows()
           ^^^^^^^^^^^^^^^
  File "/home/hongb/.openclaw/workspace/filebot/backend/venv/lib/python3.12/site-packages/sqlalchemy/engine/result.py", line 560, in _allrows
    rows = self._fetchall_impl()
           ^^^^^^^^^^^^^^^^^^^^^
  File "/home/hongb/.openclaw/workspace/filebot/backend/venv/lib/python3.12/site-packages/sqlalchemy/engine/result.py", line 1693, in _fetchall_impl
    return self._real_result._fetchall_impl()
           ^^^^^^^^^^^^^^^^^^^^^^^^^^^^^^^^^^
  File "/home/hongb/.openclaw/workspace/filebot/backend/venv/lib/python3.12/site-packages/sqlalchemy/engine/result.py", line 2287, in _fetchall_impl
    return list(self.iterator)
           ^^^^^^^^^^^^^^^^^^^
  File "/home/hongb/.openclaw/workspace/filebot/backend/venv/lib/python3.12/site-packages/sqlalchemy/orm/loading.py", line 220, in chunks
    fetch = cursor._raw_all_rows()
            ^^^^^^^^^^^^^^^^^^^^^^
  File "/home/hongb/.openclaw/workspace/filebot/backend/venv/lib/python3.12/site-packages/sqlalchemy/engine/result.py", line 553, in _raw_all_rows
    return [make_row(row) for row in rows]
            ^^^^^^^^^^^^^
  File "lib/sqlalchemy/cyextension/resultproxy.pyx", line 22, in sqlalchemy.cyextension.resultproxy.BaseRow.__init__
  File "lib/sqlalchemy/cyextension/resultproxy.pyx", line 79, in sqlalchemy.cyextension.resultproxy._apply_processors
  File "/home/hongb/.openclaw/workspace/filebot/backend/venv/lib/python3.12/site-packages/sqlalchemy/sql/sqltypes.py", line 1829, in process
    value = self._object_value_for_elem(value)
            ^^^^^^^^^^^^^^^^^^^^^^^^^^^^^^^^^^
  File "/home/hongb/.openclaw/workspace/filebot/backend/venv/lib/python3.12/site-packages/sqlalchemy/sql/sqltypes.py", line 1711, in _object_value_for_elem
    raise LookupError(
LookupError: 'MULTIPAGE' is not among the defined enum values. Enum name: filetype. Possible values: TIFF, PDF, DOC, ..., OTHER
INFO:     127.0.0.1:47042 - "GET /api/v1/documents/ HTTP/1.1" 500 Internal Server Error
ERROR:    Exception in ASGI application
Traceback (most recent call last):
  File "/home/hongb/.openclaw/workspace/filebot/backend/venv/lib/python3.12/site-packages/sqlalchemy/sql/sqltypes.py", line 1709, in _object_value_for_elem
    return self._object_lookup[elem]  # type: ignore[return-value]
           ~~~~~~~~~~~~~~~~~~~^^^^^^
KeyError: 'MULTIPAGE'

The above exception was the direct cause of the following exception:

Traceback (most recent call last):
  File "/home/hongb/.openclaw/workspace/filebot/backend/venv/lib/python3.12/site-packages/uvicorn/protocols/http/h11_impl.py", line 410, in run_asgi
    result = await app(  # type: ignore[func-returns-value]
             ^^^^^^^^^^^^^^^^^^^^^^^^^^^^^^^^^^^^^^^^^^^^^^
  File "/home/hongb/.openclaw/workspace/filebot/backend/venv/lib/python3.12/site-packages/uvicorn/middleware/proxy_headers.py", line 60, in __call__
    return await self.app(scope, receive, send)
           ^^^^^^^^^^^^^^^^^^^^^^^^^^^^^^^^^^^^
  File "/home/hongb/.openclaw/workspace/filebot/backend/venv/lib/python3.12/site-packages/fastapi/applications.py", line 1160, in __call__
    await super().__call__(scope, receive, send)
  File "/home/hongb/.openclaw/workspace/filebot/backend/venv/lib/python3.12/site-packages/starlette/applications.py", line 107, in __call__
    await self.middleware_stack(scope, receive, send)
  File "/home/hongb/.openclaw/workspace/filebot/backend/venv/lib/python3.12/site-packages/starlette/middleware/errors.py", line 186, in __call__
    raise exc
  File "/home/hongb/.openclaw/workspace/filebot/backend/venv/lib/python3.12/site-packages/starlette/middleware/errors.py", line 164, in __call__
    await self.app(scope, receive, _send)
  File "/home/hongb/.openclaw/workspace/filebot/backend/venv/lib/python3.12/site-packages/starlette/middleware/cors.py", line 95, in __call__
    await self.simple_response(scope, receive, send, request_headers=headers)
  File "/home/hongb/.openclaw/workspace/filebot/backend/venv/lib/python3.12/site-packages/starlette/middleware/cors.py", line 153, in simple_response
    await self.app(scope, receive, send)
  File "/home/hongb/.openclaw/workspace/filebot/backend/venv/lib/python3.12/site-packages/starlette/middleware/exceptions.py", line 63, in __call__
    await wrap_app_handling_exceptions(self.app, conn)(scope, receive, send)
  File "/home/hongb/.openclaw/workspace/filebot/backend/venv/lib/python3.12/site-packages/starlette/_exception_handler.py", line 53, in wrapped_app
    raise exc
  File "/home/hongb/.openclaw/workspace/filebot/backend/venv/lib/python3.12/site-packages/starlette/_exception_handler.py", line 42, in wrapped_app
    await app(scope, receive, sender)
  File "/home/hongb/.openclaw/workspace/filebot/backend/venv/lib/python3.12/site-packages/fastapi/middleware/asyncexitstack.py", line 18, in __call__
    await self.app(scope, receive, send)
  File "/home/hongb/.openclaw/workspace/filebot/backend/venv/lib/python3.12/site-packages/starlette/routing.py", line 716, in __call__
    await self.middleware_stack(scope, receive, send)
  File "/home/hongb/.openclaw/workspace/filebot/backend/venv/lib/python3.12/site-packages/starlette/routing.py", line 736, in app
    await route.handle(scope, receive, send)
  File "/home/hongb/.openclaw/workspace/filebot/backend/venv/lib/python3.12/site-packages/starlette/routing.py", line 290, in handle
    await self.app(scope, receive, send)
  File "/home/hongb/.openclaw/workspace/filebot/backend/venv/lib/python3.12/site-packages/fastapi/routing.py", line 130, in app
    await wrap_app_handling_exceptions(app, request)(scope, receive, send)
  File "/home/hongb/.openclaw/workspace/filebot/backend/venv/lib/python3.12/site-packages/starlette/_exception_handler.py", line 53, in wrapped_app
    raise exc
  File "/home/hongb/.openclaw/workspace/filebot/backend/venv/lib/python3.12/site-packages/starlette/_exception_handler.py", line 42, in wrapped_app
    await app(scope, receive, sender)
  File "/home/hongb/.openclaw/workspace/filebot/backend/venv/lib/python3.12/site-packages/fastapi/routing.py", line 116, in app
    response = await f(request)
               ^^^^^^^^^^^^^^^^
  File "/home/hongb/.openclaw/workspace/filebot/backend/venv/lib/python3.12/site-packages/fastapi/routing.py", line 670, in app
    raw_response = await run_endpoint_function(
                   ^^^^^^^^^^^^^^^^^^^^^^^^^^^^
  File "/home/hongb/.openclaw/workspace/filebot/backend/venv/lib/python3.12/site-packages/fastapi/routing.py", line 326, in run_endpoint_function
    return await run_in_threadpool(dependant.call, **values)
           ^^^^^^^^^^^^^^^^^^^^^^^^^^^^^^^^^^^^^^^^^^^^^^^^^
  File "/home/hongb/.openclaw/workspace/filebot/backend/venv/lib/python3.12/site-packages/starlette/concurrency.py", line 32, in run_in_threadpool
    return await anyio.to_thread.run_sync(func)
           ^^^^^^^^^^^^^^^^^^^^^^^^^^^^^^^^^^^^
  File "/home/hongb/.openclaw/workspace/filebot/backend/venv/lib/python3.12/site-packages/anyio/to_thread.py", line 63, in run_sync
    return await get_async_backend().run_sync_in_worker_thread(
           ^^^^^^^^^^^^^^^^^^^^^^^^^^^^^^^^^^^^^^^^^^^^^^^^^^^^
  File "/home/hongb/.openclaw/workspace/filebot/backend/venv/lib/python3.12/site-packages/anyio/_backends/_asyncio.py", line 2502, in run_sync_in_worker_thread
    return await future
           ^^^^^^^^^^^^
  File "/home/hongb/.openclaw/workspace/filebot/backend/venv/lib/python3.12/site-packages/anyio/_backends/_asyncio.py", line 986, in run
    result = context.run(func, *args)
             ^^^^^^^^^^^^^^^^^^^^^^^^
  File "/home/hongb/.openclaw/workspace/filebot/backend/app/routers/documents.py", line 249, in get_documents
    documents = query.offset(skip).limit(limit).all()
                ^^^^^^^^^^^^^^^^^^^^^^^^^^^^^^^^^^^^^
  File "/home/hongb/.openclaw/workspace/filebot/backend/venv/lib/python3.12/site-packages/sqlalchemy/orm/query.py", line 2704, in all
    return self._iter().all()  # type: ignore
           ^^^^^^^^^^^^^^^^^^
  File "/home/hongb/.openclaw/workspace/filebot/backend/venv/lib/python3.12/site-packages/sqlalchemy/engine/result.py", line 1786, in all
    return self._allrows()
           ^^^^^^^^^^^^^^^
  File "/home/hongb/.openclaw/workspace/filebot/backend/venv/lib/python3.12/site-packages/sqlalchemy/engine/result.py", line 560, in _allrows
    rows = self._fetchall_impl()
           ^^^^^^^^^^^^^^^^^^^^^
  File "/home/hongb/.openclaw/workspace/filebot/backend/venv/lib/python3.12/site-packages/sqlalchemy/engine/result.py", line 1693, in _fetchall_impl
    return self._real_result._fetchall_impl()
           ^^^^^^^^^^^^^^^^^^^^^^^^^^^^^^^^^^
  File "/home/hongb/.openclaw/workspace/filebot/backend/venv/lib/python3.12/site-packages/sqlalchemy/engine/result.py", line 2287, in _fetchall_impl
    return list(self.iterator)
           ^^^^^^^^^^^^^^^^^^^
  File "/home/hongb/.openclaw/workspace/filebot/backend/venv/lib/python3.12/site-packages/sqlalchemy/orm/loading.py", line 220, in chunks
    fetch = cursor._raw_all_rows()
            ^^^^^^^^^^^^^^^^^^^^^^
  File "/home/hongb/.openclaw/workspace/filebot/backend/venv/lib/python3.12/site-packages/sqlalchemy/engine/result.py", line 553, in _raw_all_rows
    return [make_row(row) for row in rows]
            ^^^^^^^^^^^^^
  File "lib/sqlalchemy/cyextension/resultproxy.pyx", line 22, in sqlalchemy.cyextension.resultproxy.BaseRow.__init__
  File "lib/sqlalchemy/cyextension/resultproxy.pyx", line 79, in sqlalchemy.cyextension.resultproxy._apply_processors
  File "/home/hongb/.openclaw/workspace/filebot/backend/venv/lib/python3.12/site-packages/sqlalchemy/sql/sqltypes.py", line 1829, in process
    value = self._object_value_for_elem(value)
            ^^^^^^^^^^^^^^^^^^^^^^^^^^^^^^^^^^
  File "/home/hongb/.openclaw/workspace/filebot/backend/venv/lib/python3.12/site-packages/sqlalchemy/sql/sqltypes.py", line 1711, in _object_value_for_elem
    raise LookupError(
LookupError: 'MULTIPAGE' is not among the defined enum values. Enum name: filetype. Possible values: TIFF, PDF, DOC, ..., OTHER
INFO:     127.0.0.1:47046 - "GET /api/v1/documents/ HTTP/1.1" 500 Internal Server Error
ERROR:    Exception in ASGI application
Traceback (most recent call last):
  File "/home/hongb/.openclaw/workspace/filebot/backend/venv/lib/python3.12/site-packages/sqlalchemy/sql/sqltypes.py", line 1709, in _object_value_for_elem
    return self._object_lookup[elem]  # type: ignore[return-value]
           ~~~~~~~~~~~~~~~~~~~^^^^^^
KeyError: 'MULTIPAGE'

The above exception was the direct cause of the following exception:

Traceback (most recent call last):
  File "/home/hongb/.openclaw/workspace/filebot/backend/venv/lib/python3.12/site-packages/uvicorn/protocols/http/h11_impl.py", line 410, in run_asgi
    result = await app(  # type: ignore[func-returns-value]
             ^^^^^^^^^^^^^^^^^^^^^^^^^^^^^^^^^^^^^^^^^^^^^^
  File "/home/hongb/.openclaw/workspace/filebot/backend/venv/lib/python3.12/site-packages/uvicorn/middleware/proxy_headers.py", line 60, in __call__
    return await self.app(scope, receive, send)
           ^^^^^^^^^^^^^^^^^^^^^^^^^^^^^^^^^^^^
  File "/home/hongb/.openclaw/workspace/filebot/backend/venv/lib/python3.12/site-packages/fastapi/applications.py", line 1160, in __call__
    await super().__call__(scope, receive, send)
  File "/home/hongb/.openclaw/workspace/filebot/backend/venv/lib/python3.12/site-packages/starlette/applications.py", line 107, in __call__
    await self.middleware_stack(scope, receive, send)
  File "/home/hongb/.openclaw/workspace/filebot/backend/venv/lib/python3.12/site-packages/starlette/middleware/errors.py", line 186, in __call__
    raise exc
  File "/home/hongb/.openclaw/workspace/filebot/backend/venv/lib/python3.12/site-packages/starlette/middleware/errors.py", line 164, in __call__
    await self.app(scope, receive, _send)
  File "/home/hongb/.openclaw/workspace/filebot/backend/venv/lib/python3.12/site-packages/starlette/middleware/cors.py", line 95, in __call__
    await self.simple_response(scope, receive, send, request_headers=headers)
  File "/home/hongb/.openclaw/workspace/filebot/backend/venv/lib/python3.12/site-packages/starlette/middleware/cors.py", line 153, in simple_response
    await self.app(scope, receive, send)
  File "/home/hongb/.openclaw/workspace/filebot/backend/venv/lib/python3.12/site-packages/starlette/middleware/exceptions.py", line 63, in __call__
    await wrap_app_handling_exceptions(self.app, conn)(scope, receive, send)
  File "/home/hongb/.openclaw/workspace/filebot/backend/venv/lib/python3.12/site-packages/starlette/_exception_handler.py", line 53, in wrapped_app
    raise exc
  File "/home/hongb/.openclaw/workspace/filebot/backend/venv/lib/python3.12/site-packages/starlette/_exception_handler.py", line 42, in wrapped_app
    await app(scope, receive, sender)
  File "/home/hongb/.openclaw/workspace/filebot/backend/venv/lib/python3.12/site-packages/fastapi/middleware/asyncexitstack.py", line 18, in __call__
    await self.app(scope, receive, send)
  File "/home/hongb/.openclaw/workspace/filebot/backend/venv/lib/python3.12/site-packages/starlette/routing.py", line 716, in __call__
    await self.middleware_stack(scope, receive, send)
  File "/home/hongb/.openclaw/workspace/filebot/backend/venv/lib/python3.12/site-packages/starlette/routing.py", line 736, in app
    await route.handle(scope, receive, send)
  File "/home/hongb/.openclaw/workspace/filebot/backend/venv/lib/python3.12/site-packages/starlette/routing.py", line 290, in handle
    await self.app(scope, receive, send)
  File "/home/hongb/.openclaw/workspace/filebot/backend/venv/lib/python3.12/site-packages/fastapi/routing.py", line 130, in app
    await wrap_app_handling_exceptions(app, request)(scope, receive, send)
  File "/home/hongb/.openclaw/workspace/filebot/backend/venv/lib/python3.12/site-packages/starlette/_exception_handler.py", line 53, in wrapped_app
    raise exc
  File "/home/hongb/.openclaw/workspace/filebot/backend/venv/lib/python3.12/site-packages/starlette/_exception_handler.py", line 42, in wrapped_app
    await app(scope, receive, sender)
  File "/home/hongb/.openclaw/workspace/filebot/backend/venv/lib/python3.12/site-packages/fastapi/routing.py", line 116, in app
    response = await f(request)
               ^^^^^^^^^^^^^^^^
  File "/home/hongb/.openclaw/workspace/filebot/backend/venv/lib/python3.12/site-packages/fastapi/routing.py", line 670, in app
    raw_response = await run_endpoint_function(
                   ^^^^^^^^^^^^^^^^^^^^^^^^^^^^
  File "/home/hongb/.openclaw/workspace/filebot/backend/venv/lib/python3.12/site-packages/fastapi/routing.py", line 326, in run_endpoint_function
    return await run_in_threadpool(dependant.call, **values)
           ^^^^^^^^^^^^^^^^^^^^^^^^^^^^^^^^^^^^^^^^^^^^^^^^^
  File "/home/hongb/.openclaw/workspace/filebot/backend/venv/lib/python3.12/site-packages/starlette/concurrency.py", line 32, in run_in_threadpool
    return await anyio.to_thread.run_sync(func)
           ^^^^^^^^^^^^^^^^^^^^^^^^^^^^^^^^^^^^
  File "/home/hongb/.openclaw/workspace/filebot/backend/venv/lib/python3.12/site-packages/anyio/to_thread.py", line 63, in run_sync
    return await get_async_backend().run_sync_in_worker_thread(
           ^^^^^^^^^^^^^^^^^^^^^^^^^^^^^^^^^^^^^^^^^^^^^^^^^^^^
  File "/home/hongb/.openclaw/workspace/filebot/backend/venv/lib/python3.12/site-packages/anyio/_backends/_asyncio.py", line 2502, in run_sync_in_worker_thread
    return await future
           ^^^^^^^^^^^^
  File "/home/hongb/.openclaw/workspace/filebot/backend/venv/lib/python3.12/site-packages/anyio/_backends/_asyncio.py", line 986, in run
    result = context.run(func, *args)
             ^^^^^^^^^^^^^^^^^^^^^^^^
  File "/home/hongb/.openclaw/workspace/filebot/backend/app/routers/documents.py", line 249, in get_documents
    documents = query.offset(skip).limit(limit).all()
                ^^^^^^^^^^^^^^^^^^^^^^^^^^^^^^^^^^^^^
  File "/home/hongb/.openclaw/workspace/filebot/backend/venv/lib/python3.12/site-packages/sqlalchemy/orm/query.py", line 2704, in all
    return self._iter().all()  # type: ignore
           ^^^^^^^^^^^^^^^^^^
  File "/home/hongb/.openclaw/workspace/filebot/backend/venv/lib/python3.12/site-packages/sqlalchemy/engine/result.py", line 1786, in all
    return self._allrows()
           ^^^^^^^^^^^^^^^
  File "/home/hongb/.openclaw/workspace/filebot/backend/venv/lib/python3.12/site-packages/sqlalchemy/engine/result.py", line 560, in _allrows
    rows = self._fetchall_impl()
           ^^^^^^^^^^^^^^^^^^^^^
  File "/home/hongb/.openclaw/workspace/filebot/backend/venv/lib/python3.12/site-packages/sqlalchemy/engine/result.py", line 1693, in _fetchall_impl
    return self._real_result._fetchall_impl()
           ^^^^^^^^^^^^^^^^^^^^^^^^^^^^^^^^^^
  File "/home/hongb/.openclaw/workspace/filebot/backend/venv/lib/python3.12/site-packages/sqlalchemy/engine/result.py", line 2287, in _fetchall_impl
    return list(self.iterator)
           ^^^^^^^^^^^^^^^^^^^
  File "/home/hongb/.openclaw/workspace/filebot/backend/venv/lib/python3.12/site-packages/sqlalchemy/orm/loading.py", line 220, in chunks
    fetch = cursor._raw_all_rows()
            ^^^^^^^^^^^^^^^^^^^^^^
  File "/home/hongb/.openclaw/workspace/filebot/backend/venv/lib/python3.12/site-packages/sqlalchemy/engine/result.py", line 553, in _raw_all_rows
    return [make_row(row) for row in rows]
            ^^^^^^^^^^^^^
  File "lib/sqlalchemy/cyextension/resultproxy.pyx", line 22, in sqlalchemy.cyextension.resultproxy.BaseRow.__init__
  File "lib/sqlalchemy/cyextension/resultproxy.pyx", line 79, in sqlalchemy.cyextension.resultproxy._apply_processors
  File "/home/hongb/.openclaw/workspace/filebot/backend/venv/lib/python3.12/site-packages/sqlalchemy/sql/sqltypes.py", line 1829, in process
    value = self._object_value_for_elem(value)
            ^^^^^^^^^^^^^^^^^^^^^^^^^^^^^^^^^^
  File "/home/hongb/.openclaw/workspace/filebot/backend/venv/lib/python3.12/site-packages/sqlalchemy/sql/sqltypes.py", line 1711, in _object_value_for_elem
    raise LookupError(
LookupError: 'MULTIPAGE' is not among the defined enum values. Enum name: filetype. Possible values: TIFF, PDF, DOC, ..., OTHER
INFO:     127.0.0.1:55908 - "GET /api/health HTTP/1.1" 200 OK
INFO:     127.0.0.1:34370 - "GET /api/v1/documents/ HTTP/1.1" 500 Internal Server Error
ERROR:    Exception in ASGI application
Traceback (most recent call last):
  File "/home/hongb/.openclaw/workspace/filebot/backend/venv/lib/python3.12/site-packages/sqlalchemy/sql/sqltypes.py", line 1709, in _object_value_for_elem
    return self._object_lookup[elem]  # type: ignore[return-value]
           ~~~~~~~~~~~~~~~~~~~^^^^^^
KeyError: 'MULTIPAGE'

The above exception was the direct cause of the following exception:

Traceback (most recent call last):
  File "/home/hongb/.openclaw/workspace/filebot/backend/venv/lib/python3.12/site-packages/uvicorn/protocols/http/h11_impl.py", line 410, in run_asgi
    result = await app(  # type: ignore[func-returns-value]
             ^^^^^^^^^^^^^^^^^^^^^^^^^^^^^^^^^^^^^^^^^^^^^^
  File "/home/hongb/.openclaw/workspace/filebot/backend/venv/lib/python3.12/site-packages/uvicorn/middleware/proxy_headers.py", line 60, in __call__
    return await self.app(scope, receive, send)
           ^^^^^^^^^^^^^^^^^^^^^^^^^^^^^^^^^^^^
  File "/home/hongb/.openclaw/workspace/filebot/backend/venv/lib/python3.12/site-packages/fastapi/applications.py", line 1160, in __call__
    await super().__call__(scope, receive, send)
  File "/home/hongb/.openclaw/workspace/filebot/backend/venv/lib/python3.12/site-packages/starlette/applications.py", line 107, in __call__
    await self.middleware_stack(scope, receive, send)
  File "/home/hongb/.openclaw/workspace/filebot/backend/venv/lib/python3.12/site-packages/starlette/middleware/errors.py", line 186, in __call__
    raise exc
  File "/home/hongb/.openclaw/workspace/filebot/backend/venv/lib/python3.12/site-packages/starlette/middleware/errors.py", line 164, in __call__
    await self.app(scope, receive, _send)
  File "/home/hongb/.openclaw/workspace/filebot/backend/venv/lib/python3.12/site-packages/starlette/middleware/cors.py", line 95, in __call__
    await self.simple_response(scope, receive, send, request_headers=headers)
  File "/home/hongb/.openclaw/workspace/filebot/backend/venv/lib/python3.12/site-packages/starlette/middleware/cors.py", line 153, in simple_response
    await self.app(scope, receive, send)
  File "/home/hongb/.openclaw/workspace/filebot/backend/venv/lib/python3.12/site-packages/starlette/middleware/exceptions.py", line 63, in __call__
    await wrap_app_handling_exceptions(self.app, conn)(scope, receive, send)
  File "/home/hongb/.openclaw/workspace/filebot/backend/venv/lib/python3.12/site-packages/starlette/_exception_handler.py", line 53, in wrapped_app
    raise exc
  File "/home/hongb/.openclaw/workspace/filebot/backend/venv/lib/python3.12/site-packages/starlette/_exception_handler.py", line 42, in wrapped_app
    await app(scope, receive, sender)
  File "/home/hongb/.openclaw/workspace/filebot/backend/venv/lib/python3.12/site-packages/fastapi/middleware/asyncexitstack.py", line 18, in __call__
    await self.app(scope, receive, send)
  File "/home/hongb/.openclaw/workspace/filebot/backend/venv/lib/python3.12/site-packages/starlette/routing.py", line 716, in __call__
    await self.middleware_stack(scope, receive, send)
  File "/home/hongb/.openclaw/workspace/filebot/backend/venv/lib/python3.12/site-packages/starlette/routing.py", line 736, in app
    await route.handle(scope, receive, send)
  File "/home/hongb/.openclaw/workspace/filebot/backend/venv/lib/python3.12/site-packages/starlette/routing.py", line 290, in handle
    await self.app(scope, receive, send)
  File "/home/hongb/.openclaw/workspace/filebot/backend/venv/lib/python3.12/site-packages/fastapi/routing.py", line 130, in app
    await wrap_app_handling_exceptions(app, request)(scope, receive, send)
  File "/home/hongb/.openclaw/workspace/filebot/backend/venv/lib/python3.12/site-packages/starlette/_exception_handler.py", line 53, in wrapped_app
    raise exc
  File "/home/hongb/.openclaw/workspace/filebot/backend/venv/lib/python3.12/site-packages/starlette/_exception_handler.py", line 42, in wrapped_app
    await app(scope, receive, sender)
  File "/home/hongb/.openclaw/workspace/filebot/backend/venv/lib/python3.12/site-packages/fastapi/routing.py", line 116, in app
    response = await f(request)
               ^^^^^^^^^^^^^^^^
  File "/home/hongb/.openclaw/workspace/filebot/backend/venv/lib/python3.12/site-packages/fastapi/routing.py", line 670, in app
    raw_response = await run_endpoint_function(
                   ^^^^^^^^^^^^^^^^^^^^^^^^^^^^
  File "/home/hongb/.openclaw/workspace/filebot/backend/venv/lib/python3.12/site-packages/fastapi/routing.py", line 326, in run_endpoint_function
    return await run_in_threadpool(dependant.call, **values)
           ^^^^^^^^^^^^^^^^^^^^^^^^^^^^^^^^^^^^^^^^^^^^^^^^^
  File "/home/hongb/.openclaw/workspace/filebot/backend/venv/lib/python3.12/site-packages/starlette/concurrency.py", line 32, in run_in_threadpool
    return await anyio.to_thread.run_sync(func)
           ^^^^^^^^^^^^^^^^^^^^^^^^^^^^^^^^^^^^
  File "/home/hongb/.openclaw/workspace/filebot/backend/venv/lib/python3.12/site-packages/anyio/to_thread.py", line 63, in run_sync
    return await get_async_backend().run_sync_in_worker_thread(
           ^^^^^^^^^^^^^^^^^^^^^^^^^^^^^^^^^^^^^^^^^^^^^^^^^^^^
  File "/home/hongb/.openclaw/workspace/filebot/backend/venv/lib/python3.12/site-packages/anyio/_backends/_asyncio.py", line 2502, in run_sync_in_worker_thread
    return await future
           ^^^^^^^^^^^^
  File "/home/hongb/.openclaw/workspace/filebot/backend/venv/lib/python3.12/site-packages/anyio/_backends/_asyncio.py", line 986, in run
    result = context.run(func, *args)
             ^^^^^^^^^^^^^^^^^^^^^^^^
  File "/home/hongb/.openclaw/workspace/filebot/backend/app/routers/documents.py", line 249, in get_documents
    documents = query.offset(skip).limit(limit).all()
                ^^^^^^^^^^^^^^^^^^^^^^^^^^^^^^^^^^^^^
  File "/home/hongb/.openclaw/workspace/filebot/backend/venv/lib/python3.12/site-packages/sqlalchemy/orm/query.py", line 2704, in all
    return self._iter().all()  # type: ignore
           ^^^^^^^^^^^^^^^^^^
  File "/home/hongb/.openclaw/workspace/filebot/backend/venv/lib/python3.12/site-packages/sqlalchemy/engine/result.py", line 1786, in all
    return self._allrows()
           ^^^^^^^^^^^^^^^
  File "/home/hongb/.openclaw/workspace/filebot/backend/venv/lib/python3.12/site-packages/sqlalchemy/engine/result.py", line 560, in _allrows
    rows = self._fetchall_impl()
           ^^^^^^^^^^^^^^^^^^^^^
  File "/home/hongb/.openclaw/workspace/filebot/backend/venv/lib/python3.12/site-packages/sqlalchemy/engine/result.py", line 1693, in _fetchall_impl
    return self._real_result._fetchall_impl()
           ^^^^^^^^^^^^^^^^^^^^^^^^^^^^^^^^^^
  File "/home/hongb/.openclaw/workspace/filebot/backend/venv/lib/python3.12/site-packages/sqlalchemy/engine/result.py", line 2287, in _fetchall_impl
    return list(self.iterator)
           ^^^^^^^^^^^^^^^^^^^
  File "/home/hongb/.openclaw/workspace/filebot/backend/venv/lib/python3.12/site-packages/sqlalchemy/orm/loading.py", line 220, in chunks
    fetch = cursor._raw_all_rows()
            ^^^^^^^^^^^^^^^^^^^^^^
  File "/home/hongb/.openclaw/workspace/filebot/backend/venv/lib/python3.12/site-packages/sqlalchemy/engine/result.py", line 553, in _raw_all_rows
    return [make_row(row) for row in rows]
            ^^^^^^^^^^^^^
  File "lib/sqlalchemy/cyextension/resultproxy.pyx", line 22, in sqlalchemy.cyextension.resultproxy.BaseRow.__init__
  File "lib/sqlalchemy/cyextension/resultproxy.pyx", line 79, in sqlalchemy.cyextension.resultproxy._apply_processors
  File "/home/hongb/.openclaw/workspace/filebot/backend/venv/lib/python3.12/site-packages/sqlalchemy/sql/sqltypes.py", line 1829, in process
    value = self._object_value_for_elem(value)
            ^^^^^^^^^^^^^^^^^^^^^^^^^^^^^^^^^^
  File "/home/hongb/.openclaw/workspace/filebot/backend/venv/lib/python3.12/site-packages/sqlalchemy/sql/sqltypes.py", line 1711, in _object_value_for_elem
    raise LookupError(
LookupError: 'MULTIPAGE' is not among the defined enum values. Enum name: filetype. Possible values: TIFF, PDF, DOC, ..., OTHER
INFO:     127.0.0.1:34376 - "GET /api/v1/documents/ HTTP/1.1" 500 Internal Server Error
ERROR:    Exception in ASGI application
Traceback (most recent call last):
  File "/home/hongb/.openclaw/workspace/filebot/backend/venv/lib/python3.12/site-packages/sqlalchemy/sql/sqltypes.py", line 1709, in _object_value_for_elem
    return self._object_lookup[elem]  # type: ignore[return-value]
           ~~~~~~~~~~~~~~~~~~~^^^^^^
KeyError: 'MULTIPAGE'

The above exception was the direct cause of the following exception:

Traceback (most recent call last):
  File "/home/hongb/.openclaw/workspace/filebot/backend/venv/lib/python3.12/site-packages/uvicorn/protocols/http/h11_impl.py", line 410, in run_asgi
    result = await app(  # type: ignore[func-returns-value]
             ^^^^^^^^^^^^^^^^^^^^^^^^^^^^^^^^^^^^^^^^^^^^^^
  File "/home/hongb/.openclaw/workspace/filebot/backend/venv/lib/python3.12/site-packages/uvicorn/middleware/proxy_headers.py", line 60, in __call__
    return await self.app(scope, receive, send)
           ^^^^^^^^^^^^^^^^^^^^^^^^^^^^^^^^^^^^
  File "/home/hongb/.openclaw/workspace/filebot/backend/venv/lib/python3.12/site-packages/fastapi/applications.py", line 1160, in __call__
    await super().__call__(scope, receive, send)
  File "/home/hongb/.openclaw/workspace/filebot/backend/venv/lib/python3.12/site-packages/starlette/applications.py", line 107, in __call__
    await self.middleware_stack(scope, receive, send)
  File "/home/hongb/.openclaw/workspace/filebot/backend/venv/lib/python3.12/site-packages/starlette/middleware/errors.py", line 186, in __call__
    raise exc
  File "/home/hongb/.openclaw/workspace/filebot/backend/venv/lib/python3.12/site-packages/starlette/middleware/errors.py", line 164, in __call__
    await self.app(scope, receive, _send)
  File "/home/hongb/.openclaw/workspace/filebot/backend/venv/lib/python3.12/site-packages/starlette/middleware/cors.py", line 95, in __call__
    await self.simple_response(scope, receive, send, request_headers=headers)
  File "/home/hongb/.openclaw/workspace/filebot/backend/venv/lib/python3.12/site-packages/starlette/middleware/cors.py", line 153, in simple_response
    await self.app(scope, receive, send)
  File "/home/hongb/.openclaw/workspace/filebot/backend/venv/lib/python3.12/site-packages/starlette/middleware/exceptions.py", line 63, in __call__
    await wrap_app_handling_exceptions(self.app, conn)(scope, receive, send)
  File "/home/hongb/.openclaw/workspace/filebot/backend/venv/lib/python3.12/site-packages/starlette/_exception_handler.py", line 53, in wrapped_app
    raise exc
  File "/home/hongb/.openclaw/workspace/filebot/backend/venv/lib/python3.12/site-packages/starlette/_exception_handler.py", line 42, in wrapped_app
    await app(scope, receive, sender)
  File "/home/hongb/.openclaw/workspace/filebot/backend/venv/lib/python3.12/site-packages/fastapi/middleware/asyncexitstack.py", line 18, in __call__
    await self.app(scope, receive, send)
  File "/home/hongb/.openclaw/workspace/filebot/backend/venv/lib/python3.12/site-packages/starlette/routing.py", line 716, in __call__
    await self.middleware_stack(scope, receive, send)
  File "/home/hongb/.openclaw/workspace/filebot/backend/venv/lib/python3.12/site-packages/starlette/routing.py", line 736, in app
    await route.handle(scope, receive, send)
  File "/home/hongb/.openclaw/workspace/filebot/backend/venv/lib/python3.12/site-packages/starlette/routing.py", line 290, in handle
    await self.app(scope, receive, send)
  File "/home/hongb/.openclaw/workspace/filebot/backend/venv/lib/python3.12/site-packages/fastapi/routing.py", line 130, in app
    await wrap_app_handling_exceptions(app, request)(scope, receive, send)
  File "/home/hongb/.openclaw/workspace/filebot/backend/venv/lib/python3.12/site-packages/starlette/_exception_handler.py", line 53, in wrapped_app
    raise exc
  File "/home/hongb/.openclaw/workspace/filebot/backend/venv/lib/python3.12/site-packages/starlette/_exception_handler.py", line 42, in wrapped_app
    await app(scope, receive, sender)
  File "/home/hongb/.openclaw/workspace/filebot/backend/venv/lib/python3.12/site-packages/fastapi/routing.py", line 116, in app
    response = await f(request)
               ^^^^^^^^^^^^^^^^
  File "/home/hongb/.openclaw/workspace/filebot/backend/venv/lib/python3.12/site-packages/fastapi/routing.py", line 670, in app
    raw_response = await run_endpoint_function(
                   ^^^^^^^^^^^^^^^^^^^^^^^^^^^^
  File "/home/hongb/.openclaw/workspace/filebot/backend/venv/lib/python3.12/site-packages/fastapi/routing.py", line 326, in run_endpoint_function
    return await run_in_threadpool(dependant.call, **values)
           ^^^^^^^^^^^^^^^^^^^^^^^^^^^^^^^^^^^^^^^^^^^^^^^^^
  File "/home/hongb/.openclaw/workspace/filebot/backend/venv/lib/python3.12/site-packages/starlette/concurrency.py", line 32, in run_in_threadpool
    return await anyio.to_thread.run_sync(func)
           ^^^^^^^^^^^^^^^^^^^^^^^^^^^^^^^^^^^^
  File "/home/hongb/.openclaw/workspace/filebot/backend/venv/lib/python3.12/site-packages/anyio/to_thread.py", line 63, in run_sync
    return await get_async_backend().run_sync_in_worker_thread(
           ^^^^^^^^^^^^^^^^^^^^^^^^^^^^^^^^^^^^^^^^^^^^^^^^^^^^
  File "/home/hongb/.openclaw/workspace/filebot/backend/venv/lib/python3.12/site-packages/anyio/_backends/_asyncio.py", line 2502, in run_sync_in_worker_thread
    return await future
           ^^^^^^^^^^^^
  File "/home/hongb/.openclaw/workspace/filebot/backend/venv/lib/python3.12/site-packages/anyio/_backends/_asyncio.py", line 986, in run
    result = context.run(func, *args)
             ^^^^^^^^^^^^^^^^^^^^^^^^
  File "/home/hongb/.openclaw/workspace/filebot/backend/app/routers/documents.py", line 249, in get_documents
    documents = query.offset(skip).limit(limit).all()
                ^^^^^^^^^^^^^^^^^^^^^^^^^^^^^^^^^^^^^
  File "/home/hongb/.openclaw/workspace/filebot/backend/venv/lib/python3.12/site-packages/sqlalchemy/orm/query.py", line 2704, in all
    return self._iter().all()  # type: ignore
           ^^^^^^^^^^^^^^^^^^
  File "/home/hongb/.openclaw/workspace/filebot/backend/venv/lib/python3.12/site-packages/sqlalchemy/engine/result.py", line 1786, in all
    return self._allrows()
           ^^^^^^^^^^^^^^^
  File "/home/hongb/.openclaw/workspace/filebot/backend/venv/lib/python3.12/site-packages/sqlalchemy/engine/result.py", line 560, in _allrows
    rows = self._fetchall_impl()
           ^^^^^^^^^^^^^^^^^^^^^
  File "/home/hongb/.openclaw/workspace/filebot/backend/venv/lib/python3.12/site-packages/sqlalchemy/engine/result.py", line 1693, in _fetchall_impl
    return self._real_result._fetchall_impl()
           ^^^^^^^^^^^^^^^^^^^^^^^^^^^^^^^^^^
  File "/home/hongb/.openclaw/workspace/filebot/backend/venv/lib/python3.12/site-packages/sqlalchemy/engine/result.py", line 2287, in _fetchall_impl
    return list(self.iterator)
           ^^^^^^^^^^^^^^^^^^^
  File "/home/hongb/.openclaw/workspace/filebot/backend/venv/lib/python3.12/site-packages/sqlalchemy/orm/loading.py", line 220, in chunks
    fetch = cursor._raw_all_rows()
            ^^^^^^^^^^^^^^^^^^^^^^
  File "/home/hongb/.openclaw/workspace/filebot/backend/venv/lib/python3.12/site-packages/sqlalchemy/engine/result.py", line 553, in _raw_all_rows
    return [make_row(row) for row in rows]
            ^^^^^^^^^^^^^
  File "lib/sqlalchemy/cyextension/resultproxy.pyx", line 22, in sqlalchemy.cyextension.resultproxy.BaseRow.__init__
  File "lib/sqlalchemy/cyextension/resultproxy.pyx", line 79, in sqlalchemy.cyextension.resultproxy._apply_processors
  File "/home/hongb/.openclaw/workspace/filebot/backend/venv/lib/python3.12/site-packages/sqlalchemy/sql/sqltypes.py", line 1829, in process
    value = self._object_value_for_elem(value)
            ^^^^^^^^^^^^^^^^^^^^^^^^^^^^^^^^^^
  File "/home/hongb/.openclaw/workspace/filebot/backend/venv/lib/python3.12/site-packages/sqlalchemy/sql/sqltypes.py", line 1711, in _object_value_for_elem
    raise LookupError(
LookupError: 'MULTIPAGE' is not among the defined enum values. Enum name: filetype. Possible values: TIFF, PDF, DOC, ..., OTHER
INFO:     127.0.0.1:49304 - "OPTIONS /api/v1/documents/ HTTP/1.1" 200 OK
INFO:     127.0.0.1:49306 - "OPTIONS /api/v1/documents/ HTTP/1.1" 200 OK
INFO:     127.0.0.1:49306 - "GET /api/v1/documents/ HTTP/1.1" 500 Internal Server Error
ERROR:    Exception in ASGI application
Traceback (most recent call last):
  File "/home/hongb/.openclaw/workspace/filebot/backend/venv/lib/python3.12/site-packages/sqlalchemy/sql/sqltypes.py", line 1709, in _object_value_for_elem
    return self._object_lookup[elem]  # type: ignore[return-value]
           ~~~~~~~~~~~~~~~~~~~^^^^^^
KeyError: 'MULTIPAGE'

The above exception was the direct cause of the following exception:

Traceback (most recent call last):
  File "/home/hongb/.openclaw/workspace/filebot/backend/venv/lib/python3.12/site-packages/uvicorn/protocols/http/h11_impl.py", line 410, in run_asgi
    result = await app(  # type: ignore[func-returns-value]
             ^^^^^^^^^^^^^^^^^^^^^^^^^^^^^^^^^^^^^^^^^^^^^^
  File "/home/hongb/.openclaw/workspace/filebot/backend/venv/lib/python3.12/site-packages/uvicorn/middleware/proxy_headers.py", line 60, in __call__
    return await self.app(scope, receive, send)
           ^^^^^^^^^^^^^^^^^^^^^^^^^^^^^^^^^^^^
  File "/home/hongb/.openclaw/workspace/filebot/backend/venv/lib/python3.12/site-packages/fastapi/applications.py", line 1160, in __call__
    await super().__call__(scope, receive, send)
  File "/home/hongb/.openclaw/workspace/filebot/backend/venv/lib/python3.12/site-packages/starlette/applications.py", line 107, in __call__
    await self.middleware_stack(scope, receive, send)
  File "/home/hongb/.openclaw/workspace/filebot/backend/venv/lib/python3.12/site-packages/starlette/middleware/errors.py", line 186, in __call__
    raise exc
  File "/home/hongb/.openclaw/workspace/filebot/backend/venv/lib/python3.12/site-packages/starlette/middleware/errors.py", line 164, in __call__
    await self.app(scope, receive, _send)
  File "/home/hongb/.openclaw/workspace/filebot/backend/venv/lib/python3.12/site-packages/starlette/middleware/cors.py", line 95, in __call__
    await self.simple_response(scope, receive, send, request_headers=headers)
  File "/home/hongb/.openclaw/workspace/filebot/backend/venv/lib/python3.12/site-packages/starlette/middleware/cors.py", line 153, in simple_response
    await self.app(scope, receive, send)
  File "/home/hongb/.openclaw/workspace/filebot/backend/venv/lib/python3.12/site-packages/starlette/middleware/exceptions.py", line 63, in __call__
    await wrap_app_handling_exceptions(self.app, conn)(scope, receive, send)
  File "/home/hongb/.openclaw/workspace/filebot/backend/venv/lib/python3.12/site-packages/starlette/_exception_handler.py", line 53, in wrapped_app
    raise exc
  File "/home/hongb/.openclaw/workspace/filebot/backend/venv/lib/python3.12/site-packages/starlette/_exception_handler.py", line 42, in wrapped_app
    await app(scope, receive, sender)
  File "/home/hongb/.openclaw/workspace/filebot/backend/venv/lib/python3.12/site-packages/fastapi/middleware/asyncexitstack.py", line 18, in __call__
    await self.app(scope, receive, send)
  File "/home/hongb/.openclaw/workspace/filebot/backend/venv/lib/python3.12/site-packages/starlette/routing.py", line 716, in __call__
    await self.middleware_stack(scope, receive, send)
  File "/home/hongb/.openclaw/workspace/filebot/backend/venv/lib/python3.12/site-packages/starlette/routing.py", line 736, in app
    await route.handle(scope, receive, send)
  File "/home/hongb/.openclaw/workspace/filebot/backend/venv/lib/python3.12/site-packages/starlette/routing.py", line 290, in handle
    await self.app(scope, receive, send)
  File "/home/hongb/.openclaw/workspace/filebot/backend/venv/lib/python3.12/site-packages/fastapi/routing.py", line 130, in app
    await wrap_app_handling_exceptions(app, request)(scope, receive, send)
  File "/home/hongb/.openclaw/workspace/filebot/backend/venv/lib/python3.12/site-packages/starlette/_exception_handler.py", line 53, in wrapped_app
    raise exc
  File "/home/hongb/.openclaw/workspace/filebot/backend/venv/lib/python3.12/site-packages/starlette/_exception_handler.py", line 42, in wrapped_app
    await app(scope, receive, sender)
  File "/home/hongb/.openclaw/workspace/filebot/backend/venv/lib/python3.12/site-packages/fastapi/routing.py", line 116, in app
    response = await f(request)
               ^^^^^^^^^^^^^^^^
  File "/home/hongb/.openclaw/workspace/filebot/backend/venv/lib/python3.12/site-packages/fastapi/routing.py", line 670, in app
    raw_response = await run_endpoint_function(
                   ^^^^^^^^^^^^^^^^^^^^^^^^^^^^
  File "/home/hongb/.openclaw/workspace/filebot/backend/venv/lib/python3.12/site-packages/fastapi/routing.py", line 326, in run_endpoint_function
    return await run_in_threadpool(dependant.call, **values)
           ^^^^^^^^^^^^^^^^^^^^^^^^^^^^^^^^^^^^^^^^^^^^^^^^^
  File "/home/hongb/.openclaw/workspace/filebot/backend/venv/lib/python3.12/site-packages/starlette/concurrency.py", line 32, in run_in_threadpool
    return await anyio.to_thread.run_sync(func)
           ^^^^^^^^^^^^^^^^^^^^^^^^^^^^^^^^^^^^
  File "/home/hongb/.openclaw/workspace/filebot/backend/venv/lib/python3.12/site-packages/anyio/to_thread.py", line 63, in run_sync
    return await get_async_backend().run_sync_in_worker_thread(
           ^^^^^^^^^^^^^^^^^^^^^^^^^^^^^^^^^^^^^^^^^^^^^^^^^^^^
  File "/home/hongb/.openclaw/workspace/filebot/backend/venv/lib/python3.12/site-packages/anyio/_backends/_asyncio.py", line 2502, in run_sync_in_worker_thread
    return await future
           ^^^^^^^^^^^^
  File "/home/hongb/.openclaw/workspace/filebot/backend/venv/lib/python3.12/site-packages/anyio/_backends/_asyncio.py", line 986, in run
    result = context.run(func, *args)
             ^^^^^^^^^^^^^^^^^^^^^^^^
  File "/home/hongb/.openclaw/workspace/filebot/backend/app/routers/documents.py", line 249, in get_documents
    documents = query.offset(skip).limit(limit).all()
                ^^^^^^^^^^^^^^^^^^^^^^^^^^^^^^^^^^^^^
  File "/home/hongb/.openclaw/workspace/filebot/backend/venv/lib/python3.12/site-packages/sqlalchemy/orm/query.py", line 2704, in all
    return self._iter().all()  # type: ignore
           ^^^^^^^^^^^^^^^^^^
  File "/home/hongb/.openclaw/workspace/filebot/backend/venv/lib/python3.12/site-packages/sqlalchemy/engine/result.py", line 1786, in all
    return self._allrows()
           ^^^^^^^^^^^^^^^
  File "/home/hongb/.openclaw/workspace/filebot/backend/venv/lib/python3.12/site-packages/sqlalchemy/engine/result.py", line 560, in _allrows
    rows = self._fetchall_impl()
           ^^^^^^^^^^^^^^^^^^^^^
  File "/home/hongb/.openclaw/workspace/filebot/backend/venv/lib/python3.12/site-packages/sqlalchemy/engine/result.py", line 1693, in _fetchall_impl
    return self._real_result._fetchall_impl()
           ^^^^^^^^^^^^^^^^^^^^^^^^^^^^^^^^^^
  File "/home/hongb/.openclaw/workspace/filebot/backend/venv/lib/python3.12/site-packages/sqlalchemy/engine/result.py", line 2287, in _fetchall_impl
    return list(self.iterator)
           ^^^^^^^^^^^^^^^^^^^
  File "/home/hongb/.openclaw/workspace/filebot/backend/venv/lib/python3.12/site-packages/sqlalchemy/orm/loading.py", line 220, in chunks
    fetch = cursor._raw_all_rows()
            ^^^^^^^^^^^^^^^^^^^^^^
  File "/home/hongb/.openclaw/workspace/filebot/backend/venv/lib/python3.12/site-packages/sqlalchemy/engine/result.py", line 553, in _raw_all_rows
    return [make_row(row) for row in rows]
            ^^^^^^^^^^^^^
  File "lib/sqlalchemy/cyextension/resultproxy.pyx", line 22, in sqlalchemy.cyextension.resultproxy.BaseRow.__init__
  File "lib/sqlalchemy/cyextension/resultproxy.pyx", line 79, in sqlalchemy.cyextension.resultproxy._apply_processors
  File "/home/hongb/.openclaw/workspace/filebot/backend/venv/lib/python3.12/site-packages/sqlalchemy/sql/sqltypes.py", line 1829, in process
    value = self._object_value_for_elem(value)
            ^^^^^^^^^^^^^^^^^^^^^^^^^^^^^^^^^^
  File "/home/hongb/.openclaw/workspace/filebot/backend/venv/lib/python3.12/site-packages/sqlalchemy/sql/sqltypes.py", line 1711, in _object_value_for_elem
    raise LookupError(
LookupError: 'MULTIPAGE' is not among the defined enum values. Enum name: filetype. Possible values: TIFF, PDF, DOC, ..., OTHER
INFO:     127.0.0.1:49304 - "GET /api/v1/documents/ HTTP/1.1" 500 Internal Server Error
ERROR:    Exception in ASGI application
Traceback (most recent call last):
  File "/home/hongb/.openclaw/workspace/filebot/backend/venv/lib/python3.12/site-packages/sqlalchemy/sql/sqltypes.py", line 1709, in _object_value_for_elem
    return self._object_lookup[elem]  # type: ignore[return-value]
           ~~~~~~~~~~~~~~~~~~~^^^^^^
KeyError: 'MULTIPAGE'

The above exception was the direct cause of the following exception:

Traceback (most recent call last):
  File "/home/hongb/.openclaw/workspace/filebot/backend/venv/lib/python3.12/site-packages/uvicorn/protocols/http/h11_impl.py", line 410, in run_asgi
    result = await app(  # type: ignore[func-returns-value]
             ^^^^^^^^^^^^^^^^^^^^^^^^^^^^^^^^^^^^^^^^^^^^^^
  File "/home/hongb/.openclaw/workspace/filebot/backend/venv/lib/python3.12/site-packages/uvicorn/middleware/proxy_headers.py", line 60, in __call__
    return await self.app(scope, receive, send)
           ^^^^^^^^^^^^^^^^^^^^^^^^^^^^^^^^^^^^
  File "/home/hongb/.openclaw/workspace/filebot/backend/venv/lib/python3.12/site-packages/fastapi/applications.py", line 1160, in __call__
    await super().__call__(scope, receive, send)
  File "/home/hongb/.openclaw/workspace/filebot/backend/venv/lib/python3.12/site-packages/starlette/applications.py", line 107, in __call__
    await self.middleware_stack(scope, receive, send)
  File "/home/hongb/.openclaw/workspace/filebot/backend/venv/lib/python3.12/site-packages/starlette/middleware/errors.py", line 186, in __call__
    raise exc
  File "/home/hongb/.openclaw/workspace/filebot/backend/venv/lib/python3.12/site-packages/starlette/middleware/errors.py", line 164, in __call__
    await self.app(scope, receive, _send)
  File "/home/hongb/.openclaw/workspace/filebot/backend/venv/lib/python3.12/site-packages/starlette/middleware/cors.py", line 95, in __call__
    await self.simple_response(scope, receive, send, request_headers=headers)
  File "/home/hongb/.openclaw/workspace/filebot/backend/venv/lib/python3.12/site-packages/starlette/middleware/cors.py", line 153, in simple_response
    await self.app(scope, receive, send)
  File "/home/hongb/.openclaw/workspace/filebot/backend/venv/lib/python3.12/site-packages/starlette/middleware/exceptions.py", line 63, in __call__
    await wrap_app_handling_exceptions(self.app, conn)(scope, receive, send)
  File "/home/hongb/.openclaw/workspace/filebot/backend/venv/lib/python3.12/site-packages/starlette/_exception_handler.py", line 53, in wrapped_app
    raise exc
  File "/home/hongb/.openclaw/workspace/filebot/backend/venv/lib/python3.12/site-packages/starlette/_exception_handler.py", line 42, in wrapped_app
    await app(scope, receive, sender)
  File "/home/hongb/.openclaw/workspace/filebot/backend/venv/lib/python3.12/site-packages/fastapi/middleware/asyncexitstack.py", line 18, in __call__
    await self.app(scope, receive, send)
  File "/home/hongb/.openclaw/workspace/filebot/backend/venv/lib/python3.12/site-packages/starlette/routing.py", line 716, in __call__
    await self.middleware_stack(scope, receive, send)
  File "/home/hongb/.openclaw/workspace/filebot/backend/venv/lib/python3.12/site-packages/starlette/routing.py", line 736, in app
    await route.handle(scope, receive, send)
  File "/home/hongb/.openclaw/workspace/filebot/backend/venv/lib/python3.12/site-packages/starlette/routing.py", line 290, in handle
    await self.app(scope, receive, send)
  File "/home/hongb/.openclaw/workspace/filebot/backend/venv/lib/python3.12/site-packages/fastapi/routing.py", line 130, in app
    await wrap_app_handling_exceptions(app, request)(scope, receive, send)
  File "/home/hongb/.openclaw/workspace/filebot/backend/venv/lib/python3.12/site-packages/starlette/_exception_handler.py", line 53, in wrapped_app
    raise exc
  File "/home/hongb/.openclaw/workspace/filebot/backend/venv/lib/python3.12/site-packages/starlette/_exception_handler.py", line 42, in wrapped_app
    await app(scope, receive, sender)
  File "/home/hongb/.openclaw/workspace/filebot/backend/venv/lib/python3.12/site-packages/fastapi/routing.py", line 116, in app
    response = await f(request)
               ^^^^^^^^^^^^^^^^
  File "/home/hongb/.openclaw/workspace/filebot/backend/venv/lib/python3.12/site-packages/fastapi/routing.py", line 670, in app
    raw_response = await run_endpoint_function(
                   ^^^^^^^^^^^^^^^^^^^^^^^^^^^^
  File "/home/hongb/.openclaw/workspace/filebot/backend/venv/lib/python3.12/site-packages/fastapi/routing.py", line 326, in run_endpoint_function
    return await run_in_threadpool(dependant.call, **values)
           ^^^^^^^^^^^^^^^^^^^^^^^^^^^^^^^^^^^^^^^^^^^^^^^^^
  File "/home/hongb/.openclaw/workspace/filebot/backend/venv/lib/python3.12/site-packages/starlette/concurrency.py", line 32, in run_in_threadpool
    return await anyio.to_thread.run_sync(func)
           ^^^^^^^^^^^^^^^^^^^^^^^^^^^^^^^^^^^^
  File "/home/hongb/.openclaw/workspace/filebot/backend/venv/lib/python3.12/site-packages/anyio/to_thread.py", line 63, in run_sync
    return await get_async_backend().run_sync_in_worker_thread(
           ^^^^^^^^^^^^^^^^^^^^^^^^^^^^^^^^^^^^^^^^^^^^^^^^^^^^
  File "/home/hongb/.openclaw/workspace/filebot/backend/venv/lib/python3.12/site-packages/anyio/_backends/_asyncio.py", line 2502, in run_sync_in_worker_thread
    return await future
           ^^^^^^^^^^^^
  File "/home/hongb/.openclaw/workspace/filebot/backend/venv/lib/python3.12/site-packages/anyio/_backends/_asyncio.py", line 986, in run
    result = context.run(func, *args)
             ^^^^^^^^^^^^^^^^^^^^^^^^
  File "/home/hongb/.openclaw/workspace/filebot/backend/app/routers/documents.py", line 249, in get_documents
    documents = query.offset(skip).limit(limit).all()
                ^^^^^^^^^^^^^^^^^^^^^^^^^^^^^^^^^^^^^
  File "/home/hongb/.openclaw/workspace/filebot/backend/venv/lib/python3.12/site-packages/sqlalchemy/orm/query.py", line 2704, in all
    return self._iter().all()  # type: ignore
           ^^^^^^^^^^^^^^^^^^
  File "/home/hongb/.openclaw/workspace/filebot/backend/venv/lib/python3.12/site-packages/sqlalchemy/engine/result.py", line 1786, in all
    return self._allrows()
           ^^^^^^^^^^^^^^^
  File "/home/hongb/.openclaw/workspace/filebot/backend/venv/lib/python3.12/site-packages/sqlalchemy/engine/result.py", line 560, in _allrows
    rows = self._fetchall_impl()
           ^^^^^^^^^^^^^^^^^^^^^
  File "/home/hongb/.openclaw/workspace/filebot/backend/venv/lib/python3.12/site-packages/sqlalchemy/engine/result.py", line 1693, in _fetchall_impl
    return self._real_result._fetchall_impl()
           ^^^^^^^^^^^^^^^^^^^^^^^^^^^^^^^^^^
  File "/home/hongb/.openclaw/workspace/filebot/backend/venv/lib/python3.12/site-packages/sqlalchemy/engine/result.py", line 2287, in _fetchall_impl
    return list(self.iterator)
           ^^^^^^^^^^^^^^^^^^^
  File "/home/hongb/.openclaw/workspace/filebot/backend/venv/lib/python3.12/site-packages/sqlalchemy/orm/loading.py", line 220, in chunks
    fetch = cursor._raw_all_rows()
            ^^^^^^^^^^^^^^^^^^^^^^
  File "/home/hongb/.openclaw/workspace/filebot/backend/venv/lib/python3.12/site-packages/sqlalchemy/engine/result.py", line 553, in _raw_all_rows
    return [make_row(row) for row in rows]
            ^^^^^^^^^^^^^
  File "lib/sqlalchemy/cyextension/resultproxy.pyx", line 22, in sqlalchemy.cyextension.resultproxy.BaseRow.__init__
  File "lib/sqlalchemy/cyextension/resultproxy.pyx", line 79, in sqlalchemy.cyextension.resultproxy._apply_processors
  File "/home/hongb/.openclaw/workspace/filebot/backend/venv/lib/python3.12/site-packages/sqlalchemy/sql/sqltypes.py", line 1829, in process
    value = self._object_value_for_elem(value)
            ^^^^^^^^^^^^^^^^^^^^^^^^^^^^^^^^^^
  File "/home/hongb/.openclaw/workspace/filebot/backend/venv/lib/python3.12/site-packages/sqlalchemy/sql/sqltypes.py", line 1711, in _object_value_for_elem
    raise LookupError(
LookupError: 'MULTIPAGE' is not among the defined enum values. Enum name: filetype. Possible values: TIFF, PDF, DOC, ..., OTHER
INFO:     127.0.0.1:53624 - "GET /api/health HTTP/1.1" 200 OK
INFO:     127.0.0.1:47630 - "GET /api/v1/documents/ HTTP/1.1" 500 Internal Server Error
ERROR:    Exception in ASGI application
Traceback (most recent call last):
  File "/home/hongb/.openclaw/workspace/filebot/backend/venv/lib/python3.12/site-packages/sqlalchemy/sql/sqltypes.py", line 1709, in _object_value_for_elem
    return self._object_lookup[elem]  # type: ignore[return-value]
           ~~~~~~~~~~~~~~~~~~~^^^^^^
KeyError: 'MULTIPAGE'

The above exception was the direct cause of the following exception:

Traceback (most recent call last):
  File "/home/hongb/.openclaw/workspace/filebot/backend/venv/lib/python3.12/site-packages/uvicorn/protocols/http/h11_impl.py", line 410, in run_asgi
    result = await app(  # type: ignore[func-returns-value]
             ^^^^^^^^^^^^^^^^^^^^^^^^^^^^^^^^^^^^^^^^^^^^^^
  File "/home/hongb/.openclaw/workspace/filebot/backend/venv/lib/python3.12/site-packages/uvicorn/middleware/proxy_headers.py", line 60, in __call__
    return await self.app(scope, receive, send)
           ^^^^^^^^^^^^^^^^^^^^^^^^^^^^^^^^^^^^
  File "/home/hongb/.openclaw/workspace/filebot/backend/venv/lib/python3.12/site-packages/fastapi/applications.py", line 1160, in __call__
    await super().__call__(scope, receive, send)
  File "/home/hongb/.openclaw/workspace/filebot/backend/venv/lib/python3.12/site-packages/starlette/applications.py", line 107, in __call__
    await self.middleware_stack(scope, receive, send)
  File "/home/hongb/.openclaw/workspace/filebot/backend/venv/lib/python3.12/site-packages/starlette/middleware/errors.py", line 186, in __call__
    raise exc
  File "/home/hongb/.openclaw/workspace/filebot/backend/venv/lib/python3.12/site-packages/starlette/middleware/errors.py", line 164, in __call__
    await self.app(scope, receive, _send)
  File "/home/hongb/.openclaw/workspace/filebot/backend/venv/lib/python3.12/site-packages/starlette/middleware/cors.py", line 95, in __call__
    await self.simple_response(scope, receive, send, request_headers=headers)
  File "/home/hongb/.openclaw/workspace/filebot/backend/venv/lib/python3.12/site-packages/starlette/middleware/cors.py", line 153, in simple_response
    await self.app(scope, receive, send)
  File "/home/hongb/.openclaw/workspace/filebot/backend/venv/lib/python3.12/site-packages/starlette/middleware/exceptions.py", line 63, in __call__
    await wrap_app_handling_exceptions(self.app, conn)(scope, receive, send)
  File "/home/hongb/.openclaw/workspace/filebot/backend/venv/lib/python3.12/site-packages/starlette/_exception_handler.py", line 53, in wrapped_app
    raise exc
  File "/home/hongb/.openclaw/workspace/filebot/backend/venv/lib/python3.12/site-packages/starlette/_exception_handler.py", line 42, in wrapped_app
    await app(scope, receive, sender)
  File "/home/hongb/.openclaw/workspace/filebot/backend/venv/lib/python3.12/site-packages/fastapi/middleware/asyncexitstack.py", line 18, in __call__
    await self.app(scope, receive, send)
  File "/home/hongb/.openclaw/workspace/filebot/backend/venv/lib/python3.12/site-packages/starlette/routing.py", line 716, in __call__
    await self.middleware_stack(scope, receive, send)
  File "/home/hongb/.openclaw/workspace/filebot/backend/venv/lib/python3.12/site-packages/starlette/routing.py", line 736, in app
    await route.handle(scope, receive, send)
  File "/home/hongb/.openclaw/workspace/filebot/backend/venv/lib/python3.12/site-packages/starlette/routing.py", line 290, in handle
    await self.app(scope, receive, send)
  File "/home/hongb/.openclaw/workspace/filebot/backend/venv/lib/python3.12/site-packages/fastapi/routing.py", line 130, in app
    await wrap_app_handling_exceptions(app, request)(scope, receive, send)
  File "/home/hongb/.openclaw/workspace/filebot/backend/venv/lib/python3.12/site-packages/starlette/_exception_handler.py", line 53, in wrapped_app
    raise exc
  File "/home/hongb/.openclaw/workspace/filebot/backend/venv/lib/python3.12/site-packages/starlette/_exception_handler.py", line 42, in wrapped_app
    await app(scope, receive, sender)
  File "/home/hongb/.openclaw/workspace/filebot/backend/venv/lib/python3.12/site-packages/fastapi/routing.py", line 116, in app
    response = await f(request)
               ^^^^^^^^^^^^^^^^
  File "/home/hongb/.openclaw/workspace/filebot/backend/venv/lib/python3.12/site-packages/fastapi/routing.py", line 670, in app
    raw_response = await run_endpoint_function(
                   ^^^^^^^^^^^^^^^^^^^^^^^^^^^^
  File "/home/hongb/.openclaw/workspace/filebot/backend/venv/lib/python3.12/site-packages/fastapi/routing.py", line 326, in run_endpoint_function
    return await run_in_threadpool(dependant.call, **values)
           ^^^^^^^^^^^^^^^^^^^^^^^^^^^^^^^^^^^^^^^^^^^^^^^^^
  File "/home/hongb/.openclaw/workspace/filebot/backend/venv/lib/python3.12/site-packages/starlette/concurrency.py", line 32, in run_in_threadpool
    return await anyio.to_thread.run_sync(func)
           ^^^^^^^^^^^^^^^^^^^^^^^^^^^^^^^^^^^^
  File "/home/hongb/.openclaw/workspace/filebot/backend/venv/lib/python3.12/site-packages/anyio/to_thread.py", line 63, in run_sync
    return await get_async_backend().run_sync_in_worker_thread(
           ^^^^^^^^^^^^^^^^^^^^^^^^^^^^^^^^^^^^^^^^^^^^^^^^^^^^
  File "/home/hongb/.openclaw/workspace/filebot/backend/venv/lib/python3.12/site-packages/anyio/_backends/_asyncio.py", line 2502, in run_sync_in_worker_thread
    return await future
           ^^^^^^^^^^^^
  File "/home/hongb/.openclaw/workspace/filebot/backend/venv/lib/python3.12/site-packages/anyio/_backends/_asyncio.py", line 986, in run
    result = context.run(func, *args)
             ^^^^^^^^^^^^^^^^^^^^^^^^
  File "/home/hongb/.openclaw/workspace/filebot/backend/app/routers/documents.py", line 249, in get_documents
    documents = query.offset(skip).limit(limit).all()
                ^^^^^^^^^^^^^^^^^^^^^^^^^^^^^^^^^^^^^
  File "/home/hongb/.openclaw/workspace/filebot/backend/venv/lib/python3.12/site-packages/sqlalchemy/orm/query.py", line 2704, in all
    return self._iter().all()  # type: ignore
           ^^^^^^^^^^^^^^^^^^
  File "/home/hongb/.openclaw/workspace/filebot/backend/venv/lib/python3.12/site-packages/sqlalchemy/engine/result.py", line 1786, in all
    return self._allrows()
           ^^^^^^^^^^^^^^^
  File "/home/hongb/.openclaw/workspace/filebot/backend/venv/lib/python3.12/site-packages/sqlalchemy/engine/result.py", line 560, in _allrows
    rows = self._fetchall_impl()
           ^^^^^^^^^^^^^^^^^^^^^
  File "/home/hongb/.openclaw/workspace/filebot/backend/venv/lib/python3.12/site-packages/sqlalchemy/engine/result.py", line 1693, in _fetchall_impl
    return self._real_result._fetchall_impl()
           ^^^^^^^^^^^^^^^^^^^^^^^^^^^^^^^^^^
  File "/home/hongb/.openclaw/workspace/filebot/backend/venv/lib/python3.12/site-packages/sqlalchemy/engine/result.py", line 2287, in _fetchall_impl
    return list(self.iterator)
           ^^^^^^^^^^^^^^^^^^^
  File "/home/hongb/.openclaw/workspace/filebot/backend/venv/lib/python3.12/site-packages/sqlalchemy/orm/loading.py", line 220, in chunks
    fetch = cursor._raw_all_rows()
            ^^^^^^^^^^^^^^^^^^^^^^
  File "/home/hongb/.openclaw/workspace/filebot/backend/venv/lib/python3.12/site-packages/sqlalchemy/engine/result.py", line 553, in _raw_all_rows
    return [make_row(row) for row in rows]
            ^^^^^^^^^^^^^
  File "lib/sqlalchemy/cyextension/resultproxy.pyx", line 22, in sqlalchemy.cyextension.resultproxy.BaseRow.__init__
  File "lib/sqlalchemy/cyextension/resultproxy.pyx", line 79, in sqlalchemy.cyextension.resultproxy._apply_processors
  File "/home/hongb/.openclaw/workspace/filebot/backend/venv/lib/python3.12/site-packages/sqlalchemy/sql/sqltypes.py", line 1829, in process
    value = self._object_value_for_elem(value)
            ^^^^^^^^^^^^^^^^^^^^^^^^^^^^^^^^^^
  File "/home/hongb/.openclaw/workspace/filebot/backend/venv/lib/python3.12/site-packages/sqlalchemy/sql/sqltypes.py", line 1711, in _object_value_for_elem
    raise LookupError(
LookupError: 'MULTIPAGE' is not among the defined enum values. Enum name: filetype. Possible values: TIFF, PDF, DOC, ..., OTHER
INFO:     127.0.0.1:47640 - "GET /api/v1/documents/ HTTP/1.1" 500 Internal Server Error
ERROR:    Exception in ASGI application
Traceback (most recent call last):
  File "/home/hongb/.openclaw/workspace/filebot/backend/venv/lib/python3.12/site-packages/sqlalchemy/sql/sqltypes.py", line 1709, in _object_value_for_elem
    return self._object_lookup[elem]  # type: ignore[return-value]
           ~~~~~~~~~~~~~~~~~~~^^^^^^
KeyError: 'MULTIPAGE'

The above exception was the direct cause of the following exception:

Traceback (most recent call last):
  File "/home/hongb/.openclaw/workspace/filebot/backend/venv/lib/python3.12/site-packages/uvicorn/protocols/http/h11_impl.py", line 410, in run_asgi
    result = await app(  # type: ignore[func-returns-value]
             ^^^^^^^^^^^^^^^^^^^^^^^^^^^^^^^^^^^^^^^^^^^^^^
  File "/home/hongb/.openclaw/workspace/filebot/backend/venv/lib/python3.12/site-packages/uvicorn/middleware/proxy_headers.py", line 60, in __call__
    return await self.app(scope, receive, send)
           ^^^^^^^^^^^^^^^^^^^^^^^^^^^^^^^^^^^^
  File "/home/hongb/.openclaw/workspace/filebot/backend/venv/lib/python3.12/site-packages/fastapi/applications.py", line 1160, in __call__
    await super().__call__(scope, receive, send)
  File "/home/hongb/.openclaw/workspace/filebot/backend/venv/lib/python3.12/site-packages/starlette/applications.py", line 107, in __call__
    await self.middleware_stack(scope, receive, send)
  File "/home/hongb/.openclaw/workspace/filebot/backend/venv/lib/python3.12/site-packages/starlette/middleware/errors.py", line 186, in __call__
    raise exc
  File "/home/hongb/.openclaw/workspace/filebot/backend/venv/lib/python3.12/site-packages/starlette/middleware/errors.py", line 164, in __call__
    await self.app(scope, receive, _send)
  File "/home/hongb/.openclaw/workspace/filebot/backend/venv/lib/python3.12/site-packages/starlette/middleware/cors.py", line 95, in __call__
    await self.simple_response(scope, receive, send, request_headers=headers)
  File "/home/hongb/.openclaw/workspace/filebot/backend/venv/lib/python3.12/site-packages/starlette/middleware/cors.py", line 153, in simple_response
    await self.app(scope, receive, send)
  File "/home/hongb/.openclaw/workspace/filebot/backend/venv/lib/python3.12/site-packages/starlette/middleware/exceptions.py", line 63, in __call__
    await wrap_app_handling_exceptions(self.app, conn)(scope, receive, send)
  File "/home/hongb/.openclaw/workspace/filebot/backend/venv/lib/python3.12/site-packages/starlette/_exception_handler.py", line 53, in wrapped_app
    raise exc
  File "/home/hongb/.openclaw/workspace/filebot/backend/venv/lib/python3.12/site-packages/starlette/_exception_handler.py", line 42, in wrapped_app
    await app(scope, receive, sender)
  File "/home/hongb/.openclaw/workspace/filebot/backend/venv/lib/python3.12/site-packages/fastapi/middleware/asyncexitstack.py", line 18, in __call__
    await self.app(scope, receive, send)
  File "/home/hongb/.openclaw/workspace/filebot/backend/venv/lib/python3.12/site-packages/starlette/routing.py", line 716, in __call__
    await self.middleware_stack(scope, receive, send)
  File "/home/hongb/.openclaw/workspace/filebot/backend/venv/lib/python3.12/site-packages/starlette/routing.py", line 736, in app
    await route.handle(scope, receive, send)
  File "/home/hongb/.openclaw/workspace/filebot/backend/venv/lib/python3.12/site-packages/starlette/routing.py", line 290, in handle
    await self.app(scope, receive, send)
  File "/home/hongb/.openclaw/workspace/filebot/backend/venv/lib/python3.12/site-packages/fastapi/routing.py", line 130, in app
    await wrap_app_handling_exceptions(app, request)(scope, receive, send)
  File "/home/hongb/.openclaw/workspace/filebot/backend/venv/lib/python3.12/site-packages/starlette/_exception_handler.py", line 53, in wrapped_app
    raise exc
  File "/home/hongb/.openclaw/workspace/filebot/backend/venv/lib/python3.12/site-packages/starlette/_exception_handler.py", line 42, in wrapped_app
    await app(scope, receive, sender)
  File "/home/hongb/.openclaw/workspace/filebot/backend/venv/lib/python3.12/site-packages/fastapi/routing.py", line 116, in app
    response = await f(request)
               ^^^^^^^^^^^^^^^^
  File "/home/hongb/.openclaw/workspace/filebot/backend/venv/lib/python3.12/site-packages/fastapi/routing.py", line 670, in app
    raw_response = await run_endpoint_function(
                   ^^^^^^^^^^^^^^^^^^^^^^^^^^^^
  File "/home/hongb/.openclaw/workspace/filebot/backend/venv/lib/python3.12/site-packages/fastapi/routing.py", line 326, in run_endpoint_function
    return await run_in_threadpool(dependant.call, **values)
           ^^^^^^^^^^^^^^^^^^^^^^^^^^^^^^^^^^^^^^^^^^^^^^^^^
  File "/home/hongb/.openclaw/workspace/filebot/backend/venv/lib/python3.12/site-packages/starlette/concurrency.py", line 32, in run_in_threadpool
    return await anyio.to_thread.run_sync(func)
           ^^^^^^^^^^^^^^^^^^^^^^^^^^^^^^^^^^^^
  File "/home/hongb/.openclaw/workspace/filebot/backend/venv/lib/python3.12/site-packages/anyio/to_thread.py", line 63, in run_sync
    return await get_async_backend().run_sync_in_worker_thread(
           ^^^^^^^^^^^^^^^^^^^^^^^^^^^^^^^^^^^^^^^^^^^^^^^^^^^^
  File "/home/hongb/.openclaw/workspace/filebot/backend/venv/lib/python3.12/site-packages/anyio/_backends/_asyncio.py", line 2502, in run_sync_in_worker_thread
    return await future
           ^^^^^^^^^^^^
  File "/home/hongb/.openclaw/workspace/filebot/backend/venv/lib/python3.12/site-packages/anyio/_backends/_asyncio.py", line 986, in run
    result = context.run(func, *args)
             ^^^^^^^^^^^^^^^^^^^^^^^^
  File "/home/hongb/.openclaw/workspace/filebot/backend/app/routers/documents.py", line 249, in get_documents
    documents = query.offset(skip).limit(limit).all()
                ^^^^^^^^^^^^^^^^^^^^^^^^^^^^^^^^^^^^^
  File "/home/hongb/.openclaw/workspace/filebot/backend/venv/lib/python3.12/site-packages/sqlalchemy/orm/query.py", line 2704, in all
    return self._iter().all()  # type: ignore
           ^^^^^^^^^^^^^^^^^^
  File "/home/hongb/.openclaw/workspace/filebot/backend/venv/lib/python3.12/site-packages/sqlalchemy/engine/result.py", line 1786, in all
    return self._allrows()
           ^^^^^^^^^^^^^^^
  File "/home/hongb/.openclaw/workspace/filebot/backend/venv/lib/python3.12/site-packages/sqlalchemy/engine/result.py", line 560, in _allrows
    rows = self._fetchall_impl()
           ^^^^^^^^^^^^^^^^^^^^^
  File "/home/hongb/.openclaw/workspace/filebot/backend/venv/lib/python3.12/site-packages/sqlalchemy/engine/result.py", line 1693, in _fetchall_impl
    return self._real_result._fetchall_impl()
           ^^^^^^^^^^^^^^^^^^^^^^^^^^^^^^^^^^
  File "/home/hongb/.openclaw/workspace/filebot/backend/venv/lib/python3.12/site-packages/sqlalchemy/engine/result.py", line 2287, in _fetchall_impl
    return list(self.iterator)
           ^^^^^^^^^^^^^^^^^^^
  File "/home/hongb/.openclaw/workspace/filebot/backend/venv/lib/python3.12/site-packages/sqlalchemy/orm/loading.py", line 220, in chunks
    fetch = cursor._raw_all_rows()
            ^^^^^^^^^^^^^^^^^^^^^^
  File "/home/hongb/.openclaw/workspace/filebot/backend/venv/lib/python3.12/site-packages/sqlalchemy/engine/result.py", line 553, in _raw_all_rows
    return [make_row(row) for row in rows]
            ^^^^^^^^^^^^^
  File "lib/sqlalchemy/cyextension/resultproxy.pyx", line 22, in sqlalchemy.cyextension.resultproxy.BaseRow.__init__
  File "lib/sqlalchemy/cyextension/resultproxy.pyx", line 79, in sqlalchemy.cyextension.resultproxy._apply_processors
  File "/home/hongb/.openclaw/workspace/filebot/backend/venv/lib/python3.12/site-packages/sqlalchemy/sql/sqltypes.py", line 1829, in process
    value = self._object_value_for_elem(value)
            ^^^^^^^^^^^^^^^^^^^^^^^^^^^^^^^^^^
  File "/home/hongb/.openclaw/workspace/filebot/backend/venv/lib/python3.12/site-packages/sqlalchemy/sql/sqltypes.py", line 1711, in _object_value_for_elem
    raise LookupError(
LookupError: 'MULTIPAGE' is not among the defined enum values. Enum name: filetype. Possible values: TIFF, PDF, DOC, ..., OTHER
INFO:     127.0.0.1:47650 - "GET /api/v1/documents/ HTTP/1.1" 500 Internal Server Error
ERROR:    Exception in ASGI application
Traceback (most recent call last):
  File "/home/hongb/.openclaw/workspace/filebot/backend/venv/lib/python3.12/site-packages/sqlalchemy/sql/sqltypes.py", line 1709, in _object_value_for_elem
    return self._object_lookup[elem]  # type: ignore[return-value]
           ~~~~~~~~~~~~~~~~~~~^^^^^^
KeyError: 'MULTIPAGE'

The above exception was the direct cause of the following exception:

Traceback (most recent call last):
  File "/home/hongb/.openclaw/workspace/filebot/backend/venv/lib/python3.12/site-packages/uvicorn/protocols/http/h11_impl.py", line 410, in run_asgi
    result = await app(  # type: ignore[func-returns-value]
             ^^^^^^^^^^^^^^^^^^^^^^^^^^^^^^^^^^^^^^^^^^^^^^
  File "/home/hongb/.openclaw/workspace/filebot/backend/venv/lib/python3.12/site-packages/uvicorn/middleware/proxy_headers.py", line 60, in __call__
    return await self.app(scope, receive, send)
           ^^^^^^^^^^^^^^^^^^^^^^^^^^^^^^^^^^^^
  File "/home/hongb/.openclaw/workspace/filebot/backend/venv/lib/python3.12/site-packages/fastapi/applications.py", line 1160, in __call__
    await super().__call__(scope, receive, send)
  File "/home/hongb/.openclaw/workspace/filebot/backend/venv/lib/python3.12/site-packages/starlette/applications.py", line 107, in __call__
    await self.middleware_stack(scope, receive, send)
  File "/home/hongb/.openclaw/workspace/filebot/backend/venv/lib/python3.12/site-packages/starlette/middleware/errors.py", line 186, in __call__
    raise exc
  File "/home/hongb/.openclaw/workspace/filebot/backend/venv/lib/python3.12/site-packages/starlette/middleware/errors.py", line 164, in __call__
    await self.app(scope, receive, _send)
  File "/home/hongb/.openclaw/workspace/filebot/backend/venv/lib/python3.12/site-packages/starlette/middleware/cors.py", line 95, in __call__
    await self.simple_response(scope, receive, send, request_headers=headers)
  File "/home/hongb/.openclaw/workspace/filebot/backend/venv/lib/python3.12/site-packages/starlette/middleware/cors.py", line 153, in simple_response
    await self.app(scope, receive, send)
  File "/home/hongb/.openclaw/workspace/filebot/backend/venv/lib/python3.12/site-packages/starlette/middleware/exceptions.py", line 63, in __call__
    await wrap_app_handling_exceptions(self.app, conn)(scope, receive, send)
  File "/home/hongb/.openclaw/workspace/filebot/backend/venv/lib/python3.12/site-packages/starlette/_exception_handler.py", line 53, in wrapped_app
    raise exc
  File "/home/hongb/.openclaw/workspace/filebot/backend/venv/lib/python3.12/site-packages/starlette/_exception_handler.py", line 42, in wrapped_app
    await app(scope, receive, sender)
  File "/home/hongb/.openclaw/workspace/filebot/backend/venv/lib/python3.12/site-packages/fastapi/middleware/asyncexitstack.py", line 18, in __call__
    await self.app(scope, receive, send)
  File "/home/hongb/.openclaw/workspace/filebot/backend/venv/lib/python3.12/site-packages/starlette/routing.py", line 716, in __call__
    await self.middleware_stack(scope, receive, send)
  File "/home/hongb/.openclaw/workspace/filebot/backend/venv/lib/python3.12/site-packages/starlette/routing.py", line 736, in app
    await route.handle(scope, receive, send)
  File "/home/hongb/.openclaw/workspace/filebot/backend/venv/lib/python3.12/site-packages/starlette/routing.py", line 290, in handle
    await self.app(scope, receive, send)
  File "/home/hongb/.openclaw/workspace/filebot/backend/venv/lib/python3.12/site-packages/fastapi/routing.py", line 130, in app
    await wrap_app_handling_exceptions(app, request)(scope, receive, send)
  File "/home/hongb/.openclaw/workspace/filebot/backend/venv/lib/python3.12/site-packages/starlette/_exception_handler.py", line 53, in wrapped_app
    raise exc
  File "/home/hongb/.openclaw/workspace/filebot/backend/venv/lib/python3.12/site-packages/starlette/_exception_handler.py", line 42, in wrapped_app
    await app(scope, receive, sender)
  File "/home/hongb/.openclaw/workspace/filebot/backend/venv/lib/python3.12/site-packages/fastapi/routing.py", line 116, in app
    response = await f(request)
               ^^^^^^^^^^^^^^^^
  File "/home/hongb/.openclaw/workspace/filebot/backend/venv/lib/python3.12/site-packages/fastapi/routing.py", line 670, in app
    raw_response = await run_endpoint_function(
                   ^^^^^^^^^^^^^^^^^^^^^^^^^^^^
  File "/home/hongb/.openclaw/workspace/filebot/backend/venv/lib/python3.12/site-packages/fastapi/routing.py", line 326, in run_endpoint_function
    return await run_in_threadpool(dependant.call, **values)
           ^^^^^^^^^^^^^^^^^^^^^^^^^^^^^^^^^^^^^^^^^^^^^^^^^
  File "/home/hongb/.openclaw/workspace/filebot/backend/venv/lib/python3.12/site-packages/starlette/concurrency.py", line 32, in run_in_threadpool
    return await anyio.to_thread.run_sync(func)
           ^^^^^^^^^^^^^^^^^^^^^^^^^^^^^^^^^^^^
  File "/home/hongb/.openclaw/workspace/filebot/backend/venv/lib/python3.12/site-packages/anyio/to_thread.py", line 63, in run_sync
    return await get_async_backend().run_sync_in_worker_thread(
           ^^^^^^^^^^^^^^^^^^^^^^^^^^^^^^^^^^^^^^^^^^^^^^^^^^^^
  File "/home/hongb/.openclaw/workspace/filebot/backend/venv/lib/python3.12/site-packages/anyio/_backends/_asyncio.py", line 2502, in run_sync_in_worker_thread
    return await future
           ^^^^^^^^^^^^
  File "/home/hongb/.openclaw/workspace/filebot/backend/venv/lib/python3.12/site-packages/anyio/_backends/_asyncio.py", line 986, in run
    result = context.run(func, *args)
             ^^^^^^^^^^^^^^^^^^^^^^^^
  File "/home/hongb/.openclaw/workspace/filebot/backend/app/routers/documents.py", line 249, in get_documents
    documents = query.offset(skip).limit(limit).all()
                ^^^^^^^^^^^^^^^^^^^^^^^^^^^^^^^^^^^^^
  File "/home/hongb/.openclaw/workspace/filebot/backend/venv/lib/python3.12/site-packages/sqlalchemy/orm/query.py", line 2704, in all
    return self._iter().all()  # type: ignore
           ^^^^^^^^^^^^^^^^^^
  File "/home/hongb/.openclaw/workspace/filebot/backend/venv/lib/python3.12/site-packages/sqlalchemy/engine/result.py", line 1786, in all
    return self._allrows()
           ^^^^^^^^^^^^^^^
  File "/home/hongb/.openclaw/workspace/filebot/backend/venv/lib/python3.12/site-packages/sqlalchemy/engine/result.py", line 560, in _allrows
    rows = self._fetchall_impl()
           ^^^^^^^^^^^^^^^^^^^^^
  File "/home/hongb/.openclaw/workspace/filebot/backend/venv/lib/python3.12/site-packages/sqlalchemy/engine/result.py", line 1693, in _fetchall_impl
    return self._real_result._fetchall_impl()
           ^^^^^^^^^^^^^^^^^^^^^^^^^^^^^^^^^^
  File "/home/hongb/.openclaw/workspace/filebot/backend/venv/lib/python3.12/site-packages/sqlalchemy/engine/result.py", line 2287, in _fetchall_impl
    return list(self.iterator)
           ^^^^^^^^^^^^^^^^^^^
  File "/home/hongb/.openclaw/workspace/filebot/backend/venv/lib/python3.12/site-packages/sqlalchemy/orm/loading.py", line 220, in chunks
    fetch = cursor._raw_all_rows()
            ^^^^^^^^^^^^^^^^^^^^^^
  File "/home/hongb/.openclaw/workspace/filebot/backend/venv/lib/python3.12/site-packages/sqlalchemy/engine/result.py", line 553, in _raw_all_rows
    return [make_row(row) for row in rows]
            ^^^^^^^^^^^^^
  File "lib/sqlalchemy/cyextension/resultproxy.pyx", line 22, in sqlalchemy.cyextension.resultproxy.BaseRow.__init__
  File "lib/sqlalchemy/cyextension/resultproxy.pyx", line 79, in sqlalchemy.cyextension.resultproxy._apply_processors
  File "/home/hongb/.openclaw/workspace/filebot/backend/venv/lib/python3.12/site-packages/sqlalchemy/sql/sqltypes.py", line 1829, in process
    value = self._object_value_for_elem(value)
            ^^^^^^^^^^^^^^^^^^^^^^^^^^^^^^^^^^
  File "/home/hongb/.openclaw/workspace/filebot/backend/venv/lib/python3.12/site-packages/sqlalchemy/sql/sqltypes.py", line 1711, in _object_value_for_elem
    raise LookupError(
LookupError: 'MULTIPAGE' is not among the defined enum values. Enum name: filetype. Possible values: TIFF, PDF, DOC, ..., OTHER
INFO:     127.0.0.1:47658 - "GET /api/v1/documents/ HTTP/1.1" 500 Internal Server Error
ERROR:    Exception in ASGI application
Traceback (most recent call last):
  File "/home/hongb/.openclaw/workspace/filebot/backend/venv/lib/python3.12/site-packages/sqlalchemy/sql/sqltypes.py", line 1709, in _object_value_for_elem
    return self._object_lookup[elem]  # type: ignore[return-value]
           ~~~~~~~~~~~~~~~~~~~^^^^^^
KeyError: 'MULTIPAGE'

The above exception was the direct cause of the following exception:

Traceback (most recent call last):
  File "/home/hongb/.openclaw/workspace/filebot/backend/venv/lib/python3.12/site-packages/uvicorn/protocols/http/h11_impl.py", line 410, in run_asgi
    result = await app(  # type: ignore[func-returns-value]
             ^^^^^^^^^^^^^^^^^^^^^^^^^^^^^^^^^^^^^^^^^^^^^^
  File "/home/hongb/.openclaw/workspace/filebot/backend/venv/lib/python3.12/site-packages/uvicorn/middleware/proxy_headers.py", line 60, in __call__
    return await self.app(scope, receive, send)
           ^^^^^^^^^^^^^^^^^^^^^^^^^^^^^^^^^^^^
  File "/home/hongb/.openclaw/workspace/filebot/backend/venv/lib/python3.12/site-packages/fastapi/applications.py", line 1160, in __call__
    await super().__call__(scope, receive, send)
  File "/home/hongb/.openclaw/workspace/filebot/backend/venv/lib/python3.12/site-packages/starlette/applications.py", line 107, in __call__
    await self.middleware_stack(scope, receive, send)
  File "/home/hongb/.openclaw/workspace/filebot/backend/venv/lib/python3.12/site-packages/starlette/middleware/errors.py", line 186, in __call__
    raise exc
  File "/home/hongb/.openclaw/workspace/filebot/backend/venv/lib/python3.12/site-packages/starlette/middleware/errors.py", line 164, in __call__
    await self.app(scope, receive, _send)
  File "/home/hongb/.openclaw/workspace/filebot/backend/venv/lib/python3.12/site-packages/starlette/middleware/cors.py", line 95, in __call__
    await self.simple_response(scope, receive, send, request_headers=headers)
  File "/home/hongb/.openclaw/workspace/filebot/backend/venv/lib/python3.12/site-packages/starlette/middleware/cors.py", line 153, in simple_response
    await self.app(scope, receive, send)
  File "/home/hongb/.openclaw/workspace/filebot/backend/venv/lib/python3.12/site-packages/starlette/middleware/exceptions.py", line 63, in __call__
    await wrap_app_handling_exceptions(self.app, conn)(scope, receive, send)
  File "/home/hongb/.openclaw/workspace/filebot/backend/venv/lib/python3.12/site-packages/starlette/_exception_handler.py", line 53, in wrapped_app
    raise exc
  File "/home/hongb/.openclaw/workspace/filebot/backend/venv/lib/python3.12/site-packages/starlette/_exception_handler.py", line 42, in wrapped_app
    await app(scope, receive, sender)
  File "/home/hongb/.openclaw/workspace/filebot/backend/venv/lib/python3.12/site-packages/fastapi/middleware/asyncexitstack.py", line 18, in __call__
    await self.app(scope, receive, send)
  File "/home/hongb/.openclaw/workspace/filebot/backend/venv/lib/python3.12/site-packages/starlette/routing.py", line 716, in __call__
    await self.middleware_stack(scope, receive, send)
  File "/home/hongb/.openclaw/workspace/filebot/backend/venv/lib/python3.12/site-packages/starlette/routing.py", line 736, in app
    await route.handle(scope, receive, send)
  File "/home/hongb/.openclaw/workspace/filebot/backend/venv/lib/python3.12/site-packages/starlette/routing.py", line 290, in handle
    await self.app(scope, receive, send)
  File "/home/hongb/.openclaw/workspace/filebot/backend/venv/lib/python3.12/site-packages/fastapi/routing.py", line 130, in app
    await wrap_app_handling_exceptions(app, request)(scope, receive, send)
  File "/home/hongb/.openclaw/workspace/filebot/backend/venv/lib/python3.12/site-packages/starlette/_exception_handler.py", line 53, in wrapped_app
    raise exc
  File "/home/hongb/.openclaw/workspace/filebot/backend/venv/lib/python3.12/site-packages/starlette/_exception_handler.py", line 42, in wrapped_app
    await app(scope, receive, sender)
  File "/home/hongb/.openclaw/workspace/filebot/backend/venv/lib/python3.12/site-packages/fastapi/routing.py", line 116, in app
    response = await f(request)
               ^^^^^^^^^^^^^^^^
  File "/home/hongb/.openclaw/workspace/filebot/backend/venv/lib/python3.12/site-packages/fastapi/routing.py", line 670, in app
    raw_response = await run_endpoint_function(
                   ^^^^^^^^^^^^^^^^^^^^^^^^^^^^
  File "/home/hongb/.openclaw/workspace/filebot/backend/venv/lib/python3.12/site-packages/fastapi/routing.py", line 326, in run_endpoint_function
    return await run_in_threadpool(dependant.call, **values)
           ^^^^^^^^^^^^^^^^^^^^^^^^^^^^^^^^^^^^^^^^^^^^^^^^^
  File "/home/hongb/.openclaw/workspace/filebot/backend/venv/lib/python3.12/site-packages/starlette/concurrency.py", line 32, in run_in_threadpool
    return await anyio.to_thread.run_sync(func)
           ^^^^^^^^^^^^^^^^^^^^^^^^^^^^^^^^^^^^
  File "/home/hongb/.openclaw/workspace/filebot/backend/venv/lib/python3.12/site-packages/anyio/to_thread.py", line 63, in run_sync
    return await get_async_backend().run_sync_in_worker_thread(
           ^^^^^^^^^^^^^^^^^^^^^^^^^^^^^^^^^^^^^^^^^^^^^^^^^^^^
  File "/home/hongb/.openclaw/workspace/filebot/backend/venv/lib/python3.12/site-packages/anyio/_backends/_asyncio.py", line 2502, in run_sync_in_worker_thread
    return await future
           ^^^^^^^^^^^^
  File "/home/hongb/.openclaw/workspace/filebot/backend/venv/lib/python3.12/site-packages/anyio/_backends/_asyncio.py", line 986, in run
    result = context.run(func, *args)
             ^^^^^^^^^^^^^^^^^^^^^^^^
  File "/home/hongb/.openclaw/workspace/filebot/backend/app/routers/documents.py", line 249, in get_documents
    documents = query.offset(skip).limit(limit).all()
                ^^^^^^^^^^^^^^^^^^^^^^^^^^^^^^^^^^^^^
  File "/home/hongb/.openclaw/workspace/filebot/backend/venv/lib/python3.12/site-packages/sqlalchemy/orm/query.py", line 2704, in all
    return self._iter().all()  # type: ignore
           ^^^^^^^^^^^^^^^^^^
  File "/home/hongb/.openclaw/workspace/filebot/backend/venv/lib/python3.12/site-packages/sqlalchemy/engine/result.py", line 1786, in all
    return self._allrows()
           ^^^^^^^^^^^^^^^
  File "/home/hongb/.openclaw/workspace/filebot/backend/venv/lib/python3.12/site-packages/sqlalchemy/engine/result.py", line 560, in _allrows
    rows = self._fetchall_impl()
           ^^^^^^^^^^^^^^^^^^^^^
  File "/home/hongb/.openclaw/workspace/filebot/backend/venv/lib/python3.12/site-packages/sqlalchemy/engine/result.py", line 1693, in _fetchall_impl
    return self._real_result._fetchall_impl()
           ^^^^^^^^^^^^^^^^^^^^^^^^^^^^^^^^^^
  File "/home/hongb/.openclaw/workspace/filebot/backend/venv/lib/python3.12/site-packages/sqlalchemy/engine/result.py", line 2287, in _fetchall_impl
    return list(self.iterator)
           ^^^^^^^^^^^^^^^^^^^
  File "/home/hongb/.openclaw/workspace/filebot/backend/venv/lib/python3.12/site-packages/sqlalchemy/orm/loading.py", line 220, in chunks
    fetch = cursor._raw_all_rows()
            ^^^^^^^^^^^^^^^^^^^^^^
  File "/home/hongb/.openclaw/workspace/filebot/backend/venv/lib/python3.12/site-packages/sqlalchemy/engine/result.py", line 553, in _raw_all_rows
    return [make_row(row) for row in rows]
            ^^^^^^^^^^^^^
  File "lib/sqlalchemy/cyextension/resultproxy.pyx", line 22, in sqlalchemy.cyextension.resultproxy.BaseRow.__init__
  File "lib/sqlalchemy/cyextension/resultproxy.pyx", line 79, in sqlalchemy.cyextension.resultproxy._apply_processors
  File "/home/hongb/.openclaw/workspace/filebot/backend/venv/lib/python3.12/site-packages/sqlalchemy/sql/sqltypes.py", line 1829, in process
    value = self._object_value_for_elem(value)
            ^^^^^^^^^^^^^^^^^^^^^^^^^^^^^^^^^^
  File "/home/hongb/.openclaw/workspace/filebot/backend/venv/lib/python3.12/site-packages/sqlalchemy/sql/sqltypes.py", line 1711, in _object_value_for_elem
    raise LookupError(
LookupError: 'MULTIPAGE' is not among the defined enum values. Enum name: filetype. Possible values: TIFF, PDF, DOC, ..., OTHER
INFO:     127.0.0.1:47668 - "GET /api/v1/documents/ HTTP/1.1" 500 Internal Server Error
ERROR:    Exception in ASGI application
Traceback (most recent call last):
  File "/home/hongb/.openclaw/workspace/filebot/backend/venv/lib/python3.12/site-packages/sqlalchemy/sql/sqltypes.py", line 1709, in _object_value_for_elem
    return self._object_lookup[elem]  # type: ignore[return-value]
           ~~~~~~~~~~~~~~~~~~~^^^^^^
KeyError: 'MULTIPAGE'

The above exception was the direct cause of the following exception:

Traceback (most recent call last):
  File "/home/hongb/.openclaw/workspace/filebot/backend/venv/lib/python3.12/site-packages/uvicorn/protocols/http/h11_impl.py", line 410, in run_asgi
    result = await app(  # type: ignore[func-returns-value]
             ^^^^^^^^^^^^^^^^^^^^^^^^^^^^^^^^^^^^^^^^^^^^^^
  File "/home/hongb/.openclaw/workspace/filebot/backend/venv/lib/python3.12/site-packages/uvicorn/middleware/proxy_headers.py", line 60, in __call__
    return await self.app(scope, receive, send)
           ^^^^^^^^^^^^^^^^^^^^^^^^^^^^^^^^^^^^
  File "/home/hongb/.openclaw/workspace/filebot/backend/venv/lib/python3.12/site-packages/fastapi/applications.py", line 1160, in __call__
    await super().__call__(scope, receive, send)
  File "/home/hongb/.openclaw/workspace/filebot/backend/venv/lib/python3.12/site-packages/starlette/applications.py", line 107, in __call__
    await self.middleware_stack(scope, receive, send)
  File "/home/hongb/.openclaw/workspace/filebot/backend/venv/lib/python3.12/site-packages/starlette/middleware/errors.py", line 186, in __call__
    raise exc
  File "/home/hongb/.openclaw/workspace/filebot/backend/venv/lib/python3.12/site-packages/starlette/middleware/errors.py", line 164, in __call__
    await self.app(scope, receive, _send)
  File "/home/hongb/.openclaw/workspace/filebot/backend/venv/lib/python3.12/site-packages/starlette/middleware/cors.py", line 95, in __call__
    await self.simple_response(scope, receive, send, request_headers=headers)
  File "/home/hongb/.openclaw/workspace/filebot/backend/venv/lib/python3.12/site-packages/starlette/middleware/cors.py", line 153, in simple_response
    await self.app(scope, receive, send)
  File "/home/hongb/.openclaw/workspace/filebot/backend/venv/lib/python3.12/site-packages/starlette/middleware/exceptions.py", line 63, in __call__
    await wrap_app_handling_exceptions(self.app, conn)(scope, receive, send)
  File "/home/hongb/.openclaw/workspace/filebot/backend/venv/lib/python3.12/site-packages/starlette/_exception_handler.py", line 53, in wrapped_app
    raise exc
  File "/home/hongb/.openclaw/workspace/filebot/backend/venv/lib/python3.12/site-packages/starlette/_exception_handler.py", line 42, in wrapped_app
    await app(scope, receive, sender)
  File "/home/hongb/.openclaw/workspace/filebot/backend/venv/lib/python3.12/site-packages/fastapi/middleware/asyncexitstack.py", line 18, in __call__
    await self.app(scope, receive, send)
  File "/home/hongb/.openclaw/workspace/filebot/backend/venv/lib/python3.12/site-packages/starlette/routing.py", line 716, in __call__
    await self.middleware_stack(scope, receive, send)
  File "/home/hongb/.openclaw/workspace/filebot/backend/venv/lib/python3.12/site-packages/starlette/routing.py", line 736, in app
    await route.handle(scope, receive, send)
  File "/home/hongb/.openclaw/workspace/filebot/backend/venv/lib/python3.12/site-packages/starlette/routing.py", line 290, in handle
    await self.app(scope, receive, send)
  File "/home/hongb/.openclaw/workspace/filebot/backend/venv/lib/python3.12/site-packages/fastapi/routing.py", line 130, in app
    await wrap_app_handling_exceptions(app, request)(scope, receive, send)
  File "/home/hongb/.openclaw/workspace/filebot/backend/venv/lib/python3.12/site-packages/starlette/_exception_handler.py", line 53, in wrapped_app
    raise exc
  File "/home/hongb/.openclaw/workspace/filebot/backend/venv/lib/python3.12/site-packages/starlette/_exception_handler.py", line 42, in wrapped_app
    await app(scope, receive, sender)
  File "/home/hongb/.openclaw/workspace/filebot/backend/venv/lib/python3.12/site-packages/fastapi/routing.py", line 116, in app
    response = await f(request)
               ^^^^^^^^^^^^^^^^
  File "/home/hongb/.openclaw/workspace/filebot/backend/venv/lib/python3.12/site-packages/fastapi/routing.py", line 670, in app
    raw_response = await run_endpoint_function(
                   ^^^^^^^^^^^^^^^^^^^^^^^^^^^^
  File "/home/hongb/.openclaw/workspace/filebot/backend/venv/lib/python3.12/site-packages/fastapi/routing.py", line 326, in run_endpoint_function
    return await run_in_threadpool(dependant.call, **values)
           ^^^^^^^^^^^^^^^^^^^^^^^^^^^^^^^^^^^^^^^^^^^^^^^^^
  File "/home/hongb/.openclaw/workspace/filebot/backend/venv/lib/python3.12/site-packages/starlette/concurrency.py", line 32, in run_in_threadpool
    return await anyio.to_thread.run_sync(func)
           ^^^^^^^^^^^^^^^^^^^^^^^^^^^^^^^^^^^^
  File "/home/hongb/.openclaw/workspace/filebot/backend/venv/lib/python3.12/site-packages/anyio/to_thread.py", line 63, in run_sync
    return await get_async_backend().run_sync_in_worker_thread(
           ^^^^^^^^^^^^^^^^^^^^^^^^^^^^^^^^^^^^^^^^^^^^^^^^^^^^
  File "/home/hongb/.openclaw/workspace/filebot/backend/venv/lib/python3.12/site-packages/anyio/_backends/_asyncio.py", line 2502, in run_sync_in_worker_thread
    return await future
           ^^^^^^^^^^^^
  File "/home/hongb/.openclaw/workspace/filebot/backend/venv/lib/python3.12/site-packages/anyio/_backends/_asyncio.py", line 986, in run
    result = context.run(func, *args)
             ^^^^^^^^^^^^^^^^^^^^^^^^
  File "/home/hongb/.openclaw/workspace/filebot/backend/app/routers/documents.py", line 249, in get_documents
    documents = query.offset(skip).limit(limit).all()
                ^^^^^^^^^^^^^^^^^^^^^^^^^^^^^^^^^^^^^
  File "/home/hongb/.openclaw/workspace/filebot/backend/venv/lib/python3.12/site-packages/sqlalchemy/orm/query.py", line 2704, in all
    return self._iter().all()  # type: ignore
           ^^^^^^^^^^^^^^^^^^
  File "/home/hongb/.openclaw/workspace/filebot/backend/venv/lib/python3.12/site-packages/sqlalchemy/engine/result.py", line 1786, in all
    return self._allrows()
           ^^^^^^^^^^^^^^^
  File "/home/hongb/.openclaw/workspace/filebot/backend/venv/lib/python3.12/site-packages/sqlalchemy/engine/result.py", line 560, in _allrows
    rows = self._fetchall_impl()
           ^^^^^^^^^^^^^^^^^^^^^
  File "/home/hongb/.openclaw/workspace/filebot/backend/venv/lib/python3.12/site-packages/sqlalchemy/engine/result.py", line 1693, in _fetchall_impl
    return self._real_result._fetchall_impl()
           ^^^^^^^^^^^^^^^^^^^^^^^^^^^^^^^^^^
  File "/home/hongb/.openclaw/workspace/filebot/backend/venv/lib/python3.12/site-packages/sqlalchemy/engine/result.py", line 2287, in _fetchall_impl
    return list(self.iterator)
           ^^^^^^^^^^^^^^^^^^^
  File "/home/hongb/.openclaw/workspace/filebot/backend/venv/lib/python3.12/site-packages/sqlalchemy/orm/loading.py", line 220, in chunks
    fetch = cursor._raw_all_rows()
            ^^^^^^^^^^^^^^^^^^^^^^
  File "/home/hongb/.openclaw/workspace/filebot/backend/venv/lib/python3.12/site-packages/sqlalchemy/engine/result.py", line 553, in _raw_all_rows
    return [make_row(row) for row in rows]
            ^^^^^^^^^^^^^
  File "lib/sqlalchemy/cyextension/resultproxy.pyx", line 22, in sqlalchemy.cyextension.resultproxy.BaseRow.__init__
  File "lib/sqlalchemy/cyextension/resultproxy.pyx", line 79, in sqlalchemy.cyextension.resultproxy._apply_processors
  File "/home/hongb/.openclaw/workspace/filebot/backend/venv/lib/python3.12/site-packages/sqlalchemy/sql/sqltypes.py", line 1829, in process
    value = self._object_value_for_elem(value)
            ^^^^^^^^^^^^^^^^^^^^^^^^^^^^^^^^^^
  File "/home/hongb/.openclaw/workspace/filebot/backend/venv/lib/python3.12/site-packages/sqlalchemy/sql/sqltypes.py", line 1711, in _object_value_for_elem
    raise LookupError(
LookupError: 'MULTIPAGE' is not among the defined enum values. Enum name: filetype. Possible values: TIFF, PDF, DOC, ..., OTHER
INFO:     127.0.0.1:47678 - "GET /api/v1/documents/ HTTP/1.1" 500 Internal Server Error
ERROR:    Exception in ASGI application
Traceback (most recent call last):
  File "/home/hongb/.openclaw/workspace/filebot/backend/venv/lib/python3.12/site-packages/sqlalchemy/sql/sqltypes.py", line 1709, in _object_value_for_elem
    return self._object_lookup[elem]  # type: ignore[return-value]
           ~~~~~~~~~~~~~~~~~~~^^^^^^
KeyError: 'MULTIPAGE'

The above exception was the direct cause of the following exception:

Traceback (most recent call last):
  File "/home/hongb/.openclaw/workspace/filebot/backend/venv/lib/python3.12/site-packages/uvicorn/protocols/http/h11_impl.py", line 410, in run_asgi
    result = await app(  # type: ignore[func-returns-value]
             ^^^^^^^^^^^^^^^^^^^^^^^^^^^^^^^^^^^^^^^^^^^^^^
  File "/home/hongb/.openclaw/workspace/filebot/backend/venv/lib/python3.12/site-packages/uvicorn/middleware/proxy_headers.py", line 60, in __call__
    return await self.app(scope, receive, send)
           ^^^^^^^^^^^^^^^^^^^^^^^^^^^^^^^^^^^^
  File "/home/hongb/.openclaw/workspace/filebot/backend/venv/lib/python3.12/site-packages/fastapi/applications.py", line 1160, in __call__
    await super().__call__(scope, receive, send)
  File "/home/hongb/.openclaw/workspace/filebot/backend/venv/lib/python3.12/site-packages/starlette/applications.py", line 107, in __call__
    await self.middleware_stack(scope, receive, send)
  File "/home/hongb/.openclaw/workspace/filebot/backend/venv/lib/python3.12/site-packages/starlette/middleware/errors.py", line 186, in __call__
    raise exc
  File "/home/hongb/.openclaw/workspace/filebot/backend/venv/lib/python3.12/site-packages/starlette/middleware/errors.py", line 164, in __call__
    await self.app(scope, receive, _send)
  File "/home/hongb/.openclaw/workspace/filebot/backend/venv/lib/python3.12/site-packages/starlette/middleware/cors.py", line 95, in __call__
    await self.simple_response(scope, receive, send, request_headers=headers)
  File "/home/hongb/.openclaw/workspace/filebot/backend/venv/lib/python3.12/site-packages/starlette/middleware/cors.py", line 153, in simple_response
    await self.app(scope, receive, send)
  File "/home/hongb/.openclaw/workspace/filebot/backend/venv/lib/python3.12/site-packages/starlette/middleware/exceptions.py", line 63, in __call__
    await wrap_app_handling_exceptions(self.app, conn)(scope, receive, send)
  File "/home/hongb/.openclaw/workspace/filebot/backend/venv/lib/python3.12/site-packages/starlette/_exception_handler.py", line 53, in wrapped_app
    raise exc
  File "/home/hongb/.openclaw/workspace/filebot/backend/venv/lib/python3.12/site-packages/starlette/_exception_handler.py", line 42, in wrapped_app
    await app(scope, receive, sender)
  File "/home/hongb/.openclaw/workspace/filebot/backend/venv/lib/python3.12/site-packages/fastapi/middleware/asyncexitstack.py", line 18, in __call__
    await self.app(scope, receive, send)
  File "/home/hongb/.openclaw/workspace/filebot/backend/venv/lib/python3.12/site-packages/starlette/routing.py", line 716, in __call__
    await self.middleware_stack(scope, receive, send)
  File "/home/hongb/.openclaw/workspace/filebot/backend/venv/lib/python3.12/site-packages/starlette/routing.py", line 736, in app
    await route.handle(scope, receive, send)
  File "/home/hongb/.openclaw/workspace/filebot/backend/venv/lib/python3.12/site-packages/starlette/routing.py", line 290, in handle
    await self.app(scope, receive, send)
  File "/home/hongb/.openclaw/workspace/filebot/backend/venv/lib/python3.12/site-packages/fastapi/routing.py", line 130, in app
    await wrap_app_handling_exceptions(app, request)(scope, receive, send)
  File "/home/hongb/.openclaw/workspace/filebot/backend/venv/lib/python3.12/site-packages/starlette/_exception_handler.py", line 53, in wrapped_app
    raise exc
  File "/home/hongb/.openclaw/workspace/filebot/backend/venv/lib/python3.12/site-packages/starlette/_exception_handler.py", line 42, in wrapped_app
    await app(scope, receive, sender)
  File "/home/hongb/.openclaw/workspace/filebot/backend/venv/lib/python3.12/site-packages/fastapi/routing.py", line 116, in app
    response = await f(request)
               ^^^^^^^^^^^^^^^^
  File "/home/hongb/.openclaw/workspace/filebot/backend/venv/lib/python3.12/site-packages/fastapi/routing.py", line 670, in app
    raw_response = await run_endpoint_function(
                   ^^^^^^^^^^^^^^^^^^^^^^^^^^^^
  File "/home/hongb/.openclaw/workspace/filebot/backend/venv/lib/python3.12/site-packages/fastapi/routing.py", line 326, in run_endpoint_function
    return await run_in_threadpool(dependant.call, **values)
           ^^^^^^^^^^^^^^^^^^^^^^^^^^^^^^^^^^^^^^^^^^^^^^^^^
  File "/home/hongb/.openclaw/workspace/filebot/backend/venv/lib/python3.12/site-packages/starlette/concurrency.py", line 32, in run_in_threadpool
    return await anyio.to_thread.run_sync(func)
           ^^^^^^^^^^^^^^^^^^^^^^^^^^^^^^^^^^^^
  File "/home/hongb/.openclaw/workspace/filebot/backend/venv/lib/python3.12/site-packages/anyio/to_thread.py", line 63, in run_sync
    return await get_async_backend().run_sync_in_worker_thread(
           ^^^^^^^^^^^^^^^^^^^^^^^^^^^^^^^^^^^^^^^^^^^^^^^^^^^^
  File "/home/hongb/.openclaw/workspace/filebot/backend/venv/lib/python3.12/site-packages/anyio/_backends/_asyncio.py", line 2502, in run_sync_in_worker_thread
    return await future
           ^^^^^^^^^^^^
  File "/home/hongb/.openclaw/workspace/filebot/backend/venv/lib/python3.12/site-packages/anyio/_backends/_asyncio.py", line 986, in run
    result = context.run(func, *args)
             ^^^^^^^^^^^^^^^^^^^^^^^^
  File "/home/hongb/.openclaw/workspace/filebot/backend/app/routers/documents.py", line 249, in get_documents
    documents = query.offset(skip).limit(limit).all()
                ^^^^^^^^^^^^^^^^^^^^^^^^^^^^^^^^^^^^^
  File "/home/hongb/.openclaw/workspace/filebot/backend/venv/lib/python3.12/site-packages/sqlalchemy/orm/query.py", line 2704, in all
    return self._iter().all()  # type: ignore
           ^^^^^^^^^^^^^^^^^^
  File "/home/hongb/.openclaw/workspace/filebot/backend/venv/lib/python3.12/site-packages/sqlalchemy/engine/result.py", line 1786, in all
    return self._allrows()
           ^^^^^^^^^^^^^^^
  File "/home/hongb/.openclaw/workspace/filebot/backend/venv/lib/python3.12/site-packages/sqlalchemy/engine/result.py", line 560, in _allrows
    rows = self._fetchall_impl()
           ^^^^^^^^^^^^^^^^^^^^^
  File "/home/hongb/.openclaw/workspace/filebot/backend/venv/lib/python3.12/site-packages/sqlalchemy/engine/result.py", line 1693, in _fetchall_impl
    return self._real_result._fetchall_impl()
           ^^^^^^^^^^^^^^^^^^^^^^^^^^^^^^^^^^
  File "/home/hongb/.openclaw/workspace/filebot/backend/venv/lib/python3.12/site-packages/sqlalchemy/engine/result.py", line 2287, in _fetchall_impl
    return list(self.iterator)
           ^^^^^^^^^^^^^^^^^^^
  File "/home/hongb/.openclaw/workspace/filebot/backend/venv/lib/python3.12/site-packages/sqlalchemy/orm/loading.py", line 220, in chunks
    fetch = cursor._raw_all_rows()
            ^^^^^^^^^^^^^^^^^^^^^^
  File "/home/hongb/.openclaw/workspace/filebot/backend/venv/lib/python3.12/site-packages/sqlalchemy/engine/result.py", line 553, in _raw_all_rows
    return [make_row(row) for row in rows]
            ^^^^^^^^^^^^^
  File "lib/sqlalchemy/cyextension/resultproxy.pyx", line 22, in sqlalchemy.cyextension.resultproxy.BaseRow.__init__
  File "lib/sqlalchemy/cyextension/resultproxy.pyx", line 79, in sqlalchemy.cyextension.resultproxy._apply_processors
  File "/home/hongb/.openclaw/workspace/filebot/backend/venv/lib/python3.12/site-packages/sqlalchemy/sql/sqltypes.py", line 1829, in process
    value = self._object_value_for_elem(value)
            ^^^^^^^^^^^^^^^^^^^^^^^^^^^^^^^^^^
  File "/home/hongb/.openclaw/workspace/filebot/backend/venv/lib/python3.12/site-packages/sqlalchemy/sql/sqltypes.py", line 1711, in _object_value_for_elem
    raise LookupError(
LookupError: 'MULTIPAGE' is not among the defined enum values. Enum name: filetype. Possible values: TIFF, PDF, DOC, ..., OTHER
INFO:     127.0.0.1:47688 - "GET /api/v1/documents/ HTTP/1.1" 500 Internal Server Error
ERROR:    Exception in ASGI application
Traceback (most recent call last):
  File "/home/hongb/.openclaw/workspace/filebot/backend/venv/lib/python3.12/site-packages/sqlalchemy/sql/sqltypes.py", line 1709, in _object_value_for_elem
    return self._object_lookup[elem]  # type: ignore[return-value]
           ~~~~~~~~~~~~~~~~~~~^^^^^^
KeyError: 'MULTIPAGE'

The above exception was the direct cause of the following exception:

Traceback (most recent call last):
  File "/home/hongb/.openclaw/workspace/filebot/backend/venv/lib/python3.12/site-packages/uvicorn/protocols/http/h11_impl.py", line 410, in run_asgi
    result = await app(  # type: ignore[func-returns-value]
             ^^^^^^^^^^^^^^^^^^^^^^^^^^^^^^^^^^^^^^^^^^^^^^
  File "/home/hongb/.openclaw/workspace/filebot/backend/venv/lib/python3.12/site-packages/uvicorn/middleware/proxy_headers.py", line 60, in __call__
    return await self.app(scope, receive, send)
           ^^^^^^^^^^^^^^^^^^^^^^^^^^^^^^^^^^^^
  File "/home/hongb/.openclaw/workspace/filebot/backend/venv/lib/python3.12/site-packages/fastapi/applications.py", line 1160, in __call__
    await super().__call__(scope, receive, send)
  File "/home/hongb/.openclaw/workspace/filebot/backend/venv/lib/python3.12/site-packages/starlette/applications.py", line 107, in __call__
    await self.middleware_stack(scope, receive, send)
  File "/home/hongb/.openclaw/workspace/filebot/backend/venv/lib/python3.12/site-packages/starlette/middleware/errors.py", line 186, in __call__
    raise exc
  File "/home/hongb/.openclaw/workspace/filebot/backend/venv/lib/python3.12/site-packages/starlette/middleware/errors.py", line 164, in __call__
    await self.app(scope, receive, _send)
  File "/home/hongb/.openclaw/workspace/filebot/backend/venv/lib/python3.12/site-packages/starlette/middleware/cors.py", line 95, in __call__
    await self.simple_response(scope, receive, send, request_headers=headers)
  File "/home/hongb/.openclaw/workspace/filebot/backend/venv/lib/python3.12/site-packages/starlette/middleware/cors.py", line 153, in simple_response
    await self.app(scope, receive, send)
  File "/home/hongb/.openclaw/workspace/filebot/backend/venv/lib/python3.12/site-packages/starlette/middleware/exceptions.py", line 63, in __call__
    await wrap_app_handling_exceptions(self.app, conn)(scope, receive, send)
  File "/home/hongb/.openclaw/workspace/filebot/backend/venv/lib/python3.12/site-packages/starlette/_exception_handler.py", line 53, in wrapped_app
    raise exc
  File "/home/hongb/.openclaw/workspace/filebot/backend/venv/lib/python3.12/site-packages/starlette/_exception_handler.py", line 42, in wrapped_app
    await app(scope, receive, sender)
  File "/home/hongb/.openclaw/workspace/filebot/backend/venv/lib/python3.12/site-packages/fastapi/middleware/asyncexitstack.py", line 18, in __call__
    await self.app(scope, receive, send)
  File "/home/hongb/.openclaw/workspace/filebot/backend/venv/lib/python3.12/site-packages/starlette/routing.py", line 716, in __call__
    await self.middleware_stack(scope, receive, send)
  File "/home/hongb/.openclaw/workspace/filebot/backend/venv/lib/python3.12/site-packages/starlette/routing.py", line 736, in app
    await route.handle(scope, receive, send)
  File "/home/hongb/.openclaw/workspace/filebot/backend/venv/lib/python3.12/site-packages/starlette/routing.py", line 290, in handle
    await self.app(scope, receive, send)
  File "/home/hongb/.openclaw/workspace/filebot/backend/venv/lib/python3.12/site-packages/fastapi/routing.py", line 130, in app
    await wrap_app_handling_exceptions(app, request)(scope, receive, send)
  File "/home/hongb/.openclaw/workspace/filebot/backend/venv/lib/python3.12/site-packages/starlette/_exception_handler.py", line 53, in wrapped_app
    raise exc
  File "/home/hongb/.openclaw/workspace/filebot/backend/venv/lib/python3.12/site-packages/starlette/_exception_handler.py", line 42, in wrapped_app
    await app(scope, receive, sender)
  File "/home/hongb/.openclaw/workspace/filebot/backend/venv/lib/python3.12/site-packages/fastapi/routing.py", line 116, in app
    response = await f(request)
               ^^^^^^^^^^^^^^^^
  File "/home/hongb/.openclaw/workspace/filebot/backend/venv/lib/python3.12/site-packages/fastapi/routing.py", line 670, in app
    raw_response = await run_endpoint_function(
                   ^^^^^^^^^^^^^^^^^^^^^^^^^^^^
  File "/home/hongb/.openclaw/workspace/filebot/backend/venv/lib/python3.12/site-packages/fastapi/routing.py", line 326, in run_endpoint_function
    return await run_in_threadpool(dependant.call, **values)
           ^^^^^^^^^^^^^^^^^^^^^^^^^^^^^^^^^^^^^^^^^^^^^^^^^
  File "/home/hongb/.openclaw/workspace/filebot/backend/venv/lib/python3.12/site-packages/starlette/concurrency.py", line 32, in run_in_threadpool
    return await anyio.to_thread.run_sync(func)
           ^^^^^^^^^^^^^^^^^^^^^^^^^^^^^^^^^^^^
  File "/home/hongb/.openclaw/workspace/filebot/backend/venv/lib/python3.12/site-packages/anyio/to_thread.py", line 63, in run_sync
    return await get_async_backend().run_sync_in_worker_thread(
           ^^^^^^^^^^^^^^^^^^^^^^^^^^^^^^^^^^^^^^^^^^^^^^^^^^^^
  File "/home/hongb/.openclaw/workspace/filebot/backend/venv/lib/python3.12/site-packages/anyio/_backends/_asyncio.py", line 2502, in run_sync_in_worker_thread
    return await future
           ^^^^^^^^^^^^
  File "/home/hongb/.openclaw/workspace/filebot/backend/venv/lib/python3.12/site-packages/anyio/_backends/_asyncio.py", line 986, in run
    result = context.run(func, *args)
             ^^^^^^^^^^^^^^^^^^^^^^^^
  File "/home/hongb/.openclaw/workspace/filebot/backend/app/routers/documents.py", line 249, in get_documents
    documents = query.offset(skip).limit(limit).all()
                ^^^^^^^^^^^^^^^^^^^^^^^^^^^^^^^^^^^^^
  File "/home/hongb/.openclaw/workspace/filebot/backend/venv/lib/python3.12/site-packages/sqlalchemy/orm/query.py", line 2704, in all
    return self._iter().all()  # type: ignore
           ^^^^^^^^^^^^^^^^^^
  File "/home/hongb/.openclaw/workspace/filebot/backend/venv/lib/python3.12/site-packages/sqlalchemy/engine/result.py", line 1786, in all
    return self._allrows()
           ^^^^^^^^^^^^^^^
  File "/home/hongb/.openclaw/workspace/filebot/backend/venv/lib/python3.12/site-packages/sqlalchemy/engine/result.py", line 560, in _allrows
    rows = self._fetchall_impl()
           ^^^^^^^^^^^^^^^^^^^^^
  File "/home/hongb/.openclaw/workspace/filebot/backend/venv/lib/python3.12/site-packages/sqlalchemy/engine/result.py", line 1693, in _fetchall_impl
    return self._real_result._fetchall_impl()
           ^^^^^^^^^^^^^^^^^^^^^^^^^^^^^^^^^^
  File "/home/hongb/.openclaw/workspace/filebot/backend/venv/lib/python3.12/site-packages/sqlalchemy/engine/result.py", line 2287, in _fetchall_impl
    return list(self.iterator)
           ^^^^^^^^^^^^^^^^^^^
  File "/home/hongb/.openclaw/workspace/filebot/backend/venv/lib/python3.12/site-packages/sqlalchemy/orm/loading.py", line 220, in chunks
    fetch = cursor._raw_all_rows()
            ^^^^^^^^^^^^^^^^^^^^^^
  File "/home/hongb/.openclaw/workspace/filebot/backend/venv/lib/python3.12/site-packages/sqlalchemy/engine/result.py", line 553, in _raw_all_rows
    return [make_row(row) for row in rows]
            ^^^^^^^^^^^^^
  File "lib/sqlalchemy/cyextension/resultproxy.pyx", line 22, in sqlalchemy.cyextension.resultproxy.BaseRow.__init__
  File "lib/sqlalchemy/cyextension/resultproxy.pyx", line 79, in sqlalchemy.cyextension.resultproxy._apply_processors
  File "/home/hongb/.openclaw/workspace/filebot/backend/venv/lib/python3.12/site-packages/sqlalchemy/sql/sqltypes.py", line 1829, in process
    value = self._object_value_for_elem(value)
            ^^^^^^^^^^^^^^^^^^^^^^^^^^^^^^^^^^
  File "/home/hongb/.openclaw/workspace/filebot/backend/venv/lib/python3.12/site-packages/sqlalchemy/sql/sqltypes.py", line 1711, in _object_value_for_elem
    raise LookupError(
LookupError: 'MULTIPAGE' is not among the defined enum values. Enum name: filetype. Possible values: TIFF, PDF, DOC, ..., OTHER
INFO:     127.0.0.1:47690 - "GET /api/v1/documents/ HTTP/1.1" 500 Internal Server Error
ERROR:    Exception in ASGI application
Traceback (most recent call last):
  File "/home/hongb/.openclaw/workspace/filebot/backend/venv/lib/python3.12/site-packages/sqlalchemy/sql/sqltypes.py", line 1709, in _object_value_for_elem
    return self._object_lookup[elem]  # type: ignore[return-value]
           ~~~~~~~~~~~~~~~~~~~^^^^^^
KeyError: 'MULTIPAGE'

The above exception was the direct cause of the following exception:

Traceback (most recent call last):
  File "/home/hongb/.openclaw/workspace/filebot/backend/venv/lib/python3.12/site-packages/uvicorn/protocols/http/h11_impl.py", line 410, in run_asgi
    result = await app(  # type: ignore[func-returns-value]
             ^^^^^^^^^^^^^^^^^^^^^^^^^^^^^^^^^^^^^^^^^^^^^^
  File "/home/hongb/.openclaw/workspace/filebot/backend/venv/lib/python3.12/site-packages/uvicorn/middleware/proxy_headers.py", line 60, in __call__
    return await self.app(scope, receive, send)
           ^^^^^^^^^^^^^^^^^^^^^^^^^^^^^^^^^^^^
  File "/home/hongb/.openclaw/workspace/filebot/backend/venv/lib/python3.12/site-packages/fastapi/applications.py", line 1160, in __call__
    await super().__call__(scope, receive, send)
  File "/home/hongb/.openclaw/workspace/filebot/backend/venv/lib/python3.12/site-packages/starlette/applications.py", line 107, in __call__
    await self.middleware_stack(scope, receive, send)
  File "/home/hongb/.openclaw/workspace/filebot/backend/venv/lib/python3.12/site-packages/starlette/middleware/errors.py", line 186, in __call__
    raise exc
  File "/home/hongb/.openclaw/workspace/filebot/backend/venv/lib/python3.12/site-packages/starlette/middleware/errors.py", line 164, in __call__
    await self.app(scope, receive, _send)
  File "/home/hongb/.openclaw/workspace/filebot/backend/venv/lib/python3.12/site-packages/starlette/middleware/cors.py", line 95, in __call__
    await self.simple_response(scope, receive, send, request_headers=headers)
  File "/home/hongb/.openclaw/workspace/filebot/backend/venv/lib/python3.12/site-packages/starlette/middleware/cors.py", line 153, in simple_response
    await self.app(scope, receive, send)
  File "/home/hongb/.openclaw/workspace/filebot/backend/venv/lib/python3.12/site-packages/starlette/middleware/exceptions.py", line 63, in __call__
    await wrap_app_handling_exceptions(self.app, conn)(scope, receive, send)
  File "/home/hongb/.openclaw/workspace/filebot/backend/venv/lib/python3.12/site-packages/starlette/_exception_handler.py", line 53, in wrapped_app
    raise exc
  File "/home/hongb/.openclaw/workspace/filebot/backend/venv/lib/python3.12/site-packages/starlette/_exception_handler.py", line 42, in wrapped_app
    await app(scope, receive, sender)
  File "/home/hongb/.openclaw/workspace/filebot/backend/venv/lib/python3.12/site-packages/fastapi/middleware/asyncexitstack.py", line 18, in __call__
    await self.app(scope, receive, send)
  File "/home/hongb/.openclaw/workspace/filebot/backend/venv/lib/python3.12/site-packages/starlette/routing.py", line 716, in __call__
    await self.middleware_stack(scope, receive, send)
  File "/home/hongb/.openclaw/workspace/filebot/backend/venv/lib/python3.12/site-packages/starlette/routing.py", line 736, in app
    await route.handle(scope, receive, send)
  File "/home/hongb/.openclaw/workspace/filebot/backend/venv/lib/python3.12/site-packages/starlette/routing.py", line 290, in handle
    await self.app(scope, receive, send)
  File "/home/hongb/.openclaw/workspace/filebot/backend/venv/lib/python3.12/site-packages/fastapi/routing.py", line 130, in app
    await wrap_app_handling_exceptions(app, request)(scope, receive, send)
  File "/home/hongb/.openclaw/workspace/filebot/backend/venv/lib/python3.12/site-packages/starlette/_exception_handler.py", line 53, in wrapped_app
    raise exc
  File "/home/hongb/.openclaw/workspace/filebot/backend/venv/lib/python3.12/site-packages/starlette/_exception_handler.py", line 42, in wrapped_app
    await app(scope, receive, sender)
  File "/home/hongb/.openclaw/workspace/filebot/backend/venv/lib/python3.12/site-packages/fastapi/routing.py", line 116, in app
    response = await f(request)
               ^^^^^^^^^^^^^^^^
  File "/home/hongb/.openclaw/workspace/filebot/backend/venv/lib/python3.12/site-packages/fastapi/routing.py", line 670, in app
    raw_response = await run_endpoint_function(
                   ^^^^^^^^^^^^^^^^^^^^^^^^^^^^
  File "/home/hongb/.openclaw/workspace/filebot/backend/venv/lib/python3.12/site-packages/fastapi/routing.py", line 326, in run_endpoint_function
    return await run_in_threadpool(dependant.call, **values)
           ^^^^^^^^^^^^^^^^^^^^^^^^^^^^^^^^^^^^^^^^^^^^^^^^^
  File "/home/hongb/.openclaw/workspace/filebot/backend/venv/lib/python3.12/site-packages/starlette/concurrency.py", line 32, in run_in_threadpool
    return await anyio.to_thread.run_sync(func)
           ^^^^^^^^^^^^^^^^^^^^^^^^^^^^^^^^^^^^
  File "/home/hongb/.openclaw/workspace/filebot/backend/venv/lib/python3.12/site-packages/anyio/to_thread.py", line 63, in run_sync
    return await get_async_backend().run_sync_in_worker_thread(
           ^^^^^^^^^^^^^^^^^^^^^^^^^^^^^^^^^^^^^^^^^^^^^^^^^^^^
  File "/home/hongb/.openclaw/workspace/filebot/backend/venv/lib/python3.12/site-packages/anyio/_backends/_asyncio.py", line 2502, in run_sync_in_worker_thread
    return await future
           ^^^^^^^^^^^^
  File "/home/hongb/.openclaw/workspace/filebot/backend/venv/lib/python3.12/site-packages/anyio/_backends/_asyncio.py", line 986, in run
    result = context.run(func, *args)
             ^^^^^^^^^^^^^^^^^^^^^^^^
  File "/home/hongb/.openclaw/workspace/filebot/backend/app/routers/documents.py", line 249, in get_documents
    documents = query.offset(skip).limit(limit).all()
                ^^^^^^^^^^^^^^^^^^^^^^^^^^^^^^^^^^^^^
  File "/home/hongb/.openclaw/workspace/filebot/backend/venv/lib/python3.12/site-packages/sqlalchemy/orm/query.py", line 2704, in all
    return self._iter().all()  # type: ignore
           ^^^^^^^^^^^^^^^^^^
  File "/home/hongb/.openclaw/workspace/filebot/backend/venv/lib/python3.12/site-packages/sqlalchemy/engine/result.py", line 1786, in all
    return self._allrows()
           ^^^^^^^^^^^^^^^
  File "/home/hongb/.openclaw/workspace/filebot/backend/venv/lib/python3.12/site-packages/sqlalchemy/engine/result.py", line 560, in _allrows
    rows = self._fetchall_impl()
           ^^^^^^^^^^^^^^^^^^^^^
  File "/home/hongb/.openclaw/workspace/filebot/backend/venv/lib/python3.12/site-packages/sqlalchemy/engine/result.py", line 1693, in _fetchall_impl
    return self._real_result._fetchall_impl()
           ^^^^^^^^^^^^^^^^^^^^^^^^^^^^^^^^^^
  File "/home/hongb/.openclaw/workspace/filebot/backend/venv/lib/python3.12/site-packages/sqlalchemy/engine/result.py", line 2287, in _fetchall_impl
    return list(self.iterator)
           ^^^^^^^^^^^^^^^^^^^
  File "/home/hongb/.openclaw/workspace/filebot/backend/venv/lib/python3.12/site-packages/sqlalchemy/orm/loading.py", line 220, in chunks
    fetch = cursor._raw_all_rows()
            ^^^^^^^^^^^^^^^^^^^^^^
  File "/home/hongb/.openclaw/workspace/filebot/backend/venv/lib/python3.12/site-packages/sqlalchemy/engine/result.py", line 553, in _raw_all_rows
    return [make_row(row) for row in rows]
            ^^^^^^^^^^^^^
  File "lib/sqlalchemy/cyextension/resultproxy.pyx", line 22, in sqlalchemy.cyextension.resultproxy.BaseRow.__init__
  File "lib/sqlalchemy/cyextension/resultproxy.pyx", line 79, in sqlalchemy.cyextension.resultproxy._apply_processors
  File "/home/hongb/.openclaw/workspace/filebot/backend/venv/lib/python3.12/site-packages/sqlalchemy/sql/sqltypes.py", line 1829, in process
    value = self._object_value_for_elem(value)
            ^^^^^^^^^^^^^^^^^^^^^^^^^^^^^^^^^^
  File "/home/hongb/.openclaw/workspace/filebot/backend/venv/lib/python3.12/site-packages/sqlalchemy/sql/sqltypes.py", line 1711, in _object_value_for_elem
    raise LookupError(
LookupError: 'MULTIPAGE' is not among the defined enum values. Enum name: filetype. Possible values: TIFF, PDF, DOC, ..., OTHER
INFO:     127.0.0.1:47692 - "GET /api/v1/documents/ HTTP/1.1" 500 Internal Server Error
ERROR:    Exception in ASGI application
Traceback (most recent call last):
  File "/home/hongb/.openclaw/workspace/filebot/backend/venv/lib/python3.12/site-packages/sqlalchemy/sql/sqltypes.py", line 1709, in _object_value_for_elem
    return self._object_lookup[elem]  # type: ignore[return-value]
           ~~~~~~~~~~~~~~~~~~~^^^^^^
KeyError: 'MULTIPAGE'

The above exception was the direct cause of the following exception:

Traceback (most recent call last):
  File "/home/hongb/.openclaw/workspace/filebot/backend/venv/lib/python3.12/site-packages/uvicorn/protocols/http/h11_impl.py", line 410, in run_asgi
    result = await app(  # type: ignore[func-returns-value]
             ^^^^^^^^^^^^^^^^^^^^^^^^^^^^^^^^^^^^^^^^^^^^^^
  File "/home/hongb/.openclaw/workspace/filebot/backend/venv/lib/python3.12/site-packages/uvicorn/middleware/proxy_headers.py", line 60, in __call__
    return await self.app(scope, receive, send)
           ^^^^^^^^^^^^^^^^^^^^^^^^^^^^^^^^^^^^
  File "/home/hongb/.openclaw/workspace/filebot/backend/venv/lib/python3.12/site-packages/fastapi/applications.py", line 1160, in __call__
    await super().__call__(scope, receive, send)
  File "/home/hongb/.openclaw/workspace/filebot/backend/venv/lib/python3.12/site-packages/starlette/applications.py", line 107, in __call__
    await self.middleware_stack(scope, receive, send)
  File "/home/hongb/.openclaw/workspace/filebot/backend/venv/lib/python3.12/site-packages/starlette/middleware/errors.py", line 186, in __call__
    raise exc
  File "/home/hongb/.openclaw/workspace/filebot/backend/venv/lib/python3.12/site-packages/starlette/middleware/errors.py", line 164, in __call__
    await self.app(scope, receive, _send)
  File "/home/hongb/.openclaw/workspace/filebot/backend/venv/lib/python3.12/site-packages/starlette/middleware/cors.py", line 95, in __call__
    await self.simple_response(scope, receive, send, request_headers=headers)
  File "/home/hongb/.openclaw/workspace/filebot/backend/venv/lib/python3.12/site-packages/starlette/middleware/cors.py", line 153, in simple_response
    await self.app(scope, receive, send)
  File "/home/hongb/.openclaw/workspace/filebot/backend/venv/lib/python3.12/site-packages/starlette/middleware/exceptions.py", line 63, in __call__
    await wrap_app_handling_exceptions(self.app, conn)(scope, receive, send)
  File "/home/hongb/.openclaw/workspace/filebot/backend/venv/lib/python3.12/site-packages/starlette/_exception_handler.py", line 53, in wrapped_app
    raise exc
  File "/home/hongb/.openclaw/workspace/filebot/backend/venv/lib/python3.12/site-packages/starlette/_exception_handler.py", line 42, in wrapped_app
    await app(scope, receive, sender)
  File "/home/hongb/.openclaw/workspace/filebot/backend/venv/lib/python3.12/site-packages/fastapi/middleware/asyncexitstack.py", line 18, in __call__
    await self.app(scope, receive, send)
  File "/home/hongb/.openclaw/workspace/filebot/backend/venv/lib/python3.12/site-packages/starlette/routing.py", line 716, in __call__
    await self.middleware_stack(scope, receive, send)
  File "/home/hongb/.openclaw/workspace/filebot/backend/venv/lib/python3.12/site-packages/starlette/routing.py", line 736, in app
    await route.handle(scope, receive, send)
  File "/home/hongb/.openclaw/workspace/filebot/backend/venv/lib/python3.12/site-packages/starlette/routing.py", line 290, in handle
    await self.app(scope, receive, send)
  File "/home/hongb/.openclaw/workspace/filebot/backend/venv/lib/python3.12/site-packages/fastapi/routing.py", line 130, in app
    await wrap_app_handling_exceptions(app, request)(scope, receive, send)
  File "/home/hongb/.openclaw/workspace/filebot/backend/venv/lib/python3.12/site-packages/starlette/_exception_handler.py", line 53, in wrapped_app
    raise exc
  File "/home/hongb/.openclaw/workspace/filebot/backend/venv/lib/python3.12/site-packages/starlette/_exception_handler.py", line 42, in wrapped_app
    await app(scope, receive, sender)
  File "/home/hongb/.openclaw/workspace/filebot/backend/venv/lib/python3.12/site-packages/fastapi/routing.py", line 116, in app
    response = await f(request)
               ^^^^^^^^^^^^^^^^
  File "/home/hongb/.openclaw/workspace/filebot/backend/venv/lib/python3.12/site-packages/fastapi/routing.py", line 670, in app
    raw_response = await run_endpoint_function(
                   ^^^^^^^^^^^^^^^^^^^^^^^^^^^^
  File "/home/hongb/.openclaw/workspace/filebot/backend/venv/lib/python3.12/site-packages/fastapi/routing.py", line 326, in run_endpoint_function
    return await run_in_threadpool(dependant.call, **values)
           ^^^^^^^^^^^^^^^^^^^^^^^^^^^^^^^^^^^^^^^^^^^^^^^^^
  File "/home/hongb/.openclaw/workspace/filebot/backend/venv/lib/python3.12/site-packages/starlette/concurrency.py", line 32, in run_in_threadpool
    return await anyio.to_thread.run_sync(func)
           ^^^^^^^^^^^^^^^^^^^^^^^^^^^^^^^^^^^^
  File "/home/hongb/.openclaw/workspace/filebot/backend/venv/lib/python3.12/site-packages/anyio/to_thread.py", line 63, in run_sync
    return await get_async_backend().run_sync_in_worker_thread(
           ^^^^^^^^^^^^^^^^^^^^^^^^^^^^^^^^^^^^^^^^^^^^^^^^^^^^
  File "/home/hongb/.openclaw/workspace/filebot/backend/venv/lib/python3.12/site-packages/anyio/_backends/_asyncio.py", line 2502, in run_sync_in_worker_thread
    return await future
           ^^^^^^^^^^^^
  File "/home/hongb/.openclaw/workspace/filebot/backend/venv/lib/python3.12/site-packages/anyio/_backends/_asyncio.py", line 986, in run
    result = context.run(func, *args)
             ^^^^^^^^^^^^^^^^^^^^^^^^
  File "/home/hongb/.openclaw/workspace/filebot/backend/app/routers/documents.py", line 249, in get_documents
    documents = query.offset(skip).limit(limit).all()
                ^^^^^^^^^^^^^^^^^^^^^^^^^^^^^^^^^^^^^
  File "/home/hongb/.openclaw/workspace/filebot/backend/venv/lib/python3.12/site-packages/sqlalchemy/orm/query.py", line 2704, in all
    return self._iter().all()  # type: ignore
           ^^^^^^^^^^^^^^^^^^
  File "/home/hongb/.openclaw/workspace/filebot/backend/venv/lib/python3.12/site-packages/sqlalchemy/engine/result.py", line 1786, in all
    return self._allrows()
           ^^^^^^^^^^^^^^^
  File "/home/hongb/.openclaw/workspace/filebot/backend/venv/lib/python3.12/site-packages/sqlalchemy/engine/result.py", line 560, in _allrows
    rows = self._fetchall_impl()
           ^^^^^^^^^^^^^^^^^^^^^
  File "/home/hongb/.openclaw/workspace/filebot/backend/venv/lib/python3.12/site-packages/sqlalchemy/engine/result.py", line 1693, in _fetchall_impl
    return self._real_result._fetchall_impl()
           ^^^^^^^^^^^^^^^^^^^^^^^^^^^^^^^^^^
  File "/home/hongb/.openclaw/workspace/filebot/backend/venv/lib/python3.12/site-packages/sqlalchemy/engine/result.py", line 2287, in _fetchall_impl
    return list(self.iterator)
           ^^^^^^^^^^^^^^^^^^^
  File "/home/hongb/.openclaw/workspace/filebot/backend/venv/lib/python3.12/site-packages/sqlalchemy/orm/loading.py", line 220, in chunks
    fetch = cursor._raw_all_rows()
            ^^^^^^^^^^^^^^^^^^^^^^
  File "/home/hongb/.openclaw/workspace/filebot/backend/venv/lib/python3.12/site-packages/sqlalchemy/engine/result.py", line 553, in _raw_all_rows
    return [make_row(row) for row in rows]
            ^^^^^^^^^^^^^
  File "lib/sqlalchemy/cyextension/resultproxy.pyx", line 22, in sqlalchemy.cyextension.resultproxy.BaseRow.__init__
  File "lib/sqlalchemy/cyextension/resultproxy.pyx", line 79, in sqlalchemy.cyextension.resultproxy._apply_processors
  File "/home/hongb/.openclaw/workspace/filebot/backend/venv/lib/python3.12/site-packages/sqlalchemy/sql/sqltypes.py", line 1829, in process
    value = self._object_value_for_elem(value)
            ^^^^^^^^^^^^^^^^^^^^^^^^^^^^^^^^^^
  File "/home/hongb/.openclaw/workspace/filebot/backend/venv/lib/python3.12/site-packages/sqlalchemy/sql/sqltypes.py", line 1711, in _object_value_for_elem
    raise LookupError(
LookupError: 'MULTIPAGE' is not among the defined enum values. Enum name: filetype. Possible values: TIFF, PDF, DOC, ..., OTHER
INFO:     127.0.0.1:48992 - "GET /api/v1/documents/ HTTP/1.1" 500 Internal Server Error
ERROR:    Exception in ASGI application
Traceback (most recent call last):
  File "/home/hongb/.openclaw/workspace/filebot/backend/venv/lib/python3.12/site-packages/sqlalchemy/sql/sqltypes.py", line 1709, in _object_value_for_elem
    return self._object_lookup[elem]  # type: ignore[return-value]
           ~~~~~~~~~~~~~~~~~~~^^^^^^
KeyError: 'MULTIPAGE'

The above exception was the direct cause of the following exception:

Traceback (most recent call last):
  File "/home/hongb/.openclaw/workspace/filebot/backend/venv/lib/python3.12/site-packages/uvicorn/protocols/http/h11_impl.py", line 410, in run_asgi
    result = await app(  # type: ignore[func-returns-value]
             ^^^^^^^^^^^^^^^^^^^^^^^^^^^^^^^^^^^^^^^^^^^^^^
  File "/home/hongb/.openclaw/workspace/filebot/backend/venv/lib/python3.12/site-packages/uvicorn/middleware/proxy_headers.py", line 60, in __call__
    return await self.app(scope, receive, send)
           ^^^^^^^^^^^^^^^^^^^^^^^^^^^^^^^^^^^^
  File "/home/hongb/.openclaw/workspace/filebot/backend/venv/lib/python3.12/site-packages/fastapi/applications.py", line 1160, in __call__
    await super().__call__(scope, receive, send)
  File "/home/hongb/.openclaw/workspace/filebot/backend/venv/lib/python3.12/site-packages/starlette/applications.py", line 107, in __call__
    await self.middleware_stack(scope, receive, send)
  File "/home/hongb/.openclaw/workspace/filebot/backend/venv/lib/python3.12/site-packages/starlette/middleware/errors.py", line 186, in __call__
    raise exc
  File "/home/hongb/.openclaw/workspace/filebot/backend/venv/lib/python3.12/site-packages/starlette/middleware/errors.py", line 164, in __call__
    await self.app(scope, receive, _send)
  File "/home/hongb/.openclaw/workspace/filebot/backend/venv/lib/python3.12/site-packages/starlette/middleware/cors.py", line 95, in __call__
    await self.simple_response(scope, receive, send, request_headers=headers)
  File "/home/hongb/.openclaw/workspace/filebot/backend/venv/lib/python3.12/site-packages/starlette/middleware/cors.py", line 153, in simple_response
    await self.app(scope, receive, send)
  File "/home/hongb/.openclaw/workspace/filebot/backend/venv/lib/python3.12/site-packages/starlette/middleware/exceptions.py", line 63, in __call__
    await wrap_app_handling_exceptions(self.app, conn)(scope, receive, send)
  File "/home/hongb/.openclaw/workspace/filebot/backend/venv/lib/python3.12/site-packages/starlette/_exception_handler.py", line 53, in wrapped_app
    raise exc
  File "/home/hongb/.openclaw/workspace/filebot/backend/venv/lib/python3.12/site-packages/starlette/_exception_handler.py", line 42, in wrapped_app
    await app(scope, receive, sender)
  File "/home/hongb/.openclaw/workspace/filebot/backend/venv/lib/python3.12/site-packages/fastapi/middleware/asyncexitstack.py", line 18, in __call__
    await self.app(scope, receive, send)
  File "/home/hongb/.openclaw/workspace/filebot/backend/venv/lib/python3.12/site-packages/starlette/routing.py", line 716, in __call__
    await self.middleware_stack(scope, receive, send)
  File "/home/hongb/.openclaw/workspace/filebot/backend/venv/lib/python3.12/site-packages/starlette/routing.py", line 736, in app
    await route.handle(scope, receive, send)
  File "/home/hongb/.openclaw/workspace/filebot/backend/venv/lib/python3.12/site-packages/starlette/routing.py", line 290, in handle
    await self.app(scope, receive, send)
  File "/home/hongb/.openclaw/workspace/filebot/backend/venv/lib/python3.12/site-packages/fastapi/routing.py", line 130, in app
    await wrap_app_handling_exceptions(app, request)(scope, receive, send)
  File "/home/hongb/.openclaw/workspace/filebot/backend/venv/lib/python3.12/site-packages/starlette/_exception_handler.py", line 53, in wrapped_app
    raise exc
  File "/home/hongb/.openclaw/workspace/filebot/backend/venv/lib/python3.12/site-packages/starlette/_exception_handler.py", line 42, in wrapped_app
    await app(scope, receive, sender)
  File "/home/hongb/.openclaw/workspace/filebot/backend/venv/lib/python3.12/site-packages/fastapi/routing.py", line 116, in app
    response = await f(request)
               ^^^^^^^^^^^^^^^^
  File "/home/hongb/.openclaw/workspace/filebot/backend/venv/lib/python3.12/site-packages/fastapi/routing.py", line 670, in app
    raw_response = await run_endpoint_function(
                   ^^^^^^^^^^^^^^^^^^^^^^^^^^^^
  File "/home/hongb/.openclaw/workspace/filebot/backend/venv/lib/python3.12/site-packages/fastapi/routing.py", line 326, in run_endpoint_function
    return await run_in_threadpool(dependant.call, **values)
           ^^^^^^^^^^^^^^^^^^^^^^^^^^^^^^^^^^^^^^^^^^^^^^^^^
  File "/home/hongb/.openclaw/workspace/filebot/backend/venv/lib/python3.12/site-packages/starlette/concurrency.py", line 32, in run_in_threadpool
    return await anyio.to_thread.run_sync(func)
           ^^^^^^^^^^^^^^^^^^^^^^^^^^^^^^^^^^^^
  File "/home/hongb/.openclaw/workspace/filebot/backend/venv/lib/python3.12/site-packages/anyio/to_thread.py", line 63, in run_sync
    return await get_async_backend().run_sync_in_worker_thread(
           ^^^^^^^^^^^^^^^^^^^^^^^^^^^^^^^^^^^^^^^^^^^^^^^^^^^^
  File "/home/hongb/.openclaw/workspace/filebot/backend/venv/lib/python3.12/site-packages/anyio/_backends/_asyncio.py", line 2502, in run_sync_in_worker_thread
    return await future
           ^^^^^^^^^^^^
  File "/home/hongb/.openclaw/workspace/filebot/backend/venv/lib/python3.12/site-packages/anyio/_backends/_asyncio.py", line 986, in run
    result = context.run(func, *args)
             ^^^^^^^^^^^^^^^^^^^^^^^^
  File "/home/hongb/.openclaw/workspace/filebot/backend/app/routers/documents.py", line 249, in get_documents
    documents = query.offset(skip).limit(limit).all()
                ^^^^^^^^^^^^^^^^^^^^^^^^^^^^^^^^^^^^^
  File "/home/hongb/.openclaw/workspace/filebot/backend/venv/lib/python3.12/site-packages/sqlalchemy/orm/query.py", line 2704, in all
    return self._iter().all()  # type: ignore
           ^^^^^^^^^^^^^^^^^^
  File "/home/hongb/.openclaw/workspace/filebot/backend/venv/lib/python3.12/site-packages/sqlalchemy/engine/result.py", line 1786, in all
    return self._allrows()
           ^^^^^^^^^^^^^^^
  File "/home/hongb/.openclaw/workspace/filebot/backend/venv/lib/python3.12/site-packages/sqlalchemy/engine/result.py", line 560, in _allrows
    rows = self._fetchall_impl()
           ^^^^^^^^^^^^^^^^^^^^^
  File "/home/hongb/.openclaw/workspace/filebot/backend/venv/lib/python3.12/site-packages/sqlalchemy/engine/result.py", line 1693, in _fetchall_impl
    return self._real_result._fetchall_impl()
           ^^^^^^^^^^^^^^^^^^^^^^^^^^^^^^^^^^
  File "/home/hongb/.openclaw/workspace/filebot/backend/venv/lib/python3.12/site-packages/sqlalchemy/engine/result.py", line 2287, in _fetchall_impl
    return list(self.iterator)
           ^^^^^^^^^^^^^^^^^^^
  File "/home/hongb/.openclaw/workspace/filebot/backend/venv/lib/python3.12/site-packages/sqlalchemy/orm/loading.py", line 220, in chunks
    fetch = cursor._raw_all_rows()
            ^^^^^^^^^^^^^^^^^^^^^^
  File "/home/hongb/.openclaw/workspace/filebot/backend/venv/lib/python3.12/site-packages/sqlalchemy/engine/result.py", line 553, in _raw_all_rows
    return [make_row(row) for row in rows]
            ^^^^^^^^^^^^^
  File "lib/sqlalchemy/cyextension/resultproxy.pyx", line 22, in sqlalchemy.cyextension.resultproxy.BaseRow.__init__
  File "lib/sqlalchemy/cyextension/resultproxy.pyx", line 79, in sqlalchemy.cyextension.resultproxy._apply_processors
  File "/home/hongb/.openclaw/workspace/filebot/backend/venv/lib/python3.12/site-packages/sqlalchemy/sql/sqltypes.py", line 1829, in process
    value = self._object_value_for_elem(value)
            ^^^^^^^^^^^^^^^^^^^^^^^^^^^^^^^^^^
  File "/home/hongb/.openclaw/workspace/filebot/backend/venv/lib/python3.12/site-packages/sqlalchemy/sql/sqltypes.py", line 1711, in _object_value_for_elem
    raise LookupError(
LookupError: 'MULTIPAGE' is not among the defined enum values. Enum name: filetype. Possible values: TIFF, PDF, DOC, ..., OTHER
INFO:     127.0.0.1:48994 - "GET /api/v1/documents/ HTTP/1.1" 500 Internal Server Error
ERROR:    Exception in ASGI application
Traceback (most recent call last):
  File "/home/hongb/.openclaw/workspace/filebot/backend/venv/lib/python3.12/site-packages/sqlalchemy/sql/sqltypes.py", line 1709, in _object_value_for_elem
    return self._object_lookup[elem]  # type: ignore[return-value]
           ~~~~~~~~~~~~~~~~~~~^^^^^^
KeyError: 'MULTIPAGE'

The above exception was the direct cause of the following exception:

Traceback (most recent call last):
  File "/home/hongb/.openclaw/workspace/filebot/backend/venv/lib/python3.12/site-packages/uvicorn/protocols/http/h11_impl.py", line 410, in run_asgi
    result = await app(  # type: ignore[func-returns-value]
             ^^^^^^^^^^^^^^^^^^^^^^^^^^^^^^^^^^^^^^^^^^^^^^
  File "/home/hongb/.openclaw/workspace/filebot/backend/venv/lib/python3.12/site-packages/uvicorn/middleware/proxy_headers.py", line 60, in __call__
    return await self.app(scope, receive, send)
           ^^^^^^^^^^^^^^^^^^^^^^^^^^^^^^^^^^^^
  File "/home/hongb/.openclaw/workspace/filebot/backend/venv/lib/python3.12/site-packages/fastapi/applications.py", line 1160, in __call__
    await super().__call__(scope, receive, send)
  File "/home/hongb/.openclaw/workspace/filebot/backend/venv/lib/python3.12/site-packages/starlette/applications.py", line 107, in __call__
    await self.middleware_stack(scope, receive, send)
  File "/home/hongb/.openclaw/workspace/filebot/backend/venv/lib/python3.12/site-packages/starlette/middleware/errors.py", line 186, in __call__
    raise exc
  File "/home/hongb/.openclaw/workspace/filebot/backend/venv/lib/python3.12/site-packages/starlette/middleware/errors.py", line 164, in __call__
    await self.app(scope, receive, _send)
  File "/home/hongb/.openclaw/workspace/filebot/backend/venv/lib/python3.12/site-packages/starlette/middleware/cors.py", line 95, in __call__
    await self.simple_response(scope, receive, send, request_headers=headers)
  File "/home/hongb/.openclaw/workspace/filebot/backend/venv/lib/python3.12/site-packages/starlette/middleware/cors.py", line 153, in simple_response
    await self.app(scope, receive, send)
  File "/home/hongb/.openclaw/workspace/filebot/backend/venv/lib/python3.12/site-packages/starlette/middleware/exceptions.py", line 63, in __call__
    await wrap_app_handling_exceptions(self.app, conn)(scope, receive, send)
  File "/home/hongb/.openclaw/workspace/filebot/backend/venv/lib/python3.12/site-packages/starlette/_exception_handler.py", line 53, in wrapped_app
    raise exc
  File "/home/hongb/.openclaw/workspace/filebot/backend/venv/lib/python3.12/site-packages/starlette/_exception_handler.py", line 42, in wrapped_app
    await app(scope, receive, sender)
  File "/home/hongb/.openclaw/workspace/filebot/backend/venv/lib/python3.12/site-packages/fastapi/middleware/asyncexitstack.py", line 18, in __call__
    await self.app(scope, receive, send)
  File "/home/hongb/.openclaw/workspace/filebot/backend/venv/lib/python3.12/site-packages/starlette/routing.py", line 716, in __call__
    await self.middleware_stack(scope, receive, send)
  File "/home/hongb/.openclaw/workspace/filebot/backend/venv/lib/python3.12/site-packages/starlette/routing.py", line 736, in app
    await route.handle(scope, receive, send)
  File "/home/hongb/.openclaw/workspace/filebot/backend/venv/lib/python3.12/site-packages/starlette/routing.py", line 290, in handle
    await self.app(scope, receive, send)
  File "/home/hongb/.openclaw/workspace/filebot/backend/venv/lib/python3.12/site-packages/fastapi/routing.py", line 130, in app
    await wrap_app_handling_exceptions(app, request)(scope, receive, send)
  File "/home/hongb/.openclaw/workspace/filebot/backend/venv/lib/python3.12/site-packages/starlette/_exception_handler.py", line 53, in wrapped_app
    raise exc
  File "/home/hongb/.openclaw/workspace/filebot/backend/venv/lib/python3.12/site-packages/starlette/_exception_handler.py", line 42, in wrapped_app
    await app(scope, receive, sender)
  File "/home/hongb/.openclaw/workspace/filebot/backend/venv/lib/python3.12/site-packages/fastapi/routing.py", line 116, in app
    response = await f(request)
               ^^^^^^^^^^^^^^^^
  File "/home/hongb/.openclaw/workspace/filebot/backend/venv/lib/python3.12/site-packages/fastapi/routing.py", line 670, in app
    raw_response = await run_endpoint_function(
                   ^^^^^^^^^^^^^^^^^^^^^^^^^^^^
  File "/home/hongb/.openclaw/workspace/filebot/backend/venv/lib/python3.12/site-packages/fastapi/routing.py", line 326, in run_endpoint_function
    return await run_in_threadpool(dependant.call, **values)
           ^^^^^^^^^^^^^^^^^^^^^^^^^^^^^^^^^^^^^^^^^^^^^^^^^
  File "/home/hongb/.openclaw/workspace/filebot/backend/venv/lib/python3.12/site-packages/starlette/concurrency.py", line 32, in run_in_threadpool
    return await anyio.to_thread.run_sync(func)
           ^^^^^^^^^^^^^^^^^^^^^^^^^^^^^^^^^^^^
  File "/home/hongb/.openclaw/workspace/filebot/backend/venv/lib/python3.12/site-packages/anyio/to_thread.py", line 63, in run_sync
    return await get_async_backend().run_sync_in_worker_thread(
           ^^^^^^^^^^^^^^^^^^^^^^^^^^^^^^^^^^^^^^^^^^^^^^^^^^^^
  File "/home/hongb/.openclaw/workspace/filebot/backend/venv/lib/python3.12/site-packages/anyio/_backends/_asyncio.py", line 2502, in run_sync_in_worker_thread
    return await future
           ^^^^^^^^^^^^
  File "/home/hongb/.openclaw/workspace/filebot/backend/venv/lib/python3.12/site-packages/anyio/_backends/_asyncio.py", line 986, in run
    result = context.run(func, *args)
             ^^^^^^^^^^^^^^^^^^^^^^^^
  File "/home/hongb/.openclaw/workspace/filebot/backend/app/routers/documents.py", line 249, in get_documents
    documents = query.offset(skip).limit(limit).all()
                ^^^^^^^^^^^^^^^^^^^^^^^^^^^^^^^^^^^^^
  File "/home/hongb/.openclaw/workspace/filebot/backend/venv/lib/python3.12/site-packages/sqlalchemy/orm/query.py", line 2704, in all
    return self._iter().all()  # type: ignore
           ^^^^^^^^^^^^^^^^^^
  File "/home/hongb/.openclaw/workspace/filebot/backend/venv/lib/python3.12/site-packages/sqlalchemy/engine/result.py", line 1786, in all
    return self._allrows()
           ^^^^^^^^^^^^^^^
  File "/home/hongb/.openclaw/workspace/filebot/backend/venv/lib/python3.12/site-packages/sqlalchemy/engine/result.py", line 560, in _allrows
    rows = self._fetchall_impl()
           ^^^^^^^^^^^^^^^^^^^^^
  File "/home/hongb/.openclaw/workspace/filebot/backend/venv/lib/python3.12/site-packages/sqlalchemy/engine/result.py", line 1693, in _fetchall_impl
    return self._real_result._fetchall_impl()
           ^^^^^^^^^^^^^^^^^^^^^^^^^^^^^^^^^^
  File "/home/hongb/.openclaw/workspace/filebot/backend/venv/lib/python3.12/site-packages/sqlalchemy/engine/result.py", line 2287, in _fetchall_impl
    return list(self.iterator)
           ^^^^^^^^^^^^^^^^^^^
  File "/home/hongb/.openclaw/workspace/filebot/backend/venv/lib/python3.12/site-packages/sqlalchemy/orm/loading.py", line 220, in chunks
    fetch = cursor._raw_all_rows()
            ^^^^^^^^^^^^^^^^^^^^^^
  File "/home/hongb/.openclaw/workspace/filebot/backend/venv/lib/python3.12/site-packages/sqlalchemy/engine/result.py", line 553, in _raw_all_rows
    return [make_row(row) for row in rows]
            ^^^^^^^^^^^^^
  File "lib/sqlalchemy/cyextension/resultproxy.pyx", line 22, in sqlalchemy.cyextension.resultproxy.BaseRow.__init__
  File "lib/sqlalchemy/cyextension/resultproxy.pyx", line 79, in sqlalchemy.cyextension.resultproxy._apply_processors
  File "/home/hongb/.openclaw/workspace/filebot/backend/venv/lib/python3.12/site-packages/sqlalchemy/sql/sqltypes.py", line 1829, in process
    value = self._object_value_for_elem(value)
            ^^^^^^^^^^^^^^^^^^^^^^^^^^^^^^^^^^
  File "/home/hongb/.openclaw/workspace/filebot/backend/venv/lib/python3.12/site-packages/sqlalchemy/sql/sqltypes.py", line 1711, in _object_value_for_elem
    raise LookupError(
LookupError: 'MULTIPAGE' is not among the defined enum values. Enum name: filetype. Possible values: TIFF, PDF, DOC, ..., OTHER
INFO:     127.0.0.1:49010 - "GET /api/v1/documents/ HTTP/1.1" 500 Internal Server Error
ERROR:    Exception in ASGI application
Traceback (most recent call last):
  File "/home/hongb/.openclaw/workspace/filebot/backend/venv/lib/python3.12/site-packages/sqlalchemy/sql/sqltypes.py", line 1709, in _object_value_for_elem
    return self._object_lookup[elem]  # type: ignore[return-value]
           ~~~~~~~~~~~~~~~~~~~^^^^^^
KeyError: 'MULTIPAGE'

The above exception was the direct cause of the following exception:

Traceback (most recent call last):
  File "/home/hongb/.openclaw/workspace/filebot/backend/venv/lib/python3.12/site-packages/uvicorn/protocols/http/h11_impl.py", line 410, in run_asgi
    result = await app(  # type: ignore[func-returns-value]
             ^^^^^^^^^^^^^^^^^^^^^^^^^^^^^^^^^^^^^^^^^^^^^^
  File "/home/hongb/.openclaw/workspace/filebot/backend/venv/lib/python3.12/site-packages/uvicorn/middleware/proxy_headers.py", line 60, in __call__
    return await self.app(scope, receive, send)
           ^^^^^^^^^^^^^^^^^^^^^^^^^^^^^^^^^^^^
  File "/home/hongb/.openclaw/workspace/filebot/backend/venv/lib/python3.12/site-packages/fastapi/applications.py", line 1160, in __call__
    await super().__call__(scope, receive, send)
  File "/home/hongb/.openclaw/workspace/filebot/backend/venv/lib/python3.12/site-packages/starlette/applications.py", line 107, in __call__
    await self.middleware_stack(scope, receive, send)
  File "/home/hongb/.openclaw/workspace/filebot/backend/venv/lib/python3.12/site-packages/starlette/middleware/errors.py", line 186, in __call__
    raise exc
  File "/home/hongb/.openclaw/workspace/filebot/backend/venv/lib/python3.12/site-packages/starlette/middleware/errors.py", line 164, in __call__
    await self.app(scope, receive, _send)
  File "/home/hongb/.openclaw/workspace/filebot/backend/venv/lib/python3.12/site-packages/starlette/middleware/cors.py", line 95, in __call__
    await self.simple_response(scope, receive, send, request_headers=headers)
  File "/home/hongb/.openclaw/workspace/filebot/backend/venv/lib/python3.12/site-packages/starlette/middleware/cors.py", line 153, in simple_response
    await self.app(scope, receive, send)
  File "/home/hongb/.openclaw/workspace/filebot/backend/venv/lib/python3.12/site-packages/starlette/middleware/exceptions.py", line 63, in __call__
    await wrap_app_handling_exceptions(self.app, conn)(scope, receive, send)
  File "/home/hongb/.openclaw/workspace/filebot/backend/venv/lib/python3.12/site-packages/starlette/_exception_handler.py", line 53, in wrapped_app
    raise exc
  File "/home/hongb/.openclaw/workspace/filebot/backend/venv/lib/python3.12/site-packages/starlette/_exception_handler.py", line 42, in wrapped_app
    await app(scope, receive, sender)
  File "/home/hongb/.openclaw/workspace/filebot/backend/venv/lib/python3.12/site-packages/fastapi/middleware/asyncexitstack.py", line 18, in __call__
    await self.app(scope, receive, send)
  File "/home/hongb/.openclaw/workspace/filebot/backend/venv/lib/python3.12/site-packages/starlette/routing.py", line 716, in __call__
    await self.middleware_stack(scope, receive, send)
  File "/home/hongb/.openclaw/workspace/filebot/backend/venv/lib/python3.12/site-packages/starlette/routing.py", line 736, in app
    await route.handle(scope, receive, send)
  File "/home/hongb/.openclaw/workspace/filebot/backend/venv/lib/python3.12/site-packages/starlette/routing.py", line 290, in handle
    await self.app(scope, receive, send)
  File "/home/hongb/.openclaw/workspace/filebot/backend/venv/lib/python3.12/site-packages/fastapi/routing.py", line 130, in app
    await wrap_app_handling_exceptions(app, request)(scope, receive, send)
  File "/home/hongb/.openclaw/workspace/filebot/backend/venv/lib/python3.12/site-packages/starlette/_exception_handler.py", line 53, in wrapped_app
    raise exc
  File "/home/hongb/.openclaw/workspace/filebot/backend/venv/lib/python3.12/site-packages/starlette/_exception_handler.py", line 42, in wrapped_app
    await app(scope, receive, sender)
  File "/home/hongb/.openclaw/workspace/filebot/backend/venv/lib/python3.12/site-packages/fastapi/routing.py", line 116, in app
    response = await f(request)
               ^^^^^^^^^^^^^^^^
  File "/home/hongb/.openclaw/workspace/filebot/backend/venv/lib/python3.12/site-packages/fastapi/routing.py", line 670, in app
    raw_response = await run_endpoint_function(
                   ^^^^^^^^^^^^^^^^^^^^^^^^^^^^
  File "/home/hongb/.openclaw/workspace/filebot/backend/venv/lib/python3.12/site-packages/fastapi/routing.py", line 326, in run_endpoint_function
    return await run_in_threadpool(dependant.call, **values)
           ^^^^^^^^^^^^^^^^^^^^^^^^^^^^^^^^^^^^^^^^^^^^^^^^^
  File "/home/hongb/.openclaw/workspace/filebot/backend/venv/lib/python3.12/site-packages/starlette/concurrency.py", line 32, in run_in_threadpool
    return await anyio.to_thread.run_sync(func)
           ^^^^^^^^^^^^^^^^^^^^^^^^^^^^^^^^^^^^
  File "/home/hongb/.openclaw/workspace/filebot/backend/venv/lib/python3.12/site-packages/anyio/to_thread.py", line 63, in run_sync
    return await get_async_backend().run_sync_in_worker_thread(
           ^^^^^^^^^^^^^^^^^^^^^^^^^^^^^^^^^^^^^^^^^^^^^^^^^^^^
  File "/home/hongb/.openclaw/workspace/filebot/backend/venv/lib/python3.12/site-packages/anyio/_backends/_asyncio.py", line 2502, in run_sync_in_worker_thread
    return await future
           ^^^^^^^^^^^^
  File "/home/hongb/.openclaw/workspace/filebot/backend/venv/lib/python3.12/site-packages/anyio/_backends/_asyncio.py", line 986, in run
    result = context.run(func, *args)
             ^^^^^^^^^^^^^^^^^^^^^^^^
  File "/home/hongb/.openclaw/workspace/filebot/backend/app/routers/documents.py", line 249, in get_documents
    documents = query.offset(skip).limit(limit).all()
                ^^^^^^^^^^^^^^^^^^^^^^^^^^^^^^^^^^^^^
  File "/home/hongb/.openclaw/workspace/filebot/backend/venv/lib/python3.12/site-packages/sqlalchemy/orm/query.py", line 2704, in all
    return self._iter().all()  # type: ignore
           ^^^^^^^^^^^^^^^^^^
  File "/home/hongb/.openclaw/workspace/filebot/backend/venv/lib/python3.12/site-packages/sqlalchemy/engine/result.py", line 1786, in all
    return self._allrows()
           ^^^^^^^^^^^^^^^
  File "/home/hongb/.openclaw/workspace/filebot/backend/venv/lib/python3.12/site-packages/sqlalchemy/engine/result.py", line 560, in _allrows
    rows = self._fetchall_impl()
           ^^^^^^^^^^^^^^^^^^^^^
  File "/home/hongb/.openclaw/workspace/filebot/backend/venv/lib/python3.12/site-packages/sqlalchemy/engine/result.py", line 1693, in _fetchall_impl
    return self._real_result._fetchall_impl()
           ^^^^^^^^^^^^^^^^^^^^^^^^^^^^^^^^^^
  File "/home/hongb/.openclaw/workspace/filebot/backend/venv/lib/python3.12/site-packages/sqlalchemy/engine/result.py", line 2287, in _fetchall_impl
    return list(self.iterator)
           ^^^^^^^^^^^^^^^^^^^
  File "/home/hongb/.openclaw/workspace/filebot/backend/venv/lib/python3.12/site-packages/sqlalchemy/orm/loading.py", line 220, in chunks
    fetch = cursor._raw_all_rows()
            ^^^^^^^^^^^^^^^^^^^^^^
  File "/home/hongb/.openclaw/workspace/filebot/backend/venv/lib/python3.12/site-packages/sqlalchemy/engine/result.py", line 553, in _raw_all_rows
    return [make_row(row) for row in rows]
            ^^^^^^^^^^^^^
  File "lib/sqlalchemy/cyextension/resultproxy.pyx", line 22, in sqlalchemy.cyextension.resultproxy.BaseRow.__init__
  File "lib/sqlalchemy/cyextension/resultproxy.pyx", line 79, in sqlalchemy.cyextension.resultproxy._apply_processors
  File "/home/hongb/.openclaw/workspace/filebot/backend/venv/lib/python3.12/site-packages/sqlalchemy/sql/sqltypes.py", line 1829, in process
    value = self._object_value_for_elem(value)
            ^^^^^^^^^^^^^^^^^^^^^^^^^^^^^^^^^^
  File "/home/hongb/.openclaw/workspace/filebot/backend/venv/lib/python3.12/site-packages/sqlalchemy/sql/sqltypes.py", line 1711, in _object_value_for_elem
    raise LookupError(
LookupError: 'MULTIPAGE' is not among the defined enum values. Enum name: filetype. Possible values: TIFF, PDF, DOC, ..., OTHER
INFO:     127.0.0.1:49022 - "GET /api/v1/documents/ HTTP/1.1" 500 Internal Server Error
ERROR:    Exception in ASGI application
Traceback (most recent call last):
  File "/home/hongb/.openclaw/workspace/filebot/backend/venv/lib/python3.12/site-packages/sqlalchemy/sql/sqltypes.py", line 1709, in _object_value_for_elem
    return self._object_lookup[elem]  # type: ignore[return-value]
           ~~~~~~~~~~~~~~~~~~~^^^^^^
KeyError: 'MULTIPAGE'

The above exception was the direct cause of the following exception:

Traceback (most recent call last):
  File "/home/hongb/.openclaw/workspace/filebot/backend/venv/lib/python3.12/site-packages/uvicorn/protocols/http/h11_impl.py", line 410, in run_asgi
    result = await app(  # type: ignore[func-returns-value]
             ^^^^^^^^^^^^^^^^^^^^^^^^^^^^^^^^^^^^^^^^^^^^^^
  File "/home/hongb/.openclaw/workspace/filebot/backend/venv/lib/python3.12/site-packages/uvicorn/middleware/proxy_headers.py", line 60, in __call__
    return await self.app(scope, receive, send)
           ^^^^^^^^^^^^^^^^^^^^^^^^^^^^^^^^^^^^
  File "/home/hongb/.openclaw/workspace/filebot/backend/venv/lib/python3.12/site-packages/fastapi/applications.py", line 1160, in __call__
    await super().__call__(scope, receive, send)
  File "/home/hongb/.openclaw/workspace/filebot/backend/venv/lib/python3.12/site-packages/starlette/applications.py", line 107, in __call__
    await self.middleware_stack(scope, receive, send)
  File "/home/hongb/.openclaw/workspace/filebot/backend/venv/lib/python3.12/site-packages/starlette/middleware/errors.py", line 186, in __call__
    raise exc
  File "/home/hongb/.openclaw/workspace/filebot/backend/venv/lib/python3.12/site-packages/starlette/middleware/errors.py", line 164, in __call__
    await self.app(scope, receive, _send)
  File "/home/hongb/.openclaw/workspace/filebot/backend/venv/lib/python3.12/site-packages/starlette/middleware/cors.py", line 95, in __call__
    await self.simple_response(scope, receive, send, request_headers=headers)
  File "/home/hongb/.openclaw/workspace/filebot/backend/venv/lib/python3.12/site-packages/starlette/middleware/cors.py", line 153, in simple_response
    await self.app(scope, receive, send)
  File "/home/hongb/.openclaw/workspace/filebot/backend/venv/lib/python3.12/site-packages/starlette/middleware/exceptions.py", line 63, in __call__
    await wrap_app_handling_exceptions(self.app, conn)(scope, receive, send)
  File "/home/hongb/.openclaw/workspace/filebot/backend/venv/lib/python3.12/site-packages/starlette/_exception_handler.py", line 53, in wrapped_app
    raise exc
  File "/home/hongb/.openclaw/workspace/filebot/backend/venv/lib/python3.12/site-packages/starlette/_exception_handler.py", line 42, in wrapped_app
    await app(scope, receive, sender)
  File "/home/hongb/.openclaw/workspace/filebot/backend/venv/lib/python3.12/site-packages/fastapi/middleware/asyncexitstack.py", line 18, in __call__
    await self.app(scope, receive, send)
  File "/home/hongb/.openclaw/workspace/filebot/backend/venv/lib/python3.12/site-packages/starlette/routing.py", line 716, in __call__
    await self.middleware_stack(scope, receive, send)
  File "/home/hongb/.openclaw/workspace/filebot/backend/venv/lib/python3.12/site-packages/starlette/routing.py", line 736, in app
    await route.handle(scope, receive, send)
  File "/home/hongb/.openclaw/workspace/filebot/backend/venv/lib/python3.12/site-packages/starlette/routing.py", line 290, in handle
    await self.app(scope, receive, send)
  File "/home/hongb/.openclaw/workspace/filebot/backend/venv/lib/python3.12/site-packages/fastapi/routing.py", line 130, in app
    await wrap_app_handling_exceptions(app, request)(scope, receive, send)
  File "/home/hongb/.openclaw/workspace/filebot/backend/venv/lib/python3.12/site-packages/starlette/_exception_handler.py", line 53, in wrapped_app
    raise exc
  File "/home/hongb/.openclaw/workspace/filebot/backend/venv/lib/python3.12/site-packages/starlette/_exception_handler.py", line 42, in wrapped_app
    await app(scope, receive, sender)
  File "/home/hongb/.openclaw/workspace/filebot/backend/venv/lib/python3.12/site-packages/fastapi/routing.py", line 116, in app
    response = await f(request)
               ^^^^^^^^^^^^^^^^
  File "/home/hongb/.openclaw/workspace/filebot/backend/venv/lib/python3.12/site-packages/fastapi/routing.py", line 670, in app
    raw_response = await run_endpoint_function(
                   ^^^^^^^^^^^^^^^^^^^^^^^^^^^^
  File "/home/hongb/.openclaw/workspace/filebot/backend/venv/lib/python3.12/site-packages/fastapi/routing.py", line 326, in run_endpoint_function
    return await run_in_threadpool(dependant.call, **values)
           ^^^^^^^^^^^^^^^^^^^^^^^^^^^^^^^^^^^^^^^^^^^^^^^^^
  File "/home/hongb/.openclaw/workspace/filebot/backend/venv/lib/python3.12/site-packages/starlette/concurrency.py", line 32, in run_in_threadpool
    return await anyio.to_thread.run_sync(func)
           ^^^^^^^^^^^^^^^^^^^^^^^^^^^^^^^^^^^^
  File "/home/hongb/.openclaw/workspace/filebot/backend/venv/lib/python3.12/site-packages/anyio/to_thread.py", line 63, in run_sync
    return await get_async_backend().run_sync_in_worker_thread(
           ^^^^^^^^^^^^^^^^^^^^^^^^^^^^^^^^^^^^^^^^^^^^^^^^^^^^
  File "/home/hongb/.openclaw/workspace/filebot/backend/venv/lib/python3.12/site-packages/anyio/_backends/_asyncio.py", line 2502, in run_sync_in_worker_thread
    return await future
           ^^^^^^^^^^^^
  File "/home/hongb/.openclaw/workspace/filebot/backend/venv/lib/python3.12/site-packages/anyio/_backends/_asyncio.py", line 986, in run
    result = context.run(func, *args)
             ^^^^^^^^^^^^^^^^^^^^^^^^
  File "/home/hongb/.openclaw/workspace/filebot/backend/app/routers/documents.py", line 249, in get_documents
    documents = query.offset(skip).limit(limit).all()
                ^^^^^^^^^^^^^^^^^^^^^^^^^^^^^^^^^^^^^
  File "/home/hongb/.openclaw/workspace/filebot/backend/venv/lib/python3.12/site-packages/sqlalchemy/orm/query.py", line 2704, in all
    return self._iter().all()  # type: ignore
           ^^^^^^^^^^^^^^^^^^
  File "/home/hongb/.openclaw/workspace/filebot/backend/venv/lib/python3.12/site-packages/sqlalchemy/engine/result.py", line 1786, in all
    return self._allrows()
           ^^^^^^^^^^^^^^^
  File "/home/hongb/.openclaw/workspace/filebot/backend/venv/lib/python3.12/site-packages/sqlalchemy/engine/result.py", line 560, in _allrows
    rows = self._fetchall_impl()
           ^^^^^^^^^^^^^^^^^^^^^
  File "/home/hongb/.openclaw/workspace/filebot/backend/venv/lib/python3.12/site-packages/sqlalchemy/engine/result.py", line 1693, in _fetchall_impl
    return self._real_result._fetchall_impl()
           ^^^^^^^^^^^^^^^^^^^^^^^^^^^^^^^^^^
  File "/home/hongb/.openclaw/workspace/filebot/backend/venv/lib/python3.12/site-packages/sqlalchemy/engine/result.py", line 2287, in _fetchall_impl
    return list(self.iterator)
           ^^^^^^^^^^^^^^^^^^^
  File "/home/hongb/.openclaw/workspace/filebot/backend/venv/lib/python3.12/site-packages/sqlalchemy/orm/loading.py", line 220, in chunks
    fetch = cursor._raw_all_rows()
            ^^^^^^^^^^^^^^^^^^^^^^
  File "/home/hongb/.openclaw/workspace/filebot/backend/venv/lib/python3.12/site-packages/sqlalchemy/engine/result.py", line 553, in _raw_all_rows
    return [make_row(row) for row in rows]
            ^^^^^^^^^^^^^
  File "lib/sqlalchemy/cyextension/resultproxy.pyx", line 22, in sqlalchemy.cyextension.resultproxy.BaseRow.__init__
  File "lib/sqlalchemy/cyextension/resultproxy.pyx", line 79, in sqlalchemy.cyextension.resultproxy._apply_processors
  File "/home/hongb/.openclaw/workspace/filebot/backend/venv/lib/python3.12/site-packages/sqlalchemy/sql/sqltypes.py", line 1829, in process
    value = self._object_value_for_elem(value)
            ^^^^^^^^^^^^^^^^^^^^^^^^^^^^^^^^^^
  File "/home/hongb/.openclaw/workspace/filebot/backend/venv/lib/python3.12/site-packages/sqlalchemy/sql/sqltypes.py", line 1711, in _object_value_for_elem
    raise LookupError(
LookupError: 'MULTIPAGE' is not among the defined enum values. Enum name: filetype. Possible values: TIFF, PDF, DOC, ..., OTHER
INFO:     127.0.0.1:50816 - "GET /api/v1/documents/ HTTP/1.1" 500 Internal Server Error
ERROR:    Exception in ASGI application
Traceback (most recent call last):
  File "/home/hongb/.openclaw/workspace/filebot/backend/venv/lib/python3.12/site-packages/sqlalchemy/sql/sqltypes.py", line 1709, in _object_value_for_elem
    return self._object_lookup[elem]  # type: ignore[return-value]
           ~~~~~~~~~~~~~~~~~~~^^^^^^
KeyError: 'MULTIPAGE'

The above exception was the direct cause of the following exception:

Traceback (most recent call last):
  File "/home/hongb/.openclaw/workspace/filebot/backend/venv/lib/python3.12/site-packages/uvicorn/protocols/http/h11_impl.py", line 410, in run_asgi
    result = await app(  # type: ignore[func-returns-value]
             ^^^^^^^^^^^^^^^^^^^^^^^^^^^^^^^^^^^^^^^^^^^^^^
  File "/home/hongb/.openclaw/workspace/filebot/backend/venv/lib/python3.12/site-packages/uvicorn/middleware/proxy_headers.py", line 60, in __call__
    return await self.app(scope, receive, send)
           ^^^^^^^^^^^^^^^^^^^^^^^^^^^^^^^^^^^^
  File "/home/hongb/.openclaw/workspace/filebot/backend/venv/lib/python3.12/site-packages/fastapi/applications.py", line 1160, in __call__
    await super().__call__(scope, receive, send)
  File "/home/hongb/.openclaw/workspace/filebot/backend/venv/lib/python3.12/site-packages/starlette/applications.py", line 107, in __call__
    await self.middleware_stack(scope, receive, send)
  File "/home/hongb/.openclaw/workspace/filebot/backend/venv/lib/python3.12/site-packages/starlette/middleware/errors.py", line 186, in __call__
    raise exc
  File "/home/hongb/.openclaw/workspace/filebot/backend/venv/lib/python3.12/site-packages/starlette/middleware/errors.py", line 164, in __call__
    await self.app(scope, receive, _send)
  File "/home/hongb/.openclaw/workspace/filebot/backend/venv/lib/python3.12/site-packages/starlette/middleware/cors.py", line 95, in __call__
    await self.simple_response(scope, receive, send, request_headers=headers)
  File "/home/hongb/.openclaw/workspace/filebot/backend/venv/lib/python3.12/site-packages/starlette/middleware/cors.py", line 153, in simple_response
    await self.app(scope, receive, send)
  File "/home/hongb/.openclaw/workspace/filebot/backend/venv/lib/python3.12/site-packages/starlette/middleware/exceptions.py", line 63, in __call__
    await wrap_app_handling_exceptions(self.app, conn)(scope, receive, send)
  File "/home/hongb/.openclaw/workspace/filebot/backend/venv/lib/python3.12/site-packages/starlette/_exception_handler.py", line 53, in wrapped_app
    raise exc
  File "/home/hongb/.openclaw/workspace/filebot/backend/venv/lib/python3.12/site-packages/starlette/_exception_handler.py", line 42, in wrapped_app
    await app(scope, receive, sender)
  File "/home/hongb/.openclaw/workspace/filebot/backend/venv/lib/python3.12/site-packages/fastapi/middleware/asyncexitstack.py", line 18, in __call__
    await self.app(scope, receive, send)
  File "/home/hongb/.openclaw/workspace/filebot/backend/venv/lib/python3.12/site-packages/starlette/routing.py", line 716, in __call__
    await self.middleware_stack(scope, receive, send)
  File "/home/hongb/.openclaw/workspace/filebot/backend/venv/lib/python3.12/site-packages/starlette/routing.py", line 736, in app
    await route.handle(scope, receive, send)
  File "/home/hongb/.openclaw/workspace/filebot/backend/venv/lib/python3.12/site-packages/starlette/routing.py", line 290, in handle
    await self.app(scope, receive, send)
  File "/home/hongb/.openclaw/workspace/filebot/backend/venv/lib/python3.12/site-packages/fastapi/routing.py", line 130, in app
    await wrap_app_handling_exceptions(app, request)(scope, receive, send)
  File "/home/hongb/.openclaw/workspace/filebot/backend/venv/lib/python3.12/site-packages/starlette/_exception_handler.py", line 53, in wrapped_app
    raise exc
  File "/home/hongb/.openclaw/workspace/filebot/backend/venv/lib/python3.12/site-packages/starlette/_exception_handler.py", line 42, in wrapped_app
    await app(scope, receive, sender)
  File "/home/hongb/.openclaw/workspace/filebot/backend/venv/lib/python3.12/site-packages/fastapi/routing.py", line 116, in app
    response = await f(request)
               ^^^^^^^^^^^^^^^^
  File "/home/hongb/.openclaw/workspace/filebot/backend/venv/lib/python3.12/site-packages/fastapi/routing.py", line 670, in app
    raw_response = await run_endpoint_function(
                   ^^^^^^^^^^^^^^^^^^^^^^^^^^^^
  File "/home/hongb/.openclaw/workspace/filebot/backend/venv/lib/python3.12/site-packages/fastapi/routing.py", line 326, in run_endpoint_function
    return await run_in_threadpool(dependant.call, **values)
           ^^^^^^^^^^^^^^^^^^^^^^^^^^^^^^^^^^^^^^^^^^^^^^^^^
  File "/home/hongb/.openclaw/workspace/filebot/backend/venv/lib/python3.12/site-packages/starlette/concurrency.py", line 32, in run_in_threadpool
    return await anyio.to_thread.run_sync(func)
           ^^^^^^^^^^^^^^^^^^^^^^^^^^^^^^^^^^^^
  File "/home/hongb/.openclaw/workspace/filebot/backend/venv/lib/python3.12/site-packages/anyio/to_thread.py", line 63, in run_sync
    return await get_async_backend().run_sync_in_worker_thread(
           ^^^^^^^^^^^^^^^^^^^^^^^^^^^^^^^^^^^^^^^^^^^^^^^^^^^^
  File "/home/hongb/.openclaw/workspace/filebot/backend/venv/lib/python3.12/site-packages/anyio/_backends/_asyncio.py", line 2502, in run_sync_in_worker_thread
    return await future
           ^^^^^^^^^^^^
  File "/home/hongb/.openclaw/workspace/filebot/backend/venv/lib/python3.12/site-packages/anyio/_backends/_asyncio.py", line 986, in run
    result = context.run(func, *args)
             ^^^^^^^^^^^^^^^^^^^^^^^^
  File "/home/hongb/.openclaw/workspace/filebot/backend/app/routers/documents.py", line 249, in get_documents
    documents = query.offset(skip).limit(limit).all()
                ^^^^^^^^^^^^^^^^^^^^^^^^^^^^^^^^^^^^^
  File "/home/hongb/.openclaw/workspace/filebot/backend/venv/lib/python3.12/site-packages/sqlalchemy/orm/query.py", line 2704, in all
    return self._iter().all()  # type: ignore
           ^^^^^^^^^^^^^^^^^^
  File "/home/hongb/.openclaw/workspace/filebot/backend/venv/lib/python3.12/site-packages/sqlalchemy/engine/result.py", line 1786, in all
    return self._allrows()
           ^^^^^^^^^^^^^^^
  File "/home/hongb/.openclaw/workspace/filebot/backend/venv/lib/python3.12/site-packages/sqlalchemy/engine/result.py", line 560, in _allrows
    rows = self._fetchall_impl()
           ^^^^^^^^^^^^^^^^^^^^^
  File "/home/hongb/.openclaw/workspace/filebot/backend/venv/lib/python3.12/site-packages/sqlalchemy/engine/result.py", line 1693, in _fetchall_impl
    return self._real_result._fetchall_impl()
           ^^^^^^^^^^^^^^^^^^^^^^^^^^^^^^^^^^
  File "/home/hongb/.openclaw/workspace/filebot/backend/venv/lib/python3.12/site-packages/sqlalchemy/engine/result.py", line 2287, in _fetchall_impl
    return list(self.iterator)
           ^^^^^^^^^^^^^^^^^^^
  File "/home/hongb/.openclaw/workspace/filebot/backend/venv/lib/python3.12/site-packages/sqlalchemy/orm/loading.py", line 220, in chunks
    fetch = cursor._raw_all_rows()
            ^^^^^^^^^^^^^^^^^^^^^^
  File "/home/hongb/.openclaw/workspace/filebot/backend/venv/lib/python3.12/site-packages/sqlalchemy/engine/result.py", line 553, in _raw_all_rows
    return [make_row(row) for row in rows]
            ^^^^^^^^^^^^^
  File "lib/sqlalchemy/cyextension/resultproxy.pyx", line 22, in sqlalchemy.cyextension.resultproxy.BaseRow.__init__
  File "lib/sqlalchemy/cyextension/resultproxy.pyx", line 79, in sqlalchemy.cyextension.resultproxy._apply_processors
  File "/home/hongb/.openclaw/workspace/filebot/backend/venv/lib/python3.12/site-packages/sqlalchemy/sql/sqltypes.py", line 1829, in process
    value = self._object_value_for_elem(value)
            ^^^^^^^^^^^^^^^^^^^^^^^^^^^^^^^^^^
  File "/home/hongb/.openclaw/workspace/filebot/backend/venv/lib/python3.12/site-packages/sqlalchemy/sql/sqltypes.py", line 1711, in _object_value_for_elem
    raise LookupError(
LookupError: 'MULTIPAGE' is not among the defined enum values. Enum name: filetype. Possible values: TIFF, PDF, DOC, ..., OTHER
INFO:     127.0.0.1:50820 - "GET /api/v1/documents/ HTTP/1.1" 500 Internal Server Error
ERROR:    Exception in ASGI application
Traceback (most recent call last):
  File "/home/hongb/.openclaw/workspace/filebot/backend/venv/lib/python3.12/site-packages/sqlalchemy/sql/sqltypes.py", line 1709, in _object_value_for_elem
    return self._object_lookup[elem]  # type: ignore[return-value]
           ~~~~~~~~~~~~~~~~~~~^^^^^^
KeyError: 'MULTIPAGE'

The above exception was the direct cause of the following exception:

Traceback (most recent call last):
  File "/home/hongb/.openclaw/workspace/filebot/backend/venv/lib/python3.12/site-packages/uvicorn/protocols/http/h11_impl.py", line 410, in run_asgi
    result = await app(  # type: ignore[func-returns-value]
             ^^^^^^^^^^^^^^^^^^^^^^^^^^^^^^^^^^^^^^^^^^^^^^
  File "/home/hongb/.openclaw/workspace/filebot/backend/venv/lib/python3.12/site-packages/uvicorn/middleware/proxy_headers.py", line 60, in __call__
    return await self.app(scope, receive, send)
           ^^^^^^^^^^^^^^^^^^^^^^^^^^^^^^^^^^^^
  File "/home/hongb/.openclaw/workspace/filebot/backend/venv/lib/python3.12/site-packages/fastapi/applications.py", line 1160, in __call__
    await super().__call__(scope, receive, send)
  File "/home/hongb/.openclaw/workspace/filebot/backend/venv/lib/python3.12/site-packages/starlette/applications.py", line 107, in __call__
    await self.middleware_stack(scope, receive, send)
  File "/home/hongb/.openclaw/workspace/filebot/backend/venv/lib/python3.12/site-packages/starlette/middleware/errors.py", line 186, in __call__
    raise exc
  File "/home/hongb/.openclaw/workspace/filebot/backend/venv/lib/python3.12/site-packages/starlette/middleware/errors.py", line 164, in __call__
    await self.app(scope, receive, _send)
  File "/home/hongb/.openclaw/workspace/filebot/backend/venv/lib/python3.12/site-packages/starlette/middleware/cors.py", line 95, in __call__
    await self.simple_response(scope, receive, send, request_headers=headers)
  File "/home/hongb/.openclaw/workspace/filebot/backend/venv/lib/python3.12/site-packages/starlette/middleware/cors.py", line 153, in simple_response
    await self.app(scope, receive, send)
  File "/home/hongb/.openclaw/workspace/filebot/backend/venv/lib/python3.12/site-packages/starlette/middleware/exceptions.py", line 63, in __call__
    await wrap_app_handling_exceptions(self.app, conn)(scope, receive, send)
  File "/home/hongb/.openclaw/workspace/filebot/backend/venv/lib/python3.12/site-packages/starlette/_exception_handler.py", line 53, in wrapped_app
    raise exc
  File "/home/hongb/.openclaw/workspace/filebot/backend/venv/lib/python3.12/site-packages/starlette/_exception_handler.py", line 42, in wrapped_app
    await app(scope, receive, sender)
  File "/home/hongb/.openclaw/workspace/filebot/backend/venv/lib/python3.12/site-packages/fastapi/middleware/asyncexitstack.py", line 18, in __call__
    await self.app(scope, receive, send)
  File "/home/hongb/.openclaw/workspace/filebot/backend/venv/lib/python3.12/site-packages/starlette/routing.py", line 716, in __call__
    await self.middleware_stack(scope, receive, send)
  File "/home/hongb/.openclaw/workspace/filebot/backend/venv/lib/python3.12/site-packages/starlette/routing.py", line 736, in app
    await route.handle(scope, receive, send)
  File "/home/hongb/.openclaw/workspace/filebot/backend/venv/lib/python3.12/site-packages/starlette/routing.py", line 290, in handle
    await self.app(scope, receive, send)
  File "/home/hongb/.openclaw/workspace/filebot/backend/venv/lib/python3.12/site-packages/fastapi/routing.py", line 130, in app
    await wrap_app_handling_exceptions(app, request)(scope, receive, send)
  File "/home/hongb/.openclaw/workspace/filebot/backend/venv/lib/python3.12/site-packages/starlette/_exception_handler.py", line 53, in wrapped_app
    raise exc
  File "/home/hongb/.openclaw/workspace/filebot/backend/venv/lib/python3.12/site-packages/starlette/_exception_handler.py", line 42, in wrapped_app
    await app(scope, receive, sender)
  File "/home/hongb/.openclaw/workspace/filebot/backend/venv/lib/python3.12/site-packages/fastapi/routing.py", line 116, in app
    response = await f(request)
               ^^^^^^^^^^^^^^^^
  File "/home/hongb/.openclaw/workspace/filebot/backend/venv/lib/python3.12/site-packages/fastapi/routing.py", line 670, in app
    raw_response = await run_endpoint_function(
                   ^^^^^^^^^^^^^^^^^^^^^^^^^^^^
  File "/home/hongb/.openclaw/workspace/filebot/backend/venv/lib/python3.12/site-packages/fastapi/routing.py", line 326, in run_endpoint_function
    return await run_in_threadpool(dependant.call, **values)
           ^^^^^^^^^^^^^^^^^^^^^^^^^^^^^^^^^^^^^^^^^^^^^^^^^
  File "/home/hongb/.openclaw/workspace/filebot/backend/venv/lib/python3.12/site-packages/starlette/concurrency.py", line 32, in run_in_threadpool
    return await anyio.to_thread.run_sync(func)
           ^^^^^^^^^^^^^^^^^^^^^^^^^^^^^^^^^^^^
  File "/home/hongb/.openclaw/workspace/filebot/backend/venv/lib/python3.12/site-packages/anyio/to_thread.py", line 63, in run_sync
    return await get_async_backend().run_sync_in_worker_thread(
           ^^^^^^^^^^^^^^^^^^^^^^^^^^^^^^^^^^^^^^^^^^^^^^^^^^^^
  File "/home/hongb/.openclaw/workspace/filebot/backend/venv/lib/python3.12/site-packages/anyio/_backends/_asyncio.py", line 2502, in run_sync_in_worker_thread
    return await future
           ^^^^^^^^^^^^
  File "/home/hongb/.openclaw/workspace/filebot/backend/venv/lib/python3.12/site-packages/anyio/_backends/_asyncio.py", line 986, in run
    result = context.run(func, *args)
             ^^^^^^^^^^^^^^^^^^^^^^^^
  File "/home/hongb/.openclaw/workspace/filebot/backend/app/routers/documents.py", line 249, in get_documents
    documents = query.offset(skip).limit(limit).all()
                ^^^^^^^^^^^^^^^^^^^^^^^^^^^^^^^^^^^^^
  File "/home/hongb/.openclaw/workspace/filebot/backend/venv/lib/python3.12/site-packages/sqlalchemy/orm/query.py", line 2704, in all
    return self._iter().all()  # type: ignore
           ^^^^^^^^^^^^^^^^^^
  File "/home/hongb/.openclaw/workspace/filebot/backend/venv/lib/python3.12/site-packages/sqlalchemy/engine/result.py", line 1786, in all
    return self._allrows()
           ^^^^^^^^^^^^^^^
  File "/home/hongb/.openclaw/workspace/filebot/backend/venv/lib/python3.12/site-packages/sqlalchemy/engine/result.py", line 560, in _allrows
    rows = self._fetchall_impl()
           ^^^^^^^^^^^^^^^^^^^^^
  File "/home/hongb/.openclaw/workspace/filebot/backend/venv/lib/python3.12/site-packages/sqlalchemy/engine/result.py", line 1693, in _fetchall_impl
    return self._real_result._fetchall_impl()
           ^^^^^^^^^^^^^^^^^^^^^^^^^^^^^^^^^^
  File "/home/hongb/.openclaw/workspace/filebot/backend/venv/lib/python3.12/site-packages/sqlalchemy/engine/result.py", line 2287, in _fetchall_impl
    return list(self.iterator)
           ^^^^^^^^^^^^^^^^^^^
  File "/home/hongb/.openclaw/workspace/filebot/backend/venv/lib/python3.12/site-packages/sqlalchemy/orm/loading.py", line 220, in chunks
    fetch = cursor._raw_all_rows()
            ^^^^^^^^^^^^^^^^^^^^^^
  File "/home/hongb/.openclaw/workspace/filebot/backend/venv/lib/python3.12/site-packages/sqlalchemy/engine/result.py", line 553, in _raw_all_rows
    return [make_row(row) for row in rows]
            ^^^^^^^^^^^^^
  File "lib/sqlalchemy/cyextension/resultproxy.pyx", line 22, in sqlalchemy.cyextension.resultproxy.BaseRow.__init__
  File "lib/sqlalchemy/cyextension/resultproxy.pyx", line 79, in sqlalchemy.cyextension.resultproxy._apply_processors
  File "/home/hongb/.openclaw/workspace/filebot/backend/venv/lib/python3.12/site-packages/sqlalchemy/sql/sqltypes.py", line 1829, in process
    value = self._object_value_for_elem(value)
            ^^^^^^^^^^^^^^^^^^^^^^^^^^^^^^^^^^
  File "/home/hongb/.openclaw/workspace/filebot/backend/venv/lib/python3.12/site-packages/sqlalchemy/sql/sqltypes.py", line 1711, in _object_value_for_elem
    raise LookupError(
LookupError: 'MULTIPAGE' is not among the defined enum values. Enum name: filetype. Possible values: TIFF, PDF, DOC, ..., OTHER
INFO:     127.0.0.1:44626 - "GET /api/v1/documents/ HTTP/1.1" 500 Internal Server Error
ERROR:    Exception in ASGI application
Traceback (most recent call last):
  File "/home/hongb/.openclaw/workspace/filebot/backend/venv/lib/python3.12/site-packages/sqlalchemy/sql/sqltypes.py", line 1709, in _object_value_for_elem
    return self._object_lookup[elem]  # type: ignore[return-value]
           ~~~~~~~~~~~~~~~~~~~^^^^^^
KeyError: 'MULTIPAGE'

The above exception was the direct cause of the following exception:

Traceback (most recent call last):
  File "/home/hongb/.openclaw/workspace/filebot/backend/venv/lib/python3.12/site-packages/uvicorn/protocols/http/h11_impl.py", line 410, in run_asgi
    result = await app(  # type: ignore[func-returns-value]
             ^^^^^^^^^^^^^^^^^^^^^^^^^^^^^^^^^^^^^^^^^^^^^^
  File "/home/hongb/.openclaw/workspace/filebot/backend/venv/lib/python3.12/site-packages/uvicorn/middleware/proxy_headers.py", line 60, in __call__
    return await self.app(scope, receive, send)
           ^^^^^^^^^^^^^^^^^^^^^^^^^^^^^^^^^^^^
  File "/home/hongb/.openclaw/workspace/filebot/backend/venv/lib/python3.12/site-packages/fastapi/applications.py", line 1160, in __call__
    await super().__call__(scope, receive, send)
  File "/home/hongb/.openclaw/workspace/filebot/backend/venv/lib/python3.12/site-packages/starlette/applications.py", line 107, in __call__
    await self.middleware_stack(scope, receive, send)
  File "/home/hongb/.openclaw/workspace/filebot/backend/venv/lib/python3.12/site-packages/starlette/middleware/errors.py", line 186, in __call__
    raise exc
  File "/home/hongb/.openclaw/workspace/filebot/backend/venv/lib/python3.12/site-packages/starlette/middleware/errors.py", line 164, in __call__
    await self.app(scope, receive, _send)
  File "/home/hongb/.openclaw/workspace/filebot/backend/venv/lib/python3.12/site-packages/starlette/middleware/cors.py", line 95, in __call__
    await self.simple_response(scope, receive, send, request_headers=headers)
  File "/home/hongb/.openclaw/workspace/filebot/backend/venv/lib/python3.12/site-packages/starlette/middleware/cors.py", line 153, in simple_response
    await self.app(scope, receive, send)
  File "/home/hongb/.openclaw/workspace/filebot/backend/venv/lib/python3.12/site-packages/starlette/middleware/exceptions.py", line 63, in __call__
    await wrap_app_handling_exceptions(self.app, conn)(scope, receive, send)
  File "/home/hongb/.openclaw/workspace/filebot/backend/venv/lib/python3.12/site-packages/starlette/_exception_handler.py", line 53, in wrapped_app
    raise exc
  File "/home/hongb/.openclaw/workspace/filebot/backend/venv/lib/python3.12/site-packages/starlette/_exception_handler.py", line 42, in wrapped_app
    await app(scope, receive, sender)
  File "/home/hongb/.openclaw/workspace/filebot/backend/venv/lib/python3.12/site-packages/fastapi/middleware/asyncexitstack.py", line 18, in __call__
    await self.app(scope, receive, send)
  File "/home/hongb/.openclaw/workspace/filebot/backend/venv/lib/python3.12/site-packages/starlette/routing.py", line 716, in __call__
    await self.middleware_stack(scope, receive, send)
  File "/home/hongb/.openclaw/workspace/filebot/backend/venv/lib/python3.12/site-packages/starlette/routing.py", line 736, in app
    await route.handle(scope, receive, send)
  File "/home/hongb/.openclaw/workspace/filebot/backend/venv/lib/python3.12/site-packages/starlette/routing.py", line 290, in handle
    await self.app(scope, receive, send)
  File "/home/hongb/.openclaw/workspace/filebot/backend/venv/lib/python3.12/site-packages/fastapi/routing.py", line 130, in app
    await wrap_app_handling_exceptions(app, request)(scope, receive, send)
  File "/home/hongb/.openclaw/workspace/filebot/backend/venv/lib/python3.12/site-packages/starlette/_exception_handler.py", line 53, in wrapped_app
    raise exc
  File "/home/hongb/.openclaw/workspace/filebot/backend/venv/lib/python3.12/site-packages/starlette/_exception_handler.py", line 42, in wrapped_app
    await app(scope, receive, sender)
  File "/home/hongb/.openclaw/workspace/filebot/backend/venv/lib/python3.12/site-packages/fastapi/routing.py", line 116, in app
    response = await f(request)
               ^^^^^^^^^^^^^^^^
  File "/home/hongb/.openclaw/workspace/filebot/backend/venv/lib/python3.12/site-packages/fastapi/routing.py", line 670, in app
    raw_response = await run_endpoint_function(
                   ^^^^^^^^^^^^^^^^^^^^^^^^^^^^
  File "/home/hongb/.openclaw/workspace/filebot/backend/venv/lib/python3.12/site-packages/fastapi/routing.py", line 326, in run_endpoint_function
    return await run_in_threadpool(dependant.call, **values)
           ^^^^^^^^^^^^^^^^^^^^^^^^^^^^^^^^^^^^^^^^^^^^^^^^^
  File "/home/hongb/.openclaw/workspace/filebot/backend/venv/lib/python3.12/site-packages/starlette/concurrency.py", line 32, in run_in_threadpool
    return await anyio.to_thread.run_sync(func)
           ^^^^^^^^^^^^^^^^^^^^^^^^^^^^^^^^^^^^
  File "/home/hongb/.openclaw/workspace/filebot/backend/venv/lib/python3.12/site-packages/anyio/to_thread.py", line 63, in run_sync
    return await get_async_backend().run_sync_in_worker_thread(
           ^^^^^^^^^^^^^^^^^^^^^^^^^^^^^^^^^^^^^^^^^^^^^^^^^^^^
  File "/home/hongb/.openclaw/workspace/filebot/backend/venv/lib/python3.12/site-packages/anyio/_backends/_asyncio.py", line 2502, in run_sync_in_worker_thread
    return await future
           ^^^^^^^^^^^^
  File "/home/hongb/.openclaw/workspace/filebot/backend/venv/lib/python3.12/site-packages/anyio/_backends/_asyncio.py", line 986, in run
    result = context.run(func, *args)
             ^^^^^^^^^^^^^^^^^^^^^^^^
  File "/home/hongb/.openclaw/workspace/filebot/backend/app/routers/documents.py", line 249, in get_documents
    documents = query.offset(skip).limit(limit).all()
                ^^^^^^^^^^^^^^^^^^^^^^^^^^^^^^^^^^^^^
  File "/home/hongb/.openclaw/workspace/filebot/backend/venv/lib/python3.12/site-packages/sqlalchemy/orm/query.py", line 2704, in all
    return self._iter().all()  # type: ignore
           ^^^^^^^^^^^^^^^^^^
  File "/home/hongb/.openclaw/workspace/filebot/backend/venv/lib/python3.12/site-packages/sqlalchemy/engine/result.py", line 1786, in all
    return self._allrows()
           ^^^^^^^^^^^^^^^
  File "/home/hongb/.openclaw/workspace/filebot/backend/venv/lib/python3.12/site-packages/sqlalchemy/engine/result.py", line 560, in _allrows
    rows = self._fetchall_impl()
           ^^^^^^^^^^^^^^^^^^^^^
  File "/home/hongb/.openclaw/workspace/filebot/backend/venv/lib/python3.12/site-packages/sqlalchemy/engine/result.py", line 1693, in _fetchall_impl
    return self._real_result._fetchall_impl()
           ^^^^^^^^^^^^^^^^^^^^^^^^^^^^^^^^^^
  File "/home/hongb/.openclaw/workspace/filebot/backend/venv/lib/python3.12/site-packages/sqlalchemy/engine/result.py", line 2287, in _fetchall_impl
    return list(self.iterator)
           ^^^^^^^^^^^^^^^^^^^
  File "/home/hongb/.openclaw/workspace/filebot/backend/venv/lib/python3.12/site-packages/sqlalchemy/orm/loading.py", line 220, in chunks
    fetch = cursor._raw_all_rows()
            ^^^^^^^^^^^^^^^^^^^^^^
  File "/home/hongb/.openclaw/workspace/filebot/backend/venv/lib/python3.12/site-packages/sqlalchemy/engine/result.py", line 553, in _raw_all_rows
    return [make_row(row) for row in rows]
            ^^^^^^^^^^^^^
  File "lib/sqlalchemy/cyextension/resultproxy.pyx", line 22, in sqlalchemy.cyextension.resultproxy.BaseRow.__init__
  File "lib/sqlalchemy/cyextension/resultproxy.pyx", line 79, in sqlalchemy.cyextension.resultproxy._apply_processors
  File "/home/hongb/.openclaw/workspace/filebot/backend/venv/lib/python3.12/site-packages/sqlalchemy/sql/sqltypes.py", line 1829, in process
    value = self._object_value_for_elem(value)
            ^^^^^^^^^^^^^^^^^^^^^^^^^^^^^^^^^^
  File "/home/hongb/.openclaw/workspace/filebot/backend/venv/lib/python3.12/site-packages/sqlalchemy/sql/sqltypes.py", line 1711, in _object_value_for_elem
    raise LookupError(
LookupError: 'MULTIPAGE' is not among the defined enum values. Enum name: filetype. Possible values: TIFF, PDF, DOC, ..., OTHER
INFO:     127.0.0.1:60600 - "GET /api/health HTTP/1.1" 200 OK
INFO:     127.0.0.1:42778 - "GET /api/v1/documents/ HTTP/1.1" 500 Internal Server Error
ERROR:    Exception in ASGI application
Traceback (most recent call last):
  File "/home/hongb/.openclaw/workspace/filebot/backend/venv/lib/python3.12/site-packages/sqlalchemy/sql/sqltypes.py", line 1709, in _object_value_for_elem
    return self._object_lookup[elem]  # type: ignore[return-value]
           ~~~~~~~~~~~~~~~~~~~^^^^^^
KeyError: 'MULTIPAGE'

The above exception was the direct cause of the following exception:

Traceback (most recent call last):
  File "/home/hongb/.openclaw/workspace/filebot/backend/venv/lib/python3.12/site-packages/uvicorn/protocols/http/h11_impl.py", line 410, in run_asgi
    result = await app(  # type: ignore[func-returns-value]
             ^^^^^^^^^^^^^^^^^^^^^^^^^^^^^^^^^^^^^^^^^^^^^^
  File "/home/hongb/.openclaw/workspace/filebot/backend/venv/lib/python3.12/site-packages/uvicorn/middleware/proxy_headers.py", line 60, in __call__
    return await self.app(scope, receive, send)
           ^^^^^^^^^^^^^^^^^^^^^^^^^^^^^^^^^^^^
  File "/home/hongb/.openclaw/workspace/filebot/backend/venv/lib/python3.12/site-packages/fastapi/applications.py", line 1160, in __call__
    await super().__call__(scope, receive, send)
  File "/home/hongb/.openclaw/workspace/filebot/backend/venv/lib/python3.12/site-packages/starlette/applications.py", line 107, in __call__
    await self.middleware_stack(scope, receive, send)
  File "/home/hongb/.openclaw/workspace/filebot/backend/venv/lib/python3.12/site-packages/starlette/middleware/errors.py", line 186, in __call__
    raise exc
  File "/home/hongb/.openclaw/workspace/filebot/backend/venv/lib/python3.12/site-packages/starlette/middleware/errors.py", line 164, in __call__
    await self.app(scope, receive, _send)
  File "/home/hongb/.openclaw/workspace/filebot/backend/venv/lib/python3.12/site-packages/starlette/middleware/cors.py", line 95, in __call__
    await self.simple_response(scope, receive, send, request_headers=headers)
  File "/home/hongb/.openclaw/workspace/filebot/backend/venv/lib/python3.12/site-packages/starlette/middleware/cors.py", line 153, in simple_response
    await self.app(scope, receive, send)
  File "/home/hongb/.openclaw/workspace/filebot/backend/venv/lib/python3.12/site-packages/starlette/middleware/exceptions.py", line 63, in __call__
    await wrap_app_handling_exceptions(self.app, conn)(scope, receive, send)
  File "/home/hongb/.openclaw/workspace/filebot/backend/venv/lib/python3.12/site-packages/starlette/_exception_handler.py", line 53, in wrapped_app
    raise exc
  File "/home/hongb/.openclaw/workspace/filebot/backend/venv/lib/python3.12/site-packages/starlette/_exception_handler.py", line 42, in wrapped_app
    await app(scope, receive, sender)
  File "/home/hongb/.openclaw/workspace/filebot/backend/venv/lib/python3.12/site-packages/fastapi/middleware/asyncexitstack.py", line 18, in __call__
    await self.app(scope, receive, send)
  File "/home/hongb/.openclaw/workspace/filebot/backend/venv/lib/python3.12/site-packages/starlette/routing.py", line 716, in __call__
    await self.middleware_stack(scope, receive, send)
  File "/home/hongb/.openclaw/workspace/filebot/backend/venv/lib/python3.12/site-packages/starlette/routing.py", line 736, in app
    await route.handle(scope, receive, send)
  File "/home/hongb/.openclaw/workspace/filebot/backend/venv/lib/python3.12/site-packages/starlette/routing.py", line 290, in handle
    await self.app(scope, receive, send)
  File "/home/hongb/.openclaw/workspace/filebot/backend/venv/lib/python3.12/site-packages/fastapi/routing.py", line 130, in app
    await wrap_app_handling_exceptions(app, request)(scope, receive, send)
  File "/home/hongb/.openclaw/workspace/filebot/backend/venv/lib/python3.12/site-packages/starlette/_exception_handler.py", line 53, in wrapped_app
    raise exc
  File "/home/hongb/.openclaw/workspace/filebot/backend/venv/lib/python3.12/site-packages/starlette/_exception_handler.py", line 42, in wrapped_app
    await app(scope, receive, sender)
  File "/home/hongb/.openclaw/workspace/filebot/backend/venv/lib/python3.12/site-packages/fastapi/routing.py", line 116, in app
    response = await f(request)
               ^^^^^^^^^^^^^^^^
  File "/home/hongb/.openclaw/workspace/filebot/backend/venv/lib/python3.12/site-packages/fastapi/routing.py", line 670, in app
    raw_response = await run_endpoint_function(
                   ^^^^^^^^^^^^^^^^^^^^^^^^^^^^
  File "/home/hongb/.openclaw/workspace/filebot/backend/venv/lib/python3.12/site-packages/fastapi/routing.py", line 326, in run_endpoint_function
    return await run_in_threadpool(dependant.call, **values)
           ^^^^^^^^^^^^^^^^^^^^^^^^^^^^^^^^^^^^^^^^^^^^^^^^^
  File "/home/hongb/.openclaw/workspace/filebot/backend/venv/lib/python3.12/site-packages/starlette/concurrency.py", line 32, in run_in_threadpool
    return await anyio.to_thread.run_sync(func)
           ^^^^^^^^^^^^^^^^^^^^^^^^^^^^^^^^^^^^
  File "/home/hongb/.openclaw/workspace/filebot/backend/venv/lib/python3.12/site-packages/anyio/to_thread.py", line 63, in run_sync
    return await get_async_backend().run_sync_in_worker_thread(
           ^^^^^^^^^^^^^^^^^^^^^^^^^^^^^^^^^^^^^^^^^^^^^^^^^^^^
  File "/home/hongb/.openclaw/workspace/filebot/backend/venv/lib/python3.12/site-packages/anyio/_backends/_asyncio.py", line 2502, in run_sync_in_worker_thread
    return await future
           ^^^^^^^^^^^^
  File "/home/hongb/.openclaw/workspace/filebot/backend/venv/lib/python3.12/site-packages/anyio/_backends/_asyncio.py", line 986, in run
    result = context.run(func, *args)
             ^^^^^^^^^^^^^^^^^^^^^^^^
  File "/home/hongb/.openclaw/workspace/filebot/backend/app/routers/documents.py", line 249, in get_documents
    documents = query.offset(skip).limit(limit).all()
                ^^^^^^^^^^^^^^^^^^^^^^^^^^^^^^^^^^^^^
  File "/home/hongb/.openclaw/workspace/filebot/backend/venv/lib/python3.12/site-packages/sqlalchemy/orm/query.py", line 2704, in all
    return self._iter().all()  # type: ignore
           ^^^^^^^^^^^^^^^^^^
  File "/home/hongb/.openclaw/workspace/filebot/backend/venv/lib/python3.12/site-packages/sqlalchemy/engine/result.py", line 1786, in all
    return self._allrows()
           ^^^^^^^^^^^^^^^
  File "/home/hongb/.openclaw/workspace/filebot/backend/venv/lib/python3.12/site-packages/sqlalchemy/engine/result.py", line 560, in _allrows
    rows = self._fetchall_impl()
           ^^^^^^^^^^^^^^^^^^^^^
  File "/home/hongb/.openclaw/workspace/filebot/backend/venv/lib/python3.12/site-packages/sqlalchemy/engine/result.py", line 1693, in _fetchall_impl
    return self._real_result._fetchall_impl()
           ^^^^^^^^^^^^^^^^^^^^^^^^^^^^^^^^^^
  File "/home/hongb/.openclaw/workspace/filebot/backend/venv/lib/python3.12/site-packages/sqlalchemy/engine/result.py", line 2287, in _fetchall_impl
    return list(self.iterator)
           ^^^^^^^^^^^^^^^^^^^
  File "/home/hongb/.openclaw/workspace/filebot/backend/venv/lib/python3.12/site-packages/sqlalchemy/orm/loading.py", line 220, in chunks
    fetch = cursor._raw_all_rows()
            ^^^^^^^^^^^^^^^^^^^^^^
  File "/home/hongb/.openclaw/workspace/filebot/backend/venv/lib/python3.12/site-packages/sqlalchemy/engine/result.py", line 553, in _raw_all_rows
    return [make_row(row) for row in rows]
            ^^^^^^^^^^^^^
  File "lib/sqlalchemy/cyextension/resultproxy.pyx", line 22, in sqlalchemy.cyextension.resultproxy.BaseRow.__init__
  File "lib/sqlalchemy/cyextension/resultproxy.pyx", line 79, in sqlalchemy.cyextension.resultproxy._apply_processors
  File "/home/hongb/.openclaw/workspace/filebot/backend/venv/lib/python3.12/site-packages/sqlalchemy/sql/sqltypes.py", line 1829, in process
    value = self._object_value_for_elem(value)
            ^^^^^^^^^^^^^^^^^^^^^^^^^^^^^^^^^^
  File "/home/hongb/.openclaw/workspace/filebot/backend/venv/lib/python3.12/site-packages/sqlalchemy/sql/sqltypes.py", line 1711, in _object_value_for_elem
    raise LookupError(
LookupError: 'MULTIPAGE' is not among the defined enum values. Enum name: filetype. Possible values: TIFF, PDF, DOC, ..., OTHER
INFO:     127.0.0.1:42790 - "GET /api/v1/documents/ HTTP/1.1" 500 Internal Server Error
ERROR:    Exception in ASGI application
Traceback (most recent call last):
  File "/home/hongb/.openclaw/workspace/filebot/backend/venv/lib/python3.12/site-packages/sqlalchemy/sql/sqltypes.py", line 1709, in _object_value_for_elem
    return self._object_lookup[elem]  # type: ignore[return-value]
           ~~~~~~~~~~~~~~~~~~~^^^^^^
KeyError: 'MULTIPAGE'

The above exception was the direct cause of the following exception:

Traceback (most recent call last):
  File "/home/hongb/.openclaw/workspace/filebot/backend/venv/lib/python3.12/site-packages/uvicorn/protocols/http/h11_impl.py", line 410, in run_asgi
    result = await app(  # type: ignore[func-returns-value]
             ^^^^^^^^^^^^^^^^^^^^^^^^^^^^^^^^^^^^^^^^^^^^^^
  File "/home/hongb/.openclaw/workspace/filebot/backend/venv/lib/python3.12/site-packages/uvicorn/middleware/proxy_headers.py", line 60, in __call__
    return await self.app(scope, receive, send)
           ^^^^^^^^^^^^^^^^^^^^^^^^^^^^^^^^^^^^
  File "/home/hongb/.openclaw/workspace/filebot/backend/venv/lib/python3.12/site-packages/fastapi/applications.py", line 1160, in __call__
    await super().__call__(scope, receive, send)
  File "/home/hongb/.openclaw/workspace/filebot/backend/venv/lib/python3.12/site-packages/starlette/applications.py", line 107, in __call__
    await self.middleware_stack(scope, receive, send)
  File "/home/hongb/.openclaw/workspace/filebot/backend/venv/lib/python3.12/site-packages/starlette/middleware/errors.py", line 186, in __call__
    raise exc
  File "/home/hongb/.openclaw/workspace/filebot/backend/venv/lib/python3.12/site-packages/starlette/middleware/errors.py", line 164, in __call__
    await self.app(scope, receive, _send)
  File "/home/hongb/.openclaw/workspace/filebot/backend/venv/lib/python3.12/site-packages/starlette/middleware/cors.py", line 95, in __call__
    await self.simple_response(scope, receive, send, request_headers=headers)
  File "/home/hongb/.openclaw/workspace/filebot/backend/venv/lib/python3.12/site-packages/starlette/middleware/cors.py", line 153, in simple_response
    await self.app(scope, receive, send)
  File "/home/hongb/.openclaw/workspace/filebot/backend/venv/lib/python3.12/site-packages/starlette/middleware/exceptions.py", line 63, in __call__
    await wrap_app_handling_exceptions(self.app, conn)(scope, receive, send)
  File "/home/hongb/.openclaw/workspace/filebot/backend/venv/lib/python3.12/site-packages/starlette/_exception_handler.py", line 53, in wrapped_app
    raise exc
  File "/home/hongb/.openclaw/workspace/filebot/backend/venv/lib/python3.12/site-packages/starlette/_exception_handler.py", line 42, in wrapped_app
    await app(scope, receive, sender)
  File "/home/hongb/.openclaw/workspace/filebot/backend/venv/lib/python3.12/site-packages/fastapi/middleware/asyncexitstack.py", line 18, in __call__
    await self.app(scope, receive, send)
  File "/home/hongb/.openclaw/workspace/filebot/backend/venv/lib/python3.12/site-packages/starlette/routing.py", line 716, in __call__
    await self.middleware_stack(scope, receive, send)
  File "/home/hongb/.openclaw/workspace/filebot/backend/venv/lib/python3.12/site-packages/starlette/routing.py", line 736, in app
    await route.handle(scope, receive, send)
  File "/home/hongb/.openclaw/workspace/filebot/backend/venv/lib/python3.12/site-packages/starlette/routing.py", line 290, in handle
    await self.app(scope, receive, send)
  File "/home/hongb/.openclaw/workspace/filebot/backend/venv/lib/python3.12/site-packages/fastapi/routing.py", line 130, in app
    await wrap_app_handling_exceptions(app, request)(scope, receive, send)
  File "/home/hongb/.openclaw/workspace/filebot/backend/venv/lib/python3.12/site-packages/starlette/_exception_handler.py", line 53, in wrapped_app
    raise exc
  File "/home/hongb/.openclaw/workspace/filebot/backend/venv/lib/python3.12/site-packages/starlette/_exception_handler.py", line 42, in wrapped_app
    await app(scope, receive, sender)
  File "/home/hongb/.openclaw/workspace/filebot/backend/venv/lib/python3.12/site-packages/fastapi/routing.py", line 116, in app
    response = await f(request)
               ^^^^^^^^^^^^^^^^
  File "/home/hongb/.openclaw/workspace/filebot/backend/venv/lib/python3.12/site-packages/fastapi/routing.py", line 670, in app
    raw_response = await run_endpoint_function(
                   ^^^^^^^^^^^^^^^^^^^^^^^^^^^^
  File "/home/hongb/.openclaw/workspace/filebot/backend/venv/lib/python3.12/site-packages/fastapi/routing.py", line 326, in run_endpoint_function
    return await run_in_threadpool(dependant.call, **values)
           ^^^^^^^^^^^^^^^^^^^^^^^^^^^^^^^^^^^^^^^^^^^^^^^^^
  File "/home/hongb/.openclaw/workspace/filebot/backend/venv/lib/python3.12/site-packages/starlette/concurrency.py", line 32, in run_in_threadpool
    return await anyio.to_thread.run_sync(func)
           ^^^^^^^^^^^^^^^^^^^^^^^^^^^^^^^^^^^^
  File "/home/hongb/.openclaw/workspace/filebot/backend/venv/lib/python3.12/site-packages/anyio/to_thread.py", line 63, in run_sync
    return await get_async_backend().run_sync_in_worker_thread(
           ^^^^^^^^^^^^^^^^^^^^^^^^^^^^^^^^^^^^^^^^^^^^^^^^^^^^
  File "/home/hongb/.openclaw/workspace/filebot/backend/venv/lib/python3.12/site-packages/anyio/_backends/_asyncio.py", line 2502, in run_sync_in_worker_thread
    return await future
           ^^^^^^^^^^^^
  File "/home/hongb/.openclaw/workspace/filebot/backend/venv/lib/python3.12/site-packages/anyio/_backends/_asyncio.py", line 986, in run
    result = context.run(func, *args)
             ^^^^^^^^^^^^^^^^^^^^^^^^
  File "/home/hongb/.openclaw/workspace/filebot/backend/app/routers/documents.py", line 249, in get_documents
    documents = query.offset(skip).limit(limit).all()
                ^^^^^^^^^^^^^^^^^^^^^^^^^^^^^^^^^^^^^
  File "/home/hongb/.openclaw/workspace/filebot/backend/venv/lib/python3.12/site-packages/sqlalchemy/orm/query.py", line 2704, in all
    return self._iter().all()  # type: ignore
           ^^^^^^^^^^^^^^^^^^
  File "/home/hongb/.openclaw/workspace/filebot/backend/venv/lib/python3.12/site-packages/sqlalchemy/engine/result.py", line 1786, in all
    return self._allrows()
           ^^^^^^^^^^^^^^^
  File "/home/hongb/.openclaw/workspace/filebot/backend/venv/lib/python3.12/site-packages/sqlalchemy/engine/result.py", line 560, in _allrows
    rows = self._fetchall_impl()
           ^^^^^^^^^^^^^^^^^^^^^
  File "/home/hongb/.openclaw/workspace/filebot/backend/venv/lib/python3.12/site-packages/sqlalchemy/engine/result.py", line 1693, in _fetchall_impl
    return self._real_result._fetchall_impl()
           ^^^^^^^^^^^^^^^^^^^^^^^^^^^^^^^^^^
  File "/home/hongb/.openclaw/workspace/filebot/backend/venv/lib/python3.12/site-packages/sqlalchemy/engine/result.py", line 2287, in _fetchall_impl
    return list(self.iterator)
           ^^^^^^^^^^^^^^^^^^^
  File "/home/hongb/.openclaw/workspace/filebot/backend/venv/lib/python3.12/site-packages/sqlalchemy/orm/loading.py", line 220, in chunks
    fetch = cursor._raw_all_rows()
            ^^^^^^^^^^^^^^^^^^^^^^
  File "/home/hongb/.openclaw/workspace/filebot/backend/venv/lib/python3.12/site-packages/sqlalchemy/engine/result.py", line 553, in _raw_all_rows
    return [make_row(row) for row in rows]
            ^^^^^^^^^^^^^
  File "lib/sqlalchemy/cyextension/resultproxy.pyx", line 22, in sqlalchemy.cyextension.resultproxy.BaseRow.__init__
  File "lib/sqlalchemy/cyextension/resultproxy.pyx", line 79, in sqlalchemy.cyextension.resultproxy._apply_processors
  File "/home/hongb/.openclaw/workspace/filebot/backend/venv/lib/python3.12/site-packages/sqlalchemy/sql/sqltypes.py", line 1829, in process
    value = self._object_value_for_elem(value)
            ^^^^^^^^^^^^^^^^^^^^^^^^^^^^^^^^^^
  File "/home/hongb/.openclaw/workspace/filebot/backend/venv/lib/python3.12/site-packages/sqlalchemy/sql/sqltypes.py", line 1711, in _object_value_for_elem
    raise LookupError(
LookupError: 'MULTIPAGE' is not among the defined enum values. Enum name: filetype. Possible values: TIFF, PDF, DOC, ..., OTHER
INFO:     127.0.0.1:42804 - "GET /api/v1/documents/ HTTP/1.1" 500 Internal Server Error
ERROR:    Exception in ASGI application
Traceback (most recent call last):
  File "/home/hongb/.openclaw/workspace/filebot/backend/venv/lib/python3.12/site-packages/sqlalchemy/sql/sqltypes.py", line 1709, in _object_value_for_elem
    return self._object_lookup[elem]  # type: ignore[return-value]
           ~~~~~~~~~~~~~~~~~~~^^^^^^
KeyError: 'MULTIPAGE'

The above exception was the direct cause of the following exception:

Traceback (most recent call last):
  File "/home/hongb/.openclaw/workspace/filebot/backend/venv/lib/python3.12/site-packages/uvicorn/protocols/http/h11_impl.py", line 410, in run_asgi
    result = await app(  # type: ignore[func-returns-value]
             ^^^^^^^^^^^^^^^^^^^^^^^^^^^^^^^^^^^^^^^^^^^^^^
  File "/home/hongb/.openclaw/workspace/filebot/backend/venv/lib/python3.12/site-packages/uvicorn/middleware/proxy_headers.py", line 60, in __call__
    return await self.app(scope, receive, send)
           ^^^^^^^^^^^^^^^^^^^^^^^^^^^^^^^^^^^^
  File "/home/hongb/.openclaw/workspace/filebot/backend/venv/lib/python3.12/site-packages/fastapi/applications.py", line 1160, in __call__
    await super().__call__(scope, receive, send)
  File "/home/hongb/.openclaw/workspace/filebot/backend/venv/lib/python3.12/site-packages/starlette/applications.py", line 107, in __call__
    await self.middleware_stack(scope, receive, send)
  File "/home/hongb/.openclaw/workspace/filebot/backend/venv/lib/python3.12/site-packages/starlette/middleware/errors.py", line 186, in __call__
    raise exc
  File "/home/hongb/.openclaw/workspace/filebot/backend/venv/lib/python3.12/site-packages/starlette/middleware/errors.py", line 164, in __call__
    await self.app(scope, receive, _send)
  File "/home/hongb/.openclaw/workspace/filebot/backend/venv/lib/python3.12/site-packages/starlette/middleware/cors.py", line 95, in __call__
    await self.simple_response(scope, receive, send, request_headers=headers)
  File "/home/hongb/.openclaw/workspace/filebot/backend/venv/lib/python3.12/site-packages/starlette/middleware/cors.py", line 153, in simple_response
    await self.app(scope, receive, send)
  File "/home/hongb/.openclaw/workspace/filebot/backend/venv/lib/python3.12/site-packages/starlette/middleware/exceptions.py", line 63, in __call__
    await wrap_app_handling_exceptions(self.app, conn)(scope, receive, send)
  File "/home/hongb/.openclaw/workspace/filebot/backend/venv/lib/python3.12/site-packages/starlette/_exception_handler.py", line 53, in wrapped_app
    raise exc
  File "/home/hongb/.openclaw/workspace/filebot/backend/venv/lib/python3.12/site-packages/starlette/_exception_handler.py", line 42, in wrapped_app
    await app(scope, receive, sender)
  File "/home/hongb/.openclaw/workspace/filebot/backend/venv/lib/python3.12/site-packages/fastapi/middleware/asyncexitstack.py", line 18, in __call__
    await self.app(scope, receive, send)
  File "/home/hongb/.openclaw/workspace/filebot/backend/venv/lib/python3.12/site-packages/starlette/routing.py", line 716, in __call__
    await self.middleware_stack(scope, receive, send)
  File "/home/hongb/.openclaw/workspace/filebot/backend/venv/lib/python3.12/site-packages/starlette/routing.py", line 736, in app
    await route.handle(scope, receive, send)
  File "/home/hongb/.openclaw/workspace/filebot/backend/venv/lib/python3.12/site-packages/starlette/routing.py", line 290, in handle
    await self.app(scope, receive, send)
  File "/home/hongb/.openclaw/workspace/filebot/backend/venv/lib/python3.12/site-packages/fastapi/routing.py", line 130, in app
    await wrap_app_handling_exceptions(app, request)(scope, receive, send)
  File "/home/hongb/.openclaw/workspace/filebot/backend/venv/lib/python3.12/site-packages/starlette/_exception_handler.py", line 53, in wrapped_app
    raise exc
  File "/home/hongb/.openclaw/workspace/filebot/backend/venv/lib/python3.12/site-packages/starlette/_exception_handler.py", line 42, in wrapped_app
    await app(scope, receive, sender)
  File "/home/hongb/.openclaw/workspace/filebot/backend/venv/lib/python3.12/site-packages/fastapi/routing.py", line 116, in app
    response = await f(request)
               ^^^^^^^^^^^^^^^^
  File "/home/hongb/.openclaw/workspace/filebot/backend/venv/lib/python3.12/site-packages/fastapi/routing.py", line 670, in app
    raw_response = await run_endpoint_function(
                   ^^^^^^^^^^^^^^^^^^^^^^^^^^^^
  File "/home/hongb/.openclaw/workspace/filebot/backend/venv/lib/python3.12/site-packages/fastapi/routing.py", line 326, in run_endpoint_function
    return await run_in_threadpool(dependant.call, **values)
           ^^^^^^^^^^^^^^^^^^^^^^^^^^^^^^^^^^^^^^^^^^^^^^^^^
  File "/home/hongb/.openclaw/workspace/filebot/backend/venv/lib/python3.12/site-packages/starlette/concurrency.py", line 32, in run_in_threadpool
    return await anyio.to_thread.run_sync(func)
           ^^^^^^^^^^^^^^^^^^^^^^^^^^^^^^^^^^^^
  File "/home/hongb/.openclaw/workspace/filebot/backend/venv/lib/python3.12/site-packages/anyio/to_thread.py", line 63, in run_sync
    return await get_async_backend().run_sync_in_worker_thread(
           ^^^^^^^^^^^^^^^^^^^^^^^^^^^^^^^^^^^^^^^^^^^^^^^^^^^^
  File "/home/hongb/.openclaw/workspace/filebot/backend/venv/lib/python3.12/site-packages/anyio/_backends/_asyncio.py", line 2502, in run_sync_in_worker_thread
    return await future
           ^^^^^^^^^^^^
  File "/home/hongb/.openclaw/workspace/filebot/backend/venv/lib/python3.12/site-packages/anyio/_backends/_asyncio.py", line 986, in run
    result = context.run(func, *args)
             ^^^^^^^^^^^^^^^^^^^^^^^^
  File "/home/hongb/.openclaw/workspace/filebot/backend/app/routers/documents.py", line 249, in get_documents
    documents = query.offset(skip).limit(limit).all()
                ^^^^^^^^^^^^^^^^^^^^^^^^^^^^^^^^^^^^^
  File "/home/hongb/.openclaw/workspace/filebot/backend/venv/lib/python3.12/site-packages/sqlalchemy/orm/query.py", line 2704, in all
    return self._iter().all()  # type: ignore
           ^^^^^^^^^^^^^^^^^^
  File "/home/hongb/.openclaw/workspace/filebot/backend/venv/lib/python3.12/site-packages/sqlalchemy/engine/result.py", line 1786, in all
    return self._allrows()
           ^^^^^^^^^^^^^^^
  File "/home/hongb/.openclaw/workspace/filebot/backend/venv/lib/python3.12/site-packages/sqlalchemy/engine/result.py", line 560, in _allrows
    rows = self._fetchall_impl()
           ^^^^^^^^^^^^^^^^^^^^^
  File "/home/hongb/.openclaw/workspace/filebot/backend/venv/lib/python3.12/site-packages/sqlalchemy/engine/result.py", line 1693, in _fetchall_impl
    return self._real_result._fetchall_impl()
           ^^^^^^^^^^^^^^^^^^^^^^^^^^^^^^^^^^
  File "/home/hongb/.openclaw/workspace/filebot/backend/venv/lib/python3.12/site-packages/sqlalchemy/engine/result.py", line 2287, in _fetchall_impl
    return list(self.iterator)
           ^^^^^^^^^^^^^^^^^^^
  File "/home/hongb/.openclaw/workspace/filebot/backend/venv/lib/python3.12/site-packages/sqlalchemy/orm/loading.py", line 220, in chunks
    fetch = cursor._raw_all_rows()
            ^^^^^^^^^^^^^^^^^^^^^^
  File "/home/hongb/.openclaw/workspace/filebot/backend/venv/lib/python3.12/site-packages/sqlalchemy/engine/result.py", line 553, in _raw_all_rows
    return [make_row(row) for row in rows]
            ^^^^^^^^^^^^^
  File "lib/sqlalchemy/cyextension/resultproxy.pyx", line 22, in sqlalchemy.cyextension.resultproxy.BaseRow.__init__
  File "lib/sqlalchemy/cyextension/resultproxy.pyx", line 79, in sqlalchemy.cyextension.resultproxy._apply_processors
  File "/home/hongb/.openclaw/workspace/filebot/backend/venv/lib/python3.12/site-packages/sqlalchemy/sql/sqltypes.py", line 1829, in process
    value = self._object_value_for_elem(value)
            ^^^^^^^^^^^^^^^^^^^^^^^^^^^^^^^^^^
  File "/home/hongb/.openclaw/workspace/filebot/backend/venv/lib/python3.12/site-packages/sqlalchemy/sql/sqltypes.py", line 1711, in _object_value_for_elem
    raise LookupError(
LookupError: 'MULTIPAGE' is not among the defined enum values. Enum name: filetype. Possible values: TIFF, PDF, DOC, ..., OTHER
INFO:     127.0.0.1:42810 - "GET /api/v1/documents/ HTTP/1.1" 500 Internal Server Error
ERROR:    Exception in ASGI application
Traceback (most recent call last):
  File "/home/hongb/.openclaw/workspace/filebot/backend/venv/lib/python3.12/site-packages/sqlalchemy/sql/sqltypes.py", line 1709, in _object_value_for_elem
    return self._object_lookup[elem]  # type: ignore[return-value]
           ~~~~~~~~~~~~~~~~~~~^^^^^^
KeyError: 'MULTIPAGE'

The above exception was the direct cause of the following exception:

Traceback (most recent call last):
  File "/home/hongb/.openclaw/workspace/filebot/backend/venv/lib/python3.12/site-packages/uvicorn/protocols/http/h11_impl.py", line 410, in run_asgi
    result = await app(  # type: ignore[func-returns-value]
             ^^^^^^^^^^^^^^^^^^^^^^^^^^^^^^^^^^^^^^^^^^^^^^
  File "/home/hongb/.openclaw/workspace/filebot/backend/venv/lib/python3.12/site-packages/uvicorn/middleware/proxy_headers.py", line 60, in __call__
    return await self.app(scope, receive, send)
           ^^^^^^^^^^^^^^^^^^^^^^^^^^^^^^^^^^^^
  File "/home/hongb/.openclaw/workspace/filebot/backend/venv/lib/python3.12/site-packages/fastapi/applications.py", line 1160, in __call__
    await super().__call__(scope, receive, send)
  File "/home/hongb/.openclaw/workspace/filebot/backend/venv/lib/python3.12/site-packages/starlette/applications.py", line 107, in __call__
    await self.middleware_stack(scope, receive, send)
  File "/home/hongb/.openclaw/workspace/filebot/backend/venv/lib/python3.12/site-packages/starlette/middleware/errors.py", line 186, in __call__
    raise exc
  File "/home/hongb/.openclaw/workspace/filebot/backend/venv/lib/python3.12/site-packages/starlette/middleware/errors.py", line 164, in __call__
    await self.app(scope, receive, _send)
  File "/home/hongb/.openclaw/workspace/filebot/backend/venv/lib/python3.12/site-packages/starlette/middleware/cors.py", line 95, in __call__
    await self.simple_response(scope, receive, send, request_headers=headers)
  File "/home/hongb/.openclaw/workspace/filebot/backend/venv/lib/python3.12/site-packages/starlette/middleware/cors.py", line 153, in simple_response
    await self.app(scope, receive, send)
  File "/home/hongb/.openclaw/workspace/filebot/backend/venv/lib/python3.12/site-packages/starlette/middleware/exceptions.py", line 63, in __call__
    await wrap_app_handling_exceptions(self.app, conn)(scope, receive, send)
  File "/home/hongb/.openclaw/workspace/filebot/backend/venv/lib/python3.12/site-packages/starlette/_exception_handler.py", line 53, in wrapped_app
    raise exc
  File "/home/hongb/.openclaw/workspace/filebot/backend/venv/lib/python3.12/site-packages/starlette/_exception_handler.py", line 42, in wrapped_app
    await app(scope, receive, sender)
  File "/home/hongb/.openclaw/workspace/filebot/backend/venv/lib/python3.12/site-packages/fastapi/middleware/asyncexitstack.py", line 18, in __call__
    await self.app(scope, receive, send)
  File "/home/hongb/.openclaw/workspace/filebot/backend/venv/lib/python3.12/site-packages/starlette/routing.py", line 716, in __call__
    await self.middleware_stack(scope, receive, send)
  File "/home/hongb/.openclaw/workspace/filebot/backend/venv/lib/python3.12/site-packages/starlette/routing.py", line 736, in app
    await route.handle(scope, receive, send)
  File "/home/hongb/.openclaw/workspace/filebot/backend/venv/lib/python3.12/site-packages/starlette/routing.py", line 290, in handle
    await self.app(scope, receive, send)
  File "/home/hongb/.openclaw/workspace/filebot/backend/venv/lib/python3.12/site-packages/fastapi/routing.py", line 130, in app
    await wrap_app_handling_exceptions(app, request)(scope, receive, send)
  File "/home/hongb/.openclaw/workspace/filebot/backend/venv/lib/python3.12/site-packages/starlette/_exception_handler.py", line 53, in wrapped_app
    raise exc
  File "/home/hongb/.openclaw/workspace/filebot/backend/venv/lib/python3.12/site-packages/starlette/_exception_handler.py", line 42, in wrapped_app
    await app(scope, receive, sender)
  File "/home/hongb/.openclaw/workspace/filebot/backend/venv/lib/python3.12/site-packages/fastapi/routing.py", line 116, in app
    response = await f(request)
               ^^^^^^^^^^^^^^^^
  File "/home/hongb/.openclaw/workspace/filebot/backend/venv/lib/python3.12/site-packages/fastapi/routing.py", line 670, in app
    raw_response = await run_endpoint_function(
                   ^^^^^^^^^^^^^^^^^^^^^^^^^^^^
  File "/home/hongb/.openclaw/workspace/filebot/backend/venv/lib/python3.12/site-packages/fastapi/routing.py", line 326, in run_endpoint_function
    return await run_in_threadpool(dependant.call, **values)
           ^^^^^^^^^^^^^^^^^^^^^^^^^^^^^^^^^^^^^^^^^^^^^^^^^
  File "/home/hongb/.openclaw/workspace/filebot/backend/venv/lib/python3.12/site-packages/starlette/concurrency.py", line 32, in run_in_threadpool
    return await anyio.to_thread.run_sync(func)
           ^^^^^^^^^^^^^^^^^^^^^^^^^^^^^^^^^^^^
  File "/home/hongb/.openclaw/workspace/filebot/backend/venv/lib/python3.12/site-packages/anyio/to_thread.py", line 63, in run_sync
    return await get_async_backend().run_sync_in_worker_thread(
           ^^^^^^^^^^^^^^^^^^^^^^^^^^^^^^^^^^^^^^^^^^^^^^^^^^^^
  File "/home/hongb/.openclaw/workspace/filebot/backend/venv/lib/python3.12/site-packages/anyio/_backends/_asyncio.py", line 2502, in run_sync_in_worker_thread
    return await future
           ^^^^^^^^^^^^
  File "/home/hongb/.openclaw/workspace/filebot/backend/venv/lib/python3.12/site-packages/anyio/_backends/_asyncio.py", line 986, in run
    result = context.run(func, *args)
             ^^^^^^^^^^^^^^^^^^^^^^^^
  File "/home/hongb/.openclaw/workspace/filebot/backend/app/routers/documents.py", line 249, in get_documents
    documents = query.offset(skip).limit(limit).all()
                ^^^^^^^^^^^^^^^^^^^^^^^^^^^^^^^^^^^^^
  File "/home/hongb/.openclaw/workspace/filebot/backend/venv/lib/python3.12/site-packages/sqlalchemy/orm/query.py", line 2704, in all
    return self._iter().all()  # type: ignore
           ^^^^^^^^^^^^^^^^^^
  File "/home/hongb/.openclaw/workspace/filebot/backend/venv/lib/python3.12/site-packages/sqlalchemy/engine/result.py", line 1786, in all
    return self._allrows()
           ^^^^^^^^^^^^^^^
  File "/home/hongb/.openclaw/workspace/filebot/backend/venv/lib/python3.12/site-packages/sqlalchemy/engine/result.py", line 560, in _allrows
    rows = self._fetchall_impl()
           ^^^^^^^^^^^^^^^^^^^^^
  File "/home/hongb/.openclaw/workspace/filebot/backend/venv/lib/python3.12/site-packages/sqlalchemy/engine/result.py", line 1693, in _fetchall_impl
    return self._real_result._fetchall_impl()
           ^^^^^^^^^^^^^^^^^^^^^^^^^^^^^^^^^^
  File "/home/hongb/.openclaw/workspace/filebot/backend/venv/lib/python3.12/site-packages/sqlalchemy/engine/result.py", line 2287, in _fetchall_impl
    return list(self.iterator)
           ^^^^^^^^^^^^^^^^^^^
  File "/home/hongb/.openclaw/workspace/filebot/backend/venv/lib/python3.12/site-packages/sqlalchemy/orm/loading.py", line 220, in chunks
    fetch = cursor._raw_all_rows()
            ^^^^^^^^^^^^^^^^^^^^^^
  File "/home/hongb/.openclaw/workspace/filebot/backend/venv/lib/python3.12/site-packages/sqlalchemy/engine/result.py", line 553, in _raw_all_rows
    return [make_row(row) for row in rows]
            ^^^^^^^^^^^^^
  File "lib/sqlalchemy/cyextension/resultproxy.pyx", line 22, in sqlalchemy.cyextension.resultproxy.BaseRow.__init__
  File "lib/sqlalchemy/cyextension/resultproxy.pyx", line 79, in sqlalchemy.cyextension.resultproxy._apply_processors
  File "/home/hongb/.openclaw/workspace/filebot/backend/venv/lib/python3.12/site-packages/sqlalchemy/sql/sqltypes.py", line 1829, in process
    value = self._object_value_for_elem(value)
            ^^^^^^^^^^^^^^^^^^^^^^^^^^^^^^^^^^
  File "/home/hongb/.openclaw/workspace/filebot/backend/venv/lib/python3.12/site-packages/sqlalchemy/sql/sqltypes.py", line 1711, in _object_value_for_elem
    raise LookupError(
LookupError: 'MULTIPAGE' is not among the defined enum values. Enum name: filetype. Possible values: TIFF, PDF, DOC, ..., OTHER
INFO:     127.0.0.1:42816 - "OPTIONS /api/v1/apps/ HTTP/1.1" 200 OK
INFO:     127.0.0.1:42816 - "OPTIONS /api/v1/apps/ HTTP/1.1" 200 OK
INFO:     127.0.0.1:42816 - "GET /api/v1/apps/ HTTP/1.1" 200 OK
INFO:     127.0.0.1:42816 - "GET /api/v1/apps/ HTTP/1.1" 200 OK
INFO:     127.0.0.1:42816 - "OPTIONS /api/v1/apps/11111111-1111-1111-1111-111111111111/drawers HTTP/1.1" 200 OK
INFO:     127.0.0.1:42816 - "OPTIONS /api/v1/apps/11111111-1111-1111-1111-111111111111/drawers HTTP/1.1" 200 OK
INFO:     127.0.0.1:42816 - "GET /api/v1/apps/11111111-1111-1111-1111-111111111111/drawers HTTP/1.1" 200 OK
INFO:     127.0.0.1:42816 - "GET /api/v1/apps/11111111-1111-1111-1111-111111111111/drawers HTTP/1.1" 200 OK
INFO:     127.0.0.1:42816 - "OPTIONS /api/v1/apps/11111111-1111-1111-1111-111111111111/drawers/22222222-2222-2222-2222-222222222222/folders HTTP/1.1" 200 OK
INFO:     127.0.0.1:42816 - "GET /api/v1/apps/11111111-1111-1111-1111-111111111111/drawers/22222222-2222-2222-2222-222222222222/folders HTTP/1.1" 200 OK
INFO:     127.0.0.1:42816 - "GET /api/v1/apps/11111111-1111-1111-1111-111111111111/drawers/22222222-2222-2222-2222-222222222222/folders HTTP/1.1" 200 OK
INFO:     127.0.0.1:41306 - "OPTIONS /api/v1/documents/upload/ HTTP/1.1" 200 OK
INFO:     127.0.0.1:41306 - "POST /api/v1/documents/upload/ HTTP/1.1" 422 Unprocessable Entity
INFO:     127.0.0.1:41300 - "OPTIONS /api/v1/features/check?feature=ai_document_classification HTTP/1.1" 200 OK
INFO:     127.0.0.1:41306 - "OPTIONS /api/v1/features/check?feature=ai_document_classification HTTP/1.1" 200 OK
INFO:     127.0.0.1:41300 - "GET /api/v1/features/check?feature=ai_document_classification HTTP/1.1" 200 OK
INFO:     127.0.0.1:41328 - "GET /api/v1/documents/ HTTP/1.1" 500 Internal Server Error
ERROR:    Exception in ASGI application
Traceback (most recent call last):
  File "/home/hongb/.openclaw/workspace/filebot/backend/venv/lib/python3.12/site-packages/sqlalchemy/sql/sqltypes.py", line 1709, in _object_value_for_elem
    return self._object_lookup[elem]  # type: ignore[return-value]
           ~~~~~~~~~~~~~~~~~~~^^^^^^
KeyError: 'MULTIPAGE'

The above exception was the direct cause of the following exception:

Traceback (most recent call last):
  File "/home/hongb/.openclaw/workspace/filebot/backend/venv/lib/python3.12/site-packages/uvicorn/protocols/http/h11_impl.py", line 410, in run_asgi
    result = await app(  # type: ignore[func-returns-value]
             ^^^^^^^^^^^^^^^^^^^^^^^^^^^^^^^^^^^^^^^^^^^^^^
  File "/home/hongb/.openclaw/workspace/filebot/backend/venv/lib/python3.12/site-packages/uvicorn/middleware/proxy_headers.py", line 60, in __call__
    return await self.app(scope, receive, send)
           ^^^^^^^^^^^^^^^^^^^^^^^^^^^^^^^^^^^^
  File "/home/hongb/.openclaw/workspace/filebot/backend/venv/lib/python3.12/site-packages/fastapi/applications.py", line 1160, in __call__
    await super().__call__(scope, receive, send)
  File "/home/hongb/.openclaw/workspace/filebot/backend/venv/lib/python3.12/site-packages/starlette/applications.py", line 107, in __call__
    await self.middleware_stack(scope, receive, send)
  File "/home/hongb/.openclaw/workspace/filebot/backend/venv/lib/python3.12/site-packages/starlette/middleware/errors.py", line 186, in __call__
    raise exc
  File "/home/hongb/.openclaw/workspace/filebot/backend/venv/lib/python3.12/site-packages/starlette/middleware/errors.py", line 164, in __call__
    await self.app(scope, receive, _send)
  File "/home/hongb/.openclaw/workspace/filebot/backend/venv/lib/python3.12/site-packages/starlette/middleware/cors.py", line 95, in __call__
    await self.simple_response(scope, receive, send, request_headers=headers)
  File "/home/hongb/.openclaw/workspace/filebot/backend/venv/lib/python3.12/site-packages/starlette/middleware/cors.py", line 153, in simple_response
    await self.app(scope, receive, send)
  File "/home/hongb/.openclaw/workspace/filebot/backend/venv/lib/python3.12/site-packages/starlette/middleware/exceptions.py", line 63, in __call__
    await wrap_app_handling_exceptions(self.app, conn)(scope, receive, send)
  File "/home/hongb/.openclaw/workspace/filebot/backend/venv/lib/python3.12/site-packages/starlette/_exception_handler.py", line 53, in wrapped_app
    raise exc
  File "/home/hongb/.openclaw/workspace/filebot/backend/venv/lib/python3.12/site-packages/starlette/_exception_handler.py", line 42, in wrapped_app
    await app(scope, receive, sender)
  File "/home/hongb/.openclaw/workspace/filebot/backend/venv/lib/python3.12/site-packages/fastapi/middleware/asyncexitstack.py", line 18, in __call__
    await self.app(scope, receive, send)
  File "/home/hongb/.openclaw/workspace/filebot/backend/venv/lib/python3.12/site-packages/starlette/routing.py", line 716, in __call__
    await self.middleware_stack(scope, receive, send)
  File "/home/hongb/.openclaw/workspace/filebot/backend/venv/lib/python3.12/site-packages/starlette/routing.py", line 736, in app
    await route.handle(scope, receive, send)
  File "/home/hongb/.openclaw/workspace/filebot/backend/venv/lib/python3.12/site-packages/starlette/routing.py", line 290, in handle
    await self.app(scope, receive, send)
  File "/home/hongb/.openclaw/workspace/filebot/backend/venv/lib/python3.12/site-packages/fastapi/routing.py", line 130, in app
    await wrap_app_handling_exceptions(app, request)(scope, receive, send)
  File "/home/hongb/.openclaw/workspace/filebot/backend/venv/lib/python3.12/site-packages/starlette/_exception_handler.py", line 53, in wrapped_app
    raise exc
  File "/home/hongb/.openclaw/workspace/filebot/backend/venv/lib/python3.12/site-packages/starlette/_exception_handler.py", line 42, in wrapped_app
    await app(scope, receive, sender)
  File "/home/hongb/.openclaw/workspace/filebot/backend/venv/lib/python3.12/site-packages/fastapi/routing.py", line 116, in app
    response = await f(request)
               ^^^^^^^^^^^^^^^^
  File "/home/hongb/.openclaw/workspace/filebot/backend/venv/lib/python3.12/site-packages/fastapi/routing.py", line 670, in app
    raw_response = await run_endpoint_function(
                   ^^^^^^^^^^^^^^^^^^^^^^^^^^^^
  File "/home/hongb/.openclaw/workspace/filebot/backend/venv/lib/python3.12/site-packages/fastapi/routing.py", line 326, in run_endpoint_function
    return await run_in_threadpool(dependant.call, **values)
           ^^^^^^^^^^^^^^^^^^^^^^^^^^^^^^^^^^^^^^^^^^^^^^^^^
  File "/home/hongb/.openclaw/workspace/filebot/backend/venv/lib/python3.12/site-packages/starlette/concurrency.py", line 32, in run_in_threadpool
    return await anyio.to_thread.run_sync(func)
           ^^^^^^^^^^^^^^^^^^^^^^^^^^^^^^^^^^^^
  File "/home/hongb/.openclaw/workspace/filebot/backend/venv/lib/python3.12/site-packages/anyio/to_thread.py", line 63, in run_sync
    return await get_async_backend().run_sync_in_worker_thread(
           ^^^^^^^^^^^^^^^^^^^^^^^^^^^^^^^^^^^^^^^^^^^^^^^^^^^^
  File "/home/hongb/.openclaw/workspace/filebot/backend/venv/lib/python3.12/site-packages/anyio/_backends/_asyncio.py", line 2502, in run_sync_in_worker_thread
    return await future
           ^^^^^^^^^^^^
  File "/home/hongb/.openclaw/workspace/filebot/backend/venv/lib/python3.12/site-packages/anyio/_backends/_asyncio.py", line 986, in run
    result = context.run(func, *args)
             ^^^^^^^^^^^^^^^^^^^^^^^^
  File "/home/hongb/.openclaw/workspace/filebot/backend/app/routers/documents.py", line 249, in get_documents
    documents = query.offset(skip).limit(limit).all()
                ^^^^^^^^^^^^^^^^^^^^^^^^^^^^^^^^^^^^^
  File "/home/hongb/.openclaw/workspace/filebot/backend/venv/lib/python3.12/site-packages/sqlalchemy/orm/query.py", line 2704, in all
    return self._iter().all()  # type: ignore
           ^^^^^^^^^^^^^^^^^^
  File "/home/hongb/.openclaw/workspace/filebot/backend/venv/lib/python3.12/site-packages/sqlalchemy/engine/result.py", line 1786, in all
    return self._allrows()
           ^^^^^^^^^^^^^^^
  File "/home/hongb/.openclaw/workspace/filebot/backend/venv/lib/python3.12/site-packages/sqlalchemy/engine/result.py", line 560, in _allrows
    rows = self._fetchall_impl()
           ^^^^^^^^^^^^^^^^^^^^^
  File "/home/hongb/.openclaw/workspace/filebot/backend/venv/lib/python3.12/site-packages/sqlalchemy/engine/result.py", line 1693, in _fetchall_impl
    return self._real_result._fetchall_impl()
           ^^^^^^^^^^^^^^^^^^^^^^^^^^^^^^^^^^
  File "/home/hongb/.openclaw/workspace/filebot/backend/venv/lib/python3.12/site-packages/sqlalchemy/engine/result.py", line 2287, in _fetchall_impl
    return list(self.iterator)
           ^^^^^^^^^^^^^^^^^^^
  File "/home/hongb/.openclaw/workspace/filebot/backend/venv/lib/python3.12/site-packages/sqlalchemy/orm/loading.py", line 220, in chunks
    fetch = cursor._raw_all_rows()
            ^^^^^^^^^^^^^^^^^^^^^^
  File "/home/hongb/.openclaw/workspace/filebot/backend/venv/lib/python3.12/site-packages/sqlalchemy/engine/result.py", line 553, in _raw_all_rows
    return [make_row(row) for row in rows]
            ^^^^^^^^^^^^^
  File "lib/sqlalchemy/cyextension/resultproxy.pyx", line 22, in sqlalchemy.cyextension.resultproxy.BaseRow.__init__
  File "lib/sqlalchemy/cyextension/resultproxy.pyx", line 79, in sqlalchemy.cyextension.resultproxy._apply_processors
  File "/home/hongb/.openclaw/workspace/filebot/backend/venv/lib/python3.12/site-packages/sqlalchemy/sql/sqltypes.py", line 1829, in process
    value = self._object_value_for_elem(value)
            ^^^^^^^^^^^^^^^^^^^^^^^^^^^^^^^^^^
  File "/home/hongb/.openclaw/workspace/filebot/backend/venv/lib/python3.12/site-packages/sqlalchemy/sql/sqltypes.py", line 1711, in _object_value_for_elem
    raise LookupError(
LookupError: 'MULTIPAGE' is not among the defined enum values. Enum name: filetype. Possible values: TIFF, PDF, DOC, ..., OTHER
INFO:     127.0.0.1:41300 - "GET /api/v1/features/check?feature=ai_document_classification HTTP/1.1" 200 OK
INFO:     127.0.0.1:41306 - "OPTIONS /api/v1/features/current-edition HTTP/1.1" 200 OK
INFO:     127.0.0.1:41306 - "GET /api/v1/features/current-edition HTTP/1.1" 200 OK
INFO:     127.0.0.1:41318 - "GET /api/v1/documents/ HTTP/1.1" 500 Internal Server Error
ERROR:    Exception in ASGI application
Traceback (most recent call last):
  File "/home/hongb/.openclaw/workspace/filebot/backend/venv/lib/python3.12/site-packages/sqlalchemy/sql/sqltypes.py", line 1709, in _object_value_for_elem
    return self._object_lookup[elem]  # type: ignore[return-value]
           ~~~~~~~~~~~~~~~~~~~^^^^^^
KeyError: 'MULTIPAGE'

The above exception was the direct cause of the following exception:

Traceback (most recent call last):
  File "/home/hongb/.openclaw/workspace/filebot/backend/venv/lib/python3.12/site-packages/uvicorn/protocols/http/h11_impl.py", line 410, in run_asgi
    result = await app(  # type: ignore[func-returns-value]
             ^^^^^^^^^^^^^^^^^^^^^^^^^^^^^^^^^^^^^^^^^^^^^^
  File "/home/hongb/.openclaw/workspace/filebot/backend/venv/lib/python3.12/site-packages/uvicorn/middleware/proxy_headers.py", line 60, in __call__
    return await self.app(scope, receive, send)
           ^^^^^^^^^^^^^^^^^^^^^^^^^^^^^^^^^^^^
  File "/home/hongb/.openclaw/workspace/filebot/backend/venv/lib/python3.12/site-packages/fastapi/applications.py", line 1160, in __call__
    await super().__call__(scope, receive, send)
  File "/home/hongb/.openclaw/workspace/filebot/backend/venv/lib/python3.12/site-packages/starlette/applications.py", line 107, in __call__
    await self.middleware_stack(scope, receive, send)
  File "/home/hongb/.openclaw/workspace/filebot/backend/venv/lib/python3.12/site-packages/starlette/middleware/errors.py", line 186, in __call__
    raise exc
  File "/home/hongb/.openclaw/workspace/filebot/backend/venv/lib/python3.12/site-packages/starlette/middleware/errors.py", line 164, in __call__
    await self.app(scope, receive, _send)
  File "/home/hongb/.openclaw/workspace/filebot/backend/venv/lib/python3.12/site-packages/starlette/middleware/cors.py", line 95, in __call__
    await self.simple_response(scope, receive, send, request_headers=headers)
  File "/home/hongb/.openclaw/workspace/filebot/backend/venv/lib/python3.12/site-packages/starlette/middleware/cors.py", line 153, in simple_response
    await self.app(scope, receive, send)
  File "/home/hongb/.openclaw/workspace/filebot/backend/venv/lib/python3.12/site-packages/starlette/middleware/exceptions.py", line 63, in __call__
    await wrap_app_handling_exceptions(self.app, conn)(scope, receive, send)
  File "/home/hongb/.openclaw/workspace/filebot/backend/venv/lib/python3.12/site-packages/starlette/_exception_handler.py", line 53, in wrapped_app
    raise exc
  File "/home/hongb/.openclaw/workspace/filebot/backend/venv/lib/python3.12/site-packages/starlette/_exception_handler.py", line 42, in wrapped_app
    await app(scope, receive, sender)
  File "/home/hongb/.openclaw/workspace/filebot/backend/venv/lib/python3.12/site-packages/fastapi/middleware/asyncexitstack.py", line 18, in __call__
    await self.app(scope, receive, send)
  File "/home/hongb/.openclaw/workspace/filebot/backend/venv/lib/python3.12/site-packages/starlette/routing.py", line 716, in __call__
    await self.middleware_stack(scope, receive, send)
  File "/home/hongb/.openclaw/workspace/filebot/backend/venv/lib/python3.12/site-packages/starlette/routing.py", line 736, in app
    await route.handle(scope, receive, send)
  File "/home/hongb/.openclaw/workspace/filebot/backend/venv/lib/python3.12/site-packages/starlette/routing.py", line 290, in handle
    await self.app(scope, receive, send)
  File "/home/hongb/.openclaw/workspace/filebot/backend/venv/lib/python3.12/site-packages/fastapi/routing.py", line 130, in app
    await wrap_app_handling_exceptions(app, request)(scope, receive, send)
  File "/home/hongb/.openclaw/workspace/filebot/backend/venv/lib/python3.12/site-packages/starlette/_exception_handler.py", line 53, in wrapped_app
    raise exc
  File "/home/hongb/.openclaw/workspace/filebot/backend/venv/lib/python3.12/site-packages/starlette/_exception_handler.py", line 42, in wrapped_app
    await app(scope, receive, sender)
  File "/home/hongb/.openclaw/workspace/filebot/backend/venv/lib/python3.12/site-packages/fastapi/routing.py", line 116, in app
    response = await f(request)
               ^^^^^^^^^^^^^^^^
  File "/home/hongb/.openclaw/workspace/filebot/backend/venv/lib/python3.12/site-packages/fastapi/routing.py", line 670, in app
    raw_response = await run_endpoint_function(
                   ^^^^^^^^^^^^^^^^^^^^^^^^^^^^
  File "/home/hongb/.openclaw/workspace/filebot/backend/venv/lib/python3.12/site-packages/fastapi/routing.py", line 326, in run_endpoint_function
    return await run_in_threadpool(dependant.call, **values)
           ^^^^^^^^^^^^^^^^^^^^^^^^^^^^^^^^^^^^^^^^^^^^^^^^^
  File "/home/hongb/.openclaw/workspace/filebot/backend/venv/lib/python3.12/site-packages/starlette/concurrency.py", line 32, in run_in_threadpool
    return await anyio.to_thread.run_sync(func)
           ^^^^^^^^^^^^^^^^^^^^^^^^^^^^^^^^^^^^
  File "/home/hongb/.openclaw/workspace/filebot/backend/venv/lib/python3.12/site-packages/anyio/to_thread.py", line 63, in run_sync
    return await get_async_backend().run_sync_in_worker_thread(
           ^^^^^^^^^^^^^^^^^^^^^^^^^^^^^^^^^^^^^^^^^^^^^^^^^^^^
  File "/home/hongb/.openclaw/workspace/filebot/backend/venv/lib/python3.12/site-packages/anyio/_backends/_asyncio.py", line 2502, in run_sync_in_worker_thread
    return await future
           ^^^^^^^^^^^^
  File "/home/hongb/.openclaw/workspace/filebot/backend/venv/lib/python3.12/site-packages/anyio/_backends/_asyncio.py", line 986, in run
    result = context.run(func, *args)
             ^^^^^^^^^^^^^^^^^^^^^^^^
  File "/home/hongb/.openclaw/workspace/filebot/backend/app/routers/documents.py", line 249, in get_documents
    documents = query.offset(skip).limit(limit).all()
                ^^^^^^^^^^^^^^^^^^^^^^^^^^^^^^^^^^^^^
  File "/home/hongb/.openclaw/workspace/filebot/backend/venv/lib/python3.12/site-packages/sqlalchemy/orm/query.py", line 2704, in all
    return self._iter().all()  # type: ignore
           ^^^^^^^^^^^^^^^^^^
  File "/home/hongb/.openclaw/workspace/filebot/backend/venv/lib/python3.12/site-packages/sqlalchemy/engine/result.py", line 1786, in all
    return self._allrows()
           ^^^^^^^^^^^^^^^
  File "/home/hongb/.openclaw/workspace/filebot/backend/venv/lib/python3.12/site-packages/sqlalchemy/engine/result.py", line 560, in _allrows
    rows = self._fetchall_impl()
           ^^^^^^^^^^^^^^^^^^^^^
  File "/home/hongb/.openclaw/workspace/filebot/backend/venv/lib/python3.12/site-packages/sqlalchemy/engine/result.py", line 1693, in _fetchall_impl
    return self._real_result._fetchall_impl()
           ^^^^^^^^^^^^^^^^^^^^^^^^^^^^^^^^^^
  File "/home/hongb/.openclaw/workspace/filebot/backend/venv/lib/python3.12/site-packages/sqlalchemy/engine/result.py", line 2287, in _fetchall_impl
    return list(self.iterator)
           ^^^^^^^^^^^^^^^^^^^
  File "/home/hongb/.openclaw/workspace/filebot/backend/venv/lib/python3.12/site-packages/sqlalchemy/orm/loading.py", line 220, in chunks
    fetch = cursor._raw_all_rows()
            ^^^^^^^^^^^^^^^^^^^^^^
  File "/home/hongb/.openclaw/workspace/filebot/backend/venv/lib/python3.12/site-packages/sqlalchemy/engine/result.py", line 553, in _raw_all_rows
    return [make_row(row) for row in rows]
            ^^^^^^^^^^^^^
  File "lib/sqlalchemy/cyextension/resultproxy.pyx", line 22, in sqlalchemy.cyextension.resultproxy.BaseRow.__init__
  File "lib/sqlalchemy/cyextension/resultproxy.pyx", line 79, in sqlalchemy.cyextension.resultproxy._apply_processors
  File "/home/hongb/.openclaw/workspace/filebot/backend/venv/lib/python3.12/site-packages/sqlalchemy/sql/sqltypes.py", line 1829, in process
    value = self._object_value_for_elem(value)
            ^^^^^^^^^^^^^^^^^^^^^^^^^^^^^^^^^^
  File "/home/hongb/.openclaw/workspace/filebot/backend/venv/lib/python3.12/site-packages/sqlalchemy/sql/sqltypes.py", line 1711, in _object_value_for_elem
    raise LookupError(
LookupError: 'MULTIPAGE' is not among the defined enum values. Enum name: filetype. Possible values: TIFF, PDF, DOC, ..., OTHER
INFO:     127.0.0.1:41306 - "GET /api/v1/features/current-edition HTTP/1.1" 200 OK
INFO:     127.0.0.1:41336 - "GET /api/v1/documents/ HTTP/1.1" 500 Internal Server Error
ERROR:    Exception in ASGI application
Traceback (most recent call last):
  File "/home/hongb/.openclaw/workspace/filebot/backend/venv/lib/python3.12/site-packages/sqlalchemy/sql/sqltypes.py", line 1709, in _object_value_for_elem
    return self._object_lookup[elem]  # type: ignore[return-value]
           ~~~~~~~~~~~~~~~~~~~^^^^^^
KeyError: 'MULTIPAGE'

The above exception was the direct cause of the following exception:

Traceback (most recent call last):
  File "/home/hongb/.openclaw/workspace/filebot/backend/venv/lib/python3.12/site-packages/uvicorn/protocols/http/h11_impl.py", line 410, in run_asgi
    result = await app(  # type: ignore[func-returns-value]
             ^^^^^^^^^^^^^^^^^^^^^^^^^^^^^^^^^^^^^^^^^^^^^^
  File "/home/hongb/.openclaw/workspace/filebot/backend/venv/lib/python3.12/site-packages/uvicorn/middleware/proxy_headers.py", line 60, in __call__
    return await self.app(scope, receive, send)
           ^^^^^^^^^^^^^^^^^^^^^^^^^^^^^^^^^^^^
  File "/home/hongb/.openclaw/workspace/filebot/backend/venv/lib/python3.12/site-packages/fastapi/applications.py", line 1160, in __call__
    await super().__call__(scope, receive, send)
  File "/home/hongb/.openclaw/workspace/filebot/backend/venv/lib/python3.12/site-packages/starlette/applications.py", line 107, in __call__
    await self.middleware_stack(scope, receive, send)
  File "/home/hongb/.openclaw/workspace/filebot/backend/venv/lib/python3.12/site-packages/starlette/middleware/errors.py", line 186, in __call__
    raise exc
  File "/home/hongb/.openclaw/workspace/filebot/backend/venv/lib/python3.12/site-packages/starlette/middleware/errors.py", line 164, in __call__
    await self.app(scope, receive, _send)
  File "/home/hongb/.openclaw/workspace/filebot/backend/venv/lib/python3.12/site-packages/starlette/middleware/cors.py", line 95, in __call__
    await self.simple_response(scope, receive, send, request_headers=headers)
  File "/home/hongb/.openclaw/workspace/filebot/backend/venv/lib/python3.12/site-packages/starlette/middleware/cors.py", line 153, in simple_response
    await self.app(scope, receive, send)
  File "/home/hongb/.openclaw/workspace/filebot/backend/venv/lib/python3.12/site-packages/starlette/middleware/exceptions.py", line 63, in __call__
    await wrap_app_handling_exceptions(self.app, conn)(scope, receive, send)
  File "/home/hongb/.openclaw/workspace/filebot/backend/venv/lib/python3.12/site-packages/starlette/_exception_handler.py", line 53, in wrapped_app
    raise exc
  File "/home/hongb/.openclaw/workspace/filebot/backend/venv/lib/python3.12/site-packages/starlette/_exception_handler.py", line 42, in wrapped_app
    await app(scope, receive, sender)
  File "/home/hongb/.openclaw/workspace/filebot/backend/venv/lib/python3.12/site-packages/fastapi/middleware/asyncexitstack.py", line 18, in __call__
    await self.app(scope, receive, send)
  File "/home/hongb/.openclaw/workspace/filebot/backend/venv/lib/python3.12/site-packages/starlette/routing.py", line 716, in __call__
    await self.middleware_stack(scope, receive, send)
  File "/home/hongb/.openclaw/workspace/filebot/backend/venv/lib/python3.12/site-packages/starlette/routing.py", line 736, in app
    await route.handle(scope, receive, send)
  File "/home/hongb/.openclaw/workspace/filebot/backend/venv/lib/python3.12/site-packages/starlette/routing.py", line 290, in handle
    await self.app(scope, receive, send)
  File "/home/hongb/.openclaw/workspace/filebot/backend/venv/lib/python3.12/site-packages/fastapi/routing.py", line 130, in app
    await wrap_app_handling_exceptions(app, request)(scope, receive, send)
  File "/home/hongb/.openclaw/workspace/filebot/backend/venv/lib/python3.12/site-packages/starlette/_exception_handler.py", line 53, in wrapped_app
    raise exc
  File "/home/hongb/.openclaw/workspace/filebot/backend/venv/lib/python3.12/site-packages/starlette/_exception_handler.py", line 42, in wrapped_app
    await app(scope, receive, sender)
  File "/home/hongb/.openclaw/workspace/filebot/backend/venv/lib/python3.12/site-packages/fastapi/routing.py", line 116, in app
    response = await f(request)
               ^^^^^^^^^^^^^^^^
  File "/home/hongb/.openclaw/workspace/filebot/backend/venv/lib/python3.12/site-packages/fastapi/routing.py", line 670, in app
    raw_response = await run_endpoint_function(
                   ^^^^^^^^^^^^^^^^^^^^^^^^^^^^
  File "/home/hongb/.openclaw/workspace/filebot/backend/venv/lib/python3.12/site-packages/fastapi/routing.py", line 326, in run_endpoint_function
    return await run_in_threadpool(dependant.call, **values)
           ^^^^^^^^^^^^^^^^^^^^^^^^^^^^^^^^^^^^^^^^^^^^^^^^^
  File "/home/hongb/.openclaw/workspace/filebot/backend/venv/lib/python3.12/site-packages/starlette/concurrency.py", line 32, in run_in_threadpool
    return await anyio.to_thread.run_sync(func)
           ^^^^^^^^^^^^^^^^^^^^^^^^^^^^^^^^^^^^
  File "/home/hongb/.openclaw/workspace/filebot/backend/venv/lib/python3.12/site-packages/anyio/to_thread.py", line 63, in run_sync
    return await get_async_backend().run_sync_in_worker_thread(
           ^^^^^^^^^^^^^^^^^^^^^^^^^^^^^^^^^^^^^^^^^^^^^^^^^^^^
  File "/home/hongb/.openclaw/workspace/filebot/backend/venv/lib/python3.12/site-packages/anyio/_backends/_asyncio.py", line 2502, in run_sync_in_worker_thread
    return await future
           ^^^^^^^^^^^^
  File "/home/hongb/.openclaw/workspace/filebot/backend/venv/lib/python3.12/site-packages/anyio/_backends/_asyncio.py", line 986, in run
    result = context.run(func, *args)
             ^^^^^^^^^^^^^^^^^^^^^^^^
  File "/home/hongb/.openclaw/workspace/filebot/backend/app/routers/documents.py", line 249, in get_documents
    documents = query.offset(skip).limit(limit).all()
                ^^^^^^^^^^^^^^^^^^^^^^^^^^^^^^^^^^^^^
  File "/home/hongb/.openclaw/workspace/filebot/backend/venv/lib/python3.12/site-packages/sqlalchemy/orm/query.py", line 2704, in all
    return self._iter().all()  # type: ignore
           ^^^^^^^^^^^^^^^^^^
  File "/home/hongb/.openclaw/workspace/filebot/backend/venv/lib/python3.12/site-packages/sqlalchemy/engine/result.py", line 1786, in all
    return self._allrows()
           ^^^^^^^^^^^^^^^
  File "/home/hongb/.openclaw/workspace/filebot/backend/venv/lib/python3.12/site-packages/sqlalchemy/engine/result.py", line 560, in _allrows
    rows = self._fetchall_impl()
           ^^^^^^^^^^^^^^^^^^^^^
  File "/home/hongb/.openclaw/workspace/filebot/backend/venv/lib/python3.12/site-packages/sqlalchemy/engine/result.py", line 1693, in _fetchall_impl
    return self._real_result._fetchall_impl()
           ^^^^^^^^^^^^^^^^^^^^^^^^^^^^^^^^^^
  File "/home/hongb/.openclaw/workspace/filebot/backend/venv/lib/python3.12/site-packages/sqlalchemy/engine/result.py", line 2287, in _fetchall_impl
    return list(self.iterator)
           ^^^^^^^^^^^^^^^^^^^
  File "/home/hongb/.openclaw/workspace/filebot/backend/venv/lib/python3.12/site-packages/sqlalchemy/orm/loading.py", line 220, in chunks
    fetch = cursor._raw_all_rows()
            ^^^^^^^^^^^^^^^^^^^^^^
  File "/home/hongb/.openclaw/workspace/filebot/backend/venv/lib/python3.12/site-packages/sqlalchemy/engine/result.py", line 553, in _raw_all_rows
    return [make_row(row) for row in rows]
            ^^^^^^^^^^^^^
  File "lib/sqlalchemy/cyextension/resultproxy.pyx", line 22, in sqlalchemy.cyextension.resultproxy.BaseRow.__init__
  File "lib/sqlalchemy/cyextension/resultproxy.pyx", line 79, in sqlalchemy.cyextension.resultproxy._apply_processors
  File "/home/hongb/.openclaw/workspace/filebot/backend/venv/lib/python3.12/site-packages/sqlalchemy/sql/sqltypes.py", line 1829, in process
    value = self._object_value_for_elem(value)
            ^^^^^^^^^^^^^^^^^^^^^^^^^^^^^^^^^^
  File "/home/hongb/.openclaw/workspace/filebot/backend/venv/lib/python3.12/site-packages/sqlalchemy/sql/sqltypes.py", line 1711, in _object_value_for_elem
    raise LookupError(
LookupError: 'MULTIPAGE' is not among the defined enum values. Enum name: filetype. Possible values: TIFF, PDF, DOC, ..., OTHER
INFO:     127.0.0.1:47018 - "GET /api/v1/documents/ HTTP/1.1" 500 Internal Server Error
ERROR:    Exception in ASGI application
Traceback (most recent call last):
  File "/home/hongb/.openclaw/workspace/filebot/backend/venv/lib/python3.12/site-packages/sqlalchemy/sql/sqltypes.py", line 1709, in _object_value_for_elem
    return self._object_lookup[elem]  # type: ignore[return-value]
           ~~~~~~~~~~~~~~~~~~~^^^^^^
KeyError: 'MULTIPAGE'

The above exception was the direct cause of the following exception:

Traceback (most recent call last):
  File "/home/hongb/.openclaw/workspace/filebot/backend/venv/lib/python3.12/site-packages/uvicorn/protocols/http/h11_impl.py", line 410, in run_asgi
    result = await app(  # type: ignore[func-returns-value]
             ^^^^^^^^^^^^^^^^^^^^^^^^^^^^^^^^^^^^^^^^^^^^^^
  File "/home/hongb/.openclaw/workspace/filebot/backend/venv/lib/python3.12/site-packages/uvicorn/middleware/proxy_headers.py", line 60, in __call__
    return await self.app(scope, receive, send)
           ^^^^^^^^^^^^^^^^^^^^^^^^^^^^^^^^^^^^
  File "/home/hongb/.openclaw/workspace/filebot/backend/venv/lib/python3.12/site-packages/fastapi/applications.py", line 1160, in __call__
    await super().__call__(scope, receive, send)
  File "/home/hongb/.openclaw/workspace/filebot/backend/venv/lib/python3.12/site-packages/starlette/applications.py", line 107, in __call__
    await self.middleware_stack(scope, receive, send)
  File "/home/hongb/.openclaw/workspace/filebot/backend/venv/lib/python3.12/site-packages/starlette/middleware/errors.py", line 186, in __call__
    raise exc
  File "/home/hongb/.openclaw/workspace/filebot/backend/venv/lib/python3.12/site-packages/starlette/middleware/errors.py", line 164, in __call__
    await self.app(scope, receive, _send)
  File "/home/hongb/.openclaw/workspace/filebot/backend/venv/lib/python3.12/site-packages/starlette/middleware/cors.py", line 95, in __call__
    await self.simple_response(scope, receive, send, request_headers=headers)
  File "/home/hongb/.openclaw/workspace/filebot/backend/venv/lib/python3.12/site-packages/starlette/middleware/cors.py", line 153, in simple_response
    await self.app(scope, receive, send)
  File "/home/hongb/.openclaw/workspace/filebot/backend/venv/lib/python3.12/site-packages/starlette/middleware/exceptions.py", line 63, in __call__
    await wrap_app_handling_exceptions(self.app, conn)(scope, receive, send)
  File "/home/hongb/.openclaw/workspace/filebot/backend/venv/lib/python3.12/site-packages/starlette/_exception_handler.py", line 53, in wrapped_app
    raise exc
  File "/home/hongb/.openclaw/workspace/filebot/backend/venv/lib/python3.12/site-packages/starlette/_exception_handler.py", line 42, in wrapped_app
    await app(scope, receive, sender)
  File "/home/hongb/.openclaw/workspace/filebot/backend/venv/lib/python3.12/site-packages/fastapi/middleware/asyncexitstack.py", line 18, in __call__
    await self.app(scope, receive, send)
  File "/home/hongb/.openclaw/workspace/filebot/backend/venv/lib/python3.12/site-packages/starlette/routing.py", line 716, in __call__
    await self.middleware_stack(scope, receive, send)
  File "/home/hongb/.openclaw/workspace/filebot/backend/venv/lib/python3.12/site-packages/starlette/routing.py", line 736, in app
    await route.handle(scope, receive, send)
  File "/home/hongb/.openclaw/workspace/filebot/backend/venv/lib/python3.12/site-packages/starlette/routing.py", line 290, in handle
    await self.app(scope, receive, send)
  File "/home/hongb/.openclaw/workspace/filebot/backend/venv/lib/python3.12/site-packages/fastapi/routing.py", line 130, in app
    await wrap_app_handling_exceptions(app, request)(scope, receive, send)
  File "/home/hongb/.openclaw/workspace/filebot/backend/venv/lib/python3.12/site-packages/starlette/_exception_handler.py", line 53, in wrapped_app
    raise exc
  File "/home/hongb/.openclaw/workspace/filebot/backend/venv/lib/python3.12/site-packages/starlette/_exception_handler.py", line 42, in wrapped_app
    await app(scope, receive, sender)
  File "/home/hongb/.openclaw/workspace/filebot/backend/venv/lib/python3.12/site-packages/fastapi/routing.py", line 116, in app
    response = await f(request)
               ^^^^^^^^^^^^^^^^
  File "/home/hongb/.openclaw/workspace/filebot/backend/venv/lib/python3.12/site-packages/fastapi/routing.py", line 670, in app
    raw_response = await run_endpoint_function(
                   ^^^^^^^^^^^^^^^^^^^^^^^^^^^^
  File "/home/hongb/.openclaw/workspace/filebot/backend/venv/lib/python3.12/site-packages/fastapi/routing.py", line 326, in run_endpoint_function
    return await run_in_threadpool(dependant.call, **values)
           ^^^^^^^^^^^^^^^^^^^^^^^^^^^^^^^^^^^^^^^^^^^^^^^^^
  File "/home/hongb/.openclaw/workspace/filebot/backend/venv/lib/python3.12/site-packages/starlette/concurrency.py", line 32, in run_in_threadpool
    return await anyio.to_thread.run_sync(func)
           ^^^^^^^^^^^^^^^^^^^^^^^^^^^^^^^^^^^^
  File "/home/hongb/.openclaw/workspace/filebot/backend/venv/lib/python3.12/site-packages/anyio/to_thread.py", line 63, in run_sync
    return await get_async_backend().run_sync_in_worker_thread(
           ^^^^^^^^^^^^^^^^^^^^^^^^^^^^^^^^^^^^^^^^^^^^^^^^^^^^
  File "/home/hongb/.openclaw/workspace/filebot/backend/venv/lib/python3.12/site-packages/anyio/_backends/_asyncio.py", line 2502, in run_sync_in_worker_thread
    return await future
           ^^^^^^^^^^^^
  File "/home/hongb/.openclaw/workspace/filebot/backend/venv/lib/python3.12/site-packages/anyio/_backends/_asyncio.py", line 986, in run
    result = context.run(func, *args)
             ^^^^^^^^^^^^^^^^^^^^^^^^
  File "/home/hongb/.openclaw/workspace/filebot/backend/app/routers/documents.py", line 249, in get_documents
    documents = query.offset(skip).limit(limit).all()
                ^^^^^^^^^^^^^^^^^^^^^^^^^^^^^^^^^^^^^
  File "/home/hongb/.openclaw/workspace/filebot/backend/venv/lib/python3.12/site-packages/sqlalchemy/orm/query.py", line 2704, in all
    return self._iter().all()  # type: ignore
           ^^^^^^^^^^^^^^^^^^
  File "/home/hongb/.openclaw/workspace/filebot/backend/venv/lib/python3.12/site-packages/sqlalchemy/engine/result.py", line 1786, in all
    return self._allrows()
           ^^^^^^^^^^^^^^^
  File "/home/hongb/.openclaw/workspace/filebot/backend/venv/lib/python3.12/site-packages/sqlalchemy/engine/result.py", line 560, in _allrows
    rows = self._fetchall_impl()
           ^^^^^^^^^^^^^^^^^^^^^
  File "/home/hongb/.openclaw/workspace/filebot/backend/venv/lib/python3.12/site-packages/sqlalchemy/engine/result.py", line 1693, in _fetchall_impl
    return self._real_result._fetchall_impl()
           ^^^^^^^^^^^^^^^^^^^^^^^^^^^^^^^^^^
  File "/home/hongb/.openclaw/workspace/filebot/backend/venv/lib/python3.12/site-packages/sqlalchemy/engine/result.py", line 2287, in _fetchall_impl
    return list(self.iterator)
           ^^^^^^^^^^^^^^^^^^^
  File "/home/hongb/.openclaw/workspace/filebot/backend/venv/lib/python3.12/site-packages/sqlalchemy/orm/loading.py", line 220, in chunks
    fetch = cursor._raw_all_rows()
            ^^^^^^^^^^^^^^^^^^^^^^
  File "/home/hongb/.openclaw/workspace/filebot/backend/venv/lib/python3.12/site-packages/sqlalchemy/engine/result.py", line 553, in _raw_all_rows
    return [make_row(row) for row in rows]
            ^^^^^^^^^^^^^
  File "lib/sqlalchemy/cyextension/resultproxy.pyx", line 22, in sqlalchemy.cyextension.resultproxy.BaseRow.__init__
  File "lib/sqlalchemy/cyextension/resultproxy.pyx", line 79, in sqlalchemy.cyextension.resultproxy._apply_processors
  File "/home/hongb/.openclaw/workspace/filebot/backend/venv/lib/python3.12/site-packages/sqlalchemy/sql/sqltypes.py", line 1829, in process
    value = self._object_value_for_elem(value)
            ^^^^^^^^^^^^^^^^^^^^^^^^^^^^^^^^^^
  File "/home/hongb/.openclaw/workspace/filebot/backend/venv/lib/python3.12/site-packages/sqlalchemy/sql/sqltypes.py", line 1711, in _object_value_for_elem
    raise LookupError(
LookupError: 'MULTIPAGE' is not among the defined enum values. Enum name: filetype. Possible values: TIFF, PDF, DOC, ..., OTHER
INFO:     127.0.0.1:47020 - "GET /api/v1/documents/ HTTP/1.1" 500 Internal Server Error
ERROR:    Exception in ASGI application
Traceback (most recent call last):
  File "/home/hongb/.openclaw/workspace/filebot/backend/venv/lib/python3.12/site-packages/sqlalchemy/sql/sqltypes.py", line 1709, in _object_value_for_elem
    return self._object_lookup[elem]  # type: ignore[return-value]
           ~~~~~~~~~~~~~~~~~~~^^^^^^
KeyError: 'MULTIPAGE'

The above exception was the direct cause of the following exception:

Traceback (most recent call last):
  File "/home/hongb/.openclaw/workspace/filebot/backend/venv/lib/python3.12/site-packages/uvicorn/protocols/http/h11_impl.py", line 410, in run_asgi
    result = await app(  # type: ignore[func-returns-value]
             ^^^^^^^^^^^^^^^^^^^^^^^^^^^^^^^^^^^^^^^^^^^^^^
  File "/home/hongb/.openclaw/workspace/filebot/backend/venv/lib/python3.12/site-packages/uvicorn/middleware/proxy_headers.py", line 60, in __call__
    return await self.app(scope, receive, send)
           ^^^^^^^^^^^^^^^^^^^^^^^^^^^^^^^^^^^^
  File "/home/hongb/.openclaw/workspace/filebot/backend/venv/lib/python3.12/site-packages/fastapi/applications.py", line 1160, in __call__
    await super().__call__(scope, receive, send)
  File "/home/hongb/.openclaw/workspace/filebot/backend/venv/lib/python3.12/site-packages/starlette/applications.py", line 107, in __call__
    await self.middleware_stack(scope, receive, send)
  File "/home/hongb/.openclaw/workspace/filebot/backend/venv/lib/python3.12/site-packages/starlette/middleware/errors.py", line 186, in __call__
    raise exc
  File "/home/hongb/.openclaw/workspace/filebot/backend/venv/lib/python3.12/site-packages/starlette/middleware/errors.py", line 164, in __call__
    await self.app(scope, receive, _send)
  File "/home/hongb/.openclaw/workspace/filebot/backend/venv/lib/python3.12/site-packages/starlette/middleware/cors.py", line 95, in __call__
    await self.simple_response(scope, receive, send, request_headers=headers)
  File "/home/hongb/.openclaw/workspace/filebot/backend/venv/lib/python3.12/site-packages/starlette/middleware/cors.py", line 153, in simple_response
    await self.app(scope, receive, send)
  File "/home/hongb/.openclaw/workspace/filebot/backend/venv/lib/python3.12/site-packages/starlette/middleware/exceptions.py", line 63, in __call__
    await wrap_app_handling_exceptions(self.app, conn)(scope, receive, send)
  File "/home/hongb/.openclaw/workspace/filebot/backend/venv/lib/python3.12/site-packages/starlette/_exception_handler.py", line 53, in wrapped_app
    raise exc
  File "/home/hongb/.openclaw/workspace/filebot/backend/venv/lib/python3.12/site-packages/starlette/_exception_handler.py", line 42, in wrapped_app
    await app(scope, receive, sender)
  File "/home/hongb/.openclaw/workspace/filebot/backend/venv/lib/python3.12/site-packages/fastapi/middleware/asyncexitstack.py", line 18, in __call__
    await self.app(scope, receive, send)
  File "/home/hongb/.openclaw/workspace/filebot/backend/venv/lib/python3.12/site-packages/starlette/routing.py", line 716, in __call__
    await self.middleware_stack(scope, receive, send)
  File "/home/hongb/.openclaw/workspace/filebot/backend/venv/lib/python3.12/site-packages/starlette/routing.py", line 736, in app
    await route.handle(scope, receive, send)
  File "/home/hongb/.openclaw/workspace/filebot/backend/venv/lib/python3.12/site-packages/starlette/routing.py", line 290, in handle
    await self.app(scope, receive, send)
  File "/home/hongb/.openclaw/workspace/filebot/backend/venv/lib/python3.12/site-packages/fastapi/routing.py", line 130, in app
    await wrap_app_handling_exceptions(app, request)(scope, receive, send)
  File "/home/hongb/.openclaw/workspace/filebot/backend/venv/lib/python3.12/site-packages/starlette/_exception_handler.py", line 53, in wrapped_app
    raise exc
  File "/home/hongb/.openclaw/workspace/filebot/backend/venv/lib/python3.12/site-packages/starlette/_exception_handler.py", line 42, in wrapped_app
    await app(scope, receive, sender)
  File "/home/hongb/.openclaw/workspace/filebot/backend/venv/lib/python3.12/site-packages/fastapi/routing.py", line 116, in app
    response = await f(request)
               ^^^^^^^^^^^^^^^^
  File "/home/hongb/.openclaw/workspace/filebot/backend/venv/lib/python3.12/site-packages/fastapi/routing.py", line 670, in app
    raw_response = await run_endpoint_function(
                   ^^^^^^^^^^^^^^^^^^^^^^^^^^^^
  File "/home/hongb/.openclaw/workspace/filebot/backend/venv/lib/python3.12/site-packages/fastapi/routing.py", line 326, in run_endpoint_function
    return await run_in_threadpool(dependant.call, **values)
           ^^^^^^^^^^^^^^^^^^^^^^^^^^^^^^^^^^^^^^^^^^^^^^^^^
  File "/home/hongb/.openclaw/workspace/filebot/backend/venv/lib/python3.12/site-packages/starlette/concurrency.py", line 32, in run_in_threadpool
    return await anyio.to_thread.run_sync(func)
           ^^^^^^^^^^^^^^^^^^^^^^^^^^^^^^^^^^^^
  File "/home/hongb/.openclaw/workspace/filebot/backend/venv/lib/python3.12/site-packages/anyio/to_thread.py", line 63, in run_sync
    return await get_async_backend().run_sync_in_worker_thread(
           ^^^^^^^^^^^^^^^^^^^^^^^^^^^^^^^^^^^^^^^^^^^^^^^^^^^^
  File "/home/hongb/.openclaw/workspace/filebot/backend/venv/lib/python3.12/site-packages/anyio/_backends/_asyncio.py", line 2502, in run_sync_in_worker_thread
    return await future
           ^^^^^^^^^^^^
  File "/home/hongb/.openclaw/workspace/filebot/backend/venv/lib/python3.12/site-packages/anyio/_backends/_asyncio.py", line 986, in run
    result = context.run(func, *args)
             ^^^^^^^^^^^^^^^^^^^^^^^^
  File "/home/hongb/.openclaw/workspace/filebot/backend/app/routers/documents.py", line 249, in get_documents
    documents = query.offset(skip).limit(limit).all()
                ^^^^^^^^^^^^^^^^^^^^^^^^^^^^^^^^^^^^^
  File "/home/hongb/.openclaw/workspace/filebot/backend/venv/lib/python3.12/site-packages/sqlalchemy/orm/query.py", line 2704, in all
    return self._iter().all()  # type: ignore
           ^^^^^^^^^^^^^^^^^^
  File "/home/hongb/.openclaw/workspace/filebot/backend/venv/lib/python3.12/site-packages/sqlalchemy/engine/result.py", line 1786, in all
    return self._allrows()
           ^^^^^^^^^^^^^^^
  File "/home/hongb/.openclaw/workspace/filebot/backend/venv/lib/python3.12/site-packages/sqlalchemy/engine/result.py", line 560, in _allrows
    rows = self._fetchall_impl()
           ^^^^^^^^^^^^^^^^^^^^^
  File "/home/hongb/.openclaw/workspace/filebot/backend/venv/lib/python3.12/site-packages/sqlalchemy/engine/result.py", line 1693, in _fetchall_impl
    return self._real_result._fetchall_impl()
           ^^^^^^^^^^^^^^^^^^^^^^^^^^^^^^^^^^
  File "/home/hongb/.openclaw/workspace/filebot/backend/venv/lib/python3.12/site-packages/sqlalchemy/engine/result.py", line 2287, in _fetchall_impl
    return list(self.iterator)
           ^^^^^^^^^^^^^^^^^^^
  File "/home/hongb/.openclaw/workspace/filebot/backend/venv/lib/python3.12/site-packages/sqlalchemy/orm/loading.py", line 220, in chunks
    fetch = cursor._raw_all_rows()
            ^^^^^^^^^^^^^^^^^^^^^^
  File "/home/hongb/.openclaw/workspace/filebot/backend/venv/lib/python3.12/site-packages/sqlalchemy/engine/result.py", line 553, in _raw_all_rows
    return [make_row(row) for row in rows]
            ^^^^^^^^^^^^^
  File "lib/sqlalchemy/cyextension/resultproxy.pyx", line 22, in sqlalchemy.cyextension.resultproxy.BaseRow.__init__
  File "lib/sqlalchemy/cyextension/resultproxy.pyx", line 79, in sqlalchemy.cyextension.resultproxy._apply_processors
  File "/home/hongb/.openclaw/workspace/filebot/backend/venv/lib/python3.12/site-packages/sqlalchemy/sql/sqltypes.py", line 1829, in process
    value = self._object_value_for_elem(value)
            ^^^^^^^^^^^^^^^^^^^^^^^^^^^^^^^^^^
  File "/home/hongb/.openclaw/workspace/filebot/backend/venv/lib/python3.12/site-packages/sqlalchemy/sql/sqltypes.py", line 1711, in _object_value_for_elem
    raise LookupError(
LookupError: 'MULTIPAGE' is not among the defined enum values. Enum name: filetype. Possible values: TIFF, PDF, DOC, ..., OTHER
INFO:     127.0.0.1:47022 - "GET /api/v1/documents/ HTTP/1.1" 500 Internal Server Error
ERROR:    Exception in ASGI application
Traceback (most recent call last):
  File "/home/hongb/.openclaw/workspace/filebot/backend/venv/lib/python3.12/site-packages/sqlalchemy/sql/sqltypes.py", line 1709, in _object_value_for_elem
    return self._object_lookup[elem]  # type: ignore[return-value]
           ~~~~~~~~~~~~~~~~~~~^^^^^^
KeyError: 'MULTIPAGE'

The above exception was the direct cause of the following exception:

Traceback (most recent call last):
  File "/home/hongb/.openclaw/workspace/filebot/backend/venv/lib/python3.12/site-packages/uvicorn/protocols/http/h11_impl.py", line 410, in run_asgi
    result = await app(  # type: ignore[func-returns-value]
             ^^^^^^^^^^^^^^^^^^^^^^^^^^^^^^^^^^^^^^^^^^^^^^
  File "/home/hongb/.openclaw/workspace/filebot/backend/venv/lib/python3.12/site-packages/uvicorn/middleware/proxy_headers.py", line 60, in __call__
    return await self.app(scope, receive, send)
           ^^^^^^^^^^^^^^^^^^^^^^^^^^^^^^^^^^^^
  File "/home/hongb/.openclaw/workspace/filebot/backend/venv/lib/python3.12/site-packages/fastapi/applications.py", line 1160, in __call__
    await super().__call__(scope, receive, send)
  File "/home/hongb/.openclaw/workspace/filebot/backend/venv/lib/python3.12/site-packages/starlette/applications.py", line 107, in __call__
    await self.middleware_stack(scope, receive, send)
  File "/home/hongb/.openclaw/workspace/filebot/backend/venv/lib/python3.12/site-packages/starlette/middleware/errors.py", line 186, in __call__
    raise exc
  File "/home/hongb/.openclaw/workspace/filebot/backend/venv/lib/python3.12/site-packages/starlette/middleware/errors.py", line 164, in __call__
    await self.app(scope, receive, _send)
  File "/home/hongb/.openclaw/workspace/filebot/backend/venv/lib/python3.12/site-packages/starlette/middleware/cors.py", line 95, in __call__
    await self.simple_response(scope, receive, send, request_headers=headers)
  File "/home/hongb/.openclaw/workspace/filebot/backend/venv/lib/python3.12/site-packages/starlette/middleware/cors.py", line 153, in simple_response
    await self.app(scope, receive, send)
  File "/home/hongb/.openclaw/workspace/filebot/backend/venv/lib/python3.12/site-packages/starlette/middleware/exceptions.py", line 63, in __call__
    await wrap_app_handling_exceptions(self.app, conn)(scope, receive, send)
  File "/home/hongb/.openclaw/workspace/filebot/backend/venv/lib/python3.12/site-packages/starlette/_exception_handler.py", line 53, in wrapped_app
    raise exc
  File "/home/hongb/.openclaw/workspace/filebot/backend/venv/lib/python3.12/site-packages/starlette/_exception_handler.py", line 42, in wrapped_app
    await app(scope, receive, sender)
  File "/home/hongb/.openclaw/workspace/filebot/backend/venv/lib/python3.12/site-packages/fastapi/middleware/asyncexitstack.py", line 18, in __call__
    await self.app(scope, receive, send)
  File "/home/hongb/.openclaw/workspace/filebot/backend/venv/lib/python3.12/site-packages/starlette/routing.py", line 716, in __call__
    await self.middleware_stack(scope, receive, send)
  File "/home/hongb/.openclaw/workspace/filebot/backend/venv/lib/python3.12/site-packages/starlette/routing.py", line 736, in app
    await route.handle(scope, receive, send)
  File "/home/hongb/.openclaw/workspace/filebot/backend/venv/lib/python3.12/site-packages/starlette/routing.py", line 290, in handle
    await self.app(scope, receive, send)
  File "/home/hongb/.openclaw/workspace/filebot/backend/venv/lib/python3.12/site-packages/fastapi/routing.py", line 130, in app
    await wrap_app_handling_exceptions(app, request)(scope, receive, send)
  File "/home/hongb/.openclaw/workspace/filebot/backend/venv/lib/python3.12/site-packages/starlette/_exception_handler.py", line 53, in wrapped_app
    raise exc
  File "/home/hongb/.openclaw/workspace/filebot/backend/venv/lib/python3.12/site-packages/starlette/_exception_handler.py", line 42, in wrapped_app
    await app(scope, receive, sender)
  File "/home/hongb/.openclaw/workspace/filebot/backend/venv/lib/python3.12/site-packages/fastapi/routing.py", line 116, in app
    response = await f(request)
               ^^^^^^^^^^^^^^^^
  File "/home/hongb/.openclaw/workspace/filebot/backend/venv/lib/python3.12/site-packages/fastapi/routing.py", line 670, in app
    raw_response = await run_endpoint_function(
                   ^^^^^^^^^^^^^^^^^^^^^^^^^^^^
  File "/home/hongb/.openclaw/workspace/filebot/backend/venv/lib/python3.12/site-packages/fastapi/routing.py", line 326, in run_endpoint_function
    return await run_in_threadpool(dependant.call, **values)
           ^^^^^^^^^^^^^^^^^^^^^^^^^^^^^^^^^^^^^^^^^^^^^^^^^
  File "/home/hongb/.openclaw/workspace/filebot/backend/venv/lib/python3.12/site-packages/starlette/concurrency.py", line 32, in run_in_threadpool
    return await anyio.to_thread.run_sync(func)
           ^^^^^^^^^^^^^^^^^^^^^^^^^^^^^^^^^^^^
  File "/home/hongb/.openclaw/workspace/filebot/backend/venv/lib/python3.12/site-packages/anyio/to_thread.py", line 63, in run_sync
    return await get_async_backend().run_sync_in_worker_thread(
           ^^^^^^^^^^^^^^^^^^^^^^^^^^^^^^^^^^^^^^^^^^^^^^^^^^^^
  File "/home/hongb/.openclaw/workspace/filebot/backend/venv/lib/python3.12/site-packages/anyio/_backends/_asyncio.py", line 2502, in run_sync_in_worker_thread
    return await future
           ^^^^^^^^^^^^
  File "/home/hongb/.openclaw/workspace/filebot/backend/venv/lib/python3.12/site-packages/anyio/_backends/_asyncio.py", line 986, in run
    result = context.run(func, *args)
             ^^^^^^^^^^^^^^^^^^^^^^^^
  File "/home/hongb/.openclaw/workspace/filebot/backend/app/routers/documents.py", line 249, in get_documents
    documents = query.offset(skip).limit(limit).all()
                ^^^^^^^^^^^^^^^^^^^^^^^^^^^^^^^^^^^^^
  File "/home/hongb/.openclaw/workspace/filebot/backend/venv/lib/python3.12/site-packages/sqlalchemy/orm/query.py", line 2704, in all
    return self._iter().all()  # type: ignore
           ^^^^^^^^^^^^^^^^^^
  File "/home/hongb/.openclaw/workspace/filebot/backend/venv/lib/python3.12/site-packages/sqlalchemy/engine/result.py", line 1786, in all
    return self._allrows()
           ^^^^^^^^^^^^^^^
  File "/home/hongb/.openclaw/workspace/filebot/backend/venv/lib/python3.12/site-packages/sqlalchemy/engine/result.py", line 560, in _allrows
    rows = self._fetchall_impl()
           ^^^^^^^^^^^^^^^^^^^^^
  File "/home/hongb/.openclaw/workspace/filebot/backend/venv/lib/python3.12/site-packages/sqlalchemy/engine/result.py", line 1693, in _fetchall_impl
    return self._real_result._fetchall_impl()
           ^^^^^^^^^^^^^^^^^^^^^^^^^^^^^^^^^^
  File "/home/hongb/.openclaw/workspace/filebot/backend/venv/lib/python3.12/site-packages/sqlalchemy/engine/result.py", line 2287, in _fetchall_impl
    return list(self.iterator)
           ^^^^^^^^^^^^^^^^^^^
  File "/home/hongb/.openclaw/workspace/filebot/backend/venv/lib/python3.12/site-packages/sqlalchemy/orm/loading.py", line 220, in chunks
    fetch = cursor._raw_all_rows()
            ^^^^^^^^^^^^^^^^^^^^^^
  File "/home/hongb/.openclaw/workspace/filebot/backend/venv/lib/python3.12/site-packages/sqlalchemy/engine/result.py", line 553, in _raw_all_rows
    return [make_row(row) for row in rows]
            ^^^^^^^^^^^^^
  File "lib/sqlalchemy/cyextension/resultproxy.pyx", line 22, in sqlalchemy.cyextension.resultproxy.BaseRow.__init__
  File "lib/sqlalchemy/cyextension/resultproxy.pyx", line 79, in sqlalchemy.cyextension.resultproxy._apply_processors
  File "/home/hongb/.openclaw/workspace/filebot/backend/venv/lib/python3.12/site-packages/sqlalchemy/sql/sqltypes.py", line 1829, in process
    value = self._object_value_for_elem(value)
            ^^^^^^^^^^^^^^^^^^^^^^^^^^^^^^^^^^
  File "/home/hongb/.openclaw/workspace/filebot/backend/venv/lib/python3.12/site-packages/sqlalchemy/sql/sqltypes.py", line 1711, in _object_value_for_elem
    raise LookupError(
LookupError: 'MULTIPAGE' is not among the defined enum values. Enum name: filetype. Possible values: TIFF, PDF, DOC, ..., OTHER
INFO:     127.0.0.1:47034 - "GET /api/v1/documents/ HTTP/1.1" 500 Internal Server Error
ERROR:    Exception in ASGI application
Traceback (most recent call last):
  File "/home/hongb/.openclaw/workspace/filebot/backend/venv/lib/python3.12/site-packages/sqlalchemy/sql/sqltypes.py", line 1709, in _object_value_for_elem
    return self._object_lookup[elem]  # type: ignore[return-value]
           ~~~~~~~~~~~~~~~~~~~^^^^^^
KeyError: 'MULTIPAGE'

The above exception was the direct cause of the following exception:

Traceback (most recent call last):
  File "/home/hongb/.openclaw/workspace/filebot/backend/venv/lib/python3.12/site-packages/uvicorn/protocols/http/h11_impl.py", line 410, in run_asgi
    result = await app(  # type: ignore[func-returns-value]
             ^^^^^^^^^^^^^^^^^^^^^^^^^^^^^^^^^^^^^^^^^^^^^^
  File "/home/hongb/.openclaw/workspace/filebot/backend/venv/lib/python3.12/site-packages/uvicorn/middleware/proxy_headers.py", line 60, in __call__
    return await self.app(scope, receive, send)
           ^^^^^^^^^^^^^^^^^^^^^^^^^^^^^^^^^^^^
  File "/home/hongb/.openclaw/workspace/filebot/backend/venv/lib/python3.12/site-packages/fastapi/applications.py", line 1160, in __call__
    await super().__call__(scope, receive, send)
  File "/home/hongb/.openclaw/workspace/filebot/backend/venv/lib/python3.12/site-packages/starlette/applications.py", line 107, in __call__
    await self.middleware_stack(scope, receive, send)
  File "/home/hongb/.openclaw/workspace/filebot/backend/venv/lib/python3.12/site-packages/starlette/middleware/errors.py", line 186, in __call__
    raise exc
  File "/home/hongb/.openclaw/workspace/filebot/backend/venv/lib/python3.12/site-packages/starlette/middleware/errors.py", line 164, in __call__
    await self.app(scope, receive, _send)
  File "/home/hongb/.openclaw/workspace/filebot/backend/venv/lib/python3.12/site-packages/starlette/middleware/cors.py", line 95, in __call__
    await self.simple_response(scope, receive, send, request_headers=headers)
  File "/home/hongb/.openclaw/workspace/filebot/backend/venv/lib/python3.12/site-packages/starlette/middleware/cors.py", line 153, in simple_response
    await self.app(scope, receive, send)
  File "/home/hongb/.openclaw/workspace/filebot/backend/venv/lib/python3.12/site-packages/starlette/middleware/exceptions.py", line 63, in __call__
    await wrap_app_handling_exceptions(self.app, conn)(scope, receive, send)
  File "/home/hongb/.openclaw/workspace/filebot/backend/venv/lib/python3.12/site-packages/starlette/_exception_handler.py", line 53, in wrapped_app
    raise exc
  File "/home/hongb/.openclaw/workspace/filebot/backend/venv/lib/python3.12/site-packages/starlette/_exception_handler.py", line 42, in wrapped_app
    await app(scope, receive, sender)
  File "/home/hongb/.openclaw/workspace/filebot/backend/venv/lib/python3.12/site-packages/fastapi/middleware/asyncexitstack.py", line 18, in __call__
    await self.app(scope, receive, send)
  File "/home/hongb/.openclaw/workspace/filebot/backend/venv/lib/python3.12/site-packages/starlette/routing.py", line 716, in __call__
    await self.middleware_stack(scope, receive, send)
  File "/home/hongb/.openclaw/workspace/filebot/backend/venv/lib/python3.12/site-packages/starlette/routing.py", line 736, in app
    await route.handle(scope, receive, send)
  File "/home/hongb/.openclaw/workspace/filebot/backend/venv/lib/python3.12/site-packages/starlette/routing.py", line 290, in handle
    await self.app(scope, receive, send)
  File "/home/hongb/.openclaw/workspace/filebot/backend/venv/lib/python3.12/site-packages/fastapi/routing.py", line 130, in app
    await wrap_app_handling_exceptions(app, request)(scope, receive, send)
  File "/home/hongb/.openclaw/workspace/filebot/backend/venv/lib/python3.12/site-packages/starlette/_exception_handler.py", line 53, in wrapped_app
    raise exc
  File "/home/hongb/.openclaw/workspace/filebot/backend/venv/lib/python3.12/site-packages/starlette/_exception_handler.py", line 42, in wrapped_app
    await app(scope, receive, sender)
  File "/home/hongb/.openclaw/workspace/filebot/backend/venv/lib/python3.12/site-packages/fastapi/routing.py", line 116, in app
    response = await f(request)
               ^^^^^^^^^^^^^^^^
  File "/home/hongb/.openclaw/workspace/filebot/backend/venv/lib/python3.12/site-packages/fastapi/routing.py", line 670, in app
    raw_response = await run_endpoint_function(
                   ^^^^^^^^^^^^^^^^^^^^^^^^^^^^
  File "/home/hongb/.openclaw/workspace/filebot/backend/venv/lib/python3.12/site-packages/fastapi/routing.py", line 326, in run_endpoint_function
    return await run_in_threadpool(dependant.call, **values)
           ^^^^^^^^^^^^^^^^^^^^^^^^^^^^^^^^^^^^^^^^^^^^^^^^^
  File "/home/hongb/.openclaw/workspace/filebot/backend/venv/lib/python3.12/site-packages/starlette/concurrency.py", line 32, in run_in_threadpool
    return await anyio.to_thread.run_sync(func)
           ^^^^^^^^^^^^^^^^^^^^^^^^^^^^^^^^^^^^
  File "/home/hongb/.openclaw/workspace/filebot/backend/venv/lib/python3.12/site-packages/anyio/to_thread.py", line 63, in run_sync
    return await get_async_backend().run_sync_in_worker_thread(
           ^^^^^^^^^^^^^^^^^^^^^^^^^^^^^^^^^^^^^^^^^^^^^^^^^^^^
  File "/home/hongb/.openclaw/workspace/filebot/backend/venv/lib/python3.12/site-packages/anyio/_backends/_asyncio.py", line 2502, in run_sync_in_worker_thread
    return await future
           ^^^^^^^^^^^^
  File "/home/hongb/.openclaw/workspace/filebot/backend/venv/lib/python3.12/site-packages/anyio/_backends/_asyncio.py", line 986, in run
    result = context.run(func, *args)
             ^^^^^^^^^^^^^^^^^^^^^^^^
  File "/home/hongb/.openclaw/workspace/filebot/backend/app/routers/documents.py", line 249, in get_documents
    documents = query.offset(skip).limit(limit).all()
                ^^^^^^^^^^^^^^^^^^^^^^^^^^^^^^^^^^^^^
  File "/home/hongb/.openclaw/workspace/filebot/backend/venv/lib/python3.12/site-packages/sqlalchemy/orm/query.py", line 2704, in all
    return self._iter().all()  # type: ignore
           ^^^^^^^^^^^^^^^^^^
  File "/home/hongb/.openclaw/workspace/filebot/backend/venv/lib/python3.12/site-packages/sqlalchemy/engine/result.py", line 1786, in all
    return self._allrows()
           ^^^^^^^^^^^^^^^
  File "/home/hongb/.openclaw/workspace/filebot/backend/venv/lib/python3.12/site-packages/sqlalchemy/engine/result.py", line 560, in _allrows
    rows = self._fetchall_impl()
           ^^^^^^^^^^^^^^^^^^^^^
  File "/home/hongb/.openclaw/workspace/filebot/backend/venv/lib/python3.12/site-packages/sqlalchemy/engine/result.py", line 1693, in _fetchall_impl
    return self._real_result._fetchall_impl()
           ^^^^^^^^^^^^^^^^^^^^^^^^^^^^^^^^^^
  File "/home/hongb/.openclaw/workspace/filebot/backend/venv/lib/python3.12/site-packages/sqlalchemy/engine/result.py", line 2287, in _fetchall_impl
    return list(self.iterator)
           ^^^^^^^^^^^^^^^^^^^
  File "/home/hongb/.openclaw/workspace/filebot/backend/venv/lib/python3.12/site-packages/sqlalchemy/orm/loading.py", line 220, in chunks
    fetch = cursor._raw_all_rows()
            ^^^^^^^^^^^^^^^^^^^^^^
  File "/home/hongb/.openclaw/workspace/filebot/backend/venv/lib/python3.12/site-packages/sqlalchemy/engine/result.py", line 553, in _raw_all_rows
    return [make_row(row) for row in rows]
            ^^^^^^^^^^^^^
  File "lib/sqlalchemy/cyextension/resultproxy.pyx", line 22, in sqlalchemy.cyextension.resultproxy.BaseRow.__init__
  File "lib/sqlalchemy/cyextension/resultproxy.pyx", line 79, in sqlalchemy.cyextension.resultproxy._apply_processors
  File "/home/hongb/.openclaw/workspace/filebot/backend/venv/lib/python3.12/site-packages/sqlalchemy/sql/sqltypes.py", line 1829, in process
    value = self._object_value_for_elem(value)
            ^^^^^^^^^^^^^^^^^^^^^^^^^^^^^^^^^^
  File "/home/hongb/.openclaw/workspace/filebot/backend/venv/lib/python3.12/site-packages/sqlalchemy/sql/sqltypes.py", line 1711, in _object_value_for_elem
    raise LookupError(
LookupError: 'MULTIPAGE' is not among the defined enum values. Enum name: filetype. Possible values: TIFF, PDF, DOC, ..., OTHER
INFO:     127.0.0.1:47044 - "GET /api/v1/features/check?feature=ai_document_classification HTTP/1.1" 200 OK
INFO:     127.0.0.1:47042 - "GET /api/v1/documents/ HTTP/1.1" 500 Internal Server Error
ERROR:    Exception in ASGI application
Traceback (most recent call last):
  File "/home/hongb/.openclaw/workspace/filebot/backend/venv/lib/python3.12/site-packages/sqlalchemy/sql/sqltypes.py", line 1709, in _object_value_for_elem
    return self._object_lookup[elem]  # type: ignore[return-value]
           ~~~~~~~~~~~~~~~~~~~^^^^^^
KeyError: 'MULTIPAGE'

The above exception was the direct cause of the following exception:

Traceback (most recent call last):
  File "/home/hongb/.openclaw/workspace/filebot/backend/venv/lib/python3.12/site-packages/uvicorn/protocols/http/h11_impl.py", line 410, in run_asgi
    result = await app(  # type: ignore[func-returns-value]
             ^^^^^^^^^^^^^^^^^^^^^^^^^^^^^^^^^^^^^^^^^^^^^^
  File "/home/hongb/.openclaw/workspace/filebot/backend/venv/lib/python3.12/site-packages/uvicorn/middleware/proxy_headers.py", line 60, in __call__
    return await self.app(scope, receive, send)
           ^^^^^^^^^^^^^^^^^^^^^^^^^^^^^^^^^^^^
  File "/home/hongb/.openclaw/workspace/filebot/backend/venv/lib/python3.12/site-packages/fastapi/applications.py", line 1160, in __call__
    await super().__call__(scope, receive, send)
  File "/home/hongb/.openclaw/workspace/filebot/backend/venv/lib/python3.12/site-packages/starlette/applications.py", line 107, in __call__
    await self.middleware_stack(scope, receive, send)
  File "/home/hongb/.openclaw/workspace/filebot/backend/venv/lib/python3.12/site-packages/starlette/middleware/errors.py", line 186, in __call__
    raise exc
  File "/home/hongb/.openclaw/workspace/filebot/backend/venv/lib/python3.12/site-packages/starlette/middleware/errors.py", line 164, in __call__
    await self.app(scope, receive, _send)
  File "/home/hongb/.openclaw/workspace/filebot/backend/venv/lib/python3.12/site-packages/starlette/middleware/cors.py", line 95, in __call__
    await self.simple_response(scope, receive, send, request_headers=headers)
  File "/home/hongb/.openclaw/workspace/filebot/backend/venv/lib/python3.12/site-packages/starlette/middleware/cors.py", line 153, in simple_response
    await self.app(scope, receive, send)
  File "/home/hongb/.openclaw/workspace/filebot/backend/venv/lib/python3.12/site-packages/starlette/middleware/exceptions.py", line 63, in __call__
    await wrap_app_handling_exceptions(self.app, conn)(scope, receive, send)
  File "/home/hongb/.openclaw/workspace/filebot/backend/venv/lib/python3.12/site-packages/starlette/_exception_handler.py", line 53, in wrapped_app
    raise exc
  File "/home/hongb/.openclaw/workspace/filebot/backend/venv/lib/python3.12/site-packages/starlette/_exception_handler.py", line 42, in wrapped_app
    await app(scope, receive, sender)
  File "/home/hongb/.openclaw/workspace/filebot/backend/venv/lib/python3.12/site-packages/fastapi/middleware/asyncexitstack.py", line 18, in __call__
    await self.app(scope, receive, send)
  File "/home/hongb/.openclaw/workspace/filebot/backend/venv/lib/python3.12/site-packages/starlette/routing.py", line 716, in __call__
    await self.middleware_stack(scope, receive, send)
  File "/home/hongb/.openclaw/workspace/filebot/backend/venv/lib/python3.12/site-packages/starlette/routing.py", line 736, in app
    await route.handle(scope, receive, send)
  File "/home/hongb/.openclaw/workspace/filebot/backend/venv/lib/python3.12/site-packages/starlette/routing.py", line 290, in handle
    await self.app(scope, receive, send)
  File "/home/hongb/.openclaw/workspace/filebot/backend/venv/lib/python3.12/site-packages/fastapi/routing.py", line 130, in app
    await wrap_app_handling_exceptions(app, request)(scope, receive, send)
  File "/home/hongb/.openclaw/workspace/filebot/backend/venv/lib/python3.12/site-packages/starlette/_exception_handler.py", line 53, in wrapped_app
    raise exc
  File "/home/hongb/.openclaw/workspace/filebot/backend/venv/lib/python3.12/site-packages/starlette/_exception_handler.py", line 42, in wrapped_app
    await app(scope, receive, sender)
  File "/home/hongb/.openclaw/workspace/filebot/backend/venv/lib/python3.12/site-packages/fastapi/routing.py", line 116, in app
    response = await f(request)
               ^^^^^^^^^^^^^^^^
  File "/home/hongb/.openclaw/workspace/filebot/backend/venv/lib/python3.12/site-packages/fastapi/routing.py", line 670, in app
    raw_response = await run_endpoint_function(
                   ^^^^^^^^^^^^^^^^^^^^^^^^^^^^
  File "/home/hongb/.openclaw/workspace/filebot/backend/venv/lib/python3.12/site-packages/fastapi/routing.py", line 326, in run_endpoint_function
    return await run_in_threadpool(dependant.call, **values)
           ^^^^^^^^^^^^^^^^^^^^^^^^^^^^^^^^^^^^^^^^^^^^^^^^^
  File "/home/hongb/.openclaw/workspace/filebot/backend/venv/lib/python3.12/site-packages/starlette/concurrency.py", line 32, in run_in_threadpool
    return await anyio.to_thread.run_sync(func)
           ^^^^^^^^^^^^^^^^^^^^^^^^^^^^^^^^^^^^
  File "/home/hongb/.openclaw/workspace/filebot/backend/venv/lib/python3.12/site-packages/anyio/to_thread.py", line 63, in run_sync
    return await get_async_backend().run_sync_in_worker_thread(
           ^^^^^^^^^^^^^^^^^^^^^^^^^^^^^^^^^^^^^^^^^^^^^^^^^^^^
  File "/home/hongb/.openclaw/workspace/filebot/backend/venv/lib/python3.12/site-packages/anyio/_backends/_asyncio.py", line 2502, in run_sync_in_worker_thread
    return await future
           ^^^^^^^^^^^^
  File "/home/hongb/.openclaw/workspace/filebot/backend/venv/lib/python3.12/site-packages/anyio/_backends/_asyncio.py", line 986, in run
    result = context.run(func, *args)
             ^^^^^^^^^^^^^^^^^^^^^^^^
  File "/home/hongb/.openclaw/workspace/filebot/backend/app/routers/documents.py", line 249, in get_documents
    documents = query.offset(skip).limit(limit).all()
                ^^^^^^^^^^^^^^^^^^^^^^^^^^^^^^^^^^^^^
  File "/home/hongb/.openclaw/workspace/filebot/backend/venv/lib/python3.12/site-packages/sqlalchemy/orm/query.py", line 2704, in all
    return self._iter().all()  # type: ignore
           ^^^^^^^^^^^^^^^^^^
  File "/home/hongb/.openclaw/workspace/filebot/backend/venv/lib/python3.12/site-packages/sqlalchemy/engine/result.py", line 1786, in all
    return self._allrows()
           ^^^^^^^^^^^^^^^
  File "/home/hongb/.openclaw/workspace/filebot/backend/venv/lib/python3.12/site-packages/sqlalchemy/engine/result.py", line 560, in _allrows
    rows = self._fetchall_impl()
           ^^^^^^^^^^^^^^^^^^^^^
  File "/home/hongb/.openclaw/workspace/filebot/backend/venv/lib/python3.12/site-packages/sqlalchemy/engine/result.py", line 1693, in _fetchall_impl
    return self._real_result._fetchall_impl()
           ^^^^^^^^^^^^^^^^^^^^^^^^^^^^^^^^^^
  File "/home/hongb/.openclaw/workspace/filebot/backend/venv/lib/python3.12/site-packages/sqlalchemy/engine/result.py", line 2287, in _fetchall_impl
    return list(self.iterator)
           ^^^^^^^^^^^^^^^^^^^
  File "/home/hongb/.openclaw/workspace/filebot/backend/venv/lib/python3.12/site-packages/sqlalchemy/orm/loading.py", line 220, in chunks
    fetch = cursor._raw_all_rows()
            ^^^^^^^^^^^^^^^^^^^^^^
  File "/home/hongb/.openclaw/workspace/filebot/backend/venv/lib/python3.12/site-packages/sqlalchemy/engine/result.py", line 553, in _raw_all_rows
    return [make_row(row) for row in rows]
            ^^^^^^^^^^^^^
  File "lib/sqlalchemy/cyextension/resultproxy.pyx", line 22, in sqlalchemy.cyextension.resultproxy.BaseRow.__init__
  File "lib/sqlalchemy/cyextension/resultproxy.pyx", line 79, in sqlalchemy.cyextension.resultproxy._apply_processors
  File "/home/hongb/.openclaw/workspace/filebot/backend/venv/lib/python3.12/site-packages/sqlalchemy/sql/sqltypes.py", line 1829, in process
    value = self._object_value_for_elem(value)
            ^^^^^^^^^^^^^^^^^^^^^^^^^^^^^^^^^^
  File "/home/hongb/.openclaw/workspace/filebot/backend/venv/lib/python3.12/site-packages/sqlalchemy/sql/sqltypes.py", line 1711, in _object_value_for_elem
    raise LookupError(
LookupError: 'MULTIPAGE' is not among the defined enum values. Enum name: filetype. Possible values: TIFF, PDF, DOC, ..., OTHER
INFO:     127.0.0.1:47044 - "GET /api/v1/features/check?feature=ai_document_classification HTTP/1.1" 200 OK
INFO:     127.0.0.1:47046 - "GET /api/v1/features/current-edition HTTP/1.1" 200 OK
INFO:     127.0.0.1:47046 - "GET /api/v1/features/current-edition HTTP/1.1" 200 OK
INFO:     127.0.0.1:47044 - "GET /api/v1/features/check?feature=ai_document_classification HTTP/1.1" 200 OK
INFO:     127.0.0.1:47044 - "GET /api/v1/features/check?feature=ai_document_classification HTTP/1.1" 200 OK
INFO:     127.0.0.1:47046 - "GET /api/v1/documents/ HTTP/1.1" 500 Internal Server Error
ERROR:    Exception in ASGI application
Traceback (most recent call last):
  File "/home/hongb/.openclaw/workspace/filebot/backend/venv/lib/python3.12/site-packages/sqlalchemy/sql/sqltypes.py", line 1709, in _object_value_for_elem
    return self._object_lookup[elem]  # type: ignore[return-value]
           ~~~~~~~~~~~~~~~~~~~^^^^^^
KeyError: 'MULTIPAGE'

The above exception was the direct cause of the following exception:

Traceback (most recent call last):
  File "/home/hongb/.openclaw/workspace/filebot/backend/venv/lib/python3.12/site-packages/uvicorn/protocols/http/h11_impl.py", line 410, in run_asgi
    result = await app(  # type: ignore[func-returns-value]
             ^^^^^^^^^^^^^^^^^^^^^^^^^^^^^^^^^^^^^^^^^^^^^^
  File "/home/hongb/.openclaw/workspace/filebot/backend/venv/lib/python3.12/site-packages/uvicorn/middleware/proxy_headers.py", line 60, in __call__
    return await self.app(scope, receive, send)
           ^^^^^^^^^^^^^^^^^^^^^^^^^^^^^^^^^^^^
  File "/home/hongb/.openclaw/workspace/filebot/backend/venv/lib/python3.12/site-packages/fastapi/applications.py", line 1160, in __call__
    await super().__call__(scope, receive, send)
  File "/home/hongb/.openclaw/workspace/filebot/backend/venv/lib/python3.12/site-packages/starlette/applications.py", line 107, in __call__
    await self.middleware_stack(scope, receive, send)
  File "/home/hongb/.openclaw/workspace/filebot/backend/venv/lib/python3.12/site-packages/starlette/middleware/errors.py", line 186, in __call__
    raise exc
  File "/home/hongb/.openclaw/workspace/filebot/backend/venv/lib/python3.12/site-packages/starlette/middleware/errors.py", line 164, in __call__
    await self.app(scope, receive, _send)
  File "/home/hongb/.openclaw/workspace/filebot/backend/venv/lib/python3.12/site-packages/starlette/middleware/cors.py", line 95, in __call__
    await self.simple_response(scope, receive, send, request_headers=headers)
  File "/home/hongb/.openclaw/workspace/filebot/backend/venv/lib/python3.12/site-packages/starlette/middleware/cors.py", line 153, in simple_response
    await self.app(scope, receive, send)
  File "/home/hongb/.openclaw/workspace/filebot/backend/venv/lib/python3.12/site-packages/starlette/middleware/exceptions.py", line 63, in __call__
    await wrap_app_handling_exceptions(self.app, conn)(scope, receive, send)
  File "/home/hongb/.openclaw/workspace/filebot/backend/venv/lib/python3.12/site-packages/starlette/_exception_handler.py", line 53, in wrapped_app
    raise exc
  File "/home/hongb/.openclaw/workspace/filebot/backend/venv/lib/python3.12/site-packages/starlette/_exception_handler.py", line 42, in wrapped_app
    await app(scope, receive, sender)
  File "/home/hongb/.openclaw/workspace/filebot/backend/venv/lib/python3.12/site-packages/fastapi/middleware/asyncexitstack.py", line 18, in __call__
    await self.app(scope, receive, send)
  File "/home/hongb/.openclaw/workspace/filebot/backend/venv/lib/python3.12/site-packages/starlette/routing.py", line 716, in __call__
    await self.middleware_stack(scope, receive, send)
  File "/home/hongb/.openclaw/workspace/filebot/backend/venv/lib/python3.12/site-packages/starlette/routing.py", line 736, in app
    await route.handle(scope, receive, send)
  File "/home/hongb/.openclaw/workspace/filebot/backend/venv/lib/python3.12/site-packages/starlette/routing.py", line 290, in handle
    await self.app(scope, receive, send)
  File "/home/hongb/.openclaw/workspace/filebot/backend/venv/lib/python3.12/site-packages/fastapi/routing.py", line 130, in app
    await wrap_app_handling_exceptions(app, request)(scope, receive, send)
  File "/home/hongb/.openclaw/workspace/filebot/backend/venv/lib/python3.12/site-packages/starlette/_exception_handler.py", line 53, in wrapped_app
    raise exc
  File "/home/hongb/.openclaw/workspace/filebot/backend/venv/lib/python3.12/site-packages/starlette/_exception_handler.py", line 42, in wrapped_app
    await app(scope, receive, sender)
  File "/home/hongb/.openclaw/workspace/filebot/backend/venv/lib/python3.12/site-packages/fastapi/routing.py", line 116, in app
    response = await f(request)
               ^^^^^^^^^^^^^^^^
  File "/home/hongb/.openclaw/workspace/filebot/backend/venv/lib/python3.12/site-packages/fastapi/routing.py", line 670, in app
    raw_response = await run_endpoint_function(
                   ^^^^^^^^^^^^^^^^^^^^^^^^^^^^
  File "/home/hongb/.openclaw/workspace/filebot/backend/venv/lib/python3.12/site-packages/fastapi/routing.py", line 326, in run_endpoint_function
    return await run_in_threadpool(dependant.call, **values)
           ^^^^^^^^^^^^^^^^^^^^^^^^^^^^^^^^^^^^^^^^^^^^^^^^^
  File "/home/hongb/.openclaw/workspace/filebot/backend/venv/lib/python3.12/site-packages/starlette/concurrency.py", line 32, in run_in_threadpool
    return await anyio.to_thread.run_sync(func)
           ^^^^^^^^^^^^^^^^^^^^^^^^^^^^^^^^^^^^
  File "/home/hongb/.openclaw/workspace/filebot/backend/venv/lib/python3.12/site-packages/anyio/to_thread.py", line 63, in run_sync
    return await get_async_backend().run_sync_in_worker_thread(
           ^^^^^^^^^^^^^^^^^^^^^^^^^^^^^^^^^^^^^^^^^^^^^^^^^^^^
  File "/home/hongb/.openclaw/workspace/filebot/backend/venv/lib/python3.12/site-packages/anyio/_backends/_asyncio.py", line 2502, in run_sync_in_worker_thread
    return await future
           ^^^^^^^^^^^^
  File "/home/hongb/.openclaw/workspace/filebot/backend/venv/lib/python3.12/site-packages/anyio/_backends/_asyncio.py", line 986, in run
    result = context.run(func, *args)
             ^^^^^^^^^^^^^^^^^^^^^^^^
  File "/home/hongb/.openclaw/workspace/filebot/backend/app/routers/documents.py", line 249, in get_documents
    documents = query.offset(skip).limit(limit).all()
                ^^^^^^^^^^^^^^^^^^^^^^^^^^^^^^^^^^^^^
  File "/home/hongb/.openclaw/workspace/filebot/backend/venv/lib/python3.12/site-packages/sqlalchemy/orm/query.py", line 2704, in all
    return self._iter().all()  # type: ignore
           ^^^^^^^^^^^^^^^^^^
  File "/home/hongb/.openclaw/workspace/filebot/backend/venv/lib/python3.12/site-packages/sqlalchemy/engine/result.py", line 1786, in all
    return self._allrows()
           ^^^^^^^^^^^^^^^
  File "/home/hongb/.openclaw/workspace/filebot/backend/venv/lib/python3.12/site-packages/sqlalchemy/engine/result.py", line 560, in _allrows
    rows = self._fetchall_impl()
           ^^^^^^^^^^^^^^^^^^^^^
  File "/home/hongb/.openclaw/workspace/filebot/backend/venv/lib/python3.12/site-packages/sqlalchemy/engine/result.py", line 1693, in _fetchall_impl
    return self._real_result._fetchall_impl()
           ^^^^^^^^^^^^^^^^^^^^^^^^^^^^^^^^^^
  File "/home/hongb/.openclaw/workspace/filebot/backend/venv/lib/python3.12/site-packages/sqlalchemy/engine/result.py", line 2287, in _fetchall_impl
    return list(self.iterator)
           ^^^^^^^^^^^^^^^^^^^
  File "/home/hongb/.openclaw/workspace/filebot/backend/venv/lib/python3.12/site-packages/sqlalchemy/orm/loading.py", line 220, in chunks
    fetch = cursor._raw_all_rows()
            ^^^^^^^^^^^^^^^^^^^^^^
  File "/home/hongb/.openclaw/workspace/filebot/backend/venv/lib/python3.12/site-packages/sqlalchemy/engine/result.py", line 553, in _raw_all_rows
    return [make_row(row) for row in rows]
            ^^^^^^^^^^^^^
  File "lib/sqlalchemy/cyextension/resultproxy.pyx", line 22, in sqlalchemy.cyextension.resultproxy.BaseRow.__init__
  File "lib/sqlalchemy/cyextension/resultproxy.pyx", line 79, in sqlalchemy.cyextension.resultproxy._apply_processors
  File "/home/hongb/.openclaw/workspace/filebot/backend/venv/lib/python3.12/site-packages/sqlalchemy/sql/sqltypes.py", line 1829, in process
    value = self._object_value_for_elem(value)
            ^^^^^^^^^^^^^^^^^^^^^^^^^^^^^^^^^^
  File "/home/hongb/.openclaw/workspace/filebot/backend/venv/lib/python3.12/site-packages/sqlalchemy/sql/sqltypes.py", line 1711, in _object_value_for_elem
    raise LookupError(
LookupError: 'MULTIPAGE' is not among the defined enum values. Enum name: filetype. Possible values: TIFF, PDF, DOC, ..., OTHER
INFO:     127.0.0.1:47044 - "GET /api/v1/features/current-edition HTTP/1.1" 200 OK
INFO:     127.0.0.1:47044 - "GET /api/v1/documents/ HTTP/1.1" 500 Internal Server Error
ERROR:    Exception in ASGI application
Traceback (most recent call last):
  File "/home/hongb/.openclaw/workspace/filebot/backend/venv/lib/python3.12/site-packages/sqlalchemy/sql/sqltypes.py", line 1709, in _object_value_for_elem
    return self._object_lookup[elem]  # type: ignore[return-value]
           ~~~~~~~~~~~~~~~~~~~^^^^^^
KeyError: 'MULTIPAGE'

The above exception was the direct cause of the following exception:

Traceback (most recent call last):
  File "/home/hongb/.openclaw/workspace/filebot/backend/venv/lib/python3.12/site-packages/uvicorn/protocols/http/h11_impl.py", line 410, in run_asgi
    result = await app(  # type: ignore[func-returns-value]
             ^^^^^^^^^^^^^^^^^^^^^^^^^^^^^^^^^^^^^^^^^^^^^^
  File "/home/hongb/.openclaw/workspace/filebot/backend/venv/lib/python3.12/site-packages/uvicorn/middleware/proxy_headers.py", line 60, in __call__
    return await self.app(scope, receive, send)
           ^^^^^^^^^^^^^^^^^^^^^^^^^^^^^^^^^^^^
  File "/home/hongb/.openclaw/workspace/filebot/backend/venv/lib/python3.12/site-packages/fastapi/applications.py", line 1160, in __call__
    await super().__call__(scope, receive, send)
  File "/home/hongb/.openclaw/workspace/filebot/backend/venv/lib/python3.12/site-packages/starlette/applications.py", line 107, in __call__
    await self.middleware_stack(scope, receive, send)
  File "/home/hongb/.openclaw/workspace/filebot/backend/venv/lib/python3.12/site-packages/starlette/middleware/errors.py", line 186, in __call__
    raise exc
  File "/home/hongb/.openclaw/workspace/filebot/backend/venv/lib/python3.12/site-packages/starlette/middleware/errors.py", line 164, in __call__
    await self.app(scope, receive, _send)
  File "/home/hongb/.openclaw/workspace/filebot/backend/venv/lib/python3.12/site-packages/starlette/middleware/cors.py", line 95, in __call__
    await self.simple_response(scope, receive, send, request_headers=headers)
  File "/home/hongb/.openclaw/workspace/filebot/backend/venv/lib/python3.12/site-packages/starlette/middleware/cors.py", line 153, in simple_response
    await self.app(scope, receive, send)
  File "/home/hongb/.openclaw/workspace/filebot/backend/venv/lib/python3.12/site-packages/starlette/middleware/exceptions.py", line 63, in __call__
    await wrap_app_handling_exceptions(self.app, conn)(scope, receive, send)
  File "/home/hongb/.openclaw/workspace/filebot/backend/venv/lib/python3.12/site-packages/starlette/_exception_handler.py", line 53, in wrapped_app
    raise exc
  File "/home/hongb/.openclaw/workspace/filebot/backend/venv/lib/python3.12/site-packages/starlette/_exception_handler.py", line 42, in wrapped_app
    await app(scope, receive, sender)
  File "/home/hongb/.openclaw/workspace/filebot/backend/venv/lib/python3.12/site-packages/fastapi/middleware/asyncexitstack.py", line 18, in __call__
    await self.app(scope, receive, send)
  File "/home/hongb/.openclaw/workspace/filebot/backend/venv/lib/python3.12/site-packages/starlette/routing.py", line 716, in __call__
    await self.middleware_stack(scope, receive, send)
  File "/home/hongb/.openclaw/workspace/filebot/backend/venv/lib/python3.12/site-packages/starlette/routing.py", line 736, in app
    await route.handle(scope, receive, send)
  File "/home/hongb/.openclaw/workspace/filebot/backend/venv/lib/python3.12/site-packages/starlette/routing.py", line 290, in handle
    await self.app(scope, receive, send)
  File "/home/hongb/.openclaw/workspace/filebot/backend/venv/lib/python3.12/site-packages/fastapi/routing.py", line 130, in app
    await wrap_app_handling_exceptions(app, request)(scope, receive, send)
  File "/home/hongb/.openclaw/workspace/filebot/backend/venv/lib/python3.12/site-packages/starlette/_exception_handler.py", line 53, in wrapped_app
    raise exc
  File "/home/hongb/.openclaw/workspace/filebot/backend/venv/lib/python3.12/site-packages/starlette/_exception_handler.py", line 42, in wrapped_app
    await app(scope, receive, sender)
  File "/home/hongb/.openclaw/workspace/filebot/backend/venv/lib/python3.12/site-packages/fastapi/routing.py", line 116, in app
    response = await f(request)
               ^^^^^^^^^^^^^^^^
  File "/home/hongb/.openclaw/workspace/filebot/backend/venv/lib/python3.12/site-packages/fastapi/routing.py", line 670, in app
    raw_response = await run_endpoint_function(
                   ^^^^^^^^^^^^^^^^^^^^^^^^^^^^
  File "/home/hongb/.openclaw/workspace/filebot/backend/venv/lib/python3.12/site-packages/fastapi/routing.py", line 326, in run_endpoint_function
    return await run_in_threadpool(dependant.call, **values)
           ^^^^^^^^^^^^^^^^^^^^^^^^^^^^^^^^^^^^^^^^^^^^^^^^^
  File "/home/hongb/.openclaw/workspace/filebot/backend/venv/lib/python3.12/site-packages/starlette/concurrency.py", line 32, in run_in_threadpool
    return await anyio.to_thread.run_sync(func)
           ^^^^^^^^^^^^^^^^^^^^^^^^^^^^^^^^^^^^
  File "/home/hongb/.openclaw/workspace/filebot/backend/venv/lib/python3.12/site-packages/anyio/to_thread.py", line 63, in run_sync
    return await get_async_backend().run_sync_in_worker_thread(
           ^^^^^^^^^^^^^^^^^^^^^^^^^^^^^^^^^^^^^^^^^^^^^^^^^^^^
  File "/home/hongb/.openclaw/workspace/filebot/backend/venv/lib/python3.12/site-packages/anyio/_backends/_asyncio.py", line 2502, in run_sync_in_worker_thread
    return await future
           ^^^^^^^^^^^^
  File "/home/hongb/.openclaw/workspace/filebot/backend/venv/lib/python3.12/site-packages/anyio/_backends/_asyncio.py", line 986, in run
    result = context.run(func, *args)
             ^^^^^^^^^^^^^^^^^^^^^^^^
  File "/home/hongb/.openclaw/workspace/filebot/backend/app/routers/documents.py", line 249, in get_documents
    documents = query.offset(skip).limit(limit).all()
                ^^^^^^^^^^^^^^^^^^^^^^^^^^^^^^^^^^^^^
  File "/home/hongb/.openclaw/workspace/filebot/backend/venv/lib/python3.12/site-packages/sqlalchemy/orm/query.py", line 2704, in all
    return self._iter().all()  # type: ignore
           ^^^^^^^^^^^^^^^^^^
  File "/home/hongb/.openclaw/workspace/filebot/backend/venv/lib/python3.12/site-packages/sqlalchemy/engine/result.py", line 1786, in all
    return self._allrows()
           ^^^^^^^^^^^^^^^
  File "/home/hongb/.openclaw/workspace/filebot/backend/venv/lib/python3.12/site-packages/sqlalchemy/engine/result.py", line 560, in _allrows
    rows = self._fetchall_impl()
           ^^^^^^^^^^^^^^^^^^^^^
  File "/home/hongb/.openclaw/workspace/filebot/backend/venv/lib/python3.12/site-packages/sqlalchemy/engine/result.py", line 1693, in _fetchall_impl
    return self._real_result._fetchall_impl()
           ^^^^^^^^^^^^^^^^^^^^^^^^^^^^^^^^^^
  File "/home/hongb/.openclaw/workspace/filebot/backend/venv/lib/python3.12/site-packages/sqlalchemy/engine/result.py", line 2287, in _fetchall_impl
    return list(self.iterator)
           ^^^^^^^^^^^^^^^^^^^
  File "/home/hongb/.openclaw/workspace/filebot/backend/venv/lib/python3.12/site-packages/sqlalchemy/orm/loading.py", line 220, in chunks
    fetch = cursor._raw_all_rows()
            ^^^^^^^^^^^^^^^^^^^^^^
  File "/home/hongb/.openclaw/workspace/filebot/backend/venv/lib/python3.12/site-packages/sqlalchemy/engine/result.py", line 553, in _raw_all_rows
    return [make_row(row) for row in rows]
            ^^^^^^^^^^^^^
  File "lib/sqlalchemy/cyextension/resultproxy.pyx", line 22, in sqlalchemy.cyextension.resultproxy.BaseRow.__init__
  File "lib/sqlalchemy/cyextension/resultproxy.pyx", line 79, in sqlalchemy.cyextension.resultproxy._apply_processors
  File "/home/hongb/.openclaw/workspace/filebot/backend/venv/lib/python3.12/site-packages/sqlalchemy/sql/sqltypes.py", line 1829, in process
    value = self._object_value_for_elem(value)
            ^^^^^^^^^^^^^^^^^^^^^^^^^^^^^^^^^^
  File "/home/hongb/.openclaw/workspace/filebot/backend/venv/lib/python3.12/site-packages/sqlalchemy/sql/sqltypes.py", line 1711, in _object_value_for_elem
    raise LookupError(
LookupError: 'MULTIPAGE' is not among the defined enum values. Enum name: filetype. Possible values: TIFF, PDF, DOC, ..., OTHER
INFO:     127.0.0.1:41448 - "GET /api/v1/features/current-edition HTTP/1.1" 200 OK
INFO:     127.0.0.1:41470 - "GET /api/v1/features/check?feature=ai_document_classification HTTP/1.1" 200 OK
INFO:     127.0.0.1:41470 - "GET /api/v1/features/check?feature=ai_document_classification HTTP/1.1" 200 OK
INFO:     127.0.0.1:41456 - "GET /api/v1/features/current-edition HTTP/1.1" 200 OK
INFO:     127.0.0.1:41456 - "GET /api/v1/features/current-edition HTTP/1.1" 200 OK
INFO:     127.0.0.1:41448 - "GET /api/v1/documents/ HTTP/1.1" 500 Internal Server Error
ERROR:    Exception in ASGI application
Traceback (most recent call last):
  File "/home/hongb/.openclaw/workspace/filebot/backend/venv/lib/python3.12/site-packages/sqlalchemy/sql/sqltypes.py", line 1709, in _object_value_for_elem
    return self._object_lookup[elem]  # type: ignore[return-value]
           ~~~~~~~~~~~~~~~~~~~^^^^^^
KeyError: 'MULTIPAGE'

The above exception was the direct cause of the following exception:

Traceback (most recent call last):
  File "/home/hongb/.openclaw/workspace/filebot/backend/venv/lib/python3.12/site-packages/uvicorn/protocols/http/h11_impl.py", line 410, in run_asgi
    result = await app(  # type: ignore[func-returns-value]
             ^^^^^^^^^^^^^^^^^^^^^^^^^^^^^^^^^^^^^^^^^^^^^^
  File "/home/hongb/.openclaw/workspace/filebot/backend/venv/lib/python3.12/site-packages/uvicorn/middleware/proxy_headers.py", line 60, in __call__
    return await self.app(scope, receive, send)
           ^^^^^^^^^^^^^^^^^^^^^^^^^^^^^^^^^^^^
  File "/home/hongb/.openclaw/workspace/filebot/backend/venv/lib/python3.12/site-packages/fastapi/applications.py", line 1160, in __call__
    await super().__call__(scope, receive, send)
  File "/home/hongb/.openclaw/workspace/filebot/backend/venv/lib/python3.12/site-packages/starlette/applications.py", line 107, in __call__
    await self.middleware_stack(scope, receive, send)
  File "/home/hongb/.openclaw/workspace/filebot/backend/venv/lib/python3.12/site-packages/starlette/middleware/errors.py", line 186, in __call__
    raise exc
  File "/home/hongb/.openclaw/workspace/filebot/backend/venv/lib/python3.12/site-packages/starlette/middleware/errors.py", line 164, in __call__
    await self.app(scope, receive, _send)
  File "/home/hongb/.openclaw/workspace/filebot/backend/venv/lib/python3.12/site-packages/starlette/middleware/cors.py", line 95, in __call__
    await self.simple_response(scope, receive, send, request_headers=headers)
  File "/home/hongb/.openclaw/workspace/filebot/backend/venv/lib/python3.12/site-packages/starlette/middleware/cors.py", line 153, in simple_response
    await self.app(scope, receive, send)
  File "/home/hongb/.openclaw/workspace/filebot/backend/venv/lib/python3.12/site-packages/starlette/middleware/exceptions.py", line 63, in __call__
    await wrap_app_handling_exceptions(self.app, conn)(scope, receive, send)
  File "/home/hongb/.openclaw/workspace/filebot/backend/venv/lib/python3.12/site-packages/starlette/_exception_handler.py", line 53, in wrapped_app
    raise exc
  File "/home/hongb/.openclaw/workspace/filebot/backend/venv/lib/python3.12/site-packages/starlette/_exception_handler.py", line 42, in wrapped_app
    await app(scope, receive, sender)
  File "/home/hongb/.openclaw/workspace/filebot/backend/venv/lib/python3.12/site-packages/fastapi/middleware/asyncexitstack.py", line 18, in __call__
    await self.app(scope, receive, send)
  File "/home/hongb/.openclaw/workspace/filebot/backend/venv/lib/python3.12/site-packages/starlette/routing.py", line 716, in __call__
    await self.middleware_stack(scope, receive, send)
  File "/home/hongb/.openclaw/workspace/filebot/backend/venv/lib/python3.12/site-packages/starlette/routing.py", line 736, in app
    await route.handle(scope, receive, send)
  File "/home/hongb/.openclaw/workspace/filebot/backend/venv/lib/python3.12/site-packages/starlette/routing.py", line 290, in handle
    await self.app(scope, receive, send)
  File "/home/hongb/.openclaw/workspace/filebot/backend/venv/lib/python3.12/site-packages/fastapi/routing.py", line 130, in app
    await wrap_app_handling_exceptions(app, request)(scope, receive, send)
  File "/home/hongb/.openclaw/workspace/filebot/backend/venv/lib/python3.12/site-packages/starlette/_exception_handler.py", line 53, in wrapped_app
    raise exc
  File "/home/hongb/.openclaw/workspace/filebot/backend/venv/lib/python3.12/site-packages/starlette/_exception_handler.py", line 42, in wrapped_app
    await app(scope, receive, sender)
  File "/home/hongb/.openclaw/workspace/filebot/backend/venv/lib/python3.12/site-packages/fastapi/routing.py", line 116, in app
    response = await f(request)
               ^^^^^^^^^^^^^^^^
  File "/home/hongb/.openclaw/workspace/filebot/backend/venv/lib/python3.12/site-packages/fastapi/routing.py", line 670, in app
    raw_response = await run_endpoint_function(
                   ^^^^^^^^^^^^^^^^^^^^^^^^^^^^
  File "/home/hongb/.openclaw/workspace/filebot/backend/venv/lib/python3.12/site-packages/fastapi/routing.py", line 326, in run_endpoint_function
    return await run_in_threadpool(dependant.call, **values)
           ^^^^^^^^^^^^^^^^^^^^^^^^^^^^^^^^^^^^^^^^^^^^^^^^^
  File "/home/hongb/.openclaw/workspace/filebot/backend/venv/lib/python3.12/site-packages/starlette/concurrency.py", line 32, in run_in_threadpool
    return await anyio.to_thread.run_sync(func)
           ^^^^^^^^^^^^^^^^^^^^^^^^^^^^^^^^^^^^
  File "/home/hongb/.openclaw/workspace/filebot/backend/venv/lib/python3.12/site-packages/anyio/to_thread.py", line 63, in run_sync
    return await get_async_backend().run_sync_in_worker_thread(
           ^^^^^^^^^^^^^^^^^^^^^^^^^^^^^^^^^^^^^^^^^^^^^^^^^^^^
  File "/home/hongb/.openclaw/workspace/filebot/backend/venv/lib/python3.12/site-packages/anyio/_backends/_asyncio.py", line 2502, in run_sync_in_worker_thread
    return await future
           ^^^^^^^^^^^^
  File "/home/hongb/.openclaw/workspace/filebot/backend/venv/lib/python3.12/site-packages/anyio/_backends/_asyncio.py", line 986, in run
    result = context.run(func, *args)
             ^^^^^^^^^^^^^^^^^^^^^^^^
  File "/home/hongb/.openclaw/workspace/filebot/backend/app/routers/documents.py", line 249, in get_documents
    documents = query.offset(skip).limit(limit).all()
                ^^^^^^^^^^^^^^^^^^^^^^^^^^^^^^^^^^^^^
  File "/home/hongb/.openclaw/workspace/filebot/backend/venv/lib/python3.12/site-packages/sqlalchemy/orm/query.py", line 2704, in all
    return self._iter().all()  # type: ignore
           ^^^^^^^^^^^^^^^^^^
  File "/home/hongb/.openclaw/workspace/filebot/backend/venv/lib/python3.12/site-packages/sqlalchemy/engine/result.py", line 1786, in all
    return self._allrows()
           ^^^^^^^^^^^^^^^
  File "/home/hongb/.openclaw/workspace/filebot/backend/venv/lib/python3.12/site-packages/sqlalchemy/engine/result.py", line 560, in _allrows
    rows = self._fetchall_impl()
           ^^^^^^^^^^^^^^^^^^^^^
  File "/home/hongb/.openclaw/workspace/filebot/backend/venv/lib/python3.12/site-packages/sqlalchemy/engine/result.py", line 1693, in _fetchall_impl
    return self._real_result._fetchall_impl()
           ^^^^^^^^^^^^^^^^^^^^^^^^^^^^^^^^^^
  File "/home/hongb/.openclaw/workspace/filebot/backend/venv/lib/python3.12/site-packages/sqlalchemy/engine/result.py", line 2287, in _fetchall_impl
    return list(self.iterator)
           ^^^^^^^^^^^^^^^^^^^
  File "/home/hongb/.openclaw/workspace/filebot/backend/venv/lib/python3.12/site-packages/sqlalchemy/orm/loading.py", line 220, in chunks
    fetch = cursor._raw_all_rows()
            ^^^^^^^^^^^^^^^^^^^^^^
  File "/home/hongb/.openclaw/workspace/filebot/backend/venv/lib/python3.12/site-packages/sqlalchemy/engine/result.py", line 553, in _raw_all_rows
    return [make_row(row) for row in rows]
            ^^^^^^^^^^^^^
  File "lib/sqlalchemy/cyextension/resultproxy.pyx", line 22, in sqlalchemy.cyextension.resultproxy.BaseRow.__init__
  File "lib/sqlalchemy/cyextension/resultproxy.pyx", line 79, in sqlalchemy.cyextension.resultproxy._apply_processors
  File "/home/hongb/.openclaw/workspace/filebot/backend/venv/lib/python3.12/site-packages/sqlalchemy/sql/sqltypes.py", line 1829, in process
    value = self._object_value_for_elem(value)
            ^^^^^^^^^^^^^^^^^^^^^^^^^^^^^^^^^^
  File "/home/hongb/.openclaw/workspace/filebot/backend/venv/lib/python3.12/site-packages/sqlalchemy/sql/sqltypes.py", line 1711, in _object_value_for_elem
    raise LookupError(
LookupError: 'MULTIPAGE' is not among the defined enum values. Enum name: filetype. Possible values: TIFF, PDF, DOC, ..., OTHER
INFO:     127.0.0.1:41456 - "GET /api/v1/documents/ HTTP/1.1" 500 Internal Server Error
ERROR:    Exception in ASGI application
Traceback (most recent call last):
  File "/home/hongb/.openclaw/workspace/filebot/backend/venv/lib/python3.12/site-packages/sqlalchemy/sql/sqltypes.py", line 1709, in _object_value_for_elem
    return self._object_lookup[elem]  # type: ignore[return-value]
           ~~~~~~~~~~~~~~~~~~~^^^^^^
KeyError: 'MULTIPAGE'

The above exception was the direct cause of the following exception:

Traceback (most recent call last):
  File "/home/hongb/.openclaw/workspace/filebot/backend/venv/lib/python3.12/site-packages/uvicorn/protocols/http/h11_impl.py", line 410, in run_asgi
    result = await app(  # type: ignore[func-returns-value]
             ^^^^^^^^^^^^^^^^^^^^^^^^^^^^^^^^^^^^^^^^^^^^^^
  File "/home/hongb/.openclaw/workspace/filebot/backend/venv/lib/python3.12/site-packages/uvicorn/middleware/proxy_headers.py", line 60, in __call__
    return await self.app(scope, receive, send)
           ^^^^^^^^^^^^^^^^^^^^^^^^^^^^^^^^^^^^
  File "/home/hongb/.openclaw/workspace/filebot/backend/venv/lib/python3.12/site-packages/fastapi/applications.py", line 1160, in __call__
    await super().__call__(scope, receive, send)
  File "/home/hongb/.openclaw/workspace/filebot/backend/venv/lib/python3.12/site-packages/starlette/applications.py", line 107, in __call__
    await self.middleware_stack(scope, receive, send)
  File "/home/hongb/.openclaw/workspace/filebot/backend/venv/lib/python3.12/site-packages/starlette/middleware/errors.py", line 186, in __call__
    raise exc
  File "/home/hongb/.openclaw/workspace/filebot/backend/venv/lib/python3.12/site-packages/starlette/middleware/errors.py", line 164, in __call__
    await self.app(scope, receive, _send)
  File "/home/hongb/.openclaw/workspace/filebot/backend/venv/lib/python3.12/site-packages/starlette/middleware/cors.py", line 95, in __call__
    await self.simple_response(scope, receive, send, request_headers=headers)
  File "/home/hongb/.openclaw/workspace/filebot/backend/venv/lib/python3.12/site-packages/starlette/middleware/cors.py", line 153, in simple_response
    await self.app(scope, receive, send)
  File "/home/hongb/.openclaw/workspace/filebot/backend/venv/lib/python3.12/site-packages/starlette/middleware/exceptions.py", line 63, in __call__
    await wrap_app_handling_exceptions(self.app, conn)(scope, receive, send)
  File "/home/hongb/.openclaw/workspace/filebot/backend/venv/lib/python3.12/site-packages/starlette/_exception_handler.py", line 53, in wrapped_app
    raise exc
  File "/home/hongb/.openclaw/workspace/filebot/backend/venv/lib/python3.12/site-packages/starlette/_exception_handler.py", line 42, in wrapped_app
    await app(scope, receive, sender)
  File "/home/hongb/.openclaw/workspace/filebot/backend/venv/lib/python3.12/site-packages/fastapi/middleware/asyncexitstack.py", line 18, in __call__
    await self.app(scope, receive, send)
  File "/home/hongb/.openclaw/workspace/filebot/backend/venv/lib/python3.12/site-packages/starlette/routing.py", line 716, in __call__
    await self.middleware_stack(scope, receive, send)
  File "/home/hongb/.openclaw/workspace/filebot/backend/venv/lib/python3.12/site-packages/starlette/routing.py", line 736, in app
    await route.handle(scope, receive, send)
  File "/home/hongb/.openclaw/workspace/filebot/backend/venv/lib/python3.12/site-packages/starlette/routing.py", line 290, in handle
    await self.app(scope, receive, send)
  File "/home/hongb/.openclaw/workspace/filebot/backend/venv/lib/python3.12/site-packages/fastapi/routing.py", line 130, in app
    await wrap_app_handling_exceptions(app, request)(scope, receive, send)
  File "/home/hongb/.openclaw/workspace/filebot/backend/venv/lib/python3.12/site-packages/starlette/_exception_handler.py", line 53, in wrapped_app
    raise exc
  File "/home/hongb/.openclaw/workspace/filebot/backend/venv/lib/python3.12/site-packages/starlette/_exception_handler.py", line 42, in wrapped_app
    await app(scope, receive, sender)
  File "/home/hongb/.openclaw/workspace/filebot/backend/venv/lib/python3.12/site-packages/fastapi/routing.py", line 116, in app
    response = await f(request)
               ^^^^^^^^^^^^^^^^
  File "/home/hongb/.openclaw/workspace/filebot/backend/venv/lib/python3.12/site-packages/fastapi/routing.py", line 670, in app
    raw_response = await run_endpoint_function(
                   ^^^^^^^^^^^^^^^^^^^^^^^^^^^^
  File "/home/hongb/.openclaw/workspace/filebot/backend/venv/lib/python3.12/site-packages/fastapi/routing.py", line 326, in run_endpoint_function
    return await run_in_threadpool(dependant.call, **values)
           ^^^^^^^^^^^^^^^^^^^^^^^^^^^^^^^^^^^^^^^^^^^^^^^^^
  File "/home/hongb/.openclaw/workspace/filebot/backend/venv/lib/python3.12/site-packages/starlette/concurrency.py", line 32, in run_in_threadpool
    return await anyio.to_thread.run_sync(func)
           ^^^^^^^^^^^^^^^^^^^^^^^^^^^^^^^^^^^^
  File "/home/hongb/.openclaw/workspace/filebot/backend/venv/lib/python3.12/site-packages/anyio/to_thread.py", line 63, in run_sync
    return await get_async_backend().run_sync_in_worker_thread(
           ^^^^^^^^^^^^^^^^^^^^^^^^^^^^^^^^^^^^^^^^^^^^^^^^^^^^
  File "/home/hongb/.openclaw/workspace/filebot/backend/venv/lib/python3.12/site-packages/anyio/_backends/_asyncio.py", line 2502, in run_sync_in_worker_thread
    return await future
           ^^^^^^^^^^^^
  File "/home/hongb/.openclaw/workspace/filebot/backend/venv/lib/python3.12/site-packages/anyio/_backends/_asyncio.py", line 986, in run
    result = context.run(func, *args)
             ^^^^^^^^^^^^^^^^^^^^^^^^
  File "/home/hongb/.openclaw/workspace/filebot/backend/app/routers/documents.py", line 249, in get_documents
    documents = query.offset(skip).limit(limit).all()
                ^^^^^^^^^^^^^^^^^^^^^^^^^^^^^^^^^^^^^
  File "/home/hongb/.openclaw/workspace/filebot/backend/venv/lib/python3.12/site-packages/sqlalchemy/orm/query.py", line 2704, in all
    return self._iter().all()  # type: ignore
           ^^^^^^^^^^^^^^^^^^
  File "/home/hongb/.openclaw/workspace/filebot/backend/venv/lib/python3.12/site-packages/sqlalchemy/engine/result.py", line 1786, in all
    return self._allrows()
           ^^^^^^^^^^^^^^^
  File "/home/hongb/.openclaw/workspace/filebot/backend/venv/lib/python3.12/site-packages/sqlalchemy/engine/result.py", line 560, in _allrows
    rows = self._fetchall_impl()
           ^^^^^^^^^^^^^^^^^^^^^
  File "/home/hongb/.openclaw/workspace/filebot/backend/venv/lib/python3.12/site-packages/sqlalchemy/engine/result.py", line 1693, in _fetchall_impl
    return self._real_result._fetchall_impl()
           ^^^^^^^^^^^^^^^^^^^^^^^^^^^^^^^^^^
  File "/home/hongb/.openclaw/workspace/filebot/backend/venv/lib/python3.12/site-packages/sqlalchemy/engine/result.py", line 2287, in _fetchall_impl
    return list(self.iterator)
           ^^^^^^^^^^^^^^^^^^^
  File "/home/hongb/.openclaw/workspace/filebot/backend/venv/lib/python3.12/site-packages/sqlalchemy/orm/loading.py", line 220, in chunks
    fetch = cursor._raw_all_rows()
            ^^^^^^^^^^^^^^^^^^^^^^
  File "/home/hongb/.openclaw/workspace/filebot/backend/venv/lib/python3.12/site-packages/sqlalchemy/engine/result.py", line 553, in _raw_all_rows
    return [make_row(row) for row in rows]
            ^^^^^^^^^^^^^
  File "lib/sqlalchemy/cyextension/resultproxy.pyx", line 22, in sqlalchemy.cyextension.resultproxy.BaseRow.__init__
  File "lib/sqlalchemy/cyextension/resultproxy.pyx", line 79, in sqlalchemy.cyextension.resultproxy._apply_processors
  File "/home/hongb/.openclaw/workspace/filebot/backend/venv/lib/python3.12/site-packages/sqlalchemy/sql/sqltypes.py", line 1829, in process
    value = self._object_value_for_elem(value)
            ^^^^^^^^^^^^^^^^^^^^^^^^^^^^^^^^^^
  File "/home/hongb/.openclaw/workspace/filebot/backend/venv/lib/python3.12/site-packages/sqlalchemy/sql/sqltypes.py", line 1711, in _object_value_for_elem
    raise LookupError(
LookupError: 'MULTIPAGE' is not among the defined enum values. Enum name: filetype. Possible values: TIFF, PDF, DOC, ..., OTHER
INFO:     127.0.0.1:41480 - "GET /api/v1/features/check?feature=ai_document_classification HTTP/1.1" 200 OK
INFO:     127.0.0.1:41480 - "GET /api/v1/features/check?feature=ai_document_classification HTTP/1.1" 200 OK
INFO:     127.0.0.1:41480 - "GET /api/v1/features/current-edition HTTP/1.1" 200 OK
INFO:     127.0.0.1:41470 - "GET /api/v1/documents/ HTTP/1.1" 500 Internal Server Error
ERROR:    Exception in ASGI application
Traceback (most recent call last):
  File "/home/hongb/.openclaw/workspace/filebot/backend/venv/lib/python3.12/site-packages/sqlalchemy/sql/sqltypes.py", line 1709, in _object_value_for_elem
    return self._object_lookup[elem]  # type: ignore[return-value]
           ~~~~~~~~~~~~~~~~~~~^^^^^^
KeyError: 'MULTIPAGE'

The above exception was the direct cause of the following exception:

Traceback (most recent call last):
  File "/home/hongb/.openclaw/workspace/filebot/backend/venv/lib/python3.12/site-packages/uvicorn/protocols/http/h11_impl.py", line 410, in run_asgi
    result = await app(  # type: ignore[func-returns-value]
             ^^^^^^^^^^^^^^^^^^^^^^^^^^^^^^^^^^^^^^^^^^^^^^
  File "/home/hongb/.openclaw/workspace/filebot/backend/venv/lib/python3.12/site-packages/uvicorn/middleware/proxy_headers.py", line 60, in __call__
    return await self.app(scope, receive, send)
           ^^^^^^^^^^^^^^^^^^^^^^^^^^^^^^^^^^^^
  File "/home/hongb/.openclaw/workspace/filebot/backend/venv/lib/python3.12/site-packages/fastapi/applications.py", line 1160, in __call__
    await super().__call__(scope, receive, send)
  File "/home/hongb/.openclaw/workspace/filebot/backend/venv/lib/python3.12/site-packages/starlette/applications.py", line 107, in __call__
    await self.middleware_stack(scope, receive, send)
  File "/home/hongb/.openclaw/workspace/filebot/backend/venv/lib/python3.12/site-packages/starlette/middleware/errors.py", line 186, in __call__
    raise exc
  File "/home/hongb/.openclaw/workspace/filebot/backend/venv/lib/python3.12/site-packages/starlette/middleware/errors.py", line 164, in __call__
    await self.app(scope, receive, _send)
  File "/home/hongb/.openclaw/workspace/filebot/backend/venv/lib/python3.12/site-packages/starlette/middleware/cors.py", line 95, in __call__
    await self.simple_response(scope, receive, send, request_headers=headers)
  File "/home/hongb/.openclaw/workspace/filebot/backend/venv/lib/python3.12/site-packages/starlette/middleware/cors.py", line 153, in simple_response
    await self.app(scope, receive, send)
  File "/home/hongb/.openclaw/workspace/filebot/backend/venv/lib/python3.12/site-packages/starlette/middleware/exceptions.py", line 63, in __call__
    await wrap_app_handling_exceptions(self.app, conn)(scope, receive, send)
  File "/home/hongb/.openclaw/workspace/filebot/backend/venv/lib/python3.12/site-packages/starlette/_exception_handler.py", line 53, in wrapped_app
    raise exc
  File "/home/hongb/.openclaw/workspace/filebot/backend/venv/lib/python3.12/site-packages/starlette/_exception_handler.py", line 42, in wrapped_app
    await app(scope, receive, sender)
  File "/home/hongb/.openclaw/workspace/filebot/backend/venv/lib/python3.12/site-packages/fastapi/middleware/asyncexitstack.py", line 18, in __call__
    await self.app(scope, receive, send)
  File "/home/hongb/.openclaw/workspace/filebot/backend/venv/lib/python3.12/site-packages/starlette/routing.py", line 716, in __call__
    await self.middleware_stack(scope, receive, send)
  File "/home/hongb/.openclaw/workspace/filebot/backend/venv/lib/python3.12/site-packages/starlette/routing.py", line 736, in app
    await route.handle(scope, receive, send)
  File "/home/hongb/.openclaw/workspace/filebot/backend/venv/lib/python3.12/site-packages/starlette/routing.py", line 290, in handle
    await self.app(scope, receive, send)
  File "/home/hongb/.openclaw/workspace/filebot/backend/venv/lib/python3.12/site-packages/fastapi/routing.py", line 130, in app
    await wrap_app_handling_exceptions(app, request)(scope, receive, send)
  File "/home/hongb/.openclaw/workspace/filebot/backend/venv/lib/python3.12/site-packages/starlette/_exception_handler.py", line 53, in wrapped_app
    raise exc
  File "/home/hongb/.openclaw/workspace/filebot/backend/venv/lib/python3.12/site-packages/starlette/_exception_handler.py", line 42, in wrapped_app
    await app(scope, receive, sender)
  File "/home/hongb/.openclaw/workspace/filebot/backend/venv/lib/python3.12/site-packages/fastapi/routing.py", line 116, in app
    response = await f(request)
               ^^^^^^^^^^^^^^^^
  File "/home/hongb/.openclaw/workspace/filebot/backend/venv/lib/python3.12/site-packages/fastapi/routing.py", line 670, in app
    raw_response = await run_endpoint_function(
                   ^^^^^^^^^^^^^^^^^^^^^^^^^^^^
  File "/home/hongb/.openclaw/workspace/filebot/backend/venv/lib/python3.12/site-packages/fastapi/routing.py", line 326, in run_endpoint_function
    return await run_in_threadpool(dependant.call, **values)
           ^^^^^^^^^^^^^^^^^^^^^^^^^^^^^^^^^^^^^^^^^^^^^^^^^
  File "/home/hongb/.openclaw/workspace/filebot/backend/venv/lib/python3.12/site-packages/starlette/concurrency.py", line 32, in run_in_threadpool
    return await anyio.to_thread.run_sync(func)
           ^^^^^^^^^^^^^^^^^^^^^^^^^^^^^^^^^^^^
  File "/home/hongb/.openclaw/workspace/filebot/backend/venv/lib/python3.12/site-packages/anyio/to_thread.py", line 63, in run_sync
    return await get_async_backend().run_sync_in_worker_thread(
           ^^^^^^^^^^^^^^^^^^^^^^^^^^^^^^^^^^^^^^^^^^^^^^^^^^^^
  File "/home/hongb/.openclaw/workspace/filebot/backend/venv/lib/python3.12/site-packages/anyio/_backends/_asyncio.py", line 2502, in run_sync_in_worker_thread
    return await future
           ^^^^^^^^^^^^
  File "/home/hongb/.openclaw/workspace/filebot/backend/venv/lib/python3.12/site-packages/anyio/_backends/_asyncio.py", line 986, in run
    result = context.run(func, *args)
             ^^^^^^^^^^^^^^^^^^^^^^^^
  File "/home/hongb/.openclaw/workspace/filebot/backend/app/routers/documents.py", line 249, in get_documents
    documents = query.offset(skip).limit(limit).all()
                ^^^^^^^^^^^^^^^^^^^^^^^^^^^^^^^^^^^^^
  File "/home/hongb/.openclaw/workspace/filebot/backend/venv/lib/python3.12/site-packages/sqlalchemy/orm/query.py", line 2704, in all
    return self._iter().all()  # type: ignore
           ^^^^^^^^^^^^^^^^^^
  File "/home/hongb/.openclaw/workspace/filebot/backend/venv/lib/python3.12/site-packages/sqlalchemy/engine/result.py", line 1786, in all
    return self._allrows()
           ^^^^^^^^^^^^^^^
  File "/home/hongb/.openclaw/workspace/filebot/backend/venv/lib/python3.12/site-packages/sqlalchemy/engine/result.py", line 560, in _allrows
    rows = self._fetchall_impl()
           ^^^^^^^^^^^^^^^^^^^^^
  File "/home/hongb/.openclaw/workspace/filebot/backend/venv/lib/python3.12/site-packages/sqlalchemy/engine/result.py", line 1693, in _fetchall_impl
    return self._real_result._fetchall_impl()
           ^^^^^^^^^^^^^^^^^^^^^^^^^^^^^^^^^^
  File "/home/hongb/.openclaw/workspace/filebot/backend/venv/lib/python3.12/site-packages/sqlalchemy/engine/result.py", line 2287, in _fetchall_impl
    return list(self.iterator)
           ^^^^^^^^^^^^^^^^^^^
  File "/home/hongb/.openclaw/workspace/filebot/backend/venv/lib/python3.12/site-packages/sqlalchemy/orm/loading.py", line 220, in chunks
    fetch = cursor._raw_all_rows()
            ^^^^^^^^^^^^^^^^^^^^^^
  File "/home/hongb/.openclaw/workspace/filebot/backend/venv/lib/python3.12/site-packages/sqlalchemy/engine/result.py", line 553, in _raw_all_rows
    return [make_row(row) for row in rows]
            ^^^^^^^^^^^^^
  File "lib/sqlalchemy/cyextension/resultproxy.pyx", line 22, in sqlalchemy.cyextension.resultproxy.BaseRow.__init__
  File "lib/sqlalchemy/cyextension/resultproxy.pyx", line 79, in sqlalchemy.cyextension.resultproxy._apply_processors
  File "/home/hongb/.openclaw/workspace/filebot/backend/venv/lib/python3.12/site-packages/sqlalchemy/sql/sqltypes.py", line 1829, in process
    value = self._object_value_for_elem(value)
            ^^^^^^^^^^^^^^^^^^^^^^^^^^^^^^^^^^
  File "/home/hongb/.openclaw/workspace/filebot/backend/venv/lib/python3.12/site-packages/sqlalchemy/sql/sqltypes.py", line 1711, in _object_value_for_elem
    raise LookupError(
LookupError: 'MULTIPAGE' is not among the defined enum values. Enum name: filetype. Possible values: TIFF, PDF, DOC, ..., OTHER
INFO:     127.0.0.1:41480 - "GET /api/v1/features/current-edition HTTP/1.1" 200 OK
INFO:     127.0.0.1:41480 - "GET /api/v1/documents/ HTTP/1.1" 500 Internal Server Error
ERROR:    Exception in ASGI application
Traceback (most recent call last):
  File "/home/hongb/.openclaw/workspace/filebot/backend/venv/lib/python3.12/site-packages/sqlalchemy/sql/sqltypes.py", line 1709, in _object_value_for_elem
    return self._object_lookup[elem]  # type: ignore[return-value]
           ~~~~~~~~~~~~~~~~~~~^^^^^^
KeyError: 'MULTIPAGE'

The above exception was the direct cause of the following exception:

Traceback (most recent call last):
  File "/home/hongb/.openclaw/workspace/filebot/backend/venv/lib/python3.12/site-packages/uvicorn/protocols/http/h11_impl.py", line 410, in run_asgi
    result = await app(  # type: ignore[func-returns-value]
             ^^^^^^^^^^^^^^^^^^^^^^^^^^^^^^^^^^^^^^^^^^^^^^
  File "/home/hongb/.openclaw/workspace/filebot/backend/venv/lib/python3.12/site-packages/uvicorn/middleware/proxy_headers.py", line 60, in __call__
    return await self.app(scope, receive, send)
           ^^^^^^^^^^^^^^^^^^^^^^^^^^^^^^^^^^^^
  File "/home/hongb/.openclaw/workspace/filebot/backend/venv/lib/python3.12/site-packages/fastapi/applications.py", line 1160, in __call__
    await super().__call__(scope, receive, send)
  File "/home/hongb/.openclaw/workspace/filebot/backend/venv/lib/python3.12/site-packages/starlette/applications.py", line 107, in __call__
    await self.middleware_stack(scope, receive, send)
  File "/home/hongb/.openclaw/workspace/filebot/backend/venv/lib/python3.12/site-packages/starlette/middleware/errors.py", line 186, in __call__
    raise exc
  File "/home/hongb/.openclaw/workspace/filebot/backend/venv/lib/python3.12/site-packages/starlette/middleware/errors.py", line 164, in __call__
    await self.app(scope, receive, _send)
  File "/home/hongb/.openclaw/workspace/filebot/backend/venv/lib/python3.12/site-packages/starlette/middleware/cors.py", line 95, in __call__
    await self.simple_response(scope, receive, send, request_headers=headers)
  File "/home/hongb/.openclaw/workspace/filebot/backend/venv/lib/python3.12/site-packages/starlette/middleware/cors.py", line 153, in simple_response
    await self.app(scope, receive, send)
  File "/home/hongb/.openclaw/workspace/filebot/backend/venv/lib/python3.12/site-packages/starlette/middleware/exceptions.py", line 63, in __call__
    await wrap_app_handling_exceptions(self.app, conn)(scope, receive, send)
  File "/home/hongb/.openclaw/workspace/filebot/backend/venv/lib/python3.12/site-packages/starlette/_exception_handler.py", line 53, in wrapped_app
    raise exc
  File "/home/hongb/.openclaw/workspace/filebot/backend/venv/lib/python3.12/site-packages/starlette/_exception_handler.py", line 42, in wrapped_app
    await app(scope, receive, sender)
  File "/home/hongb/.openclaw/workspace/filebot/backend/venv/lib/python3.12/site-packages/fastapi/middleware/asyncexitstack.py", line 18, in __call__
    await self.app(scope, receive, send)
  File "/home/hongb/.openclaw/workspace/filebot/backend/venv/lib/python3.12/site-packages/starlette/routing.py", line 716, in __call__
    await self.middleware_stack(scope, receive, send)
  File "/home/hongb/.openclaw/workspace/filebot/backend/venv/lib/python3.12/site-packages/starlette/routing.py", line 736, in app
    await route.handle(scope, receive, send)
  File "/home/hongb/.openclaw/workspace/filebot/backend/venv/lib/python3.12/site-packages/starlette/routing.py", line 290, in handle
    await self.app(scope, receive, send)
  File "/home/hongb/.openclaw/workspace/filebot/backend/venv/lib/python3.12/site-packages/fastapi/routing.py", line 130, in app
    await wrap_app_handling_exceptions(app, request)(scope, receive, send)
  File "/home/hongb/.openclaw/workspace/filebot/backend/venv/lib/python3.12/site-packages/starlette/_exception_handler.py", line 53, in wrapped_app
    raise exc
  File "/home/hongb/.openclaw/workspace/filebot/backend/venv/lib/python3.12/site-packages/starlette/_exception_handler.py", line 42, in wrapped_app
    await app(scope, receive, sender)
  File "/home/hongb/.openclaw/workspace/filebot/backend/venv/lib/python3.12/site-packages/fastapi/routing.py", line 116, in app
    response = await f(request)
               ^^^^^^^^^^^^^^^^
  File "/home/hongb/.openclaw/workspace/filebot/backend/venv/lib/python3.12/site-packages/fastapi/routing.py", line 670, in app
    raw_response = await run_endpoint_function(
                   ^^^^^^^^^^^^^^^^^^^^^^^^^^^^
  File "/home/hongb/.openclaw/workspace/filebot/backend/venv/lib/python3.12/site-packages/fastapi/routing.py", line 326, in run_endpoint_function
    return await run_in_threadpool(dependant.call, **values)
           ^^^^^^^^^^^^^^^^^^^^^^^^^^^^^^^^^^^^^^^^^^^^^^^^^
  File "/home/hongb/.openclaw/workspace/filebot/backend/venv/lib/python3.12/site-packages/starlette/concurrency.py", line 32, in run_in_threadpool
    return await anyio.to_thread.run_sync(func)
           ^^^^^^^^^^^^^^^^^^^^^^^^^^^^^^^^^^^^
  File "/home/hongb/.openclaw/workspace/filebot/backend/venv/lib/python3.12/site-packages/anyio/to_thread.py", line 63, in run_sync
    return await get_async_backend().run_sync_in_worker_thread(
           ^^^^^^^^^^^^^^^^^^^^^^^^^^^^^^^^^^^^^^^^^^^^^^^^^^^^
  File "/home/hongb/.openclaw/workspace/filebot/backend/venv/lib/python3.12/site-packages/anyio/_backends/_asyncio.py", line 2502, in run_sync_in_worker_thread
    return await future
           ^^^^^^^^^^^^
  File "/home/hongb/.openclaw/workspace/filebot/backend/venv/lib/python3.12/site-packages/anyio/_backends/_asyncio.py", line 986, in run
    result = context.run(func, *args)
             ^^^^^^^^^^^^^^^^^^^^^^^^
  File "/home/hongb/.openclaw/workspace/filebot/backend/app/routers/documents.py", line 249, in get_documents
    documents = query.offset(skip).limit(limit).all()
                ^^^^^^^^^^^^^^^^^^^^^^^^^^^^^^^^^^^^^
  File "/home/hongb/.openclaw/workspace/filebot/backend/venv/lib/python3.12/site-packages/sqlalchemy/orm/query.py", line 2704, in all
    return self._iter().all()  # type: ignore
           ^^^^^^^^^^^^^^^^^^
  File "/home/hongb/.openclaw/workspace/filebot/backend/venv/lib/python3.12/site-packages/sqlalchemy/engine/result.py", line 1786, in all
    return self._allrows()
           ^^^^^^^^^^^^^^^
  File "/home/hongb/.openclaw/workspace/filebot/backend/venv/lib/python3.12/site-packages/sqlalchemy/engine/result.py", line 560, in _allrows
    rows = self._fetchall_impl()
           ^^^^^^^^^^^^^^^^^^^^^
  File "/home/hongb/.openclaw/workspace/filebot/backend/venv/lib/python3.12/site-packages/sqlalchemy/engine/result.py", line 1693, in _fetchall_impl
    return self._real_result._fetchall_impl()
           ^^^^^^^^^^^^^^^^^^^^^^^^^^^^^^^^^^
  File "/home/hongb/.openclaw/workspace/filebot/backend/venv/lib/python3.12/site-packages/sqlalchemy/engine/result.py", line 2287, in _fetchall_impl
    return list(self.iterator)
           ^^^^^^^^^^^^^^^^^^^
  File "/home/hongb/.openclaw/workspace/filebot/backend/venv/lib/python3.12/site-packages/sqlalchemy/orm/loading.py", line 220, in chunks
    fetch = cursor._raw_all_rows()
            ^^^^^^^^^^^^^^^^^^^^^^
  File "/home/hongb/.openclaw/workspace/filebot/backend/venv/lib/python3.12/site-packages/sqlalchemy/engine/result.py", line 553, in _raw_all_rows
    return [make_row(row) for row in rows]
            ^^^^^^^^^^^^^
  File "lib/sqlalchemy/cyextension/resultproxy.pyx", line 22, in sqlalchemy.cyextension.resultproxy.BaseRow.__init__
  File "lib/sqlalchemy/cyextension/resultproxy.pyx", line 79, in sqlalchemy.cyextension.resultproxy._apply_processors
  File "/home/hongb/.openclaw/workspace/filebot/backend/venv/lib/python3.12/site-packages/sqlalchemy/sql/sqltypes.py", line 1829, in process
    value = self._object_value_for_elem(value)
            ^^^^^^^^^^^^^^^^^^^^^^^^^^^^^^^^^^
  File "/home/hongb/.openclaw/workspace/filebot/backend/venv/lib/python3.12/site-packages/sqlalchemy/sql/sqltypes.py", line 1711, in _object_value_for_elem
    raise LookupError(
LookupError: 'MULTIPAGE' is not among the defined enum values. Enum name: filetype. Possible values: TIFF, PDF, DOC, ..., OTHER
INFO:     127.0.0.1:40450 - "GET /api/v1/features/check?feature=ai_document_classification HTTP/1.1" 200 OK
INFO:     127.0.0.1:40450 - "GET /api/v1/features/check?feature=ai_document_classification HTTP/1.1" 200 OK
INFO:     127.0.0.1:40450 - "GET /api/v1/features/current-edition HTTP/1.1" 200 OK
INFO:     127.0.0.1:40440 - "GET /api/v1/documents/ HTTP/1.1" 500 Internal Server Error
ERROR:    Exception in ASGI application
Traceback (most recent call last):
  File "/home/hongb/.openclaw/workspace/filebot/backend/venv/lib/python3.12/site-packages/sqlalchemy/sql/sqltypes.py", line 1709, in _object_value_for_elem
    return self._object_lookup[elem]  # type: ignore[return-value]
           ~~~~~~~~~~~~~~~~~~~^^^^^^
KeyError: 'MULTIPAGE'

The above exception was the direct cause of the following exception:

Traceback (most recent call last):
  File "/home/hongb/.openclaw/workspace/filebot/backend/venv/lib/python3.12/site-packages/uvicorn/protocols/http/h11_impl.py", line 410, in run_asgi
    result = await app(  # type: ignore[func-returns-value]
             ^^^^^^^^^^^^^^^^^^^^^^^^^^^^^^^^^^^^^^^^^^^^^^
  File "/home/hongb/.openclaw/workspace/filebot/backend/venv/lib/python3.12/site-packages/uvicorn/middleware/proxy_headers.py", line 60, in __call__
    return await self.app(scope, receive, send)
           ^^^^^^^^^^^^^^^^^^^^^^^^^^^^^^^^^^^^
  File "/home/hongb/.openclaw/workspace/filebot/backend/venv/lib/python3.12/site-packages/fastapi/applications.py", line 1160, in __call__
    await super().__call__(scope, receive, send)
  File "/home/hongb/.openclaw/workspace/filebot/backend/venv/lib/python3.12/site-packages/starlette/applications.py", line 107, in __call__
    await self.middleware_stack(scope, receive, send)
  File "/home/hongb/.openclaw/workspace/filebot/backend/venv/lib/python3.12/site-packages/starlette/middleware/errors.py", line 186, in __call__
    raise exc
  File "/home/hongb/.openclaw/workspace/filebot/backend/venv/lib/python3.12/site-packages/starlette/middleware/errors.py", line 164, in __call__
    await self.app(scope, receive, _send)
  File "/home/hongb/.openclaw/workspace/filebot/backend/venv/lib/python3.12/site-packages/starlette/middleware/cors.py", line 95, in __call__
    await self.simple_response(scope, receive, send, request_headers=headers)
  File "/home/hongb/.openclaw/workspace/filebot/backend/venv/lib/python3.12/site-packages/starlette/middleware/cors.py", line 153, in simple_response
    await self.app(scope, receive, send)
  File "/home/hongb/.openclaw/workspace/filebot/backend/venv/lib/python3.12/site-packages/starlette/middleware/exceptions.py", line 63, in __call__
    await wrap_app_handling_exceptions(self.app, conn)(scope, receive, send)
  File "/home/hongb/.openclaw/workspace/filebot/backend/venv/lib/python3.12/site-packages/starlette/_exception_handler.py", line 53, in wrapped_app
    raise exc
  File "/home/hongb/.openclaw/workspace/filebot/backend/venv/lib/python3.12/site-packages/starlette/_exception_handler.py", line 42, in wrapped_app
    await app(scope, receive, sender)
  File "/home/hongb/.openclaw/workspace/filebot/backend/venv/lib/python3.12/site-packages/fastapi/middleware/asyncexitstack.py", line 18, in __call__
    await self.app(scope, receive, send)
  File "/home/hongb/.openclaw/workspace/filebot/backend/venv/lib/python3.12/site-packages/starlette/routing.py", line 716, in __call__
    await self.middleware_stack(scope, receive, send)
  File "/home/hongb/.openclaw/workspace/filebot/backend/venv/lib/python3.12/site-packages/starlette/routing.py", line 736, in app
    await route.handle(scope, receive, send)
  File "/home/hongb/.openclaw/workspace/filebot/backend/venv/lib/python3.12/site-packages/starlette/routing.py", line 290, in handle
    await self.app(scope, receive, send)
  File "/home/hongb/.openclaw/workspace/filebot/backend/venv/lib/python3.12/site-packages/fastapi/routing.py", line 130, in app
    await wrap_app_handling_exceptions(app, request)(scope, receive, send)
  File "/home/hongb/.openclaw/workspace/filebot/backend/venv/lib/python3.12/site-packages/starlette/_exception_handler.py", line 53, in wrapped_app
    raise exc
  File "/home/hongb/.openclaw/workspace/filebot/backend/venv/lib/python3.12/site-packages/starlette/_exception_handler.py", line 42, in wrapped_app
    await app(scope, receive, sender)
  File "/home/hongb/.openclaw/workspace/filebot/backend/venv/lib/python3.12/site-packages/fastapi/routing.py", line 116, in app
    response = await f(request)
               ^^^^^^^^^^^^^^^^
  File "/home/hongb/.openclaw/workspace/filebot/backend/venv/lib/python3.12/site-packages/fastapi/routing.py", line 670, in app
    raw_response = await run_endpoint_function(
                   ^^^^^^^^^^^^^^^^^^^^^^^^^^^^
  File "/home/hongb/.openclaw/workspace/filebot/backend/venv/lib/python3.12/site-packages/fastapi/routing.py", line 326, in run_endpoint_function
    return await run_in_threadpool(dependant.call, **values)
           ^^^^^^^^^^^^^^^^^^^^^^^^^^^^^^^^^^^^^^^^^^^^^^^^^
  File "/home/hongb/.openclaw/workspace/filebot/backend/venv/lib/python3.12/site-packages/starlette/concurrency.py", line 32, in run_in_threadpool
    return await anyio.to_thread.run_sync(func)
           ^^^^^^^^^^^^^^^^^^^^^^^^^^^^^^^^^^^^
  File "/home/hongb/.openclaw/workspace/filebot/backend/venv/lib/python3.12/site-packages/anyio/to_thread.py", line 63, in run_sync
    return await get_async_backend().run_sync_in_worker_thread(
           ^^^^^^^^^^^^^^^^^^^^^^^^^^^^^^^^^^^^^^^^^^^^^^^^^^^^
  File "/home/hongb/.openclaw/workspace/filebot/backend/venv/lib/python3.12/site-packages/anyio/_backends/_asyncio.py", line 2502, in run_sync_in_worker_thread
    return await future
           ^^^^^^^^^^^^
  File "/home/hongb/.openclaw/workspace/filebot/backend/venv/lib/python3.12/site-packages/anyio/_backends/_asyncio.py", line 986, in run
    result = context.run(func, *args)
             ^^^^^^^^^^^^^^^^^^^^^^^^
  File "/home/hongb/.openclaw/workspace/filebot/backend/app/routers/documents.py", line 249, in get_documents
    documents = query.offset(skip).limit(limit).all()
                ^^^^^^^^^^^^^^^^^^^^^^^^^^^^^^^^^^^^^
  File "/home/hongb/.openclaw/workspace/filebot/backend/venv/lib/python3.12/site-packages/sqlalchemy/orm/query.py", line 2704, in all
    return self._iter().all()  # type: ignore
           ^^^^^^^^^^^^^^^^^^
  File "/home/hongb/.openclaw/workspace/filebot/backend/venv/lib/python3.12/site-packages/sqlalchemy/engine/result.py", line 1786, in all
    return self._allrows()
           ^^^^^^^^^^^^^^^
  File "/home/hongb/.openclaw/workspace/filebot/backend/venv/lib/python3.12/site-packages/sqlalchemy/engine/result.py", line 560, in _allrows
    rows = self._fetchall_impl()
           ^^^^^^^^^^^^^^^^^^^^^
  File "/home/hongb/.openclaw/workspace/filebot/backend/venv/lib/python3.12/site-packages/sqlalchemy/engine/result.py", line 1693, in _fetchall_impl
    return self._real_result._fetchall_impl()
           ^^^^^^^^^^^^^^^^^^^^^^^^^^^^^^^^^^
  File "/home/hongb/.openclaw/workspace/filebot/backend/venv/lib/python3.12/site-packages/sqlalchemy/engine/result.py", line 2287, in _fetchall_impl
    return list(self.iterator)
           ^^^^^^^^^^^^^^^^^^^
  File "/home/hongb/.openclaw/workspace/filebot/backend/venv/lib/python3.12/site-packages/sqlalchemy/orm/loading.py", line 220, in chunks
    fetch = cursor._raw_all_rows()
            ^^^^^^^^^^^^^^^^^^^^^^
  File "/home/hongb/.openclaw/workspace/filebot/backend/venv/lib/python3.12/site-packages/sqlalchemy/engine/result.py", line 553, in _raw_all_rows
    return [make_row(row) for row in rows]
            ^^^^^^^^^^^^^
  File "lib/sqlalchemy/cyextension/resultproxy.pyx", line 22, in sqlalchemy.cyextension.resultproxy.BaseRow.__init__
  File "lib/sqlalchemy/cyextension/resultproxy.pyx", line 79, in sqlalchemy.cyextension.resultproxy._apply_processors
  File "/home/hongb/.openclaw/workspace/filebot/backend/venv/lib/python3.12/site-packages/sqlalchemy/sql/sqltypes.py", line 1829, in process
    value = self._object_value_for_elem(value)
            ^^^^^^^^^^^^^^^^^^^^^^^^^^^^^^^^^^
  File "/home/hongb/.openclaw/workspace/filebot/backend/venv/lib/python3.12/site-packages/sqlalchemy/sql/sqltypes.py", line 1711, in _object_value_for_elem
    raise LookupError(
LookupError: 'MULTIPAGE' is not among the defined enum values. Enum name: filetype. Possible values: TIFF, PDF, DOC, ..., OTHER
INFO:     127.0.0.1:40450 - "GET /api/v1/features/current-edition HTTP/1.1" 200 OK
INFO:     127.0.0.1:40450 - "GET /api/v1/documents/ HTTP/1.1" 500 Internal Server Error
ERROR:    Exception in ASGI application
Traceback (most recent call last):
  File "/home/hongb/.openclaw/workspace/filebot/backend/venv/lib/python3.12/site-packages/sqlalchemy/sql/sqltypes.py", line 1709, in _object_value_for_elem
    return self._object_lookup[elem]  # type: ignore[return-value]
           ~~~~~~~~~~~~~~~~~~~^^^^^^
KeyError: 'MULTIPAGE'

The above exception was the direct cause of the following exception:

Traceback (most recent call last):
  File "/home/hongb/.openclaw/workspace/filebot/backend/venv/lib/python3.12/site-packages/uvicorn/protocols/http/h11_impl.py", line 410, in run_asgi
    result = await app(  # type: ignore[func-returns-value]
             ^^^^^^^^^^^^^^^^^^^^^^^^^^^^^^^^^^^^^^^^^^^^^^
  File "/home/hongb/.openclaw/workspace/filebot/backend/venv/lib/python3.12/site-packages/uvicorn/middleware/proxy_headers.py", line 60, in __call__
    return await self.app(scope, receive, send)
           ^^^^^^^^^^^^^^^^^^^^^^^^^^^^^^^^^^^^
  File "/home/hongb/.openclaw/workspace/filebot/backend/venv/lib/python3.12/site-packages/fastapi/applications.py", line 1160, in __call__
    await super().__call__(scope, receive, send)
  File "/home/hongb/.openclaw/workspace/filebot/backend/venv/lib/python3.12/site-packages/starlette/applications.py", line 107, in __call__
    await self.middleware_stack(scope, receive, send)
  File "/home/hongb/.openclaw/workspace/filebot/backend/venv/lib/python3.12/site-packages/starlette/middleware/errors.py", line 186, in __call__
    raise exc
  File "/home/hongb/.openclaw/workspace/filebot/backend/venv/lib/python3.12/site-packages/starlette/middleware/errors.py", line 164, in __call__
    await self.app(scope, receive, _send)
  File "/home/hongb/.openclaw/workspace/filebot/backend/venv/lib/python3.12/site-packages/starlette/middleware/cors.py", line 95, in __call__
    await self.simple_response(scope, receive, send, request_headers=headers)
  File "/home/hongb/.openclaw/workspace/filebot/backend/venv/lib/python3.12/site-packages/starlette/middleware/cors.py", line 153, in simple_response
    await self.app(scope, receive, send)
  File "/home/hongb/.openclaw/workspace/filebot/backend/venv/lib/python3.12/site-packages/starlette/middleware/exceptions.py", line 63, in __call__
    await wrap_app_handling_exceptions(self.app, conn)(scope, receive, send)
  File "/home/hongb/.openclaw/workspace/filebot/backend/venv/lib/python3.12/site-packages/starlette/_exception_handler.py", line 53, in wrapped_app
    raise exc
  File "/home/hongb/.openclaw/workspace/filebot/backend/venv/lib/python3.12/site-packages/starlette/_exception_handler.py", line 42, in wrapped_app
    await app(scope, receive, sender)
  File "/home/hongb/.openclaw/workspace/filebot/backend/venv/lib/python3.12/site-packages/fastapi/middleware/asyncexitstack.py", line 18, in __call__
    await self.app(scope, receive, send)
  File "/home/hongb/.openclaw/workspace/filebot/backend/venv/lib/python3.12/site-packages/starlette/routing.py", line 716, in __call__
    await self.middleware_stack(scope, receive, send)
  File "/home/hongb/.openclaw/workspace/filebot/backend/venv/lib/python3.12/site-packages/starlette/routing.py", line 736, in app
    await route.handle(scope, receive, send)
  File "/home/hongb/.openclaw/workspace/filebot/backend/venv/lib/python3.12/site-packages/starlette/routing.py", line 290, in handle
    await self.app(scope, receive, send)
  File "/home/hongb/.openclaw/workspace/filebot/backend/venv/lib/python3.12/site-packages/fastapi/routing.py", line 130, in app
    await wrap_app_handling_exceptions(app, request)(scope, receive, send)
  File "/home/hongb/.openclaw/workspace/filebot/backend/venv/lib/python3.12/site-packages/starlette/_exception_handler.py", line 53, in wrapped_app
    raise exc
  File "/home/hongb/.openclaw/workspace/filebot/backend/venv/lib/python3.12/site-packages/starlette/_exception_handler.py", line 42, in wrapped_app
    await app(scope, receive, sender)
  File "/home/hongb/.openclaw/workspace/filebot/backend/venv/lib/python3.12/site-packages/fastapi/routing.py", line 116, in app
    response = await f(request)
               ^^^^^^^^^^^^^^^^
  File "/home/hongb/.openclaw/workspace/filebot/backend/venv/lib/python3.12/site-packages/fastapi/routing.py", line 670, in app
    raw_response = await run_endpoint_function(
                   ^^^^^^^^^^^^^^^^^^^^^^^^^^^^
  File "/home/hongb/.openclaw/workspace/filebot/backend/venv/lib/python3.12/site-packages/fastapi/routing.py", line 326, in run_endpoint_function
    return await run_in_threadpool(dependant.call, **values)
           ^^^^^^^^^^^^^^^^^^^^^^^^^^^^^^^^^^^^^^^^^^^^^^^^^
  File "/home/hongb/.openclaw/workspace/filebot/backend/venv/lib/python3.12/site-packages/starlette/concurrency.py", line 32, in run_in_threadpool
    return await anyio.to_thread.run_sync(func)
           ^^^^^^^^^^^^^^^^^^^^^^^^^^^^^^^^^^^^
  File "/home/hongb/.openclaw/workspace/filebot/backend/venv/lib/python3.12/site-packages/anyio/to_thread.py", line 63, in run_sync
    return await get_async_backend().run_sync_in_worker_thread(
           ^^^^^^^^^^^^^^^^^^^^^^^^^^^^^^^^^^^^^^^^^^^^^^^^^^^^
  File "/home/hongb/.openclaw/workspace/filebot/backend/venv/lib/python3.12/site-packages/anyio/_backends/_asyncio.py", line 2502, in run_sync_in_worker_thread
    return await future
           ^^^^^^^^^^^^
  File "/home/hongb/.openclaw/workspace/filebot/backend/venv/lib/python3.12/site-packages/anyio/_backends/_asyncio.py", line 986, in run
    result = context.run(func, *args)
             ^^^^^^^^^^^^^^^^^^^^^^^^
  File "/home/hongb/.openclaw/workspace/filebot/backend/app/routers/documents.py", line 249, in get_documents
    documents = query.offset(skip).limit(limit).all()
                ^^^^^^^^^^^^^^^^^^^^^^^^^^^^^^^^^^^^^
  File "/home/hongb/.openclaw/workspace/filebot/backend/venv/lib/python3.12/site-packages/sqlalchemy/orm/query.py", line 2704, in all
    return self._iter().all()  # type: ignore
           ^^^^^^^^^^^^^^^^^^
  File "/home/hongb/.openclaw/workspace/filebot/backend/venv/lib/python3.12/site-packages/sqlalchemy/engine/result.py", line 1786, in all
    return self._allrows()
           ^^^^^^^^^^^^^^^
  File "/home/hongb/.openclaw/workspace/filebot/backend/venv/lib/python3.12/site-packages/sqlalchemy/engine/result.py", line 560, in _allrows
    rows = self._fetchall_impl()
           ^^^^^^^^^^^^^^^^^^^^^
  File "/home/hongb/.openclaw/workspace/filebot/backend/venv/lib/python3.12/site-packages/sqlalchemy/engine/result.py", line 1693, in _fetchall_impl
    return self._real_result._fetchall_impl()
           ^^^^^^^^^^^^^^^^^^^^^^^^^^^^^^^^^^
  File "/home/hongb/.openclaw/workspace/filebot/backend/venv/lib/python3.12/site-packages/sqlalchemy/engine/result.py", line 2287, in _fetchall_impl
    return list(self.iterator)
           ^^^^^^^^^^^^^^^^^^^
  File "/home/hongb/.openclaw/workspace/filebot/backend/venv/lib/python3.12/site-packages/sqlalchemy/orm/loading.py", line 220, in chunks
    fetch = cursor._raw_all_rows()
            ^^^^^^^^^^^^^^^^^^^^^^
  File "/home/hongb/.openclaw/workspace/filebot/backend/venv/lib/python3.12/site-packages/sqlalchemy/engine/result.py", line 553, in _raw_all_rows
    return [make_row(row) for row in rows]
            ^^^^^^^^^^^^^
  File "lib/sqlalchemy/cyextension/resultproxy.pyx", line 22, in sqlalchemy.cyextension.resultproxy.BaseRow.__init__
  File "lib/sqlalchemy/cyextension/resultproxy.pyx", line 79, in sqlalchemy.cyextension.resultproxy._apply_processors
  File "/home/hongb/.openclaw/workspace/filebot/backend/venv/lib/python3.12/site-packages/sqlalchemy/sql/sqltypes.py", line 1829, in process
    value = self._object_value_for_elem(value)
            ^^^^^^^^^^^^^^^^^^^^^^^^^^^^^^^^^^
  File "/home/hongb/.openclaw/workspace/filebot/backend/venv/lib/python3.12/site-packages/sqlalchemy/sql/sqltypes.py", line 1711, in _object_value_for_elem
    raise LookupError(
LookupError: 'MULTIPAGE' is not among the defined enum values. Enum name: filetype. Possible values: TIFF, PDF, DOC, ..., OTHER
INFO:     127.0.0.1:40454 - "GET /api/v1/documents/ HTTP/1.1" 500 Internal Server Error
ERROR:    Exception in ASGI application
Traceback (most recent call last):
  File "/home/hongb/.openclaw/workspace/filebot/backend/venv/lib/python3.12/site-packages/sqlalchemy/sql/sqltypes.py", line 1709, in _object_value_for_elem
    return self._object_lookup[elem]  # type: ignore[return-value]
           ~~~~~~~~~~~~~~~~~~~^^^^^^
KeyError: 'MULTIPAGE'

The above exception was the direct cause of the following exception:

Traceback (most recent call last):
  File "/home/hongb/.openclaw/workspace/filebot/backend/venv/lib/python3.12/site-packages/uvicorn/protocols/http/h11_impl.py", line 410, in run_asgi
    result = await app(  # type: ignore[func-returns-value]
             ^^^^^^^^^^^^^^^^^^^^^^^^^^^^^^^^^^^^^^^^^^^^^^
  File "/home/hongb/.openclaw/workspace/filebot/backend/venv/lib/python3.12/site-packages/uvicorn/middleware/proxy_headers.py", line 60, in __call__
    return await self.app(scope, receive, send)
           ^^^^^^^^^^^^^^^^^^^^^^^^^^^^^^^^^^^^
  File "/home/hongb/.openclaw/workspace/filebot/backend/venv/lib/python3.12/site-packages/fastapi/applications.py", line 1160, in __call__
    await super().__call__(scope, receive, send)
  File "/home/hongb/.openclaw/workspace/filebot/backend/venv/lib/python3.12/site-packages/starlette/applications.py", line 107, in __call__
    await self.middleware_stack(scope, receive, send)
  File "/home/hongb/.openclaw/workspace/filebot/backend/venv/lib/python3.12/site-packages/starlette/middleware/errors.py", line 186, in __call__
    raise exc
  File "/home/hongb/.openclaw/workspace/filebot/backend/venv/lib/python3.12/site-packages/starlette/middleware/errors.py", line 164, in __call__
    await self.app(scope, receive, _send)
  File "/home/hongb/.openclaw/workspace/filebot/backend/venv/lib/python3.12/site-packages/starlette/middleware/cors.py", line 95, in __call__
    await self.simple_response(scope, receive, send, request_headers=headers)
  File "/home/hongb/.openclaw/workspace/filebot/backend/venv/lib/python3.12/site-packages/starlette/middleware/cors.py", line 153, in simple_response
    await self.app(scope, receive, send)
  File "/home/hongb/.openclaw/workspace/filebot/backend/venv/lib/python3.12/site-packages/starlette/middleware/exceptions.py", line 63, in __call__
    await wrap_app_handling_exceptions(self.app, conn)(scope, receive, send)
  File "/home/hongb/.openclaw/workspace/filebot/backend/venv/lib/python3.12/site-packages/starlette/_exception_handler.py", line 53, in wrapped_app
    raise exc
  File "/home/hongb/.openclaw/workspace/filebot/backend/venv/lib/python3.12/site-packages/starlette/_exception_handler.py", line 42, in wrapped_app
    await app(scope, receive, sender)
  File "/home/hongb/.openclaw/workspace/filebot/backend/venv/lib/python3.12/site-packages/fastapi/middleware/asyncexitstack.py", line 18, in __call__
    await self.app(scope, receive, send)
  File "/home/hongb/.openclaw/workspace/filebot/backend/venv/lib/python3.12/site-packages/starlette/routing.py", line 716, in __call__
    await self.middleware_stack(scope, receive, send)
  File "/home/hongb/.openclaw/workspace/filebot/backend/venv/lib/python3.12/site-packages/starlette/routing.py", line 736, in app
    await route.handle(scope, receive, send)
  File "/home/hongb/.openclaw/workspace/filebot/backend/venv/lib/python3.12/site-packages/starlette/routing.py", line 290, in handle
    await self.app(scope, receive, send)
  File "/home/hongb/.openclaw/workspace/filebot/backend/venv/lib/python3.12/site-packages/fastapi/routing.py", line 130, in app
    await wrap_app_handling_exceptions(app, request)(scope, receive, send)
  File "/home/hongb/.openclaw/workspace/filebot/backend/venv/lib/python3.12/site-packages/starlette/_exception_handler.py", line 53, in wrapped_app
    raise exc
  File "/home/hongb/.openclaw/workspace/filebot/backend/venv/lib/python3.12/site-packages/starlette/_exception_handler.py", line 42, in wrapped_app
    await app(scope, receive, sender)
  File "/home/hongb/.openclaw/workspace/filebot/backend/venv/lib/python3.12/site-packages/fastapi/routing.py", line 116, in app
    response = await f(request)
               ^^^^^^^^^^^^^^^^
  File "/home/hongb/.openclaw/workspace/filebot/backend/venv/lib/python3.12/site-packages/fastapi/routing.py", line 670, in app
    raw_response = await run_endpoint_function(
                   ^^^^^^^^^^^^^^^^^^^^^^^^^^^^
  File "/home/hongb/.openclaw/workspace/filebot/backend/venv/lib/python3.12/site-packages/fastapi/routing.py", line 326, in run_endpoint_function
    return await run_in_threadpool(dependant.call, **values)
           ^^^^^^^^^^^^^^^^^^^^^^^^^^^^^^^^^^^^^^^^^^^^^^^^^
  File "/home/hongb/.openclaw/workspace/filebot/backend/venv/lib/python3.12/site-packages/starlette/concurrency.py", line 32, in run_in_threadpool
    return await anyio.to_thread.run_sync(func)
           ^^^^^^^^^^^^^^^^^^^^^^^^^^^^^^^^^^^^
  File "/home/hongb/.openclaw/workspace/filebot/backend/venv/lib/python3.12/site-packages/anyio/to_thread.py", line 63, in run_sync
    return await get_async_backend().run_sync_in_worker_thread(
           ^^^^^^^^^^^^^^^^^^^^^^^^^^^^^^^^^^^^^^^^^^^^^^^^^^^^
  File "/home/hongb/.openclaw/workspace/filebot/backend/venv/lib/python3.12/site-packages/anyio/_backends/_asyncio.py", line 2502, in run_sync_in_worker_thread
    return await future
           ^^^^^^^^^^^^
  File "/home/hongb/.openclaw/workspace/filebot/backend/venv/lib/python3.12/site-packages/anyio/_backends/_asyncio.py", line 986, in run
    result = context.run(func, *args)
             ^^^^^^^^^^^^^^^^^^^^^^^^
  File "/home/hongb/.openclaw/workspace/filebot/backend/app/routers/documents.py", line 249, in get_documents
    documents = query.offset(skip).limit(limit).all()
                ^^^^^^^^^^^^^^^^^^^^^^^^^^^^^^^^^^^^^
  File "/home/hongb/.openclaw/workspace/filebot/backend/venv/lib/python3.12/site-packages/sqlalchemy/orm/query.py", line 2704, in all
    return self._iter().all()  # type: ignore
           ^^^^^^^^^^^^^^^^^^
  File "/home/hongb/.openclaw/workspace/filebot/backend/venv/lib/python3.12/site-packages/sqlalchemy/engine/result.py", line 1786, in all
    return self._allrows()
           ^^^^^^^^^^^^^^^
  File "/home/hongb/.openclaw/workspace/filebot/backend/venv/lib/python3.12/site-packages/sqlalchemy/engine/result.py", line 560, in _allrows
    rows = self._fetchall_impl()
           ^^^^^^^^^^^^^^^^^^^^^
  File "/home/hongb/.openclaw/workspace/filebot/backend/venv/lib/python3.12/site-packages/sqlalchemy/engine/result.py", line 1693, in _fetchall_impl
    return self._real_result._fetchall_impl()
           ^^^^^^^^^^^^^^^^^^^^^^^^^^^^^^^^^^
  File "/home/hongb/.openclaw/workspace/filebot/backend/venv/lib/python3.12/site-packages/sqlalchemy/engine/result.py", line 2287, in _fetchall_impl
    return list(self.iterator)
           ^^^^^^^^^^^^^^^^^^^
  File "/home/hongb/.openclaw/workspace/filebot/backend/venv/lib/python3.12/site-packages/sqlalchemy/orm/loading.py", line 220, in chunks
    fetch = cursor._raw_all_rows()
            ^^^^^^^^^^^^^^^^^^^^^^
  File "/home/hongb/.openclaw/workspace/filebot/backend/venv/lib/python3.12/site-packages/sqlalchemy/engine/result.py", line 553, in _raw_all_rows
    return [make_row(row) for row in rows]
            ^^^^^^^^^^^^^
  File "lib/sqlalchemy/cyextension/resultproxy.pyx", line 22, in sqlalchemy.cyextension.resultproxy.BaseRow.__init__
  File "lib/sqlalchemy/cyextension/resultproxy.pyx", line 79, in sqlalchemy.cyextension.resultproxy._apply_processors
  File "/home/hongb/.openclaw/workspace/filebot/backend/venv/lib/python3.12/site-packages/sqlalchemy/sql/sqltypes.py", line 1829, in process
    value = self._object_value_for_elem(value)
            ^^^^^^^^^^^^^^^^^^^^^^^^^^^^^^^^^^
  File "/home/hongb/.openclaw/workspace/filebot/backend/venv/lib/python3.12/site-packages/sqlalchemy/sql/sqltypes.py", line 1711, in _object_value_for_elem
    raise LookupError(
LookupError: 'MULTIPAGE' is not among the defined enum values. Enum name: filetype. Possible values: TIFF, PDF, DOC, ..., OTHER
INFO:     127.0.0.1:40462 - "GET /api/v1/documents/ HTTP/1.1" 500 Internal Server Error
ERROR:    Exception in ASGI application
Traceback (most recent call last):
  File "/home/hongb/.openclaw/workspace/filebot/backend/venv/lib/python3.12/site-packages/sqlalchemy/sql/sqltypes.py", line 1709, in _object_value_for_elem
    return self._object_lookup[elem]  # type: ignore[return-value]
           ~~~~~~~~~~~~~~~~~~~^^^^^^
KeyError: 'MULTIPAGE'

The above exception was the direct cause of the following exception:

Traceback (most recent call last):
  File "/home/hongb/.openclaw/workspace/filebot/backend/venv/lib/python3.12/site-packages/uvicorn/protocols/http/h11_impl.py", line 410, in run_asgi
    result = await app(  # type: ignore[func-returns-value]
             ^^^^^^^^^^^^^^^^^^^^^^^^^^^^^^^^^^^^^^^^^^^^^^
  File "/home/hongb/.openclaw/workspace/filebot/backend/venv/lib/python3.12/site-packages/uvicorn/middleware/proxy_headers.py", line 60, in __call__
    return await self.app(scope, receive, send)
           ^^^^^^^^^^^^^^^^^^^^^^^^^^^^^^^^^^^^
  File "/home/hongb/.openclaw/workspace/filebot/backend/venv/lib/python3.12/site-packages/fastapi/applications.py", line 1160, in __call__
    await super().__call__(scope, receive, send)
  File "/home/hongb/.openclaw/workspace/filebot/backend/venv/lib/python3.12/site-packages/starlette/applications.py", line 107, in __call__
    await self.middleware_stack(scope, receive, send)
  File "/home/hongb/.openclaw/workspace/filebot/backend/venv/lib/python3.12/site-packages/starlette/middleware/errors.py", line 186, in __call__
    raise exc
  File "/home/hongb/.openclaw/workspace/filebot/backend/venv/lib/python3.12/site-packages/starlette/middleware/errors.py", line 164, in __call__
    await self.app(scope, receive, _send)
  File "/home/hongb/.openclaw/workspace/filebot/backend/venv/lib/python3.12/site-packages/starlette/middleware/cors.py", line 95, in __call__
    await self.simple_response(scope, receive, send, request_headers=headers)
  File "/home/hongb/.openclaw/workspace/filebot/backend/venv/lib/python3.12/site-packages/starlette/middleware/cors.py", line 153, in simple_response
    await self.app(scope, receive, send)
  File "/home/hongb/.openclaw/workspace/filebot/backend/venv/lib/python3.12/site-packages/starlette/middleware/exceptions.py", line 63, in __call__
    await wrap_app_handling_exceptions(self.app, conn)(scope, receive, send)
  File "/home/hongb/.openclaw/workspace/filebot/backend/venv/lib/python3.12/site-packages/starlette/_exception_handler.py", line 53, in wrapped_app
    raise exc
  File "/home/hongb/.openclaw/workspace/filebot/backend/venv/lib/python3.12/site-packages/starlette/_exception_handler.py", line 42, in wrapped_app
    await app(scope, receive, sender)
  File "/home/hongb/.openclaw/workspace/filebot/backend/venv/lib/python3.12/site-packages/fastapi/middleware/asyncexitstack.py", line 18, in __call__
    await self.app(scope, receive, send)
  File "/home/hongb/.openclaw/workspace/filebot/backend/venv/lib/python3.12/site-packages/starlette/routing.py", line 716, in __call__
    await self.middleware_stack(scope, receive, send)
  File "/home/hongb/.openclaw/workspace/filebot/backend/venv/lib/python3.12/site-packages/starlette/routing.py", line 736, in app
    await route.handle(scope, receive, send)
  File "/home/hongb/.openclaw/workspace/filebot/backend/venv/lib/python3.12/site-packages/starlette/routing.py", line 290, in handle
    await self.app(scope, receive, send)
  File "/home/hongb/.openclaw/workspace/filebot/backend/venv/lib/python3.12/site-packages/fastapi/routing.py", line 130, in app
    await wrap_app_handling_exceptions(app, request)(scope, receive, send)
  File "/home/hongb/.openclaw/workspace/filebot/backend/venv/lib/python3.12/site-packages/starlette/_exception_handler.py", line 53, in wrapped_app
    raise exc
  File "/home/hongb/.openclaw/workspace/filebot/backend/venv/lib/python3.12/site-packages/starlette/_exception_handler.py", line 42, in wrapped_app
    await app(scope, receive, sender)
  File "/home/hongb/.openclaw/workspace/filebot/backend/venv/lib/python3.12/site-packages/fastapi/routing.py", line 116, in app
    response = await f(request)
               ^^^^^^^^^^^^^^^^
  File "/home/hongb/.openclaw/workspace/filebot/backend/venv/lib/python3.12/site-packages/fastapi/routing.py", line 670, in app
    raw_response = await run_endpoint_function(
                   ^^^^^^^^^^^^^^^^^^^^^^^^^^^^
  File "/home/hongb/.openclaw/workspace/filebot/backend/venv/lib/python3.12/site-packages/fastapi/routing.py", line 326, in run_endpoint_function
    return await run_in_threadpool(dependant.call, **values)
           ^^^^^^^^^^^^^^^^^^^^^^^^^^^^^^^^^^^^^^^^^^^^^^^^^
  File "/home/hongb/.openclaw/workspace/filebot/backend/venv/lib/python3.12/site-packages/starlette/concurrency.py", line 32, in run_in_threadpool
    return await anyio.to_thread.run_sync(func)
           ^^^^^^^^^^^^^^^^^^^^^^^^^^^^^^^^^^^^
  File "/home/hongb/.openclaw/workspace/filebot/backend/venv/lib/python3.12/site-packages/anyio/to_thread.py", line 63, in run_sync
    return await get_async_backend().run_sync_in_worker_thread(
           ^^^^^^^^^^^^^^^^^^^^^^^^^^^^^^^^^^^^^^^^^^^^^^^^^^^^
  File "/home/hongb/.openclaw/workspace/filebot/backend/venv/lib/python3.12/site-packages/anyio/_backends/_asyncio.py", line 2502, in run_sync_in_worker_thread
    return await future
           ^^^^^^^^^^^^
  File "/home/hongb/.openclaw/workspace/filebot/backend/venv/lib/python3.12/site-packages/anyio/_backends/_asyncio.py", line 986, in run
    result = context.run(func, *args)
             ^^^^^^^^^^^^^^^^^^^^^^^^
  File "/home/hongb/.openclaw/workspace/filebot/backend/app/routers/documents.py", line 249, in get_documents
    documents = query.offset(skip).limit(limit).all()
                ^^^^^^^^^^^^^^^^^^^^^^^^^^^^^^^^^^^^^
  File "/home/hongb/.openclaw/workspace/filebot/backend/venv/lib/python3.12/site-packages/sqlalchemy/orm/query.py", line 2704, in all
    return self._iter().all()  # type: ignore
           ^^^^^^^^^^^^^^^^^^
  File "/home/hongb/.openclaw/workspace/filebot/backend/venv/lib/python3.12/site-packages/sqlalchemy/engine/result.py", line 1786, in all
    return self._allrows()
           ^^^^^^^^^^^^^^^
  File "/home/hongb/.openclaw/workspace/filebot/backend/venv/lib/python3.12/site-packages/sqlalchemy/engine/result.py", line 560, in _allrows
    rows = self._fetchall_impl()
           ^^^^^^^^^^^^^^^^^^^^^
  File "/home/hongb/.openclaw/workspace/filebot/backend/venv/lib/python3.12/site-packages/sqlalchemy/engine/result.py", line 1693, in _fetchall_impl
    return self._real_result._fetchall_impl()
           ^^^^^^^^^^^^^^^^^^^^^^^^^^^^^^^^^^
  File "/home/hongb/.openclaw/workspace/filebot/backend/venv/lib/python3.12/site-packages/sqlalchemy/engine/result.py", line 2287, in _fetchall_impl
    return list(self.iterator)
           ^^^^^^^^^^^^^^^^^^^
  File "/home/hongb/.openclaw/workspace/filebot/backend/venv/lib/python3.12/site-packages/sqlalchemy/orm/loading.py", line 220, in chunks
    fetch = cursor._raw_all_rows()
            ^^^^^^^^^^^^^^^^^^^^^^
  File "/home/hongb/.openclaw/workspace/filebot/backend/venv/lib/python3.12/site-packages/sqlalchemy/engine/result.py", line 553, in _raw_all_rows
    return [make_row(row) for row in rows]
            ^^^^^^^^^^^^^
  File "lib/sqlalchemy/cyextension/resultproxy.pyx", line 22, in sqlalchemy.cyextension.resultproxy.BaseRow.__init__
  File "lib/sqlalchemy/cyextension/resultproxy.pyx", line 79, in sqlalchemy.cyextension.resultproxy._apply_processors
  File "/home/hongb/.openclaw/workspace/filebot/backend/venv/lib/python3.12/site-packages/sqlalchemy/sql/sqltypes.py", line 1829, in process
    value = self._object_value_for_elem(value)
            ^^^^^^^^^^^^^^^^^^^^^^^^^^^^^^^^^^
  File "/home/hongb/.openclaw/workspace/filebot/backend/venv/lib/python3.12/site-packages/sqlalchemy/sql/sqltypes.py", line 1711, in _object_value_for_elem
    raise LookupError(
LookupError: 'MULTIPAGE' is not among the defined enum values. Enum name: filetype. Possible values: TIFF, PDF, DOC, ..., OTHER
INFO:     127.0.0.1:40462 - "GET /api/v1/documents/ HTTP/1.1" 500 Internal Server Error
ERROR:    Exception in ASGI application
Traceback (most recent call last):
  File "/home/hongb/.openclaw/workspace/filebot/backend/venv/lib/python3.12/site-packages/sqlalchemy/sql/sqltypes.py", line 1709, in _object_value_for_elem
    return self._object_lookup[elem]  # type: ignore[return-value]
           ~~~~~~~~~~~~~~~~~~~^^^^^^
KeyError: 'MULTIPAGE'

The above exception was the direct cause of the following exception:

Traceback (most recent call last):
  File "/home/hongb/.openclaw/workspace/filebot/backend/venv/lib/python3.12/site-packages/uvicorn/protocols/http/h11_impl.py", line 410, in run_asgi
    result = await app(  # type: ignore[func-returns-value]
             ^^^^^^^^^^^^^^^^^^^^^^^^^^^^^^^^^^^^^^^^^^^^^^
  File "/home/hongb/.openclaw/workspace/filebot/backend/venv/lib/python3.12/site-packages/uvicorn/middleware/proxy_headers.py", line 60, in __call__
    return await self.app(scope, receive, send)
           ^^^^^^^^^^^^^^^^^^^^^^^^^^^^^^^^^^^^
  File "/home/hongb/.openclaw/workspace/filebot/backend/venv/lib/python3.12/site-packages/fastapi/applications.py", line 1160, in __call__
    await super().__call__(scope, receive, send)
  File "/home/hongb/.openclaw/workspace/filebot/backend/venv/lib/python3.12/site-packages/starlette/applications.py", line 107, in __call__
    await self.middleware_stack(scope, receive, send)
  File "/home/hongb/.openclaw/workspace/filebot/backend/venv/lib/python3.12/site-packages/starlette/middleware/errors.py", line 186, in __call__
    raise exc
  File "/home/hongb/.openclaw/workspace/filebot/backend/venv/lib/python3.12/site-packages/starlette/middleware/errors.py", line 164, in __call__
    await self.app(scope, receive, _send)
  File "/home/hongb/.openclaw/workspace/filebot/backend/venv/lib/python3.12/site-packages/starlette/middleware/cors.py", line 95, in __call__
    await self.simple_response(scope, receive, send, request_headers=headers)
  File "/home/hongb/.openclaw/workspace/filebot/backend/venv/lib/python3.12/site-packages/starlette/middleware/cors.py", line 153, in simple_response
    await self.app(scope, receive, send)
  File "/home/hongb/.openclaw/workspace/filebot/backend/venv/lib/python3.12/site-packages/starlette/middleware/exceptions.py", line 63, in __call__
    await wrap_app_handling_exceptions(self.app, conn)(scope, receive, send)
  File "/home/hongb/.openclaw/workspace/filebot/backend/venv/lib/python3.12/site-packages/starlette/_exception_handler.py", line 53, in wrapped_app
    raise exc
  File "/home/hongb/.openclaw/workspace/filebot/backend/venv/lib/python3.12/site-packages/starlette/_exception_handler.py", line 42, in wrapped_app
    await app(scope, receive, sender)
  File "/home/hongb/.openclaw/workspace/filebot/backend/venv/lib/python3.12/site-packages/fastapi/middleware/asyncexitstack.py", line 18, in __call__
    await self.app(scope, receive, send)
  File "/home/hongb/.openclaw/workspace/filebot/backend/venv/lib/python3.12/site-packages/starlette/routing.py", line 716, in __call__
    await self.middleware_stack(scope, receive, send)
  File "/home/hongb/.openclaw/workspace/filebot/backend/venv/lib/python3.12/site-packages/starlette/routing.py", line 736, in app
    await route.handle(scope, receive, send)
  File "/home/hongb/.openclaw/workspace/filebot/backend/venv/lib/python3.12/site-packages/starlette/routing.py", line 290, in handle
    await self.app(scope, receive, send)
  File "/home/hongb/.openclaw/workspace/filebot/backend/venv/lib/python3.12/site-packages/fastapi/routing.py", line 130, in app
    await wrap_app_handling_exceptions(app, request)(scope, receive, send)
  File "/home/hongb/.openclaw/workspace/filebot/backend/venv/lib/python3.12/site-packages/starlette/_exception_handler.py", line 53, in wrapped_app
    raise exc
  File "/home/hongb/.openclaw/workspace/filebot/backend/venv/lib/python3.12/site-packages/starlette/_exception_handler.py", line 42, in wrapped_app
    await app(scope, receive, sender)
  File "/home/hongb/.openclaw/workspace/filebot/backend/venv/lib/python3.12/site-packages/fastapi/routing.py", line 116, in app
    response = await f(request)
               ^^^^^^^^^^^^^^^^
  File "/home/hongb/.openclaw/workspace/filebot/backend/venv/lib/python3.12/site-packages/fastapi/routing.py", line 670, in app
    raw_response = await run_endpoint_function(
                   ^^^^^^^^^^^^^^^^^^^^^^^^^^^^
  File "/home/hongb/.openclaw/workspace/filebot/backend/venv/lib/python3.12/site-packages/fastapi/routing.py", line 326, in run_endpoint_function
    return await run_in_threadpool(dependant.call, **values)
           ^^^^^^^^^^^^^^^^^^^^^^^^^^^^^^^^^^^^^^^^^^^^^^^^^
  File "/home/hongb/.openclaw/workspace/filebot/backend/venv/lib/python3.12/site-packages/starlette/concurrency.py", line 32, in run_in_threadpool
    return await anyio.to_thread.run_sync(func)
           ^^^^^^^^^^^^^^^^^^^^^^^^^^^^^^^^^^^^
  File "/home/hongb/.openclaw/workspace/filebot/backend/venv/lib/python3.12/site-packages/anyio/to_thread.py", line 63, in run_sync
    return await get_async_backend().run_sync_in_worker_thread(
           ^^^^^^^^^^^^^^^^^^^^^^^^^^^^^^^^^^^^^^^^^^^^^^^^^^^^
  File "/home/hongb/.openclaw/workspace/filebot/backend/venv/lib/python3.12/site-packages/anyio/_backends/_asyncio.py", line 2502, in run_sync_in_worker_thread
    return await future
           ^^^^^^^^^^^^
  File "/home/hongb/.openclaw/workspace/filebot/backend/venv/lib/python3.12/site-packages/anyio/_backends/_asyncio.py", line 986, in run
    result = context.run(func, *args)
             ^^^^^^^^^^^^^^^^^^^^^^^^
  File "/home/hongb/.openclaw/workspace/filebot/backend/app/routers/documents.py", line 249, in get_documents
    documents = query.offset(skip).limit(limit).all()
                ^^^^^^^^^^^^^^^^^^^^^^^^^^^^^^^^^^^^^
  File "/home/hongb/.openclaw/workspace/filebot/backend/venv/lib/python3.12/site-packages/sqlalchemy/orm/query.py", line 2704, in all
    return self._iter().all()  # type: ignore
           ^^^^^^^^^^^^^^^^^^
  File "/home/hongb/.openclaw/workspace/filebot/backend/venv/lib/python3.12/site-packages/sqlalchemy/engine/result.py", line 1786, in all
    return self._allrows()
           ^^^^^^^^^^^^^^^
  File "/home/hongb/.openclaw/workspace/filebot/backend/venv/lib/python3.12/site-packages/sqlalchemy/engine/result.py", line 560, in _allrows
    rows = self._fetchall_impl()
           ^^^^^^^^^^^^^^^^^^^^^
  File "/home/hongb/.openclaw/workspace/filebot/backend/venv/lib/python3.12/site-packages/sqlalchemy/engine/result.py", line 1693, in _fetchall_impl
    return self._real_result._fetchall_impl()
           ^^^^^^^^^^^^^^^^^^^^^^^^^^^^^^^^^^
  File "/home/hongb/.openclaw/workspace/filebot/backend/venv/lib/python3.12/site-packages/sqlalchemy/engine/result.py", line 2287, in _fetchall_impl
    return list(self.iterator)
           ^^^^^^^^^^^^^^^^^^^
  File "/home/hongb/.openclaw/workspace/filebot/backend/venv/lib/python3.12/site-packages/sqlalchemy/orm/loading.py", line 220, in chunks
    fetch = cursor._raw_all_rows()
            ^^^^^^^^^^^^^^^^^^^^^^
  File "/home/hongb/.openclaw/workspace/filebot/backend/venv/lib/python3.12/site-packages/sqlalchemy/engine/result.py", line 553, in _raw_all_rows
    return [make_row(row) for row in rows]
            ^^^^^^^^^^^^^
  File "lib/sqlalchemy/cyextension/resultproxy.pyx", line 22, in sqlalchemy.cyextension.resultproxy.BaseRow.__init__
  File "lib/sqlalchemy/cyextension/resultproxy.pyx", line 79, in sqlalchemy.cyextension.resultproxy._apply_processors
  File "/home/hongb/.openclaw/workspace/filebot/backend/venv/lib/python3.12/site-packages/sqlalchemy/sql/sqltypes.py", line 1829, in process
    value = self._object_value_for_elem(value)
            ^^^^^^^^^^^^^^^^^^^^^^^^^^^^^^^^^^
  File "/home/hongb/.openclaw/workspace/filebot/backend/venv/lib/python3.12/site-packages/sqlalchemy/sql/sqltypes.py", line 1711, in _object_value_for_elem
    raise LookupError(
LookupError: 'MULTIPAGE' is not among the defined enum values. Enum name: filetype. Possible values: TIFF, PDF, DOC, ..., OTHER
INFO:     127.0.0.1:40474 - "GET /api/v1/documents/ HTTP/1.1" 500 Internal Server Error
ERROR:    Exception in ASGI application
Traceback (most recent call last):
  File "/home/hongb/.openclaw/workspace/filebot/backend/venv/lib/python3.12/site-packages/sqlalchemy/sql/sqltypes.py", line 1709, in _object_value_for_elem
    return self._object_lookup[elem]  # type: ignore[return-value]
           ~~~~~~~~~~~~~~~~~~~^^^^^^
KeyError: 'MULTIPAGE'

The above exception was the direct cause of the following exception:

Traceback (most recent call last):
  File "/home/hongb/.openclaw/workspace/filebot/backend/venv/lib/python3.12/site-packages/uvicorn/protocols/http/h11_impl.py", line 410, in run_asgi
    result = await app(  # type: ignore[func-returns-value]
             ^^^^^^^^^^^^^^^^^^^^^^^^^^^^^^^^^^^^^^^^^^^^^^
  File "/home/hongb/.openclaw/workspace/filebot/backend/venv/lib/python3.12/site-packages/uvicorn/middleware/proxy_headers.py", line 60, in __call__
    return await self.app(scope, receive, send)
           ^^^^^^^^^^^^^^^^^^^^^^^^^^^^^^^^^^^^
  File "/home/hongb/.openclaw/workspace/filebot/backend/venv/lib/python3.12/site-packages/fastapi/applications.py", line 1160, in __call__
    await super().__call__(scope, receive, send)
  File "/home/hongb/.openclaw/workspace/filebot/backend/venv/lib/python3.12/site-packages/starlette/applications.py", line 107, in __call__
    await self.middleware_stack(scope, receive, send)
  File "/home/hongb/.openclaw/workspace/filebot/backend/venv/lib/python3.12/site-packages/starlette/middleware/errors.py", line 186, in __call__
    raise exc
  File "/home/hongb/.openclaw/workspace/filebot/backend/venv/lib/python3.12/site-packages/starlette/middleware/errors.py", line 164, in __call__
    await self.app(scope, receive, _send)
  File "/home/hongb/.openclaw/workspace/filebot/backend/venv/lib/python3.12/site-packages/starlette/middleware/cors.py", line 95, in __call__
    await self.simple_response(scope, receive, send, request_headers=headers)
  File "/home/hongb/.openclaw/workspace/filebot/backend/venv/lib/python3.12/site-packages/starlette/middleware/cors.py", line 153, in simple_response
    await self.app(scope, receive, send)
  File "/home/hongb/.openclaw/workspace/filebot/backend/venv/lib/python3.12/site-packages/starlette/middleware/exceptions.py", line 63, in __call__
    await wrap_app_handling_exceptions(self.app, conn)(scope, receive, send)
  File "/home/hongb/.openclaw/workspace/filebot/backend/venv/lib/python3.12/site-packages/starlette/_exception_handler.py", line 53, in wrapped_app
    raise exc
  File "/home/hongb/.openclaw/workspace/filebot/backend/venv/lib/python3.12/site-packages/starlette/_exception_handler.py", line 42, in wrapped_app
    await app(scope, receive, sender)
  File "/home/hongb/.openclaw/workspace/filebot/backend/venv/lib/python3.12/site-packages/fastapi/middleware/asyncexitstack.py", line 18, in __call__
    await self.app(scope, receive, send)
  File "/home/hongb/.openclaw/workspace/filebot/backend/venv/lib/python3.12/site-packages/starlette/routing.py", line 716, in __call__
    await self.middleware_stack(scope, receive, send)
  File "/home/hongb/.openclaw/workspace/filebot/backend/venv/lib/python3.12/site-packages/starlette/routing.py", line 736, in app
    await route.handle(scope, receive, send)
  File "/home/hongb/.openclaw/workspace/filebot/backend/venv/lib/python3.12/site-packages/starlette/routing.py", line 290, in handle
    await self.app(scope, receive, send)
  File "/home/hongb/.openclaw/workspace/filebot/backend/venv/lib/python3.12/site-packages/fastapi/routing.py", line 130, in app
    await wrap_app_handling_exceptions(app, request)(scope, receive, send)
  File "/home/hongb/.openclaw/workspace/filebot/backend/venv/lib/python3.12/site-packages/starlette/_exception_handler.py", line 53, in wrapped_app
    raise exc
  File "/home/hongb/.openclaw/workspace/filebot/backend/venv/lib/python3.12/site-packages/starlette/_exception_handler.py", line 42, in wrapped_app
    await app(scope, receive, sender)
  File "/home/hongb/.openclaw/workspace/filebot/backend/venv/lib/python3.12/site-packages/fastapi/routing.py", line 116, in app
    response = await f(request)
               ^^^^^^^^^^^^^^^^
  File "/home/hongb/.openclaw/workspace/filebot/backend/venv/lib/python3.12/site-packages/fastapi/routing.py", line 670, in app
    raw_response = await run_endpoint_function(
                   ^^^^^^^^^^^^^^^^^^^^^^^^^^^^
  File "/home/hongb/.openclaw/workspace/filebot/backend/venv/lib/python3.12/site-packages/fastapi/routing.py", line 326, in run_endpoint_function
    return await run_in_threadpool(dependant.call, **values)
           ^^^^^^^^^^^^^^^^^^^^^^^^^^^^^^^^^^^^^^^^^^^^^^^^^
  File "/home/hongb/.openclaw/workspace/filebot/backend/venv/lib/python3.12/site-packages/starlette/concurrency.py", line 32, in run_in_threadpool
    return await anyio.to_thread.run_sync(func)
           ^^^^^^^^^^^^^^^^^^^^^^^^^^^^^^^^^^^^
  File "/home/hongb/.openclaw/workspace/filebot/backend/venv/lib/python3.12/site-packages/anyio/to_thread.py", line 63, in run_sync
    return await get_async_backend().run_sync_in_worker_thread(
           ^^^^^^^^^^^^^^^^^^^^^^^^^^^^^^^^^^^^^^^^^^^^^^^^^^^^
  File "/home/hongb/.openclaw/workspace/filebot/backend/venv/lib/python3.12/site-packages/anyio/_backends/_asyncio.py", line 2502, in run_sync_in_worker_thread
    return await future
           ^^^^^^^^^^^^
  File "/home/hongb/.openclaw/workspace/filebot/backend/venv/lib/python3.12/site-packages/anyio/_backends/_asyncio.py", line 986, in run
    result = context.run(func, *args)
             ^^^^^^^^^^^^^^^^^^^^^^^^
  File "/home/hongb/.openclaw/workspace/filebot/backend/app/routers/documents.py", line 249, in get_documents
    documents = query.offset(skip).limit(limit).all()
                ^^^^^^^^^^^^^^^^^^^^^^^^^^^^^^^^^^^^^
  File "/home/hongb/.openclaw/workspace/filebot/backend/venv/lib/python3.12/site-packages/sqlalchemy/orm/query.py", line 2704, in all
    return self._iter().all()  # type: ignore
           ^^^^^^^^^^^^^^^^^^
  File "/home/hongb/.openclaw/workspace/filebot/backend/venv/lib/python3.12/site-packages/sqlalchemy/engine/result.py", line 1786, in all
    return self._allrows()
           ^^^^^^^^^^^^^^^
  File "/home/hongb/.openclaw/workspace/filebot/backend/venv/lib/python3.12/site-packages/sqlalchemy/engine/result.py", line 560, in _allrows
    rows = self._fetchall_impl()
           ^^^^^^^^^^^^^^^^^^^^^
  File "/home/hongb/.openclaw/workspace/filebot/backend/venv/lib/python3.12/site-packages/sqlalchemy/engine/result.py", line 1693, in _fetchall_impl
    return self._real_result._fetchall_impl()
           ^^^^^^^^^^^^^^^^^^^^^^^^^^^^^^^^^^
  File "/home/hongb/.openclaw/workspace/filebot/backend/venv/lib/python3.12/site-packages/sqlalchemy/engine/result.py", line 2287, in _fetchall_impl
    return list(self.iterator)
           ^^^^^^^^^^^^^^^^^^^
  File "/home/hongb/.openclaw/workspace/filebot/backend/venv/lib/python3.12/site-packages/sqlalchemy/orm/loading.py", line 220, in chunks
    fetch = cursor._raw_all_rows()
            ^^^^^^^^^^^^^^^^^^^^^^
  File "/home/hongb/.openclaw/workspace/filebot/backend/venv/lib/python3.12/site-packages/sqlalchemy/engine/result.py", line 553, in _raw_all_rows
    return [make_row(row) for row in rows]
            ^^^^^^^^^^^^^
  File "lib/sqlalchemy/cyextension/resultproxy.pyx", line 22, in sqlalchemy.cyextension.resultproxy.BaseRow.__init__
  File "lib/sqlalchemy/cyextension/resultproxy.pyx", line 79, in sqlalchemy.cyextension.resultproxy._apply_processors
  File "/home/hongb/.openclaw/workspace/filebot/backend/venv/lib/python3.12/site-packages/sqlalchemy/sql/sqltypes.py", line 1829, in process
    value = self._object_value_for_elem(value)
            ^^^^^^^^^^^^^^^^^^^^^^^^^^^^^^^^^^
  File "/home/hongb/.openclaw/workspace/filebot/backend/venv/lib/python3.12/site-packages/sqlalchemy/sql/sqltypes.py", line 1711, in _object_value_for_elem
    raise LookupError(
LookupError: 'MULTIPAGE' is not among the defined enum values. Enum name: filetype. Possible values: TIFF, PDF, DOC, ..., OTHER
INFO:     127.0.0.1:40482 - "GET /api/v1/documents/ HTTP/1.1" 500 Internal Server Error
ERROR:    Exception in ASGI application
Traceback (most recent call last):
  File "/home/hongb/.openclaw/workspace/filebot/backend/venv/lib/python3.12/site-packages/sqlalchemy/sql/sqltypes.py", line 1709, in _object_value_for_elem
    return self._object_lookup[elem]  # type: ignore[return-value]
           ~~~~~~~~~~~~~~~~~~~^^^^^^
KeyError: 'MULTIPAGE'

The above exception was the direct cause of the following exception:

Traceback (most recent call last):
  File "/home/hongb/.openclaw/workspace/filebot/backend/venv/lib/python3.12/site-packages/uvicorn/protocols/http/h11_impl.py", line 410, in run_asgi
    result = await app(  # type: ignore[func-returns-value]
             ^^^^^^^^^^^^^^^^^^^^^^^^^^^^^^^^^^^^^^^^^^^^^^
  File "/home/hongb/.openclaw/workspace/filebot/backend/venv/lib/python3.12/site-packages/uvicorn/middleware/proxy_headers.py", line 60, in __call__
    return await self.app(scope, receive, send)
           ^^^^^^^^^^^^^^^^^^^^^^^^^^^^^^^^^^^^
  File "/home/hongb/.openclaw/workspace/filebot/backend/venv/lib/python3.12/site-packages/fastapi/applications.py", line 1160, in __call__
    await super().__call__(scope, receive, send)
  File "/home/hongb/.openclaw/workspace/filebot/backend/venv/lib/python3.12/site-packages/starlette/applications.py", line 107, in __call__
    await self.middleware_stack(scope, receive, send)
  File "/home/hongb/.openclaw/workspace/filebot/backend/venv/lib/python3.12/site-packages/starlette/middleware/errors.py", line 186, in __call__
    raise exc
  File "/home/hongb/.openclaw/workspace/filebot/backend/venv/lib/python3.12/site-packages/starlette/middleware/errors.py", line 164, in __call__
    await self.app(scope, receive, _send)
  File "/home/hongb/.openclaw/workspace/filebot/backend/venv/lib/python3.12/site-packages/starlette/middleware/cors.py", line 95, in __call__
    await self.simple_response(scope, receive, send, request_headers=headers)
  File "/home/hongb/.openclaw/workspace/filebot/backend/venv/lib/python3.12/site-packages/starlette/middleware/cors.py", line 153, in simple_response
    await self.app(scope, receive, send)
  File "/home/hongb/.openclaw/workspace/filebot/backend/venv/lib/python3.12/site-packages/starlette/middleware/exceptions.py", line 63, in __call__
    await wrap_app_handling_exceptions(self.app, conn)(scope, receive, send)
  File "/home/hongb/.openclaw/workspace/filebot/backend/venv/lib/python3.12/site-packages/starlette/_exception_handler.py", line 53, in wrapped_app
    raise exc
  File "/home/hongb/.openclaw/workspace/filebot/backend/venv/lib/python3.12/site-packages/starlette/_exception_handler.py", line 42, in wrapped_app
    await app(scope, receive, sender)
  File "/home/hongb/.openclaw/workspace/filebot/backend/venv/lib/python3.12/site-packages/fastapi/middleware/asyncexitstack.py", line 18, in __call__
    await self.app(scope, receive, send)
  File "/home/hongb/.openclaw/workspace/filebot/backend/venv/lib/python3.12/site-packages/starlette/routing.py", line 716, in __call__
    await self.middleware_stack(scope, receive, send)
  File "/home/hongb/.openclaw/workspace/filebot/backend/venv/lib/python3.12/site-packages/starlette/routing.py", line 736, in app
    await route.handle(scope, receive, send)
  File "/home/hongb/.openclaw/workspace/filebot/backend/venv/lib/python3.12/site-packages/starlette/routing.py", line 290, in handle
    await self.app(scope, receive, send)
  File "/home/hongb/.openclaw/workspace/filebot/backend/venv/lib/python3.12/site-packages/fastapi/routing.py", line 130, in app
    await wrap_app_handling_exceptions(app, request)(scope, receive, send)
  File "/home/hongb/.openclaw/workspace/filebot/backend/venv/lib/python3.12/site-packages/starlette/_exception_handler.py", line 53, in wrapped_app
    raise exc
  File "/home/hongb/.openclaw/workspace/filebot/backend/venv/lib/python3.12/site-packages/starlette/_exception_handler.py", line 42, in wrapped_app
    await app(scope, receive, sender)
  File "/home/hongb/.openclaw/workspace/filebot/backend/venv/lib/python3.12/site-packages/fastapi/routing.py", line 116, in app
    response = await f(request)
               ^^^^^^^^^^^^^^^^
  File "/home/hongb/.openclaw/workspace/filebot/backend/venv/lib/python3.12/site-packages/fastapi/routing.py", line 670, in app
    raw_response = await run_endpoint_function(
                   ^^^^^^^^^^^^^^^^^^^^^^^^^^^^
  File "/home/hongb/.openclaw/workspace/filebot/backend/venv/lib/python3.12/site-packages/fastapi/routing.py", line 326, in run_endpoint_function
    return await run_in_threadpool(dependant.call, **values)
           ^^^^^^^^^^^^^^^^^^^^^^^^^^^^^^^^^^^^^^^^^^^^^^^^^
  File "/home/hongb/.openclaw/workspace/filebot/backend/venv/lib/python3.12/site-packages/starlette/concurrency.py", line 32, in run_in_threadpool
    return await anyio.to_thread.run_sync(func)
           ^^^^^^^^^^^^^^^^^^^^^^^^^^^^^^^^^^^^
  File "/home/hongb/.openclaw/workspace/filebot/backend/venv/lib/python3.12/site-packages/anyio/to_thread.py", line 63, in run_sync
    return await get_async_backend().run_sync_in_worker_thread(
           ^^^^^^^^^^^^^^^^^^^^^^^^^^^^^^^^^^^^^^^^^^^^^^^^^^^^
  File "/home/hongb/.openclaw/workspace/filebot/backend/venv/lib/python3.12/site-packages/anyio/_backends/_asyncio.py", line 2502, in run_sync_in_worker_thread
    return await future
           ^^^^^^^^^^^^
  File "/home/hongb/.openclaw/workspace/filebot/backend/venv/lib/python3.12/site-packages/anyio/_backends/_asyncio.py", line 986, in run
    result = context.run(func, *args)
             ^^^^^^^^^^^^^^^^^^^^^^^^
  File "/home/hongb/.openclaw/workspace/filebot/backend/app/routers/documents.py", line 249, in get_documents
    documents = query.offset(skip).limit(limit).all()
                ^^^^^^^^^^^^^^^^^^^^^^^^^^^^^^^^^^^^^
  File "/home/hongb/.openclaw/workspace/filebot/backend/venv/lib/python3.12/site-packages/sqlalchemy/orm/query.py", line 2704, in all
    return self._iter().all()  # type: ignore
           ^^^^^^^^^^^^^^^^^^
  File "/home/hongb/.openclaw/workspace/filebot/backend/venv/lib/python3.12/site-packages/sqlalchemy/engine/result.py", line 1786, in all
    return self._allrows()
           ^^^^^^^^^^^^^^^
  File "/home/hongb/.openclaw/workspace/filebot/backend/venv/lib/python3.12/site-packages/sqlalchemy/engine/result.py", line 560, in _allrows
    rows = self._fetchall_impl()
           ^^^^^^^^^^^^^^^^^^^^^
  File "/home/hongb/.openclaw/workspace/filebot/backend/venv/lib/python3.12/site-packages/sqlalchemy/engine/result.py", line 1693, in _fetchall_impl
    return self._real_result._fetchall_impl()
           ^^^^^^^^^^^^^^^^^^^^^^^^^^^^^^^^^^
  File "/home/hongb/.openclaw/workspace/filebot/backend/venv/lib/python3.12/site-packages/sqlalchemy/engine/result.py", line 2287, in _fetchall_impl
    return list(self.iterator)
           ^^^^^^^^^^^^^^^^^^^
  File "/home/hongb/.openclaw/workspace/filebot/backend/venv/lib/python3.12/site-packages/sqlalchemy/orm/loading.py", line 220, in chunks
    fetch = cursor._raw_all_rows()
            ^^^^^^^^^^^^^^^^^^^^^^
  File "/home/hongb/.openclaw/workspace/filebot/backend/venv/lib/python3.12/site-packages/sqlalchemy/engine/result.py", line 553, in _raw_all_rows
    return [make_row(row) for row in rows]
            ^^^^^^^^^^^^^
  File "lib/sqlalchemy/cyextension/resultproxy.pyx", line 22, in sqlalchemy.cyextension.resultproxy.BaseRow.__init__
  File "lib/sqlalchemy/cyextension/resultproxy.pyx", line 79, in sqlalchemy.cyextension.resultproxy._apply_processors
  File "/home/hongb/.openclaw/workspace/filebot/backend/venv/lib/python3.12/site-packages/sqlalchemy/sql/sqltypes.py", line 1829, in process
    value = self._object_value_for_elem(value)
            ^^^^^^^^^^^^^^^^^^^^^^^^^^^^^^^^^^
  File "/home/hongb/.openclaw/workspace/filebot/backend/venv/lib/python3.12/site-packages/sqlalchemy/sql/sqltypes.py", line 1711, in _object_value_for_elem
    raise LookupError(
LookupError: 'MULTIPAGE' is not among the defined enum values. Enum name: filetype. Possible values: TIFF, PDF, DOC, ..., OTHER
INFO:     127.0.0.1:50144 - "GET /api/v1/documents/ HTTP/1.1" 500 Internal Server Error
ERROR:    Exception in ASGI application
Traceback (most recent call last):
  File "/home/hongb/.openclaw/workspace/filebot/backend/venv/lib/python3.12/site-packages/sqlalchemy/sql/sqltypes.py", line 1709, in _object_value_for_elem
    return self._object_lookup[elem]  # type: ignore[return-value]
           ~~~~~~~~~~~~~~~~~~~^^^^^^
KeyError: 'MULTIPAGE'

The above exception was the direct cause of the following exception:

Traceback (most recent call last):
  File "/home/hongb/.openclaw/workspace/filebot/backend/venv/lib/python3.12/site-packages/uvicorn/protocols/http/h11_impl.py", line 410, in run_asgi
    result = await app(  # type: ignore[func-returns-value]
             ^^^^^^^^^^^^^^^^^^^^^^^^^^^^^^^^^^^^^^^^^^^^^^
  File "/home/hongb/.openclaw/workspace/filebot/backend/venv/lib/python3.12/site-packages/uvicorn/middleware/proxy_headers.py", line 60, in __call__
    return await self.app(scope, receive, send)
           ^^^^^^^^^^^^^^^^^^^^^^^^^^^^^^^^^^^^
  File "/home/hongb/.openclaw/workspace/filebot/backend/venv/lib/python3.12/site-packages/fastapi/applications.py", line 1160, in __call__
    await super().__call__(scope, receive, send)
  File "/home/hongb/.openclaw/workspace/filebot/backend/venv/lib/python3.12/site-packages/starlette/applications.py", line 107, in __call__
    await self.middleware_stack(scope, receive, send)
  File "/home/hongb/.openclaw/workspace/filebot/backend/venv/lib/python3.12/site-packages/starlette/middleware/errors.py", line 186, in __call__
    raise exc
  File "/home/hongb/.openclaw/workspace/filebot/backend/venv/lib/python3.12/site-packages/starlette/middleware/errors.py", line 164, in __call__
    await self.app(scope, receive, _send)
  File "/home/hongb/.openclaw/workspace/filebot/backend/venv/lib/python3.12/site-packages/starlette/middleware/cors.py", line 95, in __call__
    await self.simple_response(scope, receive, send, request_headers=headers)
  File "/home/hongb/.openclaw/workspace/filebot/backend/venv/lib/python3.12/site-packages/starlette/middleware/cors.py", line 153, in simple_response
    await self.app(scope, receive, send)
  File "/home/hongb/.openclaw/workspace/filebot/backend/venv/lib/python3.12/site-packages/starlette/middleware/exceptions.py", line 63, in __call__
    await wrap_app_handling_exceptions(self.app, conn)(scope, receive, send)
  File "/home/hongb/.openclaw/workspace/filebot/backend/venv/lib/python3.12/site-packages/starlette/_exception_handler.py", line 53, in wrapped_app
    raise exc
  File "/home/hongb/.openclaw/workspace/filebot/backend/venv/lib/python3.12/site-packages/starlette/_exception_handler.py", line 42, in wrapped_app
    await app(scope, receive, sender)
  File "/home/hongb/.openclaw/workspace/filebot/backend/venv/lib/python3.12/site-packages/fastapi/middleware/asyncexitstack.py", line 18, in __call__
    await self.app(scope, receive, send)
  File "/home/hongb/.openclaw/workspace/filebot/backend/venv/lib/python3.12/site-packages/starlette/routing.py", line 716, in __call__
    await self.middleware_stack(scope, receive, send)
  File "/home/hongb/.openclaw/workspace/filebot/backend/venv/lib/python3.12/site-packages/starlette/routing.py", line 736, in app
    await route.handle(scope, receive, send)
  File "/home/hongb/.openclaw/workspace/filebot/backend/venv/lib/python3.12/site-packages/starlette/routing.py", line 290, in handle
    await self.app(scope, receive, send)
  File "/home/hongb/.openclaw/workspace/filebot/backend/venv/lib/python3.12/site-packages/fastapi/routing.py", line 130, in app
    await wrap_app_handling_exceptions(app, request)(scope, receive, send)
  File "/home/hongb/.openclaw/workspace/filebot/backend/venv/lib/python3.12/site-packages/starlette/_exception_handler.py", line 53, in wrapped_app
    raise exc
  File "/home/hongb/.openclaw/workspace/filebot/backend/venv/lib/python3.12/site-packages/starlette/_exception_handler.py", line 42, in wrapped_app
    await app(scope, receive, sender)
  File "/home/hongb/.openclaw/workspace/filebot/backend/venv/lib/python3.12/site-packages/fastapi/routing.py", line 116, in app
    response = await f(request)
               ^^^^^^^^^^^^^^^^
  File "/home/hongb/.openclaw/workspace/filebot/backend/venv/lib/python3.12/site-packages/fastapi/routing.py", line 670, in app
    raw_response = await run_endpoint_function(
                   ^^^^^^^^^^^^^^^^^^^^^^^^^^^^
  File "/home/hongb/.openclaw/workspace/filebot/backend/venv/lib/python3.12/site-packages/fastapi/routing.py", line 326, in run_endpoint_function
    return await run_in_threadpool(dependant.call, **values)
           ^^^^^^^^^^^^^^^^^^^^^^^^^^^^^^^^^^^^^^^^^^^^^^^^^
  File "/home/hongb/.openclaw/workspace/filebot/backend/venv/lib/python3.12/site-packages/starlette/concurrency.py", line 32, in run_in_threadpool
    return await anyio.to_thread.run_sync(func)
           ^^^^^^^^^^^^^^^^^^^^^^^^^^^^^^^^^^^^
  File "/home/hongb/.openclaw/workspace/filebot/backend/venv/lib/python3.12/site-packages/anyio/to_thread.py", line 63, in run_sync
    return await get_async_backend().run_sync_in_worker_thread(
           ^^^^^^^^^^^^^^^^^^^^^^^^^^^^^^^^^^^^^^^^^^^^^^^^^^^^
  File "/home/hongb/.openclaw/workspace/filebot/backend/venv/lib/python3.12/site-packages/anyio/_backends/_asyncio.py", line 2502, in run_sync_in_worker_thread
    return await future
           ^^^^^^^^^^^^
  File "/home/hongb/.openclaw/workspace/filebot/backend/venv/lib/python3.12/site-packages/anyio/_backends/_asyncio.py", line 986, in run
    result = context.run(func, *args)
             ^^^^^^^^^^^^^^^^^^^^^^^^
  File "/home/hongb/.openclaw/workspace/filebot/backend/app/routers/documents.py", line 249, in get_documents
    documents = query.offset(skip).limit(limit).all()
                ^^^^^^^^^^^^^^^^^^^^^^^^^^^^^^^^^^^^^
  File "/home/hongb/.openclaw/workspace/filebot/backend/venv/lib/python3.12/site-packages/sqlalchemy/orm/query.py", line 2704, in all
    return self._iter().all()  # type: ignore
           ^^^^^^^^^^^^^^^^^^
  File "/home/hongb/.openclaw/workspace/filebot/backend/venv/lib/python3.12/site-packages/sqlalchemy/engine/result.py", line 1786, in all
    return self._allrows()
           ^^^^^^^^^^^^^^^
  File "/home/hongb/.openclaw/workspace/filebot/backend/venv/lib/python3.12/site-packages/sqlalchemy/engine/result.py", line 560, in _allrows
    rows = self._fetchall_impl()
           ^^^^^^^^^^^^^^^^^^^^^
  File "/home/hongb/.openclaw/workspace/filebot/backend/venv/lib/python3.12/site-packages/sqlalchemy/engine/result.py", line 1693, in _fetchall_impl
    return self._real_result._fetchall_impl()
           ^^^^^^^^^^^^^^^^^^^^^^^^^^^^^^^^^^
  File "/home/hongb/.openclaw/workspace/filebot/backend/venv/lib/python3.12/site-packages/sqlalchemy/engine/result.py", line 2287, in _fetchall_impl
    return list(self.iterator)
           ^^^^^^^^^^^^^^^^^^^
  File "/home/hongb/.openclaw/workspace/filebot/backend/venv/lib/python3.12/site-packages/sqlalchemy/orm/loading.py", line 220, in chunks
    fetch = cursor._raw_all_rows()
            ^^^^^^^^^^^^^^^^^^^^^^
  File "/home/hongb/.openclaw/workspace/filebot/backend/venv/lib/python3.12/site-packages/sqlalchemy/engine/result.py", line 553, in _raw_all_rows
    return [make_row(row) for row in rows]
            ^^^^^^^^^^^^^
  File "lib/sqlalchemy/cyextension/resultproxy.pyx", line 22, in sqlalchemy.cyextension.resultproxy.BaseRow.__init__
  File "lib/sqlalchemy/cyextension/resultproxy.pyx", line 79, in sqlalchemy.cyextension.resultproxy._apply_processors
  File "/home/hongb/.openclaw/workspace/filebot/backend/venv/lib/python3.12/site-packages/sqlalchemy/sql/sqltypes.py", line 1829, in process
    value = self._object_value_for_elem(value)
            ^^^^^^^^^^^^^^^^^^^^^^^^^^^^^^^^^^
  File "/home/hongb/.openclaw/workspace/filebot/backend/venv/lib/python3.12/site-packages/sqlalchemy/sql/sqltypes.py", line 1711, in _object_value_for_elem
    raise LookupError(
LookupError: 'MULTIPAGE' is not among the defined enum values. Enum name: filetype. Possible values: TIFF, PDF, DOC, ..., OTHER
INFO:     127.0.0.1:50150 - "GET /api/v1/features/check?feature=ai_document_classification HTTP/1.1" 200 OK
INFO:     127.0.0.1:50150 - "GET /api/v1/features/check?feature=ai_document_classification HTTP/1.1" 200 OK
INFO:     127.0.0.1:50156 - "GET /api/v1/features/current-edition HTTP/1.1" 200 OK
INFO:     127.0.0.1:50156 - "GET /api/v1/features/current-edition HTTP/1.1" 200 OK
INFO:     127.0.0.1:52528 - "GET /api/v1/documents/ HTTP/1.1" 500 Internal Server Error
ERROR:    Exception in ASGI application
Traceback (most recent call last):
  File "/home/hongb/.openclaw/workspace/filebot/backend/venv/lib/python3.12/site-packages/sqlalchemy/sql/sqltypes.py", line 1709, in _object_value_for_elem
    return self._object_lookup[elem]  # type: ignore[return-value]
           ~~~~~~~~~~~~~~~~~~~^^^^^^
KeyError: 'MULTIPAGE'

The above exception was the direct cause of the following exception:

Traceback (most recent call last):
  File "/home/hongb/.openclaw/workspace/filebot/backend/venv/lib/python3.12/site-packages/uvicorn/protocols/http/h11_impl.py", line 410, in run_asgi
    result = await app(  # type: ignore[func-returns-value]
             ^^^^^^^^^^^^^^^^^^^^^^^^^^^^^^^^^^^^^^^^^^^^^^
  File "/home/hongb/.openclaw/workspace/filebot/backend/venv/lib/python3.12/site-packages/uvicorn/middleware/proxy_headers.py", line 60, in __call__
    return await self.app(scope, receive, send)
           ^^^^^^^^^^^^^^^^^^^^^^^^^^^^^^^^^^^^
  File "/home/hongb/.openclaw/workspace/filebot/backend/venv/lib/python3.12/site-packages/fastapi/applications.py", line 1160, in __call__
    await super().__call__(scope, receive, send)
  File "/home/hongb/.openclaw/workspace/filebot/backend/venv/lib/python3.12/site-packages/starlette/applications.py", line 107, in __call__
    await self.middleware_stack(scope, receive, send)
  File "/home/hongb/.openclaw/workspace/filebot/backend/venv/lib/python3.12/site-packages/starlette/middleware/errors.py", line 186, in __call__
    raise exc
  File "/home/hongb/.openclaw/workspace/filebot/backend/venv/lib/python3.12/site-packages/starlette/middleware/errors.py", line 164, in __call__
    await self.app(scope, receive, _send)
  File "/home/hongb/.openclaw/workspace/filebot/backend/venv/lib/python3.12/site-packages/starlette/middleware/cors.py", line 95, in __call__
    await self.simple_response(scope, receive, send, request_headers=headers)
  File "/home/hongb/.openclaw/workspace/filebot/backend/venv/lib/python3.12/site-packages/starlette/middleware/cors.py", line 153, in simple_response
    await self.app(scope, receive, send)
  File "/home/hongb/.openclaw/workspace/filebot/backend/venv/lib/python3.12/site-packages/starlette/middleware/exceptions.py", line 63, in __call__
    await wrap_app_handling_exceptions(self.app, conn)(scope, receive, send)
  File "/home/hongb/.openclaw/workspace/filebot/backend/venv/lib/python3.12/site-packages/starlette/_exception_handler.py", line 53, in wrapped_app
    raise exc
  File "/home/hongb/.openclaw/workspace/filebot/backend/venv/lib/python3.12/site-packages/starlette/_exception_handler.py", line 42, in wrapped_app
    await app(scope, receive, sender)
  File "/home/hongb/.openclaw/workspace/filebot/backend/venv/lib/python3.12/site-packages/fastapi/middleware/asyncexitstack.py", line 18, in __call__
    await self.app(scope, receive, send)
  File "/home/hongb/.openclaw/workspace/filebot/backend/venv/lib/python3.12/site-packages/starlette/routing.py", line 716, in __call__
    await self.middleware_stack(scope, receive, send)
  File "/home/hongb/.openclaw/workspace/filebot/backend/venv/lib/python3.12/site-packages/starlette/routing.py", line 736, in app
    await route.handle(scope, receive, send)
  File "/home/hongb/.openclaw/workspace/filebot/backend/venv/lib/python3.12/site-packages/starlette/routing.py", line 290, in handle
    await self.app(scope, receive, send)
  File "/home/hongb/.openclaw/workspace/filebot/backend/venv/lib/python3.12/site-packages/fastapi/routing.py", line 130, in app
    await wrap_app_handling_exceptions(app, request)(scope, receive, send)
  File "/home/hongb/.openclaw/workspace/filebot/backend/venv/lib/python3.12/site-packages/starlette/_exception_handler.py", line 53, in wrapped_app
    raise exc
  File "/home/hongb/.openclaw/workspace/filebot/backend/venv/lib/python3.12/site-packages/starlette/_exception_handler.py", line 42, in wrapped_app
    await app(scope, receive, sender)
  File "/home/hongb/.openclaw/workspace/filebot/backend/venv/lib/python3.12/site-packages/fastapi/routing.py", line 116, in app
    response = await f(request)
               ^^^^^^^^^^^^^^^^
  File "/home/hongb/.openclaw/workspace/filebot/backend/venv/lib/python3.12/site-packages/fastapi/routing.py", line 670, in app
    raw_response = await run_endpoint_function(
                   ^^^^^^^^^^^^^^^^^^^^^^^^^^^^
  File "/home/hongb/.openclaw/workspace/filebot/backend/venv/lib/python3.12/site-packages/fastapi/routing.py", line 326, in run_endpoint_function
    return await run_in_threadpool(dependant.call, **values)
           ^^^^^^^^^^^^^^^^^^^^^^^^^^^^^^^^^^^^^^^^^^^^^^^^^
  File "/home/hongb/.openclaw/workspace/filebot/backend/venv/lib/python3.12/site-packages/starlette/concurrency.py", line 32, in run_in_threadpool
    return await anyio.to_thread.run_sync(func)
           ^^^^^^^^^^^^^^^^^^^^^^^^^^^^^^^^^^^^
  File "/home/hongb/.openclaw/workspace/filebot/backend/venv/lib/python3.12/site-packages/anyio/to_thread.py", line 63, in run_sync
    return await get_async_backend().run_sync_in_worker_thread(
           ^^^^^^^^^^^^^^^^^^^^^^^^^^^^^^^^^^^^^^^^^^^^^^^^^^^^
  File "/home/hongb/.openclaw/workspace/filebot/backend/venv/lib/python3.12/site-packages/anyio/_backends/_asyncio.py", line 2502, in run_sync_in_worker_thread
    return await future
           ^^^^^^^^^^^^
  File "/home/hongb/.openclaw/workspace/filebot/backend/venv/lib/python3.12/site-packages/anyio/_backends/_asyncio.py", line 986, in run
    result = context.run(func, *args)
             ^^^^^^^^^^^^^^^^^^^^^^^^
  File "/home/hongb/.openclaw/workspace/filebot/backend/app/routers/documents.py", line 249, in get_documents
    documents = query.offset(skip).limit(limit).all()
                ^^^^^^^^^^^^^^^^^^^^^^^^^^^^^^^^^^^^^
  File "/home/hongb/.openclaw/workspace/filebot/backend/venv/lib/python3.12/site-packages/sqlalchemy/orm/query.py", line 2704, in all
    return self._iter().all()  # type: ignore
           ^^^^^^^^^^^^^^^^^^
  File "/home/hongb/.openclaw/workspace/filebot/backend/venv/lib/python3.12/site-packages/sqlalchemy/engine/result.py", line 1786, in all
    return self._allrows()
           ^^^^^^^^^^^^^^^
  File "/home/hongb/.openclaw/workspace/filebot/backend/venv/lib/python3.12/site-packages/sqlalchemy/engine/result.py", line 560, in _allrows
    rows = self._fetchall_impl()
           ^^^^^^^^^^^^^^^^^^^^^
  File "/home/hongb/.openclaw/workspace/filebot/backend/venv/lib/python3.12/site-packages/sqlalchemy/engine/result.py", line 1693, in _fetchall_impl
    return self._real_result._fetchall_impl()
           ^^^^^^^^^^^^^^^^^^^^^^^^^^^^^^^^^^
  File "/home/hongb/.openclaw/workspace/filebot/backend/venv/lib/python3.12/site-packages/sqlalchemy/engine/result.py", line 2287, in _fetchall_impl
    return list(self.iterator)
           ^^^^^^^^^^^^^^^^^^^
  File "/home/hongb/.openclaw/workspace/filebot/backend/venv/lib/python3.12/site-packages/sqlalchemy/orm/loading.py", line 220, in chunks
    fetch = cursor._raw_all_rows()
            ^^^^^^^^^^^^^^^^^^^^^^
  File "/home/hongb/.openclaw/workspace/filebot/backend/venv/lib/python3.12/site-packages/sqlalchemy/engine/result.py", line 553, in _raw_all_rows
    return [make_row(row) for row in rows]
            ^^^^^^^^^^^^^
  File "lib/sqlalchemy/cyextension/resultproxy.pyx", line 22, in sqlalchemy.cyextension.resultproxy.BaseRow.__init__
  File "lib/sqlalchemy/cyextension/resultproxy.pyx", line 79, in sqlalchemy.cyextension.resultproxy._apply_processors
  File "/home/hongb/.openclaw/workspace/filebot/backend/venv/lib/python3.12/site-packages/sqlalchemy/sql/sqltypes.py", line 1829, in process
    value = self._object_value_for_elem(value)
            ^^^^^^^^^^^^^^^^^^^^^^^^^^^^^^^^^^
  File "/home/hongb/.openclaw/workspace/filebot/backend/venv/lib/python3.12/site-packages/sqlalchemy/sql/sqltypes.py", line 1711, in _object_value_for_elem
    raise LookupError(
LookupError: 'MULTIPAGE' is not among the defined enum values. Enum name: filetype. Possible values: TIFF, PDF, DOC, ..., OTHER
INFO:     127.0.0.1:52540 - "GET /api/v1/documents/ HTTP/1.1" 500 Internal Server Error
ERROR:    Exception in ASGI application
Traceback (most recent call last):
  File "/home/hongb/.openclaw/workspace/filebot/backend/venv/lib/python3.12/site-packages/sqlalchemy/sql/sqltypes.py", line 1709, in _object_value_for_elem
    return self._object_lookup[elem]  # type: ignore[return-value]
           ~~~~~~~~~~~~~~~~~~~^^^^^^
KeyError: 'MULTIPAGE'

The above exception was the direct cause of the following exception:

Traceback (most recent call last):
  File "/home/hongb/.openclaw/workspace/filebot/backend/venv/lib/python3.12/site-packages/uvicorn/protocols/http/h11_impl.py", line 410, in run_asgi
    result = await app(  # type: ignore[func-returns-value]
             ^^^^^^^^^^^^^^^^^^^^^^^^^^^^^^^^^^^^^^^^^^^^^^
  File "/home/hongb/.openclaw/workspace/filebot/backend/venv/lib/python3.12/site-packages/uvicorn/middleware/proxy_headers.py", line 60, in __call__
    return await self.app(scope, receive, send)
           ^^^^^^^^^^^^^^^^^^^^^^^^^^^^^^^^^^^^
  File "/home/hongb/.openclaw/workspace/filebot/backend/venv/lib/python3.12/site-packages/fastapi/applications.py", line 1160, in __call__
    await super().__call__(scope, receive, send)
  File "/home/hongb/.openclaw/workspace/filebot/backend/venv/lib/python3.12/site-packages/starlette/applications.py", line 107, in __call__
    await self.middleware_stack(scope, receive, send)
  File "/home/hongb/.openclaw/workspace/filebot/backend/venv/lib/python3.12/site-packages/starlette/middleware/errors.py", line 186, in __call__
    raise exc
  File "/home/hongb/.openclaw/workspace/filebot/backend/venv/lib/python3.12/site-packages/starlette/middleware/errors.py", line 164, in __call__
    await self.app(scope, receive, _send)
  File "/home/hongb/.openclaw/workspace/filebot/backend/venv/lib/python3.12/site-packages/starlette/middleware/cors.py", line 95, in __call__
    await self.simple_response(scope, receive, send, request_headers=headers)
  File "/home/hongb/.openclaw/workspace/filebot/backend/venv/lib/python3.12/site-packages/starlette/middleware/cors.py", line 153, in simple_response
    await self.app(scope, receive, send)
  File "/home/hongb/.openclaw/workspace/filebot/backend/venv/lib/python3.12/site-packages/starlette/middleware/exceptions.py", line 63, in __call__
    await wrap_app_handling_exceptions(self.app, conn)(scope, receive, send)
  File "/home/hongb/.openclaw/workspace/filebot/backend/venv/lib/python3.12/site-packages/starlette/_exception_handler.py", line 53, in wrapped_app
    raise exc
  File "/home/hongb/.openclaw/workspace/filebot/backend/venv/lib/python3.12/site-packages/starlette/_exception_handler.py", line 42, in wrapped_app
    await app(scope, receive, sender)
  File "/home/hongb/.openclaw/workspace/filebot/backend/venv/lib/python3.12/site-packages/fastapi/middleware/asyncexitstack.py", line 18, in __call__
    await self.app(scope, receive, send)
  File "/home/hongb/.openclaw/workspace/filebot/backend/venv/lib/python3.12/site-packages/starlette/routing.py", line 716, in __call__
    await self.middleware_stack(scope, receive, send)
  File "/home/hongb/.openclaw/workspace/filebot/backend/venv/lib/python3.12/site-packages/starlette/routing.py", line 736, in app
    await route.handle(scope, receive, send)
  File "/home/hongb/.openclaw/workspace/filebot/backend/venv/lib/python3.12/site-packages/starlette/routing.py", line 290, in handle
    await self.app(scope, receive, send)
  File "/home/hongb/.openclaw/workspace/filebot/backend/venv/lib/python3.12/site-packages/fastapi/routing.py", line 130, in app
    await wrap_app_handling_exceptions(app, request)(scope, receive, send)
  File "/home/hongb/.openclaw/workspace/filebot/backend/venv/lib/python3.12/site-packages/starlette/_exception_handler.py", line 53, in wrapped_app
    raise exc
  File "/home/hongb/.openclaw/workspace/filebot/backend/venv/lib/python3.12/site-packages/starlette/_exception_handler.py", line 42, in wrapped_app
    await app(scope, receive, sender)
  File "/home/hongb/.openclaw/workspace/filebot/backend/venv/lib/python3.12/site-packages/fastapi/routing.py", line 116, in app
    response = await f(request)
               ^^^^^^^^^^^^^^^^
  File "/home/hongb/.openclaw/workspace/filebot/backend/venv/lib/python3.12/site-packages/fastapi/routing.py", line 670, in app
    raw_response = await run_endpoint_function(
                   ^^^^^^^^^^^^^^^^^^^^^^^^^^^^
  File "/home/hongb/.openclaw/workspace/filebot/backend/venv/lib/python3.12/site-packages/fastapi/routing.py", line 326, in run_endpoint_function
    return await run_in_threadpool(dependant.call, **values)
           ^^^^^^^^^^^^^^^^^^^^^^^^^^^^^^^^^^^^^^^^^^^^^^^^^
  File "/home/hongb/.openclaw/workspace/filebot/backend/venv/lib/python3.12/site-packages/starlette/concurrency.py", line 32, in run_in_threadpool
    return await anyio.to_thread.run_sync(func)
           ^^^^^^^^^^^^^^^^^^^^^^^^^^^^^^^^^^^^
  File "/home/hongb/.openclaw/workspace/filebot/backend/venv/lib/python3.12/site-packages/anyio/to_thread.py", line 63, in run_sync
    return await get_async_backend().run_sync_in_worker_thread(
           ^^^^^^^^^^^^^^^^^^^^^^^^^^^^^^^^^^^^^^^^^^^^^^^^^^^^
  File "/home/hongb/.openclaw/workspace/filebot/backend/venv/lib/python3.12/site-packages/anyio/_backends/_asyncio.py", line 2502, in run_sync_in_worker_thread
    return await future
           ^^^^^^^^^^^^
  File "/home/hongb/.openclaw/workspace/filebot/backend/venv/lib/python3.12/site-packages/anyio/_backends/_asyncio.py", line 986, in run
    result = context.run(func, *args)
             ^^^^^^^^^^^^^^^^^^^^^^^^
  File "/home/hongb/.openclaw/workspace/filebot/backend/app/routers/documents.py", line 249, in get_documents
    documents = query.offset(skip).limit(limit).all()
                ^^^^^^^^^^^^^^^^^^^^^^^^^^^^^^^^^^^^^
  File "/home/hongb/.openclaw/workspace/filebot/backend/venv/lib/python3.12/site-packages/sqlalchemy/orm/query.py", line 2704, in all
    return self._iter().all()  # type: ignore
           ^^^^^^^^^^^^^^^^^^
  File "/home/hongb/.openclaw/workspace/filebot/backend/venv/lib/python3.12/site-packages/sqlalchemy/engine/result.py", line 1786, in all
    return self._allrows()
           ^^^^^^^^^^^^^^^
  File "/home/hongb/.openclaw/workspace/filebot/backend/venv/lib/python3.12/site-packages/sqlalchemy/engine/result.py", line 560, in _allrows
    rows = self._fetchall_impl()
           ^^^^^^^^^^^^^^^^^^^^^
  File "/home/hongb/.openclaw/workspace/filebot/backend/venv/lib/python3.12/site-packages/sqlalchemy/engine/result.py", line 1693, in _fetchall_impl
    return self._real_result._fetchall_impl()
           ^^^^^^^^^^^^^^^^^^^^^^^^^^^^^^^^^^
  File "/home/hongb/.openclaw/workspace/filebot/backend/venv/lib/python3.12/site-packages/sqlalchemy/engine/result.py", line 2287, in _fetchall_impl
    return list(self.iterator)
           ^^^^^^^^^^^^^^^^^^^
  File "/home/hongb/.openclaw/workspace/filebot/backend/venv/lib/python3.12/site-packages/sqlalchemy/orm/loading.py", line 220, in chunks
    fetch = cursor._raw_all_rows()
            ^^^^^^^^^^^^^^^^^^^^^^
  File "/home/hongb/.openclaw/workspace/filebot/backend/venv/lib/python3.12/site-packages/sqlalchemy/engine/result.py", line 553, in _raw_all_rows
    return [make_row(row) for row in rows]
            ^^^^^^^^^^^^^
  File "lib/sqlalchemy/cyextension/resultproxy.pyx", line 22, in sqlalchemy.cyextension.resultproxy.BaseRow.__init__
  File "lib/sqlalchemy/cyextension/resultproxy.pyx", line 79, in sqlalchemy.cyextension.resultproxy._apply_processors
  File "/home/hongb/.openclaw/workspace/filebot/backend/venv/lib/python3.12/site-packages/sqlalchemy/sql/sqltypes.py", line 1829, in process
    value = self._object_value_for_elem(value)
            ^^^^^^^^^^^^^^^^^^^^^^^^^^^^^^^^^^
  File "/home/hongb/.openclaw/workspace/filebot/backend/venv/lib/python3.12/site-packages/sqlalchemy/sql/sqltypes.py", line 1711, in _object_value_for_elem
    raise LookupError(
LookupError: 'MULTIPAGE' is not among the defined enum values. Enum name: filetype. Possible values: TIFF, PDF, DOC, ..., OTHER
INFO:     127.0.0.1:34760 - "GET /api/v1/documents/ HTTP/1.1" 500 Internal Server Error
ERROR:    Exception in ASGI application
Traceback (most recent call last):
  File "/home/hongb/.openclaw/workspace/filebot/backend/venv/lib/python3.12/site-packages/sqlalchemy/sql/sqltypes.py", line 1709, in _object_value_for_elem
    return self._object_lookup[elem]  # type: ignore[return-value]
           ~~~~~~~~~~~~~~~~~~~^^^^^^
KeyError: 'MULTIPAGE'

The above exception was the direct cause of the following exception:

Traceback (most recent call last):
  File "/home/hongb/.openclaw/workspace/filebot/backend/venv/lib/python3.12/site-packages/uvicorn/protocols/http/h11_impl.py", line 410, in run_asgi
    result = await app(  # type: ignore[func-returns-value]
             ^^^^^^^^^^^^^^^^^^^^^^^^^^^^^^^^^^^^^^^^^^^^^^
  File "/home/hongb/.openclaw/workspace/filebot/backend/venv/lib/python3.12/site-packages/uvicorn/middleware/proxy_headers.py", line 60, in __call__
    return await self.app(scope, receive, send)
           ^^^^^^^^^^^^^^^^^^^^^^^^^^^^^^^^^^^^
  File "/home/hongb/.openclaw/workspace/filebot/backend/venv/lib/python3.12/site-packages/fastapi/applications.py", line 1160, in __call__
    await super().__call__(scope, receive, send)
  File "/home/hongb/.openclaw/workspace/filebot/backend/venv/lib/python3.12/site-packages/starlette/applications.py", line 107, in __call__
    await self.middleware_stack(scope, receive, send)
  File "/home/hongb/.openclaw/workspace/filebot/backend/venv/lib/python3.12/site-packages/starlette/middleware/errors.py", line 186, in __call__
    raise exc
  File "/home/hongb/.openclaw/workspace/filebot/backend/venv/lib/python3.12/site-packages/starlette/middleware/errors.py", line 164, in __call__
    await self.app(scope, receive, _send)
  File "/home/hongb/.openclaw/workspace/filebot/backend/venv/lib/python3.12/site-packages/starlette/middleware/cors.py", line 95, in __call__
    await self.simple_response(scope, receive, send, request_headers=headers)
  File "/home/hongb/.openclaw/workspace/filebot/backend/venv/lib/python3.12/site-packages/starlette/middleware/cors.py", line 153, in simple_response
    await self.app(scope, receive, send)
  File "/home/hongb/.openclaw/workspace/filebot/backend/venv/lib/python3.12/site-packages/starlette/middleware/exceptions.py", line 63, in __call__
    await wrap_app_handling_exceptions(self.app, conn)(scope, receive, send)
  File "/home/hongb/.openclaw/workspace/filebot/backend/venv/lib/python3.12/site-packages/starlette/_exception_handler.py", line 53, in wrapped_app
    raise exc
  File "/home/hongb/.openclaw/workspace/filebot/backend/venv/lib/python3.12/site-packages/starlette/_exception_handler.py", line 42, in wrapped_app
    await app(scope, receive, sender)
  File "/home/hongb/.openclaw/workspace/filebot/backend/venv/lib/python3.12/site-packages/fastapi/middleware/asyncexitstack.py", line 18, in __call__
    await self.app(scope, receive, send)
  File "/home/hongb/.openclaw/workspace/filebot/backend/venv/lib/python3.12/site-packages/starlette/routing.py", line 716, in __call__
    await self.middleware_stack(scope, receive, send)
  File "/home/hongb/.openclaw/workspace/filebot/backend/venv/lib/python3.12/site-packages/starlette/routing.py", line 736, in app
    await route.handle(scope, receive, send)
  File "/home/hongb/.openclaw/workspace/filebot/backend/venv/lib/python3.12/site-packages/starlette/routing.py", line 290, in handle
    await self.app(scope, receive, send)
  File "/home/hongb/.openclaw/workspace/filebot/backend/venv/lib/python3.12/site-packages/fastapi/routing.py", line 130, in app
    await wrap_app_handling_exceptions(app, request)(scope, receive, send)
  File "/home/hongb/.openclaw/workspace/filebot/backend/venv/lib/python3.12/site-packages/starlette/_exception_handler.py", line 53, in wrapped_app
    raise exc
  File "/home/hongb/.openclaw/workspace/filebot/backend/venv/lib/python3.12/site-packages/starlette/_exception_handler.py", line 42, in wrapped_app
    await app(scope, receive, sender)
  File "/home/hongb/.openclaw/workspace/filebot/backend/venv/lib/python3.12/site-packages/fastapi/routing.py", line 116, in app
    response = await f(request)
               ^^^^^^^^^^^^^^^^
  File "/home/hongb/.openclaw/workspace/filebot/backend/venv/lib/python3.12/site-packages/fastapi/routing.py", line 670, in app
    raw_response = await run_endpoint_function(
                   ^^^^^^^^^^^^^^^^^^^^^^^^^^^^
  File "/home/hongb/.openclaw/workspace/filebot/backend/venv/lib/python3.12/site-packages/fastapi/routing.py", line 326, in run_endpoint_function
    return await run_in_threadpool(dependant.call, **values)
           ^^^^^^^^^^^^^^^^^^^^^^^^^^^^^^^^^^^^^^^^^^^^^^^^^
  File "/home/hongb/.openclaw/workspace/filebot/backend/venv/lib/python3.12/site-packages/starlette/concurrency.py", line 32, in run_in_threadpool
    return await anyio.to_thread.run_sync(func)
           ^^^^^^^^^^^^^^^^^^^^^^^^^^^^^^^^^^^^
  File "/home/hongb/.openclaw/workspace/filebot/backend/venv/lib/python3.12/site-packages/anyio/to_thread.py", line 63, in run_sync
    return await get_async_backend().run_sync_in_worker_thread(
           ^^^^^^^^^^^^^^^^^^^^^^^^^^^^^^^^^^^^^^^^^^^^^^^^^^^^
  File "/home/hongb/.openclaw/workspace/filebot/backend/venv/lib/python3.12/site-packages/anyio/_backends/_asyncio.py", line 2502, in run_sync_in_worker_thread
    return await future
           ^^^^^^^^^^^^
  File "/home/hongb/.openclaw/workspace/filebot/backend/venv/lib/python3.12/site-packages/anyio/_backends/_asyncio.py", line 986, in run
    result = context.run(func, *args)
             ^^^^^^^^^^^^^^^^^^^^^^^^
  File "/home/hongb/.openclaw/workspace/filebot/backend/app/routers/documents.py", line 249, in get_documents
    documents = query.offset(skip).limit(limit).all()
                ^^^^^^^^^^^^^^^^^^^^^^^^^^^^^^^^^^^^^
  File "/home/hongb/.openclaw/workspace/filebot/backend/venv/lib/python3.12/site-packages/sqlalchemy/orm/query.py", line 2704, in all
    return self._iter().all()  # type: ignore
           ^^^^^^^^^^^^^^^^^^
  File "/home/hongb/.openclaw/workspace/filebot/backend/venv/lib/python3.12/site-packages/sqlalchemy/engine/result.py", line 1786, in all
    return self._allrows()
           ^^^^^^^^^^^^^^^
  File "/home/hongb/.openclaw/workspace/filebot/backend/venv/lib/python3.12/site-packages/sqlalchemy/engine/result.py", line 560, in _allrows
    rows = self._fetchall_impl()
           ^^^^^^^^^^^^^^^^^^^^^
  File "/home/hongb/.openclaw/workspace/filebot/backend/venv/lib/python3.12/site-packages/sqlalchemy/engine/result.py", line 1693, in _fetchall_impl
    return self._real_result._fetchall_impl()
           ^^^^^^^^^^^^^^^^^^^^^^^^^^^^^^^^^^
  File "/home/hongb/.openclaw/workspace/filebot/backend/venv/lib/python3.12/site-packages/sqlalchemy/engine/result.py", line 2287, in _fetchall_impl
    return list(self.iterator)
           ^^^^^^^^^^^^^^^^^^^
  File "/home/hongb/.openclaw/workspace/filebot/backend/venv/lib/python3.12/site-packages/sqlalchemy/orm/loading.py", line 220, in chunks
    fetch = cursor._raw_all_rows()
            ^^^^^^^^^^^^^^^^^^^^^^
  File "/home/hongb/.openclaw/workspace/filebot/backend/venv/lib/python3.12/site-packages/sqlalchemy/engine/result.py", line 553, in _raw_all_rows
    return [make_row(row) for row in rows]
            ^^^^^^^^^^^^^
  File "lib/sqlalchemy/cyextension/resultproxy.pyx", line 22, in sqlalchemy.cyextension.resultproxy.BaseRow.__init__
  File "lib/sqlalchemy/cyextension/resultproxy.pyx", line 79, in sqlalchemy.cyextension.resultproxy._apply_processors
  File "/home/hongb/.openclaw/workspace/filebot/backend/venv/lib/python3.12/site-packages/sqlalchemy/sql/sqltypes.py", line 1829, in process
    value = self._object_value_for_elem(value)
            ^^^^^^^^^^^^^^^^^^^^^^^^^^^^^^^^^^
  File "/home/hongb/.openclaw/workspace/filebot/backend/venv/lib/python3.12/site-packages/sqlalchemy/sql/sqltypes.py", line 1711, in _object_value_for_elem
    raise LookupError(
LookupError: 'MULTIPAGE' is not among the defined enum values. Enum name: filetype. Possible values: TIFF, PDF, DOC, ..., OTHER
INFO:     127.0.0.1:34766 - "GET /api/v1/documents/ HTTP/1.1" 500 Internal Server Error
ERROR:    Exception in ASGI application
Traceback (most recent call last):
  File "/home/hongb/.openclaw/workspace/filebot/backend/venv/lib/python3.12/site-packages/sqlalchemy/sql/sqltypes.py", line 1709, in _object_value_for_elem
    return self._object_lookup[elem]  # type: ignore[return-value]
           ~~~~~~~~~~~~~~~~~~~^^^^^^
KeyError: 'MULTIPAGE'

The above exception was the direct cause of the following exception:

Traceback (most recent call last):
  File "/home/hongb/.openclaw/workspace/filebot/backend/venv/lib/python3.12/site-packages/uvicorn/protocols/http/h11_impl.py", line 410, in run_asgi
    result = await app(  # type: ignore[func-returns-value]
             ^^^^^^^^^^^^^^^^^^^^^^^^^^^^^^^^^^^^^^^^^^^^^^
  File "/home/hongb/.openclaw/workspace/filebot/backend/venv/lib/python3.12/site-packages/uvicorn/middleware/proxy_headers.py", line 60, in __call__
    return await self.app(scope, receive, send)
           ^^^^^^^^^^^^^^^^^^^^^^^^^^^^^^^^^^^^
  File "/home/hongb/.openclaw/workspace/filebot/backend/venv/lib/python3.12/site-packages/fastapi/applications.py", line 1160, in __call__
    await super().__call__(scope, receive, send)
  File "/home/hongb/.openclaw/workspace/filebot/backend/venv/lib/python3.12/site-packages/starlette/applications.py", line 107, in __call__
    await self.middleware_stack(scope, receive, send)
  File "/home/hongb/.openclaw/workspace/filebot/backend/venv/lib/python3.12/site-packages/starlette/middleware/errors.py", line 186, in __call__
    raise exc
  File "/home/hongb/.openclaw/workspace/filebot/backend/venv/lib/python3.12/site-packages/starlette/middleware/errors.py", line 164, in __call__
    await self.app(scope, receive, _send)
  File "/home/hongb/.openclaw/workspace/filebot/backend/venv/lib/python3.12/site-packages/starlette/middleware/cors.py", line 95, in __call__
    await self.simple_response(scope, receive, send, request_headers=headers)
  File "/home/hongb/.openclaw/workspace/filebot/backend/venv/lib/python3.12/site-packages/starlette/middleware/cors.py", line 153, in simple_response
    await self.app(scope, receive, send)
  File "/home/hongb/.openclaw/workspace/filebot/backend/venv/lib/python3.12/site-packages/starlette/middleware/exceptions.py", line 63, in __call__
    await wrap_app_handling_exceptions(self.app, conn)(scope, receive, send)
  File "/home/hongb/.openclaw/workspace/filebot/backend/venv/lib/python3.12/site-packages/starlette/_exception_handler.py", line 53, in wrapped_app
    raise exc
  File "/home/hongb/.openclaw/workspace/filebot/backend/venv/lib/python3.12/site-packages/starlette/_exception_handler.py", line 42, in wrapped_app
    await app(scope, receive, sender)
  File "/home/hongb/.openclaw/workspace/filebot/backend/venv/lib/python3.12/site-packages/fastapi/middleware/asyncexitstack.py", line 18, in __call__
    await self.app(scope, receive, send)
  File "/home/hongb/.openclaw/workspace/filebot/backend/venv/lib/python3.12/site-packages/starlette/routing.py", line 716, in __call__
    await self.middleware_stack(scope, receive, send)
  File "/home/hongb/.openclaw/workspace/filebot/backend/venv/lib/python3.12/site-packages/starlette/routing.py", line 736, in app
    await route.handle(scope, receive, send)
  File "/home/hongb/.openclaw/workspace/filebot/backend/venv/lib/python3.12/site-packages/starlette/routing.py", line 290, in handle
    await self.app(scope, receive, send)
  File "/home/hongb/.openclaw/workspace/filebot/backend/venv/lib/python3.12/site-packages/fastapi/routing.py", line 130, in app
    await wrap_app_handling_exceptions(app, request)(scope, receive, send)
  File "/home/hongb/.openclaw/workspace/filebot/backend/venv/lib/python3.12/site-packages/starlette/_exception_handler.py", line 53, in wrapped_app
    raise exc
  File "/home/hongb/.openclaw/workspace/filebot/backend/venv/lib/python3.12/site-packages/starlette/_exception_handler.py", line 42, in wrapped_app
    await app(scope, receive, sender)
  File "/home/hongb/.openclaw/workspace/filebot/backend/venv/lib/python3.12/site-packages/fastapi/routing.py", line 116, in app
    response = await f(request)
               ^^^^^^^^^^^^^^^^
  File "/home/hongb/.openclaw/workspace/filebot/backend/venv/lib/python3.12/site-packages/fastapi/routing.py", line 670, in app
    raw_response = await run_endpoint_function(
                   ^^^^^^^^^^^^^^^^^^^^^^^^^^^^
  File "/home/hongb/.openclaw/workspace/filebot/backend/venv/lib/python3.12/site-packages/fastapi/routing.py", line 326, in run_endpoint_function
    return await run_in_threadpool(dependant.call, **values)
           ^^^^^^^^^^^^^^^^^^^^^^^^^^^^^^^^^^^^^^^^^^^^^^^^^
  File "/home/hongb/.openclaw/workspace/filebot/backend/venv/lib/python3.12/site-packages/starlette/concurrency.py", line 32, in run_in_threadpool
    return await anyio.to_thread.run_sync(func)
           ^^^^^^^^^^^^^^^^^^^^^^^^^^^^^^^^^^^^
  File "/home/hongb/.openclaw/workspace/filebot/backend/venv/lib/python3.12/site-packages/anyio/to_thread.py", line 63, in run_sync
    return await get_async_backend().run_sync_in_worker_thread(
           ^^^^^^^^^^^^^^^^^^^^^^^^^^^^^^^^^^^^^^^^^^^^^^^^^^^^
  File "/home/hongb/.openclaw/workspace/filebot/backend/venv/lib/python3.12/site-packages/anyio/_backends/_asyncio.py", line 2502, in run_sync_in_worker_thread
    return await future
           ^^^^^^^^^^^^
  File "/home/hongb/.openclaw/workspace/filebot/backend/venv/lib/python3.12/site-packages/anyio/_backends/_asyncio.py", line 986, in run
    result = context.run(func, *args)
             ^^^^^^^^^^^^^^^^^^^^^^^^
  File "/home/hongb/.openclaw/workspace/filebot/backend/app/routers/documents.py", line 249, in get_documents
    documents = query.offset(skip).limit(limit).all()
                ^^^^^^^^^^^^^^^^^^^^^^^^^^^^^^^^^^^^^
  File "/home/hongb/.openclaw/workspace/filebot/backend/venv/lib/python3.12/site-packages/sqlalchemy/orm/query.py", line 2704, in all
    return self._iter().all()  # type: ignore
           ^^^^^^^^^^^^^^^^^^
  File "/home/hongb/.openclaw/workspace/filebot/backend/venv/lib/python3.12/site-packages/sqlalchemy/engine/result.py", line 1786, in all
    return self._allrows()
           ^^^^^^^^^^^^^^^
  File "/home/hongb/.openclaw/workspace/filebot/backend/venv/lib/python3.12/site-packages/sqlalchemy/engine/result.py", line 560, in _allrows
    rows = self._fetchall_impl()
           ^^^^^^^^^^^^^^^^^^^^^
  File "/home/hongb/.openclaw/workspace/filebot/backend/venv/lib/python3.12/site-packages/sqlalchemy/engine/result.py", line 1693, in _fetchall_impl
    return self._real_result._fetchall_impl()
           ^^^^^^^^^^^^^^^^^^^^^^^^^^^^^^^^^^
  File "/home/hongb/.openclaw/workspace/filebot/backend/venv/lib/python3.12/site-packages/sqlalchemy/engine/result.py", line 2287, in _fetchall_impl
    return list(self.iterator)
           ^^^^^^^^^^^^^^^^^^^
  File "/home/hongb/.openclaw/workspace/filebot/backend/venv/lib/python3.12/site-packages/sqlalchemy/orm/loading.py", line 220, in chunks
    fetch = cursor._raw_all_rows()
            ^^^^^^^^^^^^^^^^^^^^^^
  File "/home/hongb/.openclaw/workspace/filebot/backend/venv/lib/python3.12/site-packages/sqlalchemy/engine/result.py", line 553, in _raw_all_rows
    return [make_row(row) for row in rows]
            ^^^^^^^^^^^^^
  File "lib/sqlalchemy/cyextension/resultproxy.pyx", line 22, in sqlalchemy.cyextension.resultproxy.BaseRow.__init__
  File "lib/sqlalchemy/cyextension/resultproxy.pyx", line 79, in sqlalchemy.cyextension.resultproxy._apply_processors
  File "/home/hongb/.openclaw/workspace/filebot/backend/venv/lib/python3.12/site-packages/sqlalchemy/sql/sqltypes.py", line 1829, in process
    value = self._object_value_for_elem(value)
            ^^^^^^^^^^^^^^^^^^^^^^^^^^^^^^^^^^
  File "/home/hongb/.openclaw/workspace/filebot/backend/venv/lib/python3.12/site-packages/sqlalchemy/sql/sqltypes.py", line 1711, in _object_value_for_elem
    raise LookupError(
LookupError: 'MULTIPAGE' is not among the defined enum values. Enum name: filetype. Possible values: TIFF, PDF, DOC, ..., OTHER
INFO:     127.0.0.1:34768 - "GET /api/v1/documents/ HTTP/1.1" 500 Internal Server Error
ERROR:    Exception in ASGI application
Traceback (most recent call last):
  File "/home/hongb/.openclaw/workspace/filebot/backend/venv/lib/python3.12/site-packages/sqlalchemy/sql/sqltypes.py", line 1709, in _object_value_for_elem
    return self._object_lookup[elem]  # type: ignore[return-value]
           ~~~~~~~~~~~~~~~~~~~^^^^^^
KeyError: 'MULTIPAGE'

The above exception was the direct cause of the following exception:

Traceback (most recent call last):
  File "/home/hongb/.openclaw/workspace/filebot/backend/venv/lib/python3.12/site-packages/uvicorn/protocols/http/h11_impl.py", line 410, in run_asgi
    result = await app(  # type: ignore[func-returns-value]
             ^^^^^^^^^^^^^^^^^^^^^^^^^^^^^^^^^^^^^^^^^^^^^^
  File "/home/hongb/.openclaw/workspace/filebot/backend/venv/lib/python3.12/site-packages/uvicorn/middleware/proxy_headers.py", line 60, in __call__
    return await self.app(scope, receive, send)
           ^^^^^^^^^^^^^^^^^^^^^^^^^^^^^^^^^^^^
  File "/home/hongb/.openclaw/workspace/filebot/backend/venv/lib/python3.12/site-packages/fastapi/applications.py", line 1160, in __call__
    await super().__call__(scope, receive, send)
  File "/home/hongb/.openclaw/workspace/filebot/backend/venv/lib/python3.12/site-packages/starlette/applications.py", line 107, in __call__
    await self.middleware_stack(scope, receive, send)
  File "/home/hongb/.openclaw/workspace/filebot/backend/venv/lib/python3.12/site-packages/starlette/middleware/errors.py", line 186, in __call__
    raise exc
  File "/home/hongb/.openclaw/workspace/filebot/backend/venv/lib/python3.12/site-packages/starlette/middleware/errors.py", line 164, in __call__
    await self.app(scope, receive, _send)
  File "/home/hongb/.openclaw/workspace/filebot/backend/venv/lib/python3.12/site-packages/starlette/middleware/cors.py", line 95, in __call__
    await self.simple_response(scope, receive, send, request_headers=headers)
  File "/home/hongb/.openclaw/workspace/filebot/backend/venv/lib/python3.12/site-packages/starlette/middleware/cors.py", line 153, in simple_response
    await self.app(scope, receive, send)
  File "/home/hongb/.openclaw/workspace/filebot/backend/venv/lib/python3.12/site-packages/starlette/middleware/exceptions.py", line 63, in __call__
    await wrap_app_handling_exceptions(self.app, conn)(scope, receive, send)
  File "/home/hongb/.openclaw/workspace/filebot/backend/venv/lib/python3.12/site-packages/starlette/_exception_handler.py", line 53, in wrapped_app
    raise exc
  File "/home/hongb/.openclaw/workspace/filebot/backend/venv/lib/python3.12/site-packages/starlette/_exception_handler.py", line 42, in wrapped_app
    await app(scope, receive, sender)
  File "/home/hongb/.openclaw/workspace/filebot/backend/venv/lib/python3.12/site-packages/fastapi/middleware/asyncexitstack.py", line 18, in __call__
    await self.app(scope, receive, send)
  File "/home/hongb/.openclaw/workspace/filebot/backend/venv/lib/python3.12/site-packages/starlette/routing.py", line 716, in __call__
    await self.middleware_stack(scope, receive, send)
  File "/home/hongb/.openclaw/workspace/filebot/backend/venv/lib/python3.12/site-packages/starlette/routing.py", line 736, in app
    await route.handle(scope, receive, send)
  File "/home/hongb/.openclaw/workspace/filebot/backend/venv/lib/python3.12/site-packages/starlette/routing.py", line 290, in handle
    await self.app(scope, receive, send)
  File "/home/hongb/.openclaw/workspace/filebot/backend/venv/lib/python3.12/site-packages/fastapi/routing.py", line 130, in app
    await wrap_app_handling_exceptions(app, request)(scope, receive, send)
  File "/home/hongb/.openclaw/workspace/filebot/backend/venv/lib/python3.12/site-packages/starlette/_exception_handler.py", line 53, in wrapped_app
    raise exc
  File "/home/hongb/.openclaw/workspace/filebot/backend/venv/lib/python3.12/site-packages/starlette/_exception_handler.py", line 42, in wrapped_app
    await app(scope, receive, sender)
  File "/home/hongb/.openclaw/workspace/filebot/backend/venv/lib/python3.12/site-packages/fastapi/routing.py", line 116, in app
    response = await f(request)
               ^^^^^^^^^^^^^^^^
  File "/home/hongb/.openclaw/workspace/filebot/backend/venv/lib/python3.12/site-packages/fastapi/routing.py", line 670, in app
    raw_response = await run_endpoint_function(
                   ^^^^^^^^^^^^^^^^^^^^^^^^^^^^
  File "/home/hongb/.openclaw/workspace/filebot/backend/venv/lib/python3.12/site-packages/fastapi/routing.py", line 326, in run_endpoint_function
    return await run_in_threadpool(dependant.call, **values)
           ^^^^^^^^^^^^^^^^^^^^^^^^^^^^^^^^^^^^^^^^^^^^^^^^^
  File "/home/hongb/.openclaw/workspace/filebot/backend/venv/lib/python3.12/site-packages/starlette/concurrency.py", line 32, in run_in_threadpool
    return await anyio.to_thread.run_sync(func)
           ^^^^^^^^^^^^^^^^^^^^^^^^^^^^^^^^^^^^
  File "/home/hongb/.openclaw/workspace/filebot/backend/venv/lib/python3.12/site-packages/anyio/to_thread.py", line 63, in run_sync
    return await get_async_backend().run_sync_in_worker_thread(
           ^^^^^^^^^^^^^^^^^^^^^^^^^^^^^^^^^^^^^^^^^^^^^^^^^^^^
  File "/home/hongb/.openclaw/workspace/filebot/backend/venv/lib/python3.12/site-packages/anyio/_backends/_asyncio.py", line 2502, in run_sync_in_worker_thread
    return await future
           ^^^^^^^^^^^^
  File "/home/hongb/.openclaw/workspace/filebot/backend/venv/lib/python3.12/site-packages/anyio/_backends/_asyncio.py", line 986, in run
    result = context.run(func, *args)
             ^^^^^^^^^^^^^^^^^^^^^^^^
  File "/home/hongb/.openclaw/workspace/filebot/backend/app/routers/documents.py", line 249, in get_documents
    documents = query.offset(skip).limit(limit).all()
                ^^^^^^^^^^^^^^^^^^^^^^^^^^^^^^^^^^^^^
  File "/home/hongb/.openclaw/workspace/filebot/backend/venv/lib/python3.12/site-packages/sqlalchemy/orm/query.py", line 2704, in all
    return self._iter().all()  # type: ignore
           ^^^^^^^^^^^^^^^^^^
  File "/home/hongb/.openclaw/workspace/filebot/backend/venv/lib/python3.12/site-packages/sqlalchemy/engine/result.py", line 1786, in all
    return self._allrows()
           ^^^^^^^^^^^^^^^
  File "/home/hongb/.openclaw/workspace/filebot/backend/venv/lib/python3.12/site-packages/sqlalchemy/engine/result.py", line 560, in _allrows
    rows = self._fetchall_impl()
           ^^^^^^^^^^^^^^^^^^^^^
  File "/home/hongb/.openclaw/workspace/filebot/backend/venv/lib/python3.12/site-packages/sqlalchemy/engine/result.py", line 1693, in _fetchall_impl
    return self._real_result._fetchall_impl()
           ^^^^^^^^^^^^^^^^^^^^^^^^^^^^^^^^^^
  File "/home/hongb/.openclaw/workspace/filebot/backend/venv/lib/python3.12/site-packages/sqlalchemy/engine/result.py", line 2287, in _fetchall_impl
    return list(self.iterator)
           ^^^^^^^^^^^^^^^^^^^
  File "/home/hongb/.openclaw/workspace/filebot/backend/venv/lib/python3.12/site-packages/sqlalchemy/orm/loading.py", line 220, in chunks
    fetch = cursor._raw_all_rows()
            ^^^^^^^^^^^^^^^^^^^^^^
  File "/home/hongb/.openclaw/workspace/filebot/backend/venv/lib/python3.12/site-packages/sqlalchemy/engine/result.py", line 553, in _raw_all_rows
    return [make_row(row) for row in rows]
            ^^^^^^^^^^^^^
  File "lib/sqlalchemy/cyextension/resultproxy.pyx", line 22, in sqlalchemy.cyextension.resultproxy.BaseRow.__init__
  File "lib/sqlalchemy/cyextension/resultproxy.pyx", line 79, in sqlalchemy.cyextension.resultproxy._apply_processors
  File "/home/hongb/.openclaw/workspace/filebot/backend/venv/lib/python3.12/site-packages/sqlalchemy/sql/sqltypes.py", line 1829, in process
    value = self._object_value_for_elem(value)
            ^^^^^^^^^^^^^^^^^^^^^^^^^^^^^^^^^^
  File "/home/hongb/.openclaw/workspace/filebot/backend/venv/lib/python3.12/site-packages/sqlalchemy/sql/sqltypes.py", line 1711, in _object_value_for_elem
    raise LookupError(
LookupError: 'MULTIPAGE' is not among the defined enum values. Enum name: filetype. Possible values: TIFF, PDF, DOC, ..., OTHER
INFO:     127.0.0.1:44238 - "GET /api/v1/documents/ HTTP/1.1" 500 Internal Server Error
ERROR:    Exception in ASGI application
Traceback (most recent call last):
  File "/home/hongb/.openclaw/workspace/filebot/backend/venv/lib/python3.12/site-packages/sqlalchemy/sql/sqltypes.py", line 1709, in _object_value_for_elem
    return self._object_lookup[elem]  # type: ignore[return-value]
           ~~~~~~~~~~~~~~~~~~~^^^^^^
KeyError: 'MULTIPAGE'

The above exception was the direct cause of the following exception:

Traceback (most recent call last):
  File "/home/hongb/.openclaw/workspace/filebot/backend/venv/lib/python3.12/site-packages/uvicorn/protocols/http/h11_impl.py", line 410, in run_asgi
    result = await app(  # type: ignore[func-returns-value]
             ^^^^^^^^^^^^^^^^^^^^^^^^^^^^^^^^^^^^^^^^^^^^^^
  File "/home/hongb/.openclaw/workspace/filebot/backend/venv/lib/python3.12/site-packages/uvicorn/middleware/proxy_headers.py", line 60, in __call__
    return await self.app(scope, receive, send)
           ^^^^^^^^^^^^^^^^^^^^^^^^^^^^^^^^^^^^
  File "/home/hongb/.openclaw/workspace/filebot/backend/venv/lib/python3.12/site-packages/fastapi/applications.py", line 1160, in __call__
    await super().__call__(scope, receive, send)
  File "/home/hongb/.openclaw/workspace/filebot/backend/venv/lib/python3.12/site-packages/starlette/applications.py", line 107, in __call__
    await self.middleware_stack(scope, receive, send)
  File "/home/hongb/.openclaw/workspace/filebot/backend/venv/lib/python3.12/site-packages/starlette/middleware/errors.py", line 186, in __call__
    raise exc
  File "/home/hongb/.openclaw/workspace/filebot/backend/venv/lib/python3.12/site-packages/starlette/middleware/errors.py", line 164, in __call__
    await self.app(scope, receive, _send)
  File "/home/hongb/.openclaw/workspace/filebot/backend/venv/lib/python3.12/site-packages/starlette/middleware/cors.py", line 95, in __call__
    await self.simple_response(scope, receive, send, request_headers=headers)
  File "/home/hongb/.openclaw/workspace/filebot/backend/venv/lib/python3.12/site-packages/starlette/middleware/cors.py", line 153, in simple_response
    await self.app(scope, receive, send)
  File "/home/hongb/.openclaw/workspace/filebot/backend/venv/lib/python3.12/site-packages/starlette/middleware/exceptions.py", line 63, in __call__
    await wrap_app_handling_exceptions(self.app, conn)(scope, receive, send)
  File "/home/hongb/.openclaw/workspace/filebot/backend/venv/lib/python3.12/site-packages/starlette/_exception_handler.py", line 53, in wrapped_app
    raise exc
  File "/home/hongb/.openclaw/workspace/filebot/backend/venv/lib/python3.12/site-packages/starlette/_exception_handler.py", line 42, in wrapped_app
    await app(scope, receive, sender)
  File "/home/hongb/.openclaw/workspace/filebot/backend/venv/lib/python3.12/site-packages/fastapi/middleware/asyncexitstack.py", line 18, in __call__
    await self.app(scope, receive, send)
  File "/home/hongb/.openclaw/workspace/filebot/backend/venv/lib/python3.12/site-packages/starlette/routing.py", line 716, in __call__
    await self.middleware_stack(scope, receive, send)
  File "/home/hongb/.openclaw/workspace/filebot/backend/venv/lib/python3.12/site-packages/starlette/routing.py", line 736, in app
    await route.handle(scope, receive, send)
  File "/home/hongb/.openclaw/workspace/filebot/backend/venv/lib/python3.12/site-packages/starlette/routing.py", line 290, in handle
    await self.app(scope, receive, send)
  File "/home/hongb/.openclaw/workspace/filebot/backend/venv/lib/python3.12/site-packages/fastapi/routing.py", line 130, in app
    await wrap_app_handling_exceptions(app, request)(scope, receive, send)
  File "/home/hongb/.openclaw/workspace/filebot/backend/venv/lib/python3.12/site-packages/starlette/_exception_handler.py", line 53, in wrapped_app
    raise exc
  File "/home/hongb/.openclaw/workspace/filebot/backend/venv/lib/python3.12/site-packages/starlette/_exception_handler.py", line 42, in wrapped_app
    await app(scope, receive, sender)
  File "/home/hongb/.openclaw/workspace/filebot/backend/venv/lib/python3.12/site-packages/fastapi/routing.py", line 116, in app
    response = await f(request)
               ^^^^^^^^^^^^^^^^
  File "/home/hongb/.openclaw/workspace/filebot/backend/venv/lib/python3.12/site-packages/fastapi/routing.py", line 670, in app
    raw_response = await run_endpoint_function(
                   ^^^^^^^^^^^^^^^^^^^^^^^^^^^^
  File "/home/hongb/.openclaw/workspace/filebot/backend/venv/lib/python3.12/site-packages/fastapi/routing.py", line 326, in run_endpoint_function
    return await run_in_threadpool(dependant.call, **values)
           ^^^^^^^^^^^^^^^^^^^^^^^^^^^^^^^^^^^^^^^^^^^^^^^^^
  File "/home/hongb/.openclaw/workspace/filebot/backend/venv/lib/python3.12/site-packages/starlette/concurrency.py", line 32, in run_in_threadpool
    return await anyio.to_thread.run_sync(func)
           ^^^^^^^^^^^^^^^^^^^^^^^^^^^^^^^^^^^^
  File "/home/hongb/.openclaw/workspace/filebot/backend/venv/lib/python3.12/site-packages/anyio/to_thread.py", line 63, in run_sync
    return await get_async_backend().run_sync_in_worker_thread(
           ^^^^^^^^^^^^^^^^^^^^^^^^^^^^^^^^^^^^^^^^^^^^^^^^^^^^
  File "/home/hongb/.openclaw/workspace/filebot/backend/venv/lib/python3.12/site-packages/anyio/_backends/_asyncio.py", line 2502, in run_sync_in_worker_thread
    return await future
           ^^^^^^^^^^^^
  File "/home/hongb/.openclaw/workspace/filebot/backend/venv/lib/python3.12/site-packages/anyio/_backends/_asyncio.py", line 986, in run
    result = context.run(func, *args)
             ^^^^^^^^^^^^^^^^^^^^^^^^
  File "/home/hongb/.openclaw/workspace/filebot/backend/app/routers/documents.py", line 249, in get_documents
    documents = query.offset(skip).limit(limit).all()
                ^^^^^^^^^^^^^^^^^^^^^^^^^^^^^^^^^^^^^
  File "/home/hongb/.openclaw/workspace/filebot/backend/venv/lib/python3.12/site-packages/sqlalchemy/orm/query.py", line 2704, in all
    return self._iter().all()  # type: ignore
           ^^^^^^^^^^^^^^^^^^
  File "/home/hongb/.openclaw/workspace/filebot/backend/venv/lib/python3.12/site-packages/sqlalchemy/engine/result.py", line 1786, in all
    return self._allrows()
           ^^^^^^^^^^^^^^^
  File "/home/hongb/.openclaw/workspace/filebot/backend/venv/lib/python3.12/site-packages/sqlalchemy/engine/result.py", line 560, in _allrows
    rows = self._fetchall_impl()
           ^^^^^^^^^^^^^^^^^^^^^
  File "/home/hongb/.openclaw/workspace/filebot/backend/venv/lib/python3.12/site-packages/sqlalchemy/engine/result.py", line 1693, in _fetchall_impl
    return self._real_result._fetchall_impl()
           ^^^^^^^^^^^^^^^^^^^^^^^^^^^^^^^^^^
  File "/home/hongb/.openclaw/workspace/filebot/backend/venv/lib/python3.12/site-packages/sqlalchemy/engine/result.py", line 2287, in _fetchall_impl
    return list(self.iterator)
           ^^^^^^^^^^^^^^^^^^^
  File "/home/hongb/.openclaw/workspace/filebot/backend/venv/lib/python3.12/site-packages/sqlalchemy/orm/loading.py", line 220, in chunks
    fetch = cursor._raw_all_rows()
            ^^^^^^^^^^^^^^^^^^^^^^
  File "/home/hongb/.openclaw/workspace/filebot/backend/venv/lib/python3.12/site-packages/sqlalchemy/engine/result.py", line 553, in _raw_all_rows
    return [make_row(row) for row in rows]
            ^^^^^^^^^^^^^
  File "lib/sqlalchemy/cyextension/resultproxy.pyx", line 22, in sqlalchemy.cyextension.resultproxy.BaseRow.__init__
  File "lib/sqlalchemy/cyextension/resultproxy.pyx", line 79, in sqlalchemy.cyextension.resultproxy._apply_processors
  File "/home/hongb/.openclaw/workspace/filebot/backend/venv/lib/python3.12/site-packages/sqlalchemy/sql/sqltypes.py", line 1829, in process
    value = self._object_value_for_elem(value)
            ^^^^^^^^^^^^^^^^^^^^^^^^^^^^^^^^^^
  File "/home/hongb/.openclaw/workspace/filebot/backend/venv/lib/python3.12/site-packages/sqlalchemy/sql/sqltypes.py", line 1711, in _object_value_for_elem
    raise LookupError(
LookupError: 'MULTIPAGE' is not among the defined enum values. Enum name: filetype. Possible values: TIFF, PDF, DOC, ..., OTHER
INFO:     127.0.0.1:44262 - "GET /api/v1/features/check?feature=ai_document_classification HTTP/1.1" 200 OK
INFO:     127.0.0.1:44262 - "GET /api/v1/features/check?feature=ai_document_classification HTTP/1.1" 200 OK
INFO:     127.0.0.1:44246 - "GET /api/v1/features/current-edition HTTP/1.1" 200 OK
INFO:     127.0.0.1:44246 - "GET /api/v1/features/current-edition HTTP/1.1" 200 OK
INFO:     127.0.0.1:40400 - "GET /api/health HTTP/1.1" 200 OK
INFO:     127.0.0.1:59620 - "OPTIONS /api/v1/documents/ HTTP/1.1" 200 OK
INFO:     127.0.0.1:59632 - "OPTIONS /api/v1/documents/ HTTP/1.1" 200 OK
INFO:     127.0.0.1:59632 - "GET /api/v1/documents/ HTTP/1.1" 500 Internal Server Error
ERROR:    Exception in ASGI application
Traceback (most recent call last):
  File "/home/hongb/.openclaw/workspace/filebot/backend/venv/lib/python3.12/site-packages/sqlalchemy/sql/sqltypes.py", line 1709, in _object_value_for_elem
    return self._object_lookup[elem]  # type: ignore[return-value]
           ~~~~~~~~~~~~~~~~~~~^^^^^^
KeyError: 'MULTIPAGE'

The above exception was the direct cause of the following exception:

Traceback (most recent call last):
  File "/home/hongb/.openclaw/workspace/filebot/backend/venv/lib/python3.12/site-packages/uvicorn/protocols/http/h11_impl.py", line 410, in run_asgi
    result = await app(  # type: ignore[func-returns-value]
             ^^^^^^^^^^^^^^^^^^^^^^^^^^^^^^^^^^^^^^^^^^^^^^
  File "/home/hongb/.openclaw/workspace/filebot/backend/venv/lib/python3.12/site-packages/uvicorn/middleware/proxy_headers.py", line 60, in __call__
    return await self.app(scope, receive, send)
           ^^^^^^^^^^^^^^^^^^^^^^^^^^^^^^^^^^^^
  File "/home/hongb/.openclaw/workspace/filebot/backend/venv/lib/python3.12/site-packages/fastapi/applications.py", line 1160, in __call__
    await super().__call__(scope, receive, send)
  File "/home/hongb/.openclaw/workspace/filebot/backend/venv/lib/python3.12/site-packages/starlette/applications.py", line 107, in __call__
    await self.middleware_stack(scope, receive, send)
  File "/home/hongb/.openclaw/workspace/filebot/backend/venv/lib/python3.12/site-packages/starlette/middleware/errors.py", line 186, in __call__
    raise exc
  File "/home/hongb/.openclaw/workspace/filebot/backend/venv/lib/python3.12/site-packages/starlette/middleware/errors.py", line 164, in __call__
    await self.app(scope, receive, _send)
  File "/home/hongb/.openclaw/workspace/filebot/backend/venv/lib/python3.12/site-packages/starlette/middleware/cors.py", line 95, in __call__
    await self.simple_response(scope, receive, send, request_headers=headers)
  File "/home/hongb/.openclaw/workspace/filebot/backend/venv/lib/python3.12/site-packages/starlette/middleware/cors.py", line 153, in simple_response
    await self.app(scope, receive, send)
  File "/home/hongb/.openclaw/workspace/filebot/backend/venv/lib/python3.12/site-packages/starlette/middleware/exceptions.py", line 63, in __call__
    await wrap_app_handling_exceptions(self.app, conn)(scope, receive, send)
  File "/home/hongb/.openclaw/workspace/filebot/backend/venv/lib/python3.12/site-packages/starlette/_exception_handler.py", line 53, in wrapped_app
    raise exc
  File "/home/hongb/.openclaw/workspace/filebot/backend/venv/lib/python3.12/site-packages/starlette/_exception_handler.py", line 42, in wrapped_app
    await app(scope, receive, sender)
  File "/home/hongb/.openclaw/workspace/filebot/backend/venv/lib/python3.12/site-packages/fastapi/middleware/asyncexitstack.py", line 18, in __call__
    await self.app(scope, receive, send)
  File "/home/hongb/.openclaw/workspace/filebot/backend/venv/lib/python3.12/site-packages/starlette/routing.py", line 716, in __call__
    await self.middleware_stack(scope, receive, send)
  File "/home/hongb/.openclaw/workspace/filebot/backend/venv/lib/python3.12/site-packages/starlette/routing.py", line 736, in app
    await route.handle(scope, receive, send)
  File "/home/hongb/.openclaw/workspace/filebot/backend/venv/lib/python3.12/site-packages/starlette/routing.py", line 290, in handle
    await self.app(scope, receive, send)
  File "/home/hongb/.openclaw/workspace/filebot/backend/venv/lib/python3.12/site-packages/fastapi/routing.py", line 130, in app
    await wrap_app_handling_exceptions(app, request)(scope, receive, send)
  File "/home/hongb/.openclaw/workspace/filebot/backend/venv/lib/python3.12/site-packages/starlette/_exception_handler.py", line 53, in wrapped_app
    raise exc
  File "/home/hongb/.openclaw/workspace/filebot/backend/venv/lib/python3.12/site-packages/starlette/_exception_handler.py", line 42, in wrapped_app
    await app(scope, receive, sender)
  File "/home/hongb/.openclaw/workspace/filebot/backend/venv/lib/python3.12/site-packages/fastapi/routing.py", line 116, in app
    response = await f(request)
               ^^^^^^^^^^^^^^^^
  File "/home/hongb/.openclaw/workspace/filebot/backend/venv/lib/python3.12/site-packages/fastapi/routing.py", line 670, in app
    raw_response = await run_endpoint_function(
                   ^^^^^^^^^^^^^^^^^^^^^^^^^^^^
  File "/home/hongb/.openclaw/workspace/filebot/backend/venv/lib/python3.12/site-packages/fastapi/routing.py", line 326, in run_endpoint_function
    return await run_in_threadpool(dependant.call, **values)
           ^^^^^^^^^^^^^^^^^^^^^^^^^^^^^^^^^^^^^^^^^^^^^^^^^
  File "/home/hongb/.openclaw/workspace/filebot/backend/venv/lib/python3.12/site-packages/starlette/concurrency.py", line 32, in run_in_threadpool
    return await anyio.to_thread.run_sync(func)
           ^^^^^^^^^^^^^^^^^^^^^^^^^^^^^^^^^^^^
  File "/home/hongb/.openclaw/workspace/filebot/backend/venv/lib/python3.12/site-packages/anyio/to_thread.py", line 63, in run_sync
    return await get_async_backend().run_sync_in_worker_thread(
           ^^^^^^^^^^^^^^^^^^^^^^^^^^^^^^^^^^^^^^^^^^^^^^^^^^^^
  File "/home/hongb/.openclaw/workspace/filebot/backend/venv/lib/python3.12/site-packages/anyio/_backends/_asyncio.py", line 2502, in run_sync_in_worker_thread
    return await future
           ^^^^^^^^^^^^
  File "/home/hongb/.openclaw/workspace/filebot/backend/venv/lib/python3.12/site-packages/anyio/_backends/_asyncio.py", line 986, in run
    result = context.run(func, *args)
             ^^^^^^^^^^^^^^^^^^^^^^^^
  File "/home/hongb/.openclaw/workspace/filebot/backend/app/routers/documents.py", line 249, in get_documents
    documents = query.offset(skip).limit(limit).all()
                ^^^^^^^^^^^^^^^^^^^^^^^^^^^^^^^^^^^^^
  File "/home/hongb/.openclaw/workspace/filebot/backend/venv/lib/python3.12/site-packages/sqlalchemy/orm/query.py", line 2704, in all
    return self._iter().all()  # type: ignore
           ^^^^^^^^^^^^^^^^^^
  File "/home/hongb/.openclaw/workspace/filebot/backend/venv/lib/python3.12/site-packages/sqlalchemy/engine/result.py", line 1786, in all
    return self._allrows()
           ^^^^^^^^^^^^^^^
  File "/home/hongb/.openclaw/workspace/filebot/backend/venv/lib/python3.12/site-packages/sqlalchemy/engine/result.py", line 560, in _allrows
    rows = self._fetchall_impl()
           ^^^^^^^^^^^^^^^^^^^^^
  File "/home/hongb/.openclaw/workspace/filebot/backend/venv/lib/python3.12/site-packages/sqlalchemy/engine/result.py", line 1693, in _fetchall_impl
    return self._real_result._fetchall_impl()
           ^^^^^^^^^^^^^^^^^^^^^^^^^^^^^^^^^^
  File "/home/hongb/.openclaw/workspace/filebot/backend/venv/lib/python3.12/site-packages/sqlalchemy/engine/result.py", line 2287, in _fetchall_impl
    return list(self.iterator)
           ^^^^^^^^^^^^^^^^^^^
  File "/home/hongb/.openclaw/workspace/filebot/backend/venv/lib/python3.12/site-packages/sqlalchemy/orm/loading.py", line 220, in chunks
    fetch = cursor._raw_all_rows()
            ^^^^^^^^^^^^^^^^^^^^^^
  File "/home/hongb/.openclaw/workspace/filebot/backend/venv/lib/python3.12/site-packages/sqlalchemy/engine/result.py", line 553, in _raw_all_rows
    return [make_row(row) for row in rows]
            ^^^^^^^^^^^^^
  File "lib/sqlalchemy/cyextension/resultproxy.pyx", line 22, in sqlalchemy.cyextension.resultproxy.BaseRow.__init__
  File "lib/sqlalchemy/cyextension/resultproxy.pyx", line 79, in sqlalchemy.cyextension.resultproxy._apply_processors
  File "/home/hongb/.openclaw/workspace/filebot/backend/venv/lib/python3.12/site-packages/sqlalchemy/sql/sqltypes.py", line 1829, in process
    value = self._object_value_for_elem(value)
            ^^^^^^^^^^^^^^^^^^^^^^^^^^^^^^^^^^
  File "/home/hongb/.openclaw/workspace/filebot/backend/venv/lib/python3.12/site-packages/sqlalchemy/sql/sqltypes.py", line 1711, in _object_value_for_elem
    raise LookupError(
LookupError: 'MULTIPAGE' is not among the defined enum values. Enum name: filetype. Possible values: TIFF, PDF, DOC, ..., OTHER
INFO:     127.0.0.1:59620 - "GET /api/v1/documents/ HTTP/1.1" 500 Internal Server Error
ERROR:    Exception in ASGI application
Traceback (most recent call last):
  File "/home/hongb/.openclaw/workspace/filebot/backend/venv/lib/python3.12/site-packages/sqlalchemy/sql/sqltypes.py", line 1709, in _object_value_for_elem
    return self._object_lookup[elem]  # type: ignore[return-value]
           ~~~~~~~~~~~~~~~~~~~^^^^^^
KeyError: 'MULTIPAGE'

The above exception was the direct cause of the following exception:

Traceback (most recent call last):
  File "/home/hongb/.openclaw/workspace/filebot/backend/venv/lib/python3.12/site-packages/uvicorn/protocols/http/h11_impl.py", line 410, in run_asgi
    result = await app(  # type: ignore[func-returns-value]
             ^^^^^^^^^^^^^^^^^^^^^^^^^^^^^^^^^^^^^^^^^^^^^^
  File "/home/hongb/.openclaw/workspace/filebot/backend/venv/lib/python3.12/site-packages/uvicorn/middleware/proxy_headers.py", line 60, in __call__
    return await self.app(scope, receive, send)
           ^^^^^^^^^^^^^^^^^^^^^^^^^^^^^^^^^^^^
  File "/home/hongb/.openclaw/workspace/filebot/backend/venv/lib/python3.12/site-packages/fastapi/applications.py", line 1160, in __call__
    await super().__call__(scope, receive, send)
  File "/home/hongb/.openclaw/workspace/filebot/backend/venv/lib/python3.12/site-packages/starlette/applications.py", line 107, in __call__
    await self.middleware_stack(scope, receive, send)
  File "/home/hongb/.openclaw/workspace/filebot/backend/venv/lib/python3.12/site-packages/starlette/middleware/errors.py", line 186, in __call__
    raise exc
  File "/home/hongb/.openclaw/workspace/filebot/backend/venv/lib/python3.12/site-packages/starlette/middleware/errors.py", line 164, in __call__
    await self.app(scope, receive, _send)
  File "/home/hongb/.openclaw/workspace/filebot/backend/venv/lib/python3.12/site-packages/starlette/middleware/cors.py", line 95, in __call__
    await self.simple_response(scope, receive, send, request_headers=headers)
  File "/home/hongb/.openclaw/workspace/filebot/backend/venv/lib/python3.12/site-packages/starlette/middleware/cors.py", line 153, in simple_response
    await self.app(scope, receive, send)
  File "/home/hongb/.openclaw/workspace/filebot/backend/venv/lib/python3.12/site-packages/starlette/middleware/exceptions.py", line 63, in __call__
    await wrap_app_handling_exceptions(self.app, conn)(scope, receive, send)
  File "/home/hongb/.openclaw/workspace/filebot/backend/venv/lib/python3.12/site-packages/starlette/_exception_handler.py", line 53, in wrapped_app
    raise exc
  File "/home/hongb/.openclaw/workspace/filebot/backend/venv/lib/python3.12/site-packages/starlette/_exception_handler.py", line 42, in wrapped_app
    await app(scope, receive, sender)
  File "/home/hongb/.openclaw/workspace/filebot/backend/venv/lib/python3.12/site-packages/fastapi/middleware/asyncexitstack.py", line 18, in __call__
    await self.app(scope, receive, send)
  File "/home/hongb/.openclaw/workspace/filebot/backend/venv/lib/python3.12/site-packages/starlette/routing.py", line 716, in __call__
    await self.middleware_stack(scope, receive, send)
  File "/home/hongb/.openclaw/workspace/filebot/backend/venv/lib/python3.12/site-packages/starlette/routing.py", line 736, in app
    await route.handle(scope, receive, send)
  File "/home/hongb/.openclaw/workspace/filebot/backend/venv/lib/python3.12/site-packages/starlette/routing.py", line 290, in handle
    await self.app(scope, receive, send)
  File "/home/hongb/.openclaw/workspace/filebot/backend/venv/lib/python3.12/site-packages/fastapi/routing.py", line 130, in app
    await wrap_app_handling_exceptions(app, request)(scope, receive, send)
  File "/home/hongb/.openclaw/workspace/filebot/backend/venv/lib/python3.12/site-packages/starlette/_exception_handler.py", line 53, in wrapped_app
    raise exc
  File "/home/hongb/.openclaw/workspace/filebot/backend/venv/lib/python3.12/site-packages/starlette/_exception_handler.py", line 42, in wrapped_app
    await app(scope, receive, sender)
  File "/home/hongb/.openclaw/workspace/filebot/backend/venv/lib/python3.12/site-packages/fastapi/routing.py", line 116, in app
    response = await f(request)
               ^^^^^^^^^^^^^^^^
  File "/home/hongb/.openclaw/workspace/filebot/backend/venv/lib/python3.12/site-packages/fastapi/routing.py", line 670, in app
    raw_response = await run_endpoint_function(
                   ^^^^^^^^^^^^^^^^^^^^^^^^^^^^
  File "/home/hongb/.openclaw/workspace/filebot/backend/venv/lib/python3.12/site-packages/fastapi/routing.py", line 326, in run_endpoint_function
    return await run_in_threadpool(dependant.call, **values)
           ^^^^^^^^^^^^^^^^^^^^^^^^^^^^^^^^^^^^^^^^^^^^^^^^^
  File "/home/hongb/.openclaw/workspace/filebot/backend/venv/lib/python3.12/site-packages/starlette/concurrency.py", line 32, in run_in_threadpool
    return await anyio.to_thread.run_sync(func)
           ^^^^^^^^^^^^^^^^^^^^^^^^^^^^^^^^^^^^
  File "/home/hongb/.openclaw/workspace/filebot/backend/venv/lib/python3.12/site-packages/anyio/to_thread.py", line 63, in run_sync
    return await get_async_backend().run_sync_in_worker_thread(
           ^^^^^^^^^^^^^^^^^^^^^^^^^^^^^^^^^^^^^^^^^^^^^^^^^^^^
  File "/home/hongb/.openclaw/workspace/filebot/backend/venv/lib/python3.12/site-packages/anyio/_backends/_asyncio.py", line 2502, in run_sync_in_worker_thread
    return await future
           ^^^^^^^^^^^^
  File "/home/hongb/.openclaw/workspace/filebot/backend/venv/lib/python3.12/site-packages/anyio/_backends/_asyncio.py", line 986, in run
    result = context.run(func, *args)
             ^^^^^^^^^^^^^^^^^^^^^^^^
  File "/home/hongb/.openclaw/workspace/filebot/backend/app/routers/documents.py", line 249, in get_documents
    documents = query.offset(skip).limit(limit).all()
                ^^^^^^^^^^^^^^^^^^^^^^^^^^^^^^^^^^^^^
  File "/home/hongb/.openclaw/workspace/filebot/backend/venv/lib/python3.12/site-packages/sqlalchemy/orm/query.py", line 2704, in all
    return self._iter().all()  # type: ignore
           ^^^^^^^^^^^^^^^^^^
  File "/home/hongb/.openclaw/workspace/filebot/backend/venv/lib/python3.12/site-packages/sqlalchemy/engine/result.py", line 1786, in all
    return self._allrows()
           ^^^^^^^^^^^^^^^
  File "/home/hongb/.openclaw/workspace/filebot/backend/venv/lib/python3.12/site-packages/sqlalchemy/engine/result.py", line 560, in _allrows
    rows = self._fetchall_impl()
           ^^^^^^^^^^^^^^^^^^^^^
  File "/home/hongb/.openclaw/workspace/filebot/backend/venv/lib/python3.12/site-packages/sqlalchemy/engine/result.py", line 1693, in _fetchall_impl
    return self._real_result._fetchall_impl()
           ^^^^^^^^^^^^^^^^^^^^^^^^^^^^^^^^^^
  File "/home/hongb/.openclaw/workspace/filebot/backend/venv/lib/python3.12/site-packages/sqlalchemy/engine/result.py", line 2287, in _fetchall_impl
    return list(self.iterator)
           ^^^^^^^^^^^^^^^^^^^
  File "/home/hongb/.openclaw/workspace/filebot/backend/venv/lib/python3.12/site-packages/sqlalchemy/orm/loading.py", line 220, in chunks
    fetch = cursor._raw_all_rows()
            ^^^^^^^^^^^^^^^^^^^^^^
  File "/home/hongb/.openclaw/workspace/filebot/backend/venv/lib/python3.12/site-packages/sqlalchemy/engine/result.py", line 553, in _raw_all_rows
    return [make_row(row) for row in rows]
            ^^^^^^^^^^^^^
  File "lib/sqlalchemy/cyextension/resultproxy.pyx", line 22, in sqlalchemy.cyextension.resultproxy.BaseRow.__init__
  File "lib/sqlalchemy/cyextension/resultproxy.pyx", line 79, in sqlalchemy.cyextension.resultproxy._apply_processors
  File "/home/hongb/.openclaw/workspace/filebot/backend/venv/lib/python3.12/site-packages/sqlalchemy/sql/sqltypes.py", line 1829, in process
    value = self._object_value_for_elem(value)
            ^^^^^^^^^^^^^^^^^^^^^^^^^^^^^^^^^^
  File "/home/hongb/.openclaw/workspace/filebot/backend/venv/lib/python3.12/site-packages/sqlalchemy/sql/sqltypes.py", line 1711, in _object_value_for_elem
    raise LookupError(
LookupError: 'MULTIPAGE' is not among the defined enum values. Enum name: filetype. Possible values: TIFF, PDF, DOC, ..., OTHER
INFO:     127.0.0.1:34046 - "GET /api/health HTTP/1.1" 200 OK
INFO:     127.0.0.1:34646 - "GET /api/dashboard HTTP/1.1" 404 Not Found
INFO:     127.0.0.1:34656 - "GET /api/stats HTTP/1.1" 404 Not Found
INFO:     127.0.0.1:34662 - "GET /api/documents HTTP/1.1" 404 Not Found
INFO:     127.0.0.1:34676 - "GET /api/search HTTP/1.1" 404 Not Found
INFO:     127.0.0.1:34692 - "GET /api/summary HTTP/1.1" 404 Not Found
INFO:     127.0.0.1:34696 - "GET /api/overview HTTP/1.1" 404 Not Found
INFO:     127.0.0.1:57300 - "GET /api/v1/ HTTP/1.1" 404 Not Found
INFO:     127.0.0.1:57308 - "GET /docs HTTP/1.1" 404 Not Found
INFO:     127.0.0.1:34434 - "GET /openapi.json HTTP/1.1" 404 Not Found
INFO:     127.0.0.1:42570 - "GET /api/health HTTP/1.1" 200 OK
INFO:     127.0.0.1:47954 - "GET /api/health HTTP/1.1" 200 OK
INFO:     127.0.0.1:38404 - "GET /api/v1/documents HTTP/1.1" 307 Temporary Redirect
INFO:     127.0.0.1:35490 - "GET /api/v1/search HTTP/1.1" 404 Not Found
INFO:     127.0.0.1:35502 - "GET /api/v1/auth HTTP/1.1" 404 Not Found
INFO:     127.0.0.1:35516 - "GET /api/v1/documents/ HTTP/1.1" 500 Internal Server Error
ERROR:    Exception in ASGI application
Traceback (most recent call last):
  File "/home/hongb/.openclaw/workspace/filebot/backend/venv/lib/python3.12/site-packages/sqlalchemy/sql/sqltypes.py", line 1709, in _object_value_for_elem
    return self._object_lookup[elem]  # type: ignore[return-value]
           ~~~~~~~~~~~~~~~~~~~^^^^^^
KeyError: 'MULTIPAGE'

The above exception was the direct cause of the following exception:

Traceback (most recent call last):
  File "/home/hongb/.openclaw/workspace/filebot/backend/venv/lib/python3.12/site-packages/uvicorn/protocols/http/h11_impl.py", line 410, in run_asgi
    result = await app(  # type: ignore[func-returns-value]
             ^^^^^^^^^^^^^^^^^^^^^^^^^^^^^^^^^^^^^^^^^^^^^^
  File "/home/hongb/.openclaw/workspace/filebot/backend/venv/lib/python3.12/site-packages/uvicorn/middleware/proxy_headers.py", line 60, in __call__
    return await self.app(scope, receive, send)
           ^^^^^^^^^^^^^^^^^^^^^^^^^^^^^^^^^^^^
  File "/home/hongb/.openclaw/workspace/filebot/backend/venv/lib/python3.12/site-packages/fastapi/applications.py", line 1160, in __call__
    await super().__call__(scope, receive, send)
  File "/home/hongb/.openclaw/workspace/filebot/backend/venv/lib/python3.12/site-packages/starlette/applications.py", line 107, in __call__
    await self.middleware_stack(scope, receive, send)
  File "/home/hongb/.openclaw/workspace/filebot/backend/venv/lib/python3.12/site-packages/starlette/middleware/errors.py", line 186, in __call__
    raise exc
  File "/home/hongb/.openclaw/workspace/filebot/backend/venv/lib/python3.12/site-packages/starlette/middleware/errors.py", line 164, in __call__
    await self.app(scope, receive, _send)
  File "/home/hongb/.openclaw/workspace/filebot/backend/venv/lib/python3.12/site-packages/starlette/middleware/cors.py", line 95, in __call__
    await self.simple_response(scope, receive, send, request_headers=headers)
  File "/home/hongb/.openclaw/workspace/filebot/backend/venv/lib/python3.12/site-packages/starlette/middleware/cors.py", line 153, in simple_response
    await self.app(scope, receive, send)
  File "/home/hongb/.openclaw/workspace/filebot/backend/venv/lib/python3.12/site-packages/starlette/middleware/exceptions.py", line 63, in __call__
    await wrap_app_handling_exceptions(self.app, conn)(scope, receive, send)
  File "/home/hongb/.openclaw/workspace/filebot/backend/venv/lib/python3.12/site-packages/starlette/_exception_handler.py", line 53, in wrapped_app
    raise exc
  File "/home/hongb/.openclaw/workspace/filebot/backend/venv/lib/python3.12/site-packages/starlette/_exception_handler.py", line 42, in wrapped_app
    await app(scope, receive, sender)
  File "/home/hongb/.openclaw/workspace/filebot/backend/venv/lib/python3.12/site-packages/fastapi/middleware/asyncexitstack.py", line 18, in __call__
    await self.app(scope, receive, send)
  File "/home/hongb/.openclaw/workspace/filebot/backend/venv/lib/python3.12/site-packages/starlette/routing.py", line 716, in __call__
    await self.middleware_stack(scope, receive, send)
  File "/home/hongb/.openclaw/workspace/filebot/backend/venv/lib/python3.12/site-packages/starlette/routing.py", line 736, in app
    await route.handle(scope, receive, send)
  File "/home/hongb/.openclaw/workspace/filebot/backend/venv/lib/python3.12/site-packages/starlette/routing.py", line 290, in handle
    await self.app(scope, receive, send)
  File "/home/hongb/.openclaw/workspace/filebot/backend/venv/lib/python3.12/site-packages/fastapi/routing.py", line 130, in app
    await wrap_app_handling_exceptions(app, request)(scope, receive, send)
  File "/home/hongb/.openclaw/workspace/filebot/backend/venv/lib/python3.12/site-packages/starlette/_exception_handler.py", line 53, in wrapped_app
    raise exc
  File "/home/hongb/.openclaw/workspace/filebot/backend/venv/lib/python3.12/site-packages/starlette/_exception_handler.py", line 42, in wrapped_app
    await app(scope, receive, sender)
  File "/home/hongb/.openclaw/workspace/filebot/backend/venv/lib/python3.12/site-packages/fastapi/routing.py", line 116, in app
    response = await f(request)
               ^^^^^^^^^^^^^^^^
  File "/home/hongb/.openclaw/workspace/filebot/backend/venv/lib/python3.12/site-packages/fastapi/routing.py", line 670, in app
    raw_response = await run_endpoint_function(
                   ^^^^^^^^^^^^^^^^^^^^^^^^^^^^
  File "/home/hongb/.openclaw/workspace/filebot/backend/venv/lib/python3.12/site-packages/fastapi/routing.py", line 326, in run_endpoint_function
    return await run_in_threadpool(dependant.call, **values)
           ^^^^^^^^^^^^^^^^^^^^^^^^^^^^^^^^^^^^^^^^^^^^^^^^^
  File "/home/hongb/.openclaw/workspace/filebot/backend/venv/lib/python3.12/site-packages/starlette/concurrency.py", line 32, in run_in_threadpool
    return await anyio.to_thread.run_sync(func)
           ^^^^^^^^^^^^^^^^^^^^^^^^^^^^^^^^^^^^
  File "/home/hongb/.openclaw/workspace/filebot/backend/venv/lib/python3.12/site-packages/anyio/to_thread.py", line 63, in run_sync
    return await get_async_backend().run_sync_in_worker_thread(
           ^^^^^^^^^^^^^^^^^^^^^^^^^^^^^^^^^^^^^^^^^^^^^^^^^^^^
  File "/home/hongb/.openclaw/workspace/filebot/backend/venv/lib/python3.12/site-packages/anyio/_backends/_asyncio.py", line 2502, in run_sync_in_worker_thread
    return await future
           ^^^^^^^^^^^^
  File "/home/hongb/.openclaw/workspace/filebot/backend/venv/lib/python3.12/site-packages/anyio/_backends/_asyncio.py", line 986, in run
    result = context.run(func, *args)
             ^^^^^^^^^^^^^^^^^^^^^^^^
  File "/home/hongb/.openclaw/workspace/filebot/backend/app/routers/documents.py", line 249, in get_documents
    documents = query.offset(skip).limit(limit).all()
                ^^^^^^^^^^^^^^^^^^^^^^^^^^^^^^^^^^^^^
  File "/home/hongb/.openclaw/workspace/filebot/backend/venv/lib/python3.12/site-packages/sqlalchemy/orm/query.py", line 2704, in all
    return self._iter().all()  # type: ignore
           ^^^^^^^^^^^^^^^^^^
  File "/home/hongb/.openclaw/workspace/filebot/backend/venv/lib/python3.12/site-packages/sqlalchemy/engine/result.py", line 1786, in all
    return self._allrows()
           ^^^^^^^^^^^^^^^
  File "/home/hongb/.openclaw/workspace/filebot/backend/venv/lib/python3.12/site-packages/sqlalchemy/engine/result.py", line 560, in _allrows
    rows = self._fetchall_impl()
           ^^^^^^^^^^^^^^^^^^^^^
  File "/home/hongb/.openclaw/workspace/filebot/backend/venv/lib/python3.12/site-packages/sqlalchemy/engine/result.py", line 1693, in _fetchall_impl
    return self._real_result._fetchall_impl()
           ^^^^^^^^^^^^^^^^^^^^^^^^^^^^^^^^^^
  File "/home/hongb/.openclaw/workspace/filebot/backend/venv/lib/python3.12/site-packages/sqlalchemy/engine/result.py", line 2287, in _fetchall_impl
    return list(self.iterator)
           ^^^^^^^^^^^^^^^^^^^
  File "/home/hongb/.openclaw/workspace/filebot/backend/venv/lib/python3.12/site-packages/sqlalchemy/orm/loading.py", line 220, in chunks
    fetch = cursor._raw_all_rows()
            ^^^^^^^^^^^^^^^^^^^^^^
  File "/home/hongb/.openclaw/workspace/filebot/backend/venv/lib/python3.12/site-packages/sqlalchemy/engine/result.py", line 553, in _raw_all_rows
    return [make_row(row) for row in rows]
            ^^^^^^^^^^^^^
  File "lib/sqlalchemy/cyextension/resultproxy.pyx", line 22, in sqlalchemy.cyextension.resultproxy.BaseRow.__init__
  File "lib/sqlalchemy/cyextension/resultproxy.pyx", line 79, in sqlalchemy.cyextension.resultproxy._apply_processors
  File "/home/hongb/.openclaw/workspace/filebot/backend/venv/lib/python3.12/site-packages/sqlalchemy/sql/sqltypes.py", line 1829, in process
    value = self._object_value_for_elem(value)
            ^^^^^^^^^^^^^^^^^^^^^^^^^^^^^^^^^^
  File "/home/hongb/.openclaw/workspace/filebot/backend/venv/lib/python3.12/site-packages/sqlalchemy/sql/sqltypes.py", line 1711, in _object_value_for_elem
    raise LookupError(
LookupError: 'MULTIPAGE' is not among the defined enum values. Enum name: filetype. Possible values: TIFF, PDF, DOC, ..., OTHER
INFO:     127.0.0.1:35528 - "GET /api/v1/documents/ HTTP/1.1" 500 Internal Server Error
ERROR:    Exception in ASGI application
Traceback (most recent call last):
  File "/home/hongb/.openclaw/workspace/filebot/backend/venv/lib/python3.12/site-packages/sqlalchemy/sql/sqltypes.py", line 1709, in _object_value_for_elem
    return self._object_lookup[elem]  # type: ignore[return-value]
           ~~~~~~~~~~~~~~~~~~~^^^^^^
KeyError: 'MULTIPAGE'

The above exception was the direct cause of the following exception:

Traceback (most recent call last):
  File "/home/hongb/.openclaw/workspace/filebot/backend/venv/lib/python3.12/site-packages/uvicorn/protocols/http/h11_impl.py", line 410, in run_asgi
    result = await app(  # type: ignore[func-returns-value]
             ^^^^^^^^^^^^^^^^^^^^^^^^^^^^^^^^^^^^^^^^^^^^^^
  File "/home/hongb/.openclaw/workspace/filebot/backend/venv/lib/python3.12/site-packages/uvicorn/middleware/proxy_headers.py", line 60, in __call__
    return await self.app(scope, receive, send)
           ^^^^^^^^^^^^^^^^^^^^^^^^^^^^^^^^^^^^
  File "/home/hongb/.openclaw/workspace/filebot/backend/venv/lib/python3.12/site-packages/fastapi/applications.py", line 1160, in __call__
    await super().__call__(scope, receive, send)
  File "/home/hongb/.openclaw/workspace/filebot/backend/venv/lib/python3.12/site-packages/starlette/applications.py", line 107, in __call__
    await self.middleware_stack(scope, receive, send)
  File "/home/hongb/.openclaw/workspace/filebot/backend/venv/lib/python3.12/site-packages/starlette/middleware/errors.py", line 186, in __call__
    raise exc
  File "/home/hongb/.openclaw/workspace/filebot/backend/venv/lib/python3.12/site-packages/starlette/middleware/errors.py", line 164, in __call__
    await self.app(scope, receive, _send)
  File "/home/hongb/.openclaw/workspace/filebot/backend/venv/lib/python3.12/site-packages/starlette/middleware/cors.py", line 95, in __call__
    await self.simple_response(scope, receive, send, request_headers=headers)
  File "/home/hongb/.openclaw/workspace/filebot/backend/venv/lib/python3.12/site-packages/starlette/middleware/cors.py", line 153, in simple_response
    await self.app(scope, receive, send)
  File "/home/hongb/.openclaw/workspace/filebot/backend/venv/lib/python3.12/site-packages/starlette/middleware/exceptions.py", line 63, in __call__
    await wrap_app_handling_exceptions(self.app, conn)(scope, receive, send)
  File "/home/hongb/.openclaw/workspace/filebot/backend/venv/lib/python3.12/site-packages/starlette/_exception_handler.py", line 53, in wrapped_app
    raise exc
  File "/home/hongb/.openclaw/workspace/filebot/backend/venv/lib/python3.12/site-packages/starlette/_exception_handler.py", line 42, in wrapped_app
    await app(scope, receive, sender)
  File "/home/hongb/.openclaw/workspace/filebot/backend/venv/lib/python3.12/site-packages/fastapi/middleware/asyncexitstack.py", line 18, in __call__
    await self.app(scope, receive, send)
  File "/home/hongb/.openclaw/workspace/filebot/backend/venv/lib/python3.12/site-packages/starlette/routing.py", line 716, in __call__
    await self.middleware_stack(scope, receive, send)
  File "/home/hongb/.openclaw/workspace/filebot/backend/venv/lib/python3.12/site-packages/starlette/routing.py", line 736, in app
    await route.handle(scope, receive, send)
  File "/home/hongb/.openclaw/workspace/filebot/backend/venv/lib/python3.12/site-packages/starlette/routing.py", line 290, in handle
    await self.app(scope, receive, send)
  File "/home/hongb/.openclaw/workspace/filebot/backend/venv/lib/python3.12/site-packages/fastapi/routing.py", line 130, in app
    await wrap_app_handling_exceptions(app, request)(scope, receive, send)
  File "/home/hongb/.openclaw/workspace/filebot/backend/venv/lib/python3.12/site-packages/starlette/_exception_handler.py", line 53, in wrapped_app
    raise exc
  File "/home/hongb/.openclaw/workspace/filebot/backend/venv/lib/python3.12/site-packages/starlette/_exception_handler.py", line 42, in wrapped_app
    await app(scope, receive, sender)
  File "/home/hongb/.openclaw/workspace/filebot/backend/venv/lib/python3.12/site-packages/fastapi/routing.py", line 116, in app
    response = await f(request)
               ^^^^^^^^^^^^^^^^
  File "/home/hongb/.openclaw/workspace/filebot/backend/venv/lib/python3.12/site-packages/fastapi/routing.py", line 670, in app
    raw_response = await run_endpoint_function(
                   ^^^^^^^^^^^^^^^^^^^^^^^^^^^^
  File "/home/hongb/.openclaw/workspace/filebot/backend/venv/lib/python3.12/site-packages/fastapi/routing.py", line 326, in run_endpoint_function
    return await run_in_threadpool(dependant.call, **values)
           ^^^^^^^^^^^^^^^^^^^^^^^^^^^^^^^^^^^^^^^^^^^^^^^^^
  File "/home/hongb/.openclaw/workspace/filebot/backend/venv/lib/python3.12/site-packages/starlette/concurrency.py", line 32, in run_in_threadpool
    return await anyio.to_thread.run_sync(func)
           ^^^^^^^^^^^^^^^^^^^^^^^^^^^^^^^^^^^^
  File "/home/hongb/.openclaw/workspace/filebot/backend/venv/lib/python3.12/site-packages/anyio/to_thread.py", line 63, in run_sync
    return await get_async_backend().run_sync_in_worker_thread(
           ^^^^^^^^^^^^^^^^^^^^^^^^^^^^^^^^^^^^^^^^^^^^^^^^^^^^
  File "/home/hongb/.openclaw/workspace/filebot/backend/venv/lib/python3.12/site-packages/anyio/_backends/_asyncio.py", line 2502, in run_sync_in_worker_thread
    return await future
           ^^^^^^^^^^^^
  File "/home/hongb/.openclaw/workspace/filebot/backend/venv/lib/python3.12/site-packages/anyio/_backends/_asyncio.py", line 986, in run
    result = context.run(func, *args)
             ^^^^^^^^^^^^^^^^^^^^^^^^
  File "/home/hongb/.openclaw/workspace/filebot/backend/app/routers/documents.py", line 249, in get_documents
    documents = query.offset(skip).limit(limit).all()
                ^^^^^^^^^^^^^^^^^^^^^^^^^^^^^^^^^^^^^
  File "/home/hongb/.openclaw/workspace/filebot/backend/venv/lib/python3.12/site-packages/sqlalchemy/orm/query.py", line 2704, in all
    return self._iter().all()  # type: ignore
           ^^^^^^^^^^^^^^^^^^
  File "/home/hongb/.openclaw/workspace/filebot/backend/venv/lib/python3.12/site-packages/sqlalchemy/engine/result.py", line 1786, in all
    return self._allrows()
           ^^^^^^^^^^^^^^^
  File "/home/hongb/.openclaw/workspace/filebot/backend/venv/lib/python3.12/site-packages/sqlalchemy/engine/result.py", line 560, in _allrows
    rows = self._fetchall_impl()
           ^^^^^^^^^^^^^^^^^^^^^
  File "/home/hongb/.openclaw/workspace/filebot/backend/venv/lib/python3.12/site-packages/sqlalchemy/engine/result.py", line 1693, in _fetchall_impl
    return self._real_result._fetchall_impl()
           ^^^^^^^^^^^^^^^^^^^^^^^^^^^^^^^^^^
  File "/home/hongb/.openclaw/workspace/filebot/backend/venv/lib/python3.12/site-packages/sqlalchemy/engine/result.py", line 2287, in _fetchall_impl
    return list(self.iterator)
           ^^^^^^^^^^^^^^^^^^^
  File "/home/hongb/.openclaw/workspace/filebot/backend/venv/lib/python3.12/site-packages/sqlalchemy/orm/loading.py", line 220, in chunks
    fetch = cursor._raw_all_rows()
            ^^^^^^^^^^^^^^^^^^^^^^
  File "/home/hongb/.openclaw/workspace/filebot/backend/venv/lib/python3.12/site-packages/sqlalchemy/engine/result.py", line 553, in _raw_all_rows
    return [make_row(row) for row in rows]
            ^^^^^^^^^^^^^
  File "lib/sqlalchemy/cyextension/resultproxy.pyx", line 22, in sqlalchemy.cyextension.resultproxy.BaseRow.__init__
  File "lib/sqlalchemy/cyextension/resultproxy.pyx", line 79, in sqlalchemy.cyextension.resultproxy._apply_processors
  File "/home/hongb/.openclaw/workspace/filebot/backend/venv/lib/python3.12/site-packages/sqlalchemy/sql/sqltypes.py", line 1829, in process
    value = self._object_value_for_elem(value)
            ^^^^^^^^^^^^^^^^^^^^^^^^^^^^^^^^^^
  File "/home/hongb/.openclaw/workspace/filebot/backend/venv/lib/python3.12/site-packages/sqlalchemy/sql/sqltypes.py", line 1711, in _object_value_for_elem
    raise LookupError(
LookupError: 'MULTIPAGE' is not among the defined enum values. Enum name: filetype. Possible values: TIFF, PDF, DOC, ..., OTHER
INFO:     127.0.0.1:44854 - "GET /api/v1/health HTTP/1.1" 404 Not Found
INFO:     127.0.0.1:53690 - "GET /api/v1 HTTP/1.1" 404 Not Found
INFO:     127.0.0.1:53700 - "GET /api/docs HTTP/1.1" 200 OK
INFO:     127.0.0.1:53712 - "GET /api/v1/apps HTTP/1.1" 307 Temporary Redirect
INFO:     127.0.0.1:35542 - "GET /api/v1/documents/ HTTP/1.1" 500 Internal Server Error
ERROR:    Exception in ASGI application
Traceback (most recent call last):
  File "/home/hongb/.openclaw/workspace/filebot/backend/venv/lib/python3.12/site-packages/sqlalchemy/sql/sqltypes.py", line 1709, in _object_value_for_elem
    return self._object_lookup[elem]  # type: ignore[return-value]
           ~~~~~~~~~~~~~~~~~~~^^^^^^
KeyError: 'MULTIPAGE'

The above exception was the direct cause of the following exception:

Traceback (most recent call last):
  File "/home/hongb/.openclaw/workspace/filebot/backend/venv/lib/python3.12/site-packages/uvicorn/protocols/http/h11_impl.py", line 410, in run_asgi
    result = await app(  # type: ignore[func-returns-value]
             ^^^^^^^^^^^^^^^^^^^^^^^^^^^^^^^^^^^^^^^^^^^^^^
  File "/home/hongb/.openclaw/workspace/filebot/backend/venv/lib/python3.12/site-packages/uvicorn/middleware/proxy_headers.py", line 60, in __call__
    return await self.app(scope, receive, send)
           ^^^^^^^^^^^^^^^^^^^^^^^^^^^^^^^^^^^^
  File "/home/hongb/.openclaw/workspace/filebot/backend/venv/lib/python3.12/site-packages/fastapi/applications.py", line 1160, in __call__
    await super().__call__(scope, receive, send)
  File "/home/hongb/.openclaw/workspace/filebot/backend/venv/lib/python3.12/site-packages/starlette/applications.py", line 107, in __call__
    await self.middleware_stack(scope, receive, send)
  File "/home/hongb/.openclaw/workspace/filebot/backend/venv/lib/python3.12/site-packages/starlette/middleware/errors.py", line 186, in __call__
    raise exc
  File "/home/hongb/.openclaw/workspace/filebot/backend/venv/lib/python3.12/site-packages/starlette/middleware/errors.py", line 164, in __call__
    await self.app(scope, receive, _send)
  File "/home/hongb/.openclaw/workspace/filebot/backend/venv/lib/python3.12/site-packages/starlette/middleware/cors.py", line 95, in __call__
    await self.simple_response(scope, receive, send, request_headers=headers)
  File "/home/hongb/.openclaw/workspace/filebot/backend/venv/lib/python3.12/site-packages/starlette/middleware/cors.py", line 153, in simple_response
    await self.app(scope, receive, send)
  File "/home/hongb/.openclaw/workspace/filebot/backend/venv/lib/python3.12/site-packages/starlette/middleware/exceptions.py", line 63, in __call__
    await wrap_app_handling_exceptions(self.app, conn)(scope, receive, send)
  File "/home/hongb/.openclaw/workspace/filebot/backend/venv/lib/python3.12/site-packages/starlette/_exception_handler.py", line 53, in wrapped_app
    raise exc
  File "/home/hongb/.openclaw/workspace/filebot/backend/venv/lib/python3.12/site-packages/starlette/_exception_handler.py", line 42, in wrapped_app
    await app(scope, receive, sender)
  File "/home/hongb/.openclaw/workspace/filebot/backend/venv/lib/python3.12/site-packages/fastapi/middleware/asyncexitstack.py", line 18, in __call__
    await self.app(scope, receive, send)
  File "/home/hongb/.openclaw/workspace/filebot/backend/venv/lib/python3.12/site-packages/starlette/routing.py", line 716, in __call__
    await self.middleware_stack(scope, receive, send)
  File "/home/hongb/.openclaw/workspace/filebot/backend/venv/lib/python3.12/site-packages/starlette/routing.py", line 736, in app
    await route.handle(scope, receive, send)
  File "/home/hongb/.openclaw/workspace/filebot/backend/venv/lib/python3.12/site-packages/starlette/routing.py", line 290, in handle
    await self.app(scope, receive, send)
  File "/home/hongb/.openclaw/workspace/filebot/backend/venv/lib/python3.12/site-packages/fastapi/routing.py", line 130, in app
    await wrap_app_handling_exceptions(app, request)(scope, receive, send)
  File "/home/hongb/.openclaw/workspace/filebot/backend/venv/lib/python3.12/site-packages/starlette/_exception_handler.py", line 53, in wrapped_app
    raise exc
  File "/home/hongb/.openclaw/workspace/filebot/backend/venv/lib/python3.12/site-packages/starlette/_exception_handler.py", line 42, in wrapped_app
    await app(scope, receive, sender)
  File "/home/hongb/.openclaw/workspace/filebot/backend/venv/lib/python3.12/site-packages/fastapi/routing.py", line 116, in app
    response = await f(request)
               ^^^^^^^^^^^^^^^^
  File "/home/hongb/.openclaw/workspace/filebot/backend/venv/lib/python3.12/site-packages/fastapi/routing.py", line 670, in app
    raw_response = await run_endpoint_function(
                   ^^^^^^^^^^^^^^^^^^^^^^^^^^^^
  File "/home/hongb/.openclaw/workspace/filebot/backend/venv/lib/python3.12/site-packages/fastapi/routing.py", line 326, in run_endpoint_function
    return await run_in_threadpool(dependant.call, **values)
           ^^^^^^^^^^^^^^^^^^^^^^^^^^^^^^^^^^^^^^^^^^^^^^^^^
  File "/home/hongb/.openclaw/workspace/filebot/backend/venv/lib/python3.12/site-packages/starlette/concurrency.py", line 32, in run_in_threadpool
    return await anyio.to_thread.run_sync(func)
           ^^^^^^^^^^^^^^^^^^^^^^^^^^^^^^^^^^^^
  File "/home/hongb/.openclaw/workspace/filebot/backend/venv/lib/python3.12/site-packages/anyio/to_thread.py", line 63, in run_sync
    return await get_async_backend().run_sync_in_worker_thread(
           ^^^^^^^^^^^^^^^^^^^^^^^^^^^^^^^^^^^^^^^^^^^^^^^^^^^^
  File "/home/hongb/.openclaw/workspace/filebot/backend/venv/lib/python3.12/site-packages/anyio/_backends/_asyncio.py", line 2502, in run_sync_in_worker_thread
    return await future
           ^^^^^^^^^^^^
  File "/home/hongb/.openclaw/workspace/filebot/backend/venv/lib/python3.12/site-packages/anyio/_backends/_asyncio.py", line 986, in run
    result = context.run(func, *args)
             ^^^^^^^^^^^^^^^^^^^^^^^^
  File "/home/hongb/.openclaw/workspace/filebot/backend/app/routers/documents.py", line 249, in get_documents
    documents = query.offset(skip).limit(limit).all()
                ^^^^^^^^^^^^^^^^^^^^^^^^^^^^^^^^^^^^^
  File "/home/hongb/.openclaw/workspace/filebot/backend/venv/lib/python3.12/site-packages/sqlalchemy/orm/query.py", line 2704, in all
    return self._iter().all()  # type: ignore
           ^^^^^^^^^^^^^^^^^^
  File "/home/hongb/.openclaw/workspace/filebot/backend/venv/lib/python3.12/site-packages/sqlalchemy/engine/result.py", line 1786, in all
    return self._allrows()
           ^^^^^^^^^^^^^^^
  File "/home/hongb/.openclaw/workspace/filebot/backend/venv/lib/python3.12/site-packages/sqlalchemy/engine/result.py", line 560, in _allrows
    rows = self._fetchall_impl()
           ^^^^^^^^^^^^^^^^^^^^^
  File "/home/hongb/.openclaw/workspace/filebot/backend/venv/lib/python3.12/site-packages/sqlalchemy/engine/result.py", line 1693, in _fetchall_impl
    return self._real_result._fetchall_impl()
           ^^^^^^^^^^^^^^^^^^^^^^^^^^^^^^^^^^
  File "/home/hongb/.openclaw/workspace/filebot/backend/venv/lib/python3.12/site-packages/sqlalchemy/engine/result.py", line 2287, in _fetchall_impl
    return list(self.iterator)
           ^^^^^^^^^^^^^^^^^^^
  File "/home/hongb/.openclaw/workspace/filebot/backend/venv/lib/python3.12/site-packages/sqlalchemy/orm/loading.py", line 220, in chunks
    fetch = cursor._raw_all_rows()
            ^^^^^^^^^^^^^^^^^^^^^^
  File "/home/hongb/.openclaw/workspace/filebot/backend/venv/lib/python3.12/site-packages/sqlalchemy/engine/result.py", line 553, in _raw_all_rows
    return [make_row(row) for row in rows]
            ^^^^^^^^^^^^^
  File "lib/sqlalchemy/cyextension/resultproxy.pyx", line 22, in sqlalchemy.cyextension.resultproxy.BaseRow.__init__
  File "lib/sqlalchemy/cyextension/resultproxy.pyx", line 79, in sqlalchemy.cyextension.resultproxy._apply_processors
  File "/home/hongb/.openclaw/workspace/filebot/backend/venv/lib/python3.12/site-packages/sqlalchemy/sql/sqltypes.py", line 1829, in process
    value = self._object_value_for_elem(value)
            ^^^^^^^^^^^^^^^^^^^^^^^^^^^^^^^^^^
  File "/home/hongb/.openclaw/workspace/filebot/backend/venv/lib/python3.12/site-packages/sqlalchemy/sql/sqltypes.py", line 1711, in _object_value_for_elem
    raise LookupError(
LookupError: 'MULTIPAGE' is not among the defined enum values. Enum name: filetype. Possible values: TIFF, PDF, DOC, ..., OTHER
INFO:     127.0.0.1:48970 - "GET /api/v1/documents/ HTTP/1.1" 500 Internal Server Error
ERROR:    Exception in ASGI application
Traceback (most recent call last):
  File "/home/hongb/.openclaw/workspace/filebot/backend/venv/lib/python3.12/site-packages/sqlalchemy/sql/sqltypes.py", line 1709, in _object_value_for_elem
    return self._object_lookup[elem]  # type: ignore[return-value]
           ~~~~~~~~~~~~~~~~~~~^^^^^^
KeyError: 'MULTIPAGE'

The above exception was the direct cause of the following exception:

Traceback (most recent call last):
  File "/home/hongb/.openclaw/workspace/filebot/backend/venv/lib/python3.12/site-packages/uvicorn/protocols/http/h11_impl.py", line 410, in run_asgi
    result = await app(  # type: ignore[func-returns-value]
             ^^^^^^^^^^^^^^^^^^^^^^^^^^^^^^^^^^^^^^^^^^^^^^
  File "/home/hongb/.openclaw/workspace/filebot/backend/venv/lib/python3.12/site-packages/uvicorn/middleware/proxy_headers.py", line 60, in __call__
    return await self.app(scope, receive, send)
           ^^^^^^^^^^^^^^^^^^^^^^^^^^^^^^^^^^^^
  File "/home/hongb/.openclaw/workspace/filebot/backend/venv/lib/python3.12/site-packages/fastapi/applications.py", line 1160, in __call__
    await super().__call__(scope, receive, send)
  File "/home/hongb/.openclaw/workspace/filebot/backend/venv/lib/python3.12/site-packages/starlette/applications.py", line 107, in __call__
    await self.middleware_stack(scope, receive, send)
  File "/home/hongb/.openclaw/workspace/filebot/backend/venv/lib/python3.12/site-packages/starlette/middleware/errors.py", line 186, in __call__
    raise exc
  File "/home/hongb/.openclaw/workspace/filebot/backend/venv/lib/python3.12/site-packages/starlette/middleware/errors.py", line 164, in __call__
    await self.app(scope, receive, _send)
  File "/home/hongb/.openclaw/workspace/filebot/backend/venv/lib/python3.12/site-packages/starlette/middleware/cors.py", line 95, in __call__
    await self.simple_response(scope, receive, send, request_headers=headers)
  File "/home/hongb/.openclaw/workspace/filebot/backend/venv/lib/python3.12/site-packages/starlette/middleware/cors.py", line 153, in simple_response
    await self.app(scope, receive, send)
  File "/home/hongb/.openclaw/workspace/filebot/backend/venv/lib/python3.12/site-packages/starlette/middleware/exceptions.py", line 63, in __call__
    await wrap_app_handling_exceptions(self.app, conn)(scope, receive, send)
  File "/home/hongb/.openclaw/workspace/filebot/backend/venv/lib/python3.12/site-packages/starlette/_exception_handler.py", line 53, in wrapped_app
    raise exc
  File "/home/hongb/.openclaw/workspace/filebot/backend/venv/lib/python3.12/site-packages/starlette/_exception_handler.py", line 42, in wrapped_app
    await app(scope, receive, sender)
  File "/home/hongb/.openclaw/workspace/filebot/backend/venv/lib/python3.12/site-packages/fastapi/middleware/asyncexitstack.py", line 18, in __call__
    await self.app(scope, receive, send)
  File "/home/hongb/.openclaw/workspace/filebot/backend/venv/lib/python3.12/site-packages/starlette/routing.py", line 716, in __call__
    await self.middleware_stack(scope, receive, send)
  File "/home/hongb/.openclaw/workspace/filebot/backend/venv/lib/python3.12/site-packages/starlette/routing.py", line 736, in app
    await route.handle(scope, receive, send)
  File "/home/hongb/.openclaw/workspace/filebot/backend/venv/lib/python3.12/site-packages/starlette/routing.py", line 290, in handle
    await self.app(scope, receive, send)
  File "/home/hongb/.openclaw/workspace/filebot/backend/venv/lib/python3.12/site-packages/fastapi/routing.py", line 130, in app
    await wrap_app_handling_exceptions(app, request)(scope, receive, send)
  File "/home/hongb/.openclaw/workspace/filebot/backend/venv/lib/python3.12/site-packages/starlette/_exception_handler.py", line 53, in wrapped_app
    raise exc
  File "/home/hongb/.openclaw/workspace/filebot/backend/venv/lib/python3.12/site-packages/starlette/_exception_handler.py", line 42, in wrapped_app
    await app(scope, receive, sender)
  File "/home/hongb/.openclaw/workspace/filebot/backend/venv/lib/python3.12/site-packages/fastapi/routing.py", line 116, in app
    response = await f(request)
               ^^^^^^^^^^^^^^^^
  File "/home/hongb/.openclaw/workspace/filebot/backend/venv/lib/python3.12/site-packages/fastapi/routing.py", line 670, in app
    raw_response = await run_endpoint_function(
                   ^^^^^^^^^^^^^^^^^^^^^^^^^^^^
  File "/home/hongb/.openclaw/workspace/filebot/backend/venv/lib/python3.12/site-packages/fastapi/routing.py", line 326, in run_endpoint_function
    return await run_in_threadpool(dependant.call, **values)
           ^^^^^^^^^^^^^^^^^^^^^^^^^^^^^^^^^^^^^^^^^^^^^^^^^
  File "/home/hongb/.openclaw/workspace/filebot/backend/venv/lib/python3.12/site-packages/starlette/concurrency.py", line 32, in run_in_threadpool
    return await anyio.to_thread.run_sync(func)
           ^^^^^^^^^^^^^^^^^^^^^^^^^^^^^^^^^^^^
  File "/home/hongb/.openclaw/workspace/filebot/backend/venv/lib/python3.12/site-packages/anyio/to_thread.py", line 63, in run_sync
    return await get_async_backend().run_sync_in_worker_thread(
           ^^^^^^^^^^^^^^^^^^^^^^^^^^^^^^^^^^^^^^^^^^^^^^^^^^^^
  File "/home/hongb/.openclaw/workspace/filebot/backend/venv/lib/python3.12/site-packages/anyio/_backends/_asyncio.py", line 2502, in run_sync_in_worker_thread
    return await future
           ^^^^^^^^^^^^
  File "/home/hongb/.openclaw/workspace/filebot/backend/venv/lib/python3.12/site-packages/anyio/_backends/_asyncio.py", line 986, in run
    result = context.run(func, *args)
             ^^^^^^^^^^^^^^^^^^^^^^^^
  File "/home/hongb/.openclaw/workspace/filebot/backend/app/routers/documents.py", line 249, in get_documents
    documents = query.offset(skip).limit(limit).all()
                ^^^^^^^^^^^^^^^^^^^^^^^^^^^^^^^^^^^^^
  File "/home/hongb/.openclaw/workspace/filebot/backend/venv/lib/python3.12/site-packages/sqlalchemy/orm/query.py", line 2704, in all
    return self._iter().all()  # type: ignore
           ^^^^^^^^^^^^^^^^^^
  File "/home/hongb/.openclaw/workspace/filebot/backend/venv/lib/python3.12/site-packages/sqlalchemy/engine/result.py", line 1786, in all
    return self._allrows()
           ^^^^^^^^^^^^^^^
  File "/home/hongb/.openclaw/workspace/filebot/backend/venv/lib/python3.12/site-packages/sqlalchemy/engine/result.py", line 560, in _allrows
    rows = self._fetchall_impl()
           ^^^^^^^^^^^^^^^^^^^^^
  File "/home/hongb/.openclaw/workspace/filebot/backend/venv/lib/python3.12/site-packages/sqlalchemy/engine/result.py", line 1693, in _fetchall_impl
    return self._real_result._fetchall_impl()
           ^^^^^^^^^^^^^^^^^^^^^^^^^^^^^^^^^^
  File "/home/hongb/.openclaw/workspace/filebot/backend/venv/lib/python3.12/site-packages/sqlalchemy/engine/result.py", line 2287, in _fetchall_impl
    return list(self.iterator)
           ^^^^^^^^^^^^^^^^^^^
  File "/home/hongb/.openclaw/workspace/filebot/backend/venv/lib/python3.12/site-packages/sqlalchemy/orm/loading.py", line 220, in chunks
    fetch = cursor._raw_all_rows()
            ^^^^^^^^^^^^^^^^^^^^^^
  File "/home/hongb/.openclaw/workspace/filebot/backend/venv/lib/python3.12/site-packages/sqlalchemy/engine/result.py", line 553, in _raw_all_rows
    return [make_row(row) for row in rows]
            ^^^^^^^^^^^^^
  File "lib/sqlalchemy/cyextension/resultproxy.pyx", line 22, in sqlalchemy.cyextension.resultproxy.BaseRow.__init__
  File "lib/sqlalchemy/cyextension/resultproxy.pyx", line 79, in sqlalchemy.cyextension.resultproxy._apply_processors
  File "/home/hongb/.openclaw/workspace/filebot/backend/venv/lib/python3.12/site-packages/sqlalchemy/sql/sqltypes.py", line 1829, in process
    value = self._object_value_for_elem(value)
            ^^^^^^^^^^^^^^^^^^^^^^^^^^^^^^^^^^
  File "/home/hongb/.openclaw/workspace/filebot/backend/venv/lib/python3.12/site-packages/sqlalchemy/sql/sqltypes.py", line 1711, in _object_value_for_elem
    raise LookupError(
LookupError: 'MULTIPAGE' is not among the defined enum values. Enum name: filetype. Possible values: TIFF, PDF, DOC, ..., OTHER
INFO:     127.0.0.1:48982 - "GET /api/v1/documents/ HTTP/1.1" 500 Internal Server Error
ERROR:    Exception in ASGI application
Traceback (most recent call last):
  File "/home/hongb/.openclaw/workspace/filebot/backend/venv/lib/python3.12/site-packages/sqlalchemy/sql/sqltypes.py", line 1709, in _object_value_for_elem
    return self._object_lookup[elem]  # type: ignore[return-value]
           ~~~~~~~~~~~~~~~~~~~^^^^^^
KeyError: 'MULTIPAGE'

The above exception was the direct cause of the following exception:

Traceback (most recent call last):
  File "/home/hongb/.openclaw/workspace/filebot/backend/venv/lib/python3.12/site-packages/uvicorn/protocols/http/h11_impl.py", line 410, in run_asgi
    result = await app(  # type: ignore[func-returns-value]
             ^^^^^^^^^^^^^^^^^^^^^^^^^^^^^^^^^^^^^^^^^^^^^^
  File "/home/hongb/.openclaw/workspace/filebot/backend/venv/lib/python3.12/site-packages/uvicorn/middleware/proxy_headers.py", line 60, in __call__
    return await self.app(scope, receive, send)
           ^^^^^^^^^^^^^^^^^^^^^^^^^^^^^^^^^^^^
  File "/home/hongb/.openclaw/workspace/filebot/backend/venv/lib/python3.12/site-packages/fastapi/applications.py", line 1160, in __call__
    await super().__call__(scope, receive, send)
  File "/home/hongb/.openclaw/workspace/filebot/backend/venv/lib/python3.12/site-packages/starlette/applications.py", line 107, in __call__
    await self.middleware_stack(scope, receive, send)
  File "/home/hongb/.openclaw/workspace/filebot/backend/venv/lib/python3.12/site-packages/starlette/middleware/errors.py", line 186, in __call__
    raise exc
  File "/home/hongb/.openclaw/workspace/filebot/backend/venv/lib/python3.12/site-packages/starlette/middleware/errors.py", line 164, in __call__
    await self.app(scope, receive, _send)
  File "/home/hongb/.openclaw/workspace/filebot/backend/venv/lib/python3.12/site-packages/starlette/middleware/cors.py", line 95, in __call__
    await self.simple_response(scope, receive, send, request_headers=headers)
  File "/home/hongb/.openclaw/workspace/filebot/backend/venv/lib/python3.12/site-packages/starlette/middleware/cors.py", line 153, in simple_response
    await self.app(scope, receive, send)
  File "/home/hongb/.openclaw/workspace/filebot/backend/venv/lib/python3.12/site-packages/starlette/middleware/exceptions.py", line 63, in __call__
    await wrap_app_handling_exceptions(self.app, conn)(scope, receive, send)
  File "/home/hongb/.openclaw/workspace/filebot/backend/venv/lib/python3.12/site-packages/starlette/_exception_handler.py", line 53, in wrapped_app
    raise exc
  File "/home/hongb/.openclaw/workspace/filebot/backend/venv/lib/python3.12/site-packages/starlette/_exception_handler.py", line 42, in wrapped_app
    await app(scope, receive, sender)
  File "/home/hongb/.openclaw/workspace/filebot/backend/venv/lib/python3.12/site-packages/fastapi/middleware/asyncexitstack.py", line 18, in __call__
    await self.app(scope, receive, send)
  File "/home/hongb/.openclaw/workspace/filebot/backend/venv/lib/python3.12/site-packages/starlette/routing.py", line 716, in __call__
    await self.middleware_stack(scope, receive, send)
  File "/home/hongb/.openclaw/workspace/filebot/backend/venv/lib/python3.12/site-packages/starlette/routing.py", line 736, in app
    await route.handle(scope, receive, send)
  File "/home/hongb/.openclaw/workspace/filebot/backend/venv/lib/python3.12/site-packages/starlette/routing.py", line 290, in handle
    await self.app(scope, receive, send)
  File "/home/hongb/.openclaw/workspace/filebot/backend/venv/lib/python3.12/site-packages/fastapi/routing.py", line 130, in app
    await wrap_app_handling_exceptions(app, request)(scope, receive, send)
  File "/home/hongb/.openclaw/workspace/filebot/backend/venv/lib/python3.12/site-packages/starlette/_exception_handler.py", line 53, in wrapped_app
    raise exc
  File "/home/hongb/.openclaw/workspace/filebot/backend/venv/lib/python3.12/site-packages/starlette/_exception_handler.py", line 42, in wrapped_app
    await app(scope, receive, sender)
  File "/home/hongb/.openclaw/workspace/filebot/backend/venv/lib/python3.12/site-packages/fastapi/routing.py", line 116, in app
    response = await f(request)
               ^^^^^^^^^^^^^^^^
  File "/home/hongb/.openclaw/workspace/filebot/backend/venv/lib/python3.12/site-packages/fastapi/routing.py", line 670, in app
    raw_response = await run_endpoint_function(
                   ^^^^^^^^^^^^^^^^^^^^^^^^^^^^
  File "/home/hongb/.openclaw/workspace/filebot/backend/venv/lib/python3.12/site-packages/fastapi/routing.py", line 326, in run_endpoint_function
    return await run_in_threadpool(dependant.call, **values)
           ^^^^^^^^^^^^^^^^^^^^^^^^^^^^^^^^^^^^^^^^^^^^^^^^^
  File "/home/hongb/.openclaw/workspace/filebot/backend/venv/lib/python3.12/site-packages/starlette/concurrency.py", line 32, in run_in_threadpool
    return await anyio.to_thread.run_sync(func)
           ^^^^^^^^^^^^^^^^^^^^^^^^^^^^^^^^^^^^
  File "/home/hongb/.openclaw/workspace/filebot/backend/venv/lib/python3.12/site-packages/anyio/to_thread.py", line 63, in run_sync
    return await get_async_backend().run_sync_in_worker_thread(
           ^^^^^^^^^^^^^^^^^^^^^^^^^^^^^^^^^^^^^^^^^^^^^^^^^^^^
  File "/home/hongb/.openclaw/workspace/filebot/backend/venv/lib/python3.12/site-packages/anyio/_backends/_asyncio.py", line 2502, in run_sync_in_worker_thread
    return await future
           ^^^^^^^^^^^^
  File "/home/hongb/.openclaw/workspace/filebot/backend/venv/lib/python3.12/site-packages/anyio/_backends/_asyncio.py", line 986, in run
    result = context.run(func, *args)
             ^^^^^^^^^^^^^^^^^^^^^^^^
  File "/home/hongb/.openclaw/workspace/filebot/backend/app/routers/documents.py", line 249, in get_documents
    documents = query.offset(skip).limit(limit).all()
                ^^^^^^^^^^^^^^^^^^^^^^^^^^^^^^^^^^^^^
  File "/home/hongb/.openclaw/workspace/filebot/backend/venv/lib/python3.12/site-packages/sqlalchemy/orm/query.py", line 2704, in all
    return self._iter().all()  # type: ignore
           ^^^^^^^^^^^^^^^^^^
  File "/home/hongb/.openclaw/workspace/filebot/backend/venv/lib/python3.12/site-packages/sqlalchemy/engine/result.py", line 1786, in all
    return self._allrows()
           ^^^^^^^^^^^^^^^
  File "/home/hongb/.openclaw/workspace/filebot/backend/venv/lib/python3.12/site-packages/sqlalchemy/engine/result.py", line 560, in _allrows
    rows = self._fetchall_impl()
           ^^^^^^^^^^^^^^^^^^^^^
  File "/home/hongb/.openclaw/workspace/filebot/backend/venv/lib/python3.12/site-packages/sqlalchemy/engine/result.py", line 1693, in _fetchall_impl
    return self._real_result._fetchall_impl()
           ^^^^^^^^^^^^^^^^^^^^^^^^^^^^^^^^^^
  File "/home/hongb/.openclaw/workspace/filebot/backend/venv/lib/python3.12/site-packages/sqlalchemy/engine/result.py", line 2287, in _fetchall_impl
    return list(self.iterator)
           ^^^^^^^^^^^^^^^^^^^
  File "/home/hongb/.openclaw/workspace/filebot/backend/venv/lib/python3.12/site-packages/sqlalchemy/orm/loading.py", line 220, in chunks
    fetch = cursor._raw_all_rows()
            ^^^^^^^^^^^^^^^^^^^^^^
  File "/home/hongb/.openclaw/workspace/filebot/backend/venv/lib/python3.12/site-packages/sqlalchemy/engine/result.py", line 553, in _raw_all_rows
    return [make_row(row) for row in rows]
            ^^^^^^^^^^^^^
  File "lib/sqlalchemy/cyextension/resultproxy.pyx", line 22, in sqlalchemy.cyextension.resultproxy.BaseRow.__init__
  File "lib/sqlalchemy/cyextension/resultproxy.pyx", line 79, in sqlalchemy.cyextension.resultproxy._apply_processors
  File "/home/hongb/.openclaw/workspace/filebot/backend/venv/lib/python3.12/site-packages/sqlalchemy/sql/sqltypes.py", line 1829, in process
    value = self._object_value_for_elem(value)
            ^^^^^^^^^^^^^^^^^^^^^^^^^^^^^^^^^^
  File "/home/hongb/.openclaw/workspace/filebot/backend/venv/lib/python3.12/site-packages/sqlalchemy/sql/sqltypes.py", line 1711, in _object_value_for_elem
    raise LookupError(
LookupError: 'MULTIPAGE' is not among the defined enum values. Enum name: filetype. Possible values: TIFF, PDF, DOC, ..., OTHER
INFO:     127.0.0.1:48986 - "GET /api/v1/documents/ HTTP/1.1" 500 Internal Server Error
ERROR:    Exception in ASGI application
Traceback (most recent call last):
  File "/home/hongb/.openclaw/workspace/filebot/backend/venv/lib/python3.12/site-packages/sqlalchemy/sql/sqltypes.py", line 1709, in _object_value_for_elem
    return self._object_lookup[elem]  # type: ignore[return-value]
           ~~~~~~~~~~~~~~~~~~~^^^^^^
KeyError: 'MULTIPAGE'

The above exception was the direct cause of the following exception:

Traceback (most recent call last):
  File "/home/hongb/.openclaw/workspace/filebot/backend/venv/lib/python3.12/site-packages/uvicorn/protocols/http/h11_impl.py", line 410, in run_asgi
    result = await app(  # type: ignore[func-returns-value]
             ^^^^^^^^^^^^^^^^^^^^^^^^^^^^^^^^^^^^^^^^^^^^^^
  File "/home/hongb/.openclaw/workspace/filebot/backend/venv/lib/python3.12/site-packages/uvicorn/middleware/proxy_headers.py", line 60, in __call__
    return await self.app(scope, receive, send)
           ^^^^^^^^^^^^^^^^^^^^^^^^^^^^^^^^^^^^
  File "/home/hongb/.openclaw/workspace/filebot/backend/venv/lib/python3.12/site-packages/fastapi/applications.py", line 1160, in __call__
    await super().__call__(scope, receive, send)
  File "/home/hongb/.openclaw/workspace/filebot/backend/venv/lib/python3.12/site-packages/starlette/applications.py", line 107, in __call__
    await self.middleware_stack(scope, receive, send)
  File "/home/hongb/.openclaw/workspace/filebot/backend/venv/lib/python3.12/site-packages/starlette/middleware/errors.py", line 186, in __call__
    raise exc
  File "/home/hongb/.openclaw/workspace/filebot/backend/venv/lib/python3.12/site-packages/starlette/middleware/errors.py", line 164, in __call__
    await self.app(scope, receive, _send)
  File "/home/hongb/.openclaw/workspace/filebot/backend/venv/lib/python3.12/site-packages/starlette/middleware/cors.py", line 95, in __call__
    await self.simple_response(scope, receive, send, request_headers=headers)
  File "/home/hongb/.openclaw/workspace/filebot/backend/venv/lib/python3.12/site-packages/starlette/middleware/cors.py", line 153, in simple_response
    await self.app(scope, receive, send)
  File "/home/hongb/.openclaw/workspace/filebot/backend/venv/lib/python3.12/site-packages/starlette/middleware/exceptions.py", line 63, in __call__
    await wrap_app_handling_exceptions(self.app, conn)(scope, receive, send)
  File "/home/hongb/.openclaw/workspace/filebot/backend/venv/lib/python3.12/site-packages/starlette/_exception_handler.py", line 53, in wrapped_app
    raise exc
  File "/home/hongb/.openclaw/workspace/filebot/backend/venv/lib/python3.12/site-packages/starlette/_exception_handler.py", line 42, in wrapped_app
    await app(scope, receive, sender)
  File "/home/hongb/.openclaw/workspace/filebot/backend/venv/lib/python3.12/site-packages/fastapi/middleware/asyncexitstack.py", line 18, in __call__
    await self.app(scope, receive, send)
  File "/home/hongb/.openclaw/workspace/filebot/backend/venv/lib/python3.12/site-packages/starlette/routing.py", line 716, in __call__
    await self.middleware_stack(scope, receive, send)
  File "/home/hongb/.openclaw/workspace/filebot/backend/venv/lib/python3.12/site-packages/starlette/routing.py", line 736, in app
    await route.handle(scope, receive, send)
  File "/home/hongb/.openclaw/workspace/filebot/backend/venv/lib/python3.12/site-packages/starlette/routing.py", line 290, in handle
    await self.app(scope, receive, send)
  File "/home/hongb/.openclaw/workspace/filebot/backend/venv/lib/python3.12/site-packages/fastapi/routing.py", line 130, in app
    await wrap_app_handling_exceptions(app, request)(scope, receive, send)
  File "/home/hongb/.openclaw/workspace/filebot/backend/venv/lib/python3.12/site-packages/starlette/_exception_handler.py", line 53, in wrapped_app
    raise exc
  File "/home/hongb/.openclaw/workspace/filebot/backend/venv/lib/python3.12/site-packages/starlette/_exception_handler.py", line 42, in wrapped_app
    await app(scope, receive, sender)
  File "/home/hongb/.openclaw/workspace/filebot/backend/venv/lib/python3.12/site-packages/fastapi/routing.py", line 116, in app
    response = await f(request)
               ^^^^^^^^^^^^^^^^
  File "/home/hongb/.openclaw/workspace/filebot/backend/venv/lib/python3.12/site-packages/fastapi/routing.py", line 670, in app
    raw_response = await run_endpoint_function(
                   ^^^^^^^^^^^^^^^^^^^^^^^^^^^^
  File "/home/hongb/.openclaw/workspace/filebot/backend/venv/lib/python3.12/site-packages/fastapi/routing.py", line 326, in run_endpoint_function
    return await run_in_threadpool(dependant.call, **values)
           ^^^^^^^^^^^^^^^^^^^^^^^^^^^^^^^^^^^^^^^^^^^^^^^^^
  File "/home/hongb/.openclaw/workspace/filebot/backend/venv/lib/python3.12/site-packages/starlette/concurrency.py", line 32, in run_in_threadpool
    return await anyio.to_thread.run_sync(func)
           ^^^^^^^^^^^^^^^^^^^^^^^^^^^^^^^^^^^^
  File "/home/hongb/.openclaw/workspace/filebot/backend/venv/lib/python3.12/site-packages/anyio/to_thread.py", line 63, in run_sync
    return await get_async_backend().run_sync_in_worker_thread(
           ^^^^^^^^^^^^^^^^^^^^^^^^^^^^^^^^^^^^^^^^^^^^^^^^^^^^
  File "/home/hongb/.openclaw/workspace/filebot/backend/venv/lib/python3.12/site-packages/anyio/_backends/_asyncio.py", line 2502, in run_sync_in_worker_thread
    return await future
           ^^^^^^^^^^^^
  File "/home/hongb/.openclaw/workspace/filebot/backend/venv/lib/python3.12/site-packages/anyio/_backends/_asyncio.py", line 986, in run
    result = context.run(func, *args)
             ^^^^^^^^^^^^^^^^^^^^^^^^
  File "/home/hongb/.openclaw/workspace/filebot/backend/app/routers/documents.py", line 249, in get_documents
    documents = query.offset(skip).limit(limit).all()
                ^^^^^^^^^^^^^^^^^^^^^^^^^^^^^^^^^^^^^
  File "/home/hongb/.openclaw/workspace/filebot/backend/venv/lib/python3.12/site-packages/sqlalchemy/orm/query.py", line 2704, in all
    return self._iter().all()  # type: ignore
           ^^^^^^^^^^^^^^^^^^
  File "/home/hongb/.openclaw/workspace/filebot/backend/venv/lib/python3.12/site-packages/sqlalchemy/engine/result.py", line 1786, in all
    return self._allrows()
           ^^^^^^^^^^^^^^^
  File "/home/hongb/.openclaw/workspace/filebot/backend/venv/lib/python3.12/site-packages/sqlalchemy/engine/result.py", line 560, in _allrows
    rows = self._fetchall_impl()
           ^^^^^^^^^^^^^^^^^^^^^
  File "/home/hongb/.openclaw/workspace/filebot/backend/venv/lib/python3.12/site-packages/sqlalchemy/engine/result.py", line 1693, in _fetchall_impl
    return self._real_result._fetchall_impl()
           ^^^^^^^^^^^^^^^^^^^^^^^^^^^^^^^^^^
  File "/home/hongb/.openclaw/workspace/filebot/backend/venv/lib/python3.12/site-packages/sqlalchemy/engine/result.py", line 2287, in _fetchall_impl
    return list(self.iterator)
           ^^^^^^^^^^^^^^^^^^^
  File "/home/hongb/.openclaw/workspace/filebot/backend/venv/lib/python3.12/site-packages/sqlalchemy/orm/loading.py", line 220, in chunks
    fetch = cursor._raw_all_rows()
            ^^^^^^^^^^^^^^^^^^^^^^
  File "/home/hongb/.openclaw/workspace/filebot/backend/venv/lib/python3.12/site-packages/sqlalchemy/engine/result.py", line 553, in _raw_all_rows
    return [make_row(row) for row in rows]
            ^^^^^^^^^^^^^
  File "lib/sqlalchemy/cyextension/resultproxy.pyx", line 22, in sqlalchemy.cyextension.resultproxy.BaseRow.__init__
  File "lib/sqlalchemy/cyextension/resultproxy.pyx", line 79, in sqlalchemy.cyextension.resultproxy._apply_processors
  File "/home/hongb/.openclaw/workspace/filebot/backend/venv/lib/python3.12/site-packages/sqlalchemy/sql/sqltypes.py", line 1829, in process
    value = self._object_value_for_elem(value)
            ^^^^^^^^^^^^^^^^^^^^^^^^^^^^^^^^^^
  File "/home/hongb/.openclaw/workspace/filebot/backend/venv/lib/python3.12/site-packages/sqlalchemy/sql/sqltypes.py", line 1711, in _object_value_for_elem
    raise LookupError(
LookupError: 'MULTIPAGE' is not among the defined enum values. Enum name: filetype. Possible values: TIFF, PDF, DOC, ..., OTHER
INFO:     127.0.0.1:52652 - "GET /api/v1/documents/ HTTP/1.1" 500 Internal Server Error
ERROR:    Exception in ASGI application
Traceback (most recent call last):
  File "/home/hongb/.openclaw/workspace/filebot/backend/venv/lib/python3.12/site-packages/sqlalchemy/sql/sqltypes.py", line 1709, in _object_value_for_elem
    return self._object_lookup[elem]  # type: ignore[return-value]
           ~~~~~~~~~~~~~~~~~~~^^^^^^
KeyError: 'MULTIPAGE'

The above exception was the direct cause of the following exception:

Traceback (most recent call last):
  File "/home/hongb/.openclaw/workspace/filebot/backend/venv/lib/python3.12/site-packages/uvicorn/protocols/http/h11_impl.py", line 410, in run_asgi
    result = await app(  # type: ignore[func-returns-value]
             ^^^^^^^^^^^^^^^^^^^^^^^^^^^^^^^^^^^^^^^^^^^^^^
  File "/home/hongb/.openclaw/workspace/filebot/backend/venv/lib/python3.12/site-packages/uvicorn/middleware/proxy_headers.py", line 60, in __call__
    return await self.app(scope, receive, send)
           ^^^^^^^^^^^^^^^^^^^^^^^^^^^^^^^^^^^^
  File "/home/hongb/.openclaw/workspace/filebot/backend/venv/lib/python3.12/site-packages/fastapi/applications.py", line 1160, in __call__
    await super().__call__(scope, receive, send)
  File "/home/hongb/.openclaw/workspace/filebot/backend/venv/lib/python3.12/site-packages/starlette/applications.py", line 107, in __call__
    await self.middleware_stack(scope, receive, send)
  File "/home/hongb/.openclaw/workspace/filebot/backend/venv/lib/python3.12/site-packages/starlette/middleware/errors.py", line 186, in __call__
    raise exc
  File "/home/hongb/.openclaw/workspace/filebot/backend/venv/lib/python3.12/site-packages/starlette/middleware/errors.py", line 164, in __call__
    await self.app(scope, receive, _send)
  File "/home/hongb/.openclaw/workspace/filebot/backend/venv/lib/python3.12/site-packages/starlette/middleware/cors.py", line 95, in __call__
    await self.simple_response(scope, receive, send, request_headers=headers)
  File "/home/hongb/.openclaw/workspace/filebot/backend/venv/lib/python3.12/site-packages/starlette/middleware/cors.py", line 153, in simple_response
    await self.app(scope, receive, send)
  File "/home/hongb/.openclaw/workspace/filebot/backend/venv/lib/python3.12/site-packages/starlette/middleware/exceptions.py", line 63, in __call__
    await wrap_app_handling_exceptions(self.app, conn)(scope, receive, send)
  File "/home/hongb/.openclaw/workspace/filebot/backend/venv/lib/python3.12/site-packages/starlette/_exception_handler.py", line 53, in wrapped_app
    raise exc
  File "/home/hongb/.openclaw/workspace/filebot/backend/venv/lib/python3.12/site-packages/starlette/_exception_handler.py", line 42, in wrapped_app
    await app(scope, receive, sender)
  File "/home/hongb/.openclaw/workspace/filebot/backend/venv/lib/python3.12/site-packages/fastapi/middleware/asyncexitstack.py", line 18, in __call__
    await self.app(scope, receive, send)
  File "/home/hongb/.openclaw/workspace/filebot/backend/venv/lib/python3.12/site-packages/starlette/routing.py", line 716, in __call__
    await self.middleware_stack(scope, receive, send)
  File "/home/hongb/.openclaw/workspace/filebot/backend/venv/lib/python3.12/site-packages/starlette/routing.py", line 736, in app
    await route.handle(scope, receive, send)
  File "/home/hongb/.openclaw/workspace/filebot/backend/venv/lib/python3.12/site-packages/starlette/routing.py", line 290, in handle
    await self.app(scope, receive, send)
  File "/home/hongb/.openclaw/workspace/filebot/backend/venv/lib/python3.12/site-packages/fastapi/routing.py", line 130, in app
    await wrap_app_handling_exceptions(app, request)(scope, receive, send)
  File "/home/hongb/.openclaw/workspace/filebot/backend/venv/lib/python3.12/site-packages/starlette/_exception_handler.py", line 53, in wrapped_app
    raise exc
  File "/home/hongb/.openclaw/workspace/filebot/backend/venv/lib/python3.12/site-packages/starlette/_exception_handler.py", line 42, in wrapped_app
    await app(scope, receive, sender)
  File "/home/hongb/.openclaw/workspace/filebot/backend/venv/lib/python3.12/site-packages/fastapi/routing.py", line 116, in app
    response = await f(request)
               ^^^^^^^^^^^^^^^^
  File "/home/hongb/.openclaw/workspace/filebot/backend/venv/lib/python3.12/site-packages/fastapi/routing.py", line 670, in app
    raw_response = await run_endpoint_function(
                   ^^^^^^^^^^^^^^^^^^^^^^^^^^^^
  File "/home/hongb/.openclaw/workspace/filebot/backend/venv/lib/python3.12/site-packages/fastapi/routing.py", line 326, in run_endpoint_function
    return await run_in_threadpool(dependant.call, **values)
           ^^^^^^^^^^^^^^^^^^^^^^^^^^^^^^^^^^^^^^^^^^^^^^^^^
  File "/home/hongb/.openclaw/workspace/filebot/backend/venv/lib/python3.12/site-packages/starlette/concurrency.py", line 32, in run_in_threadpool
    return await anyio.to_thread.run_sync(func)
           ^^^^^^^^^^^^^^^^^^^^^^^^^^^^^^^^^^^^
  File "/home/hongb/.openclaw/workspace/filebot/backend/venv/lib/python3.12/site-packages/anyio/to_thread.py", line 63, in run_sync
    return await get_async_backend().run_sync_in_worker_thread(
           ^^^^^^^^^^^^^^^^^^^^^^^^^^^^^^^^^^^^^^^^^^^^^^^^^^^^
  File "/home/hongb/.openclaw/workspace/filebot/backend/venv/lib/python3.12/site-packages/anyio/_backends/_asyncio.py", line 2502, in run_sync_in_worker_thread
    return await future
           ^^^^^^^^^^^^
  File "/home/hongb/.openclaw/workspace/filebot/backend/venv/lib/python3.12/site-packages/anyio/_backends/_asyncio.py", line 986, in run
    result = context.run(func, *args)
             ^^^^^^^^^^^^^^^^^^^^^^^^
  File "/home/hongb/.openclaw/workspace/filebot/backend/app/routers/documents.py", line 249, in get_documents
    documents = query.offset(skip).limit(limit).all()
                ^^^^^^^^^^^^^^^^^^^^^^^^^^^^^^^^^^^^^
  File "/home/hongb/.openclaw/workspace/filebot/backend/venv/lib/python3.12/site-packages/sqlalchemy/orm/query.py", line 2704, in all
    return self._iter().all()  # type: ignore
           ^^^^^^^^^^^^^^^^^^
  File "/home/hongb/.openclaw/workspace/filebot/backend/venv/lib/python3.12/site-packages/sqlalchemy/engine/result.py", line 1786, in all
    return self._allrows()
           ^^^^^^^^^^^^^^^
  File "/home/hongb/.openclaw/workspace/filebot/backend/venv/lib/python3.12/site-packages/sqlalchemy/engine/result.py", line 560, in _allrows
    rows = self._fetchall_impl()
           ^^^^^^^^^^^^^^^^^^^^^
  File "/home/hongb/.openclaw/workspace/filebot/backend/venv/lib/python3.12/site-packages/sqlalchemy/engine/result.py", line 1693, in _fetchall_impl
    return self._real_result._fetchall_impl()
           ^^^^^^^^^^^^^^^^^^^^^^^^^^^^^^^^^^
  File "/home/hongb/.openclaw/workspace/filebot/backend/venv/lib/python3.12/site-packages/sqlalchemy/engine/result.py", line 2287, in _fetchall_impl
    return list(self.iterator)
           ^^^^^^^^^^^^^^^^^^^
  File "/home/hongb/.openclaw/workspace/filebot/backend/venv/lib/python3.12/site-packages/sqlalchemy/orm/loading.py", line 220, in chunks
    fetch = cursor._raw_all_rows()
            ^^^^^^^^^^^^^^^^^^^^^^
  File "/home/hongb/.openclaw/workspace/filebot/backend/venv/lib/python3.12/site-packages/sqlalchemy/engine/result.py", line 553, in _raw_all_rows
    return [make_row(row) for row in rows]
            ^^^^^^^^^^^^^
  File "lib/sqlalchemy/cyextension/resultproxy.pyx", line 22, in sqlalchemy.cyextension.resultproxy.BaseRow.__init__
  File "lib/sqlalchemy/cyextension/resultproxy.pyx", line 79, in sqlalchemy.cyextension.resultproxy._apply_processors
  File "/home/hongb/.openclaw/workspace/filebot/backend/venv/lib/python3.12/site-packages/sqlalchemy/sql/sqltypes.py", line 1829, in process
    value = self._object_value_for_elem(value)
            ^^^^^^^^^^^^^^^^^^^^^^^^^^^^^^^^^^
  File "/home/hongb/.openclaw/workspace/filebot/backend/venv/lib/python3.12/site-packages/sqlalchemy/sql/sqltypes.py", line 1711, in _object_value_for_elem
    raise LookupError(
LookupError: 'MULTIPAGE' is not among the defined enum values. Enum name: filetype. Possible values: TIFF, PDF, DOC, ..., OTHER
INFO:     127.0.0.1:52666 - "GET /api/v1/documents/ HTTP/1.1" 500 Internal Server Error
ERROR:    Exception in ASGI application
Traceback (most recent call last):
  File "/home/hongb/.openclaw/workspace/filebot/backend/venv/lib/python3.12/site-packages/sqlalchemy/sql/sqltypes.py", line 1709, in _object_value_for_elem
    return self._object_lookup[elem]  # type: ignore[return-value]
           ~~~~~~~~~~~~~~~~~~~^^^^^^
KeyError: 'MULTIPAGE'

The above exception was the direct cause of the following exception:

Traceback (most recent call last):
  File "/home/hongb/.openclaw/workspace/filebot/backend/venv/lib/python3.12/site-packages/uvicorn/protocols/http/h11_impl.py", line 410, in run_asgi
    result = await app(  # type: ignore[func-returns-value]
             ^^^^^^^^^^^^^^^^^^^^^^^^^^^^^^^^^^^^^^^^^^^^^^
  File "/home/hongb/.openclaw/workspace/filebot/backend/venv/lib/python3.12/site-packages/uvicorn/middleware/proxy_headers.py", line 60, in __call__
    return await self.app(scope, receive, send)
           ^^^^^^^^^^^^^^^^^^^^^^^^^^^^^^^^^^^^
  File "/home/hongb/.openclaw/workspace/filebot/backend/venv/lib/python3.12/site-packages/fastapi/applications.py", line 1160, in __call__
    await super().__call__(scope, receive, send)
  File "/home/hongb/.openclaw/workspace/filebot/backend/venv/lib/python3.12/site-packages/starlette/applications.py", line 107, in __call__
    await self.middleware_stack(scope, receive, send)
  File "/home/hongb/.openclaw/workspace/filebot/backend/venv/lib/python3.12/site-packages/starlette/middleware/errors.py", line 186, in __call__
    raise exc
  File "/home/hongb/.openclaw/workspace/filebot/backend/venv/lib/python3.12/site-packages/starlette/middleware/errors.py", line 164, in __call__
    await self.app(scope, receive, _send)
  File "/home/hongb/.openclaw/workspace/filebot/backend/venv/lib/python3.12/site-packages/starlette/middleware/cors.py", line 95, in __call__
    await self.simple_response(scope, receive, send, request_headers=headers)
  File "/home/hongb/.openclaw/workspace/filebot/backend/venv/lib/python3.12/site-packages/starlette/middleware/cors.py", line 153, in simple_response
    await self.app(scope, receive, send)
  File "/home/hongb/.openclaw/workspace/filebot/backend/venv/lib/python3.12/site-packages/starlette/middleware/exceptions.py", line 63, in __call__
    await wrap_app_handling_exceptions(self.app, conn)(scope, receive, send)
  File "/home/hongb/.openclaw/workspace/filebot/backend/venv/lib/python3.12/site-packages/starlette/_exception_handler.py", line 53, in wrapped_app
    raise exc
  File "/home/hongb/.openclaw/workspace/filebot/backend/venv/lib/python3.12/site-packages/starlette/_exception_handler.py", line 42, in wrapped_app
    await app(scope, receive, sender)
  File "/home/hongb/.openclaw/workspace/filebot/backend/venv/lib/python3.12/site-packages/fastapi/middleware/asyncexitstack.py", line 18, in __call__
    await self.app(scope, receive, send)
  File "/home/hongb/.openclaw/workspace/filebot/backend/venv/lib/python3.12/site-packages/starlette/routing.py", line 716, in __call__
    await self.middleware_stack(scope, receive, send)
  File "/home/hongb/.openclaw/workspace/filebot/backend/venv/lib/python3.12/site-packages/starlette/routing.py", line 736, in app
    await route.handle(scope, receive, send)
  File "/home/hongb/.openclaw/workspace/filebot/backend/venv/lib/python3.12/site-packages/starlette/routing.py", line 290, in handle
    await self.app(scope, receive, send)
  File "/home/hongb/.openclaw/workspace/filebot/backend/venv/lib/python3.12/site-packages/fastapi/routing.py", line 130, in app
    await wrap_app_handling_exceptions(app, request)(scope, receive, send)
  File "/home/hongb/.openclaw/workspace/filebot/backend/venv/lib/python3.12/site-packages/starlette/_exception_handler.py", line 53, in wrapped_app
    raise exc
  File "/home/hongb/.openclaw/workspace/filebot/backend/venv/lib/python3.12/site-packages/starlette/_exception_handler.py", line 42, in wrapped_app
    await app(scope, receive, sender)
  File "/home/hongb/.openclaw/workspace/filebot/backend/venv/lib/python3.12/site-packages/fastapi/routing.py", line 116, in app
    response = await f(request)
               ^^^^^^^^^^^^^^^^
  File "/home/hongb/.openclaw/workspace/filebot/backend/venv/lib/python3.12/site-packages/fastapi/routing.py", line 670, in app
    raw_response = await run_endpoint_function(
                   ^^^^^^^^^^^^^^^^^^^^^^^^^^^^
  File "/home/hongb/.openclaw/workspace/filebot/backend/venv/lib/python3.12/site-packages/fastapi/routing.py", line 326, in run_endpoint_function
    return await run_in_threadpool(dependant.call, **values)
           ^^^^^^^^^^^^^^^^^^^^^^^^^^^^^^^^^^^^^^^^^^^^^^^^^
  File "/home/hongb/.openclaw/workspace/filebot/backend/venv/lib/python3.12/site-packages/starlette/concurrency.py", line 32, in run_in_threadpool
    return await anyio.to_thread.run_sync(func)
           ^^^^^^^^^^^^^^^^^^^^^^^^^^^^^^^^^^^^
  File "/home/hongb/.openclaw/workspace/filebot/backend/venv/lib/python3.12/site-packages/anyio/to_thread.py", line 63, in run_sync
    return await get_async_backend().run_sync_in_worker_thread(
           ^^^^^^^^^^^^^^^^^^^^^^^^^^^^^^^^^^^^^^^^^^^^^^^^^^^^
  File "/home/hongb/.openclaw/workspace/filebot/backend/venv/lib/python3.12/site-packages/anyio/_backends/_asyncio.py", line 2502, in run_sync_in_worker_thread
    return await future
           ^^^^^^^^^^^^
  File "/home/hongb/.openclaw/workspace/filebot/backend/venv/lib/python3.12/site-packages/anyio/_backends/_asyncio.py", line 986, in run
    result = context.run(func, *args)
             ^^^^^^^^^^^^^^^^^^^^^^^^
  File "/home/hongb/.openclaw/workspace/filebot/backend/app/routers/documents.py", line 249, in get_documents
    documents = query.offset(skip).limit(limit).all()
                ^^^^^^^^^^^^^^^^^^^^^^^^^^^^^^^^^^^^^
  File "/home/hongb/.openclaw/workspace/filebot/backend/venv/lib/python3.12/site-packages/sqlalchemy/orm/query.py", line 2704, in all
    return self._iter().all()  # type: ignore
           ^^^^^^^^^^^^^^^^^^
  File "/home/hongb/.openclaw/workspace/filebot/backend/venv/lib/python3.12/site-packages/sqlalchemy/engine/result.py", line 1786, in all
    return self._allrows()
           ^^^^^^^^^^^^^^^
  File "/home/hongb/.openclaw/workspace/filebot/backend/venv/lib/python3.12/site-packages/sqlalchemy/engine/result.py", line 560, in _allrows
    rows = self._fetchall_impl()
           ^^^^^^^^^^^^^^^^^^^^^
  File "/home/hongb/.openclaw/workspace/filebot/backend/venv/lib/python3.12/site-packages/sqlalchemy/engine/result.py", line 1693, in _fetchall_impl
    return self._real_result._fetchall_impl()
           ^^^^^^^^^^^^^^^^^^^^^^^^^^^^^^^^^^
  File "/home/hongb/.openclaw/workspace/filebot/backend/venv/lib/python3.12/site-packages/sqlalchemy/engine/result.py", line 2287, in _fetchall_impl
    return list(self.iterator)
           ^^^^^^^^^^^^^^^^^^^
  File "/home/hongb/.openclaw/workspace/filebot/backend/venv/lib/python3.12/site-packages/sqlalchemy/orm/loading.py", line 220, in chunks
    fetch = cursor._raw_all_rows()
            ^^^^^^^^^^^^^^^^^^^^^^
  File "/home/hongb/.openclaw/workspace/filebot/backend/venv/lib/python3.12/site-packages/sqlalchemy/engine/result.py", line 553, in _raw_all_rows
    return [make_row(row) for row in rows]
            ^^^^^^^^^^^^^
  File "lib/sqlalchemy/cyextension/resultproxy.pyx", line 22, in sqlalchemy.cyextension.resultproxy.BaseRow.__init__
  File "lib/sqlalchemy/cyextension/resultproxy.pyx", line 79, in sqlalchemy.cyextension.resultproxy._apply_processors
  File "/home/hongb/.openclaw/workspace/filebot/backend/venv/lib/python3.12/site-packages/sqlalchemy/sql/sqltypes.py", line 1829, in process
    value = self._object_value_for_elem(value)
            ^^^^^^^^^^^^^^^^^^^^^^^^^^^^^^^^^^
  File "/home/hongb/.openclaw/workspace/filebot/backend/venv/lib/python3.12/site-packages/sqlalchemy/sql/sqltypes.py", line 1711, in _object_value_for_elem
    raise LookupError(
LookupError: 'MULTIPAGE' is not among the defined enum values. Enum name: filetype. Possible values: TIFF, PDF, DOC, ..., OTHER
INFO:     127.0.0.1:38198 - "OPTIONS /api/v1/documents/ HTTP/1.1" 200 OK
INFO:     127.0.0.1:38202 - "OPTIONS /api/v1/documents/ HTTP/1.1" 200 OK
INFO:     127.0.0.1:38202 - "GET /api/v1/documents/ HTTP/1.1" 500 Internal Server Error
ERROR:    Exception in ASGI application
Traceback (most recent call last):
  File "/home/hongb/.openclaw/workspace/filebot/backend/venv/lib/python3.12/site-packages/sqlalchemy/sql/sqltypes.py", line 1709, in _object_value_for_elem
    return self._object_lookup[elem]  # type: ignore[return-value]
           ~~~~~~~~~~~~~~~~~~~^^^^^^
KeyError: 'MULTIPAGE'

The above exception was the direct cause of the following exception:

Traceback (most recent call last):
  File "/home/hongb/.openclaw/workspace/filebot/backend/venv/lib/python3.12/site-packages/uvicorn/protocols/http/h11_impl.py", line 410, in run_asgi
    result = await app(  # type: ignore[func-returns-value]
             ^^^^^^^^^^^^^^^^^^^^^^^^^^^^^^^^^^^^^^^^^^^^^^
  File "/home/hongb/.openclaw/workspace/filebot/backend/venv/lib/python3.12/site-packages/uvicorn/middleware/proxy_headers.py", line 60, in __call__
    return await self.app(scope, receive, send)
           ^^^^^^^^^^^^^^^^^^^^^^^^^^^^^^^^^^^^
  File "/home/hongb/.openclaw/workspace/filebot/backend/venv/lib/python3.12/site-packages/fastapi/applications.py", line 1160, in __call__
    await super().__call__(scope, receive, send)
  File "/home/hongb/.openclaw/workspace/filebot/backend/venv/lib/python3.12/site-packages/starlette/applications.py", line 107, in __call__
    await self.middleware_stack(scope, receive, send)
  File "/home/hongb/.openclaw/workspace/filebot/backend/venv/lib/python3.12/site-packages/starlette/middleware/errors.py", line 186, in __call__
    raise exc
  File "/home/hongb/.openclaw/workspace/filebot/backend/venv/lib/python3.12/site-packages/starlette/middleware/errors.py", line 164, in __call__
    await self.app(scope, receive, _send)
  File "/home/hongb/.openclaw/workspace/filebot/backend/venv/lib/python3.12/site-packages/starlette/middleware/cors.py", line 95, in __call__
    await self.simple_response(scope, receive, send, request_headers=headers)
  File "/home/hongb/.openclaw/workspace/filebot/backend/venv/lib/python3.12/site-packages/starlette/middleware/cors.py", line 153, in simple_response
    await self.app(scope, receive, send)
  File "/home/hongb/.openclaw/workspace/filebot/backend/venv/lib/python3.12/site-packages/starlette/middleware/exceptions.py", line 63, in __call__
    await wrap_app_handling_exceptions(self.app, conn)(scope, receive, send)
  File "/home/hongb/.openclaw/workspace/filebot/backend/venv/lib/python3.12/site-packages/starlette/_exception_handler.py", line 53, in wrapped_app
    raise exc
  File "/home/hongb/.openclaw/workspace/filebot/backend/venv/lib/python3.12/site-packages/starlette/_exception_handler.py", line 42, in wrapped_app
    await app(scope, receive, sender)
  File "/home/hongb/.openclaw/workspace/filebot/backend/venv/lib/python3.12/site-packages/fastapi/middleware/asyncexitstack.py", line 18, in __call__
    await self.app(scope, receive, send)
  File "/home/hongb/.openclaw/workspace/filebot/backend/venv/lib/python3.12/site-packages/starlette/routing.py", line 716, in __call__
    await self.middleware_stack(scope, receive, send)
  File "/home/hongb/.openclaw/workspace/filebot/backend/venv/lib/python3.12/site-packages/starlette/routing.py", line 736, in app
    await route.handle(scope, receive, send)
  File "/home/hongb/.openclaw/workspace/filebot/backend/venv/lib/python3.12/site-packages/starlette/routing.py", line 290, in handle
    await self.app(scope, receive, send)
  File "/home/hongb/.openclaw/workspace/filebot/backend/venv/lib/python3.12/site-packages/fastapi/routing.py", line 130, in app
    await wrap_app_handling_exceptions(app, request)(scope, receive, send)
  File "/home/hongb/.openclaw/workspace/filebot/backend/venv/lib/python3.12/site-packages/starlette/_exception_handler.py", line 53, in wrapped_app
    raise exc
  File "/home/hongb/.openclaw/workspace/filebot/backend/venv/lib/python3.12/site-packages/starlette/_exception_handler.py", line 42, in wrapped_app
    await app(scope, receive, sender)
  File "/home/hongb/.openclaw/workspace/filebot/backend/venv/lib/python3.12/site-packages/fastapi/routing.py", line 116, in app
    response = await f(request)
               ^^^^^^^^^^^^^^^^
  File "/home/hongb/.openclaw/workspace/filebot/backend/venv/lib/python3.12/site-packages/fastapi/routing.py", line 670, in app
    raw_response = await run_endpoint_function(
                   ^^^^^^^^^^^^^^^^^^^^^^^^^^^^
  File "/home/hongb/.openclaw/workspace/filebot/backend/venv/lib/python3.12/site-packages/fastapi/routing.py", line 326, in run_endpoint_function
    return await run_in_threadpool(dependant.call, **values)
           ^^^^^^^^^^^^^^^^^^^^^^^^^^^^^^^^^^^^^^^^^^^^^^^^^
  File "/home/hongb/.openclaw/workspace/filebot/backend/venv/lib/python3.12/site-packages/starlette/concurrency.py", line 32, in run_in_threadpool
    return await anyio.to_thread.run_sync(func)
           ^^^^^^^^^^^^^^^^^^^^^^^^^^^^^^^^^^^^
  File "/home/hongb/.openclaw/workspace/filebot/backend/venv/lib/python3.12/site-packages/anyio/to_thread.py", line 63, in run_sync
    return await get_async_backend().run_sync_in_worker_thread(
           ^^^^^^^^^^^^^^^^^^^^^^^^^^^^^^^^^^^^^^^^^^^^^^^^^^^^
  File "/home/hongb/.openclaw/workspace/filebot/backend/venv/lib/python3.12/site-packages/anyio/_backends/_asyncio.py", line 2502, in run_sync_in_worker_thread
    return await future
           ^^^^^^^^^^^^
  File "/home/hongb/.openclaw/workspace/filebot/backend/venv/lib/python3.12/site-packages/anyio/_backends/_asyncio.py", line 986, in run
    result = context.run(func, *args)
             ^^^^^^^^^^^^^^^^^^^^^^^^
  File "/home/hongb/.openclaw/workspace/filebot/backend/app/routers/documents.py", line 249, in get_documents
    documents = query.offset(skip).limit(limit).all()
                ^^^^^^^^^^^^^^^^^^^^^^^^^^^^^^^^^^^^^
  File "/home/hongb/.openclaw/workspace/filebot/backend/venv/lib/python3.12/site-packages/sqlalchemy/orm/query.py", line 2704, in all
    return self._iter().all()  # type: ignore
           ^^^^^^^^^^^^^^^^^^
  File "/home/hongb/.openclaw/workspace/filebot/backend/venv/lib/python3.12/site-packages/sqlalchemy/engine/result.py", line 1786, in all
    return self._allrows()
           ^^^^^^^^^^^^^^^
  File "/home/hongb/.openclaw/workspace/filebot/backend/venv/lib/python3.12/site-packages/sqlalchemy/engine/result.py", line 560, in _allrows
    rows = self._fetchall_impl()
           ^^^^^^^^^^^^^^^^^^^^^
  File "/home/hongb/.openclaw/workspace/filebot/backend/venv/lib/python3.12/site-packages/sqlalchemy/engine/result.py", line 1693, in _fetchall_impl
    return self._real_result._fetchall_impl()
           ^^^^^^^^^^^^^^^^^^^^^^^^^^^^^^^^^^
  File "/home/hongb/.openclaw/workspace/filebot/backend/venv/lib/python3.12/site-packages/sqlalchemy/engine/result.py", line 2287, in _fetchall_impl
    return list(self.iterator)
           ^^^^^^^^^^^^^^^^^^^
  File "/home/hongb/.openclaw/workspace/filebot/backend/venv/lib/python3.12/site-packages/sqlalchemy/orm/loading.py", line 220, in chunks
    fetch = cursor._raw_all_rows()
            ^^^^^^^^^^^^^^^^^^^^^^
  File "/home/hongb/.openclaw/workspace/filebot/backend/venv/lib/python3.12/site-packages/sqlalchemy/engine/result.py", line 553, in _raw_all_rows
    return [make_row(row) for row in rows]
            ^^^^^^^^^^^^^
  File "lib/sqlalchemy/cyextension/resultproxy.pyx", line 22, in sqlalchemy.cyextension.resultproxy.BaseRow.__init__
  File "lib/sqlalchemy/cyextension/resultproxy.pyx", line 79, in sqlalchemy.cyextension.resultproxy._apply_processors
  File "/home/hongb/.openclaw/workspace/filebot/backend/venv/lib/python3.12/site-packages/sqlalchemy/sql/sqltypes.py", line 1829, in process
    value = self._object_value_for_elem(value)
            ^^^^^^^^^^^^^^^^^^^^^^^^^^^^^^^^^^
  File "/home/hongb/.openclaw/workspace/filebot/backend/venv/lib/python3.12/site-packages/sqlalchemy/sql/sqltypes.py", line 1711, in _object_value_for_elem
    raise LookupError(
LookupError: 'MULTIPAGE' is not among the defined enum values. Enum name: filetype. Possible values: TIFF, PDF, DOC, ..., OTHER
INFO:     127.0.0.1:38198 - "GET /api/v1/documents/ HTTP/1.1" 500 Internal Server Error
ERROR:    Exception in ASGI application
Traceback (most recent call last):
  File "/home/hongb/.openclaw/workspace/filebot/backend/venv/lib/python3.12/site-packages/sqlalchemy/sql/sqltypes.py", line 1709, in _object_value_for_elem
    return self._object_lookup[elem]  # type: ignore[return-value]
           ~~~~~~~~~~~~~~~~~~~^^^^^^
KeyError: 'MULTIPAGE'

The above exception was the direct cause of the following exception:

Traceback (most recent call last):
  File "/home/hongb/.openclaw/workspace/filebot/backend/venv/lib/python3.12/site-packages/uvicorn/protocols/http/h11_impl.py", line 410, in run_asgi
    result = await app(  # type: ignore[func-returns-value]
             ^^^^^^^^^^^^^^^^^^^^^^^^^^^^^^^^^^^^^^^^^^^^^^
  File "/home/hongb/.openclaw/workspace/filebot/backend/venv/lib/python3.12/site-packages/uvicorn/middleware/proxy_headers.py", line 60, in __call__
    return await self.app(scope, receive, send)
           ^^^^^^^^^^^^^^^^^^^^^^^^^^^^^^^^^^^^
  File "/home/hongb/.openclaw/workspace/filebot/backend/venv/lib/python3.12/site-packages/fastapi/applications.py", line 1160, in __call__
    await super().__call__(scope, receive, send)
  File "/home/hongb/.openclaw/workspace/filebot/backend/venv/lib/python3.12/site-packages/starlette/applications.py", line 107, in __call__
    await self.middleware_stack(scope, receive, send)
  File "/home/hongb/.openclaw/workspace/filebot/backend/venv/lib/python3.12/site-packages/starlette/middleware/errors.py", line 186, in __call__
    raise exc
  File "/home/hongb/.openclaw/workspace/filebot/backend/venv/lib/python3.12/site-packages/starlette/middleware/errors.py", line 164, in __call__
    await self.app(scope, receive, _send)
  File "/home/hongb/.openclaw/workspace/filebot/backend/venv/lib/python3.12/site-packages/starlette/middleware/cors.py", line 95, in __call__
    await self.simple_response(scope, receive, send, request_headers=headers)
  File "/home/hongb/.openclaw/workspace/filebot/backend/venv/lib/python3.12/site-packages/starlette/middleware/cors.py", line 153, in simple_response
    await self.app(scope, receive, send)
  File "/home/hongb/.openclaw/workspace/filebot/backend/venv/lib/python3.12/site-packages/starlette/middleware/exceptions.py", line 63, in __call__
    await wrap_app_handling_exceptions(self.app, conn)(scope, receive, send)
  File "/home/hongb/.openclaw/workspace/filebot/backend/venv/lib/python3.12/site-packages/starlette/_exception_handler.py", line 53, in wrapped_app
    raise exc
  File "/home/hongb/.openclaw/workspace/filebot/backend/venv/lib/python3.12/site-packages/starlette/_exception_handler.py", line 42, in wrapped_app
    await app(scope, receive, sender)
  File "/home/hongb/.openclaw/workspace/filebot/backend/venv/lib/python3.12/site-packages/fastapi/middleware/asyncexitstack.py", line 18, in __call__
    await self.app(scope, receive, send)
  File "/home/hongb/.openclaw/workspace/filebot/backend/venv/lib/python3.12/site-packages/starlette/routing.py", line 716, in __call__
    await self.middleware_stack(scope, receive, send)
  File "/home/hongb/.openclaw/workspace/filebot/backend/venv/lib/python3.12/site-packages/starlette/routing.py", line 736, in app
    await route.handle(scope, receive, send)
  File "/home/hongb/.openclaw/workspace/filebot/backend/venv/lib/python3.12/site-packages/starlette/routing.py", line 290, in handle
    await self.app(scope, receive, send)
  File "/home/hongb/.openclaw/workspace/filebot/backend/venv/lib/python3.12/site-packages/fastapi/routing.py", line 130, in app
    await wrap_app_handling_exceptions(app, request)(scope, receive, send)
  File "/home/hongb/.openclaw/workspace/filebot/backend/venv/lib/python3.12/site-packages/starlette/_exception_handler.py", line 53, in wrapped_app
    raise exc
  File "/home/hongb/.openclaw/workspace/filebot/backend/venv/lib/python3.12/site-packages/starlette/_exception_handler.py", line 42, in wrapped_app
    await app(scope, receive, sender)
  File "/home/hongb/.openclaw/workspace/filebot/backend/venv/lib/python3.12/site-packages/fastapi/routing.py", line 116, in app
    response = await f(request)
               ^^^^^^^^^^^^^^^^
  File "/home/hongb/.openclaw/workspace/filebot/backend/venv/lib/python3.12/site-packages/fastapi/routing.py", line 670, in app
    raw_response = await run_endpoint_function(
                   ^^^^^^^^^^^^^^^^^^^^^^^^^^^^
  File "/home/hongb/.openclaw/workspace/filebot/backend/venv/lib/python3.12/site-packages/fastapi/routing.py", line 326, in run_endpoint_function
    return await run_in_threadpool(dependant.call, **values)
           ^^^^^^^^^^^^^^^^^^^^^^^^^^^^^^^^^^^^^^^^^^^^^^^^^
  File "/home/hongb/.openclaw/workspace/filebot/backend/venv/lib/python3.12/site-packages/starlette/concurrency.py", line 32, in run_in_threadpool
    return await anyio.to_thread.run_sync(func)
           ^^^^^^^^^^^^^^^^^^^^^^^^^^^^^^^^^^^^
  File "/home/hongb/.openclaw/workspace/filebot/backend/venv/lib/python3.12/site-packages/anyio/to_thread.py", line 63, in run_sync
    return await get_async_backend().run_sync_in_worker_thread(
           ^^^^^^^^^^^^^^^^^^^^^^^^^^^^^^^^^^^^^^^^^^^^^^^^^^^^
  File "/home/hongb/.openclaw/workspace/filebot/backend/venv/lib/python3.12/site-packages/anyio/_backends/_asyncio.py", line 2502, in run_sync_in_worker_thread
    return await future
           ^^^^^^^^^^^^
  File "/home/hongb/.openclaw/workspace/filebot/backend/venv/lib/python3.12/site-packages/anyio/_backends/_asyncio.py", line 986, in run
    result = context.run(func, *args)
             ^^^^^^^^^^^^^^^^^^^^^^^^
  File "/home/hongb/.openclaw/workspace/filebot/backend/app/routers/documents.py", line 249, in get_documents
    documents = query.offset(skip).limit(limit).all()
                ^^^^^^^^^^^^^^^^^^^^^^^^^^^^^^^^^^^^^
  File "/home/hongb/.openclaw/workspace/filebot/backend/venv/lib/python3.12/site-packages/sqlalchemy/orm/query.py", line 2704, in all
    return self._iter().all()  # type: ignore
           ^^^^^^^^^^^^^^^^^^
  File "/home/hongb/.openclaw/workspace/filebot/backend/venv/lib/python3.12/site-packages/sqlalchemy/engine/result.py", line 1786, in all
    return self._allrows()
           ^^^^^^^^^^^^^^^
  File "/home/hongb/.openclaw/workspace/filebot/backend/venv/lib/python3.12/site-packages/sqlalchemy/engine/result.py", line 560, in _allrows
    rows = self._fetchall_impl()
           ^^^^^^^^^^^^^^^^^^^^^
  File "/home/hongb/.openclaw/workspace/filebot/backend/venv/lib/python3.12/site-packages/sqlalchemy/engine/result.py", line 1693, in _fetchall_impl
    return self._real_result._fetchall_impl()
           ^^^^^^^^^^^^^^^^^^^^^^^^^^^^^^^^^^
  File "/home/hongb/.openclaw/workspace/filebot/backend/venv/lib/python3.12/site-packages/sqlalchemy/engine/result.py", line 2287, in _fetchall_impl
    return list(self.iterator)
           ^^^^^^^^^^^^^^^^^^^
  File "/home/hongb/.openclaw/workspace/filebot/backend/venv/lib/python3.12/site-packages/sqlalchemy/orm/loading.py", line 220, in chunks
    fetch = cursor._raw_all_rows()
            ^^^^^^^^^^^^^^^^^^^^^^
  File "/home/hongb/.openclaw/workspace/filebot/backend/venv/lib/python3.12/site-packages/sqlalchemy/engine/result.py", line 553, in _raw_all_rows
    return [make_row(row) for row in rows]
            ^^^^^^^^^^^^^
  File "lib/sqlalchemy/cyextension/resultproxy.pyx", line 22, in sqlalchemy.cyextension.resultproxy.BaseRow.__init__
  File "lib/sqlalchemy/cyextension/resultproxy.pyx", line 79, in sqlalchemy.cyextension.resultproxy._apply_processors
  File "/home/hongb/.openclaw/workspace/filebot/backend/venv/lib/python3.12/site-packages/sqlalchemy/sql/sqltypes.py", line 1829, in process
    value = self._object_value_for_elem(value)
            ^^^^^^^^^^^^^^^^^^^^^^^^^^^^^^^^^^
  File "/home/hongb/.openclaw/workspace/filebot/backend/venv/lib/python3.12/site-packages/sqlalchemy/sql/sqltypes.py", line 1711, in _object_value_for_elem
    raise LookupError(
LookupError: 'MULTIPAGE' is not among the defined enum values. Enum name: filetype. Possible values: TIFF, PDF, DOC, ..., OTHER
INFO:     127.0.0.1:38216 - "GET /api/v1/documents/ HTTP/1.1" 500 Internal Server Error
ERROR:    Exception in ASGI application
Traceback (most recent call last):
  File "/home/hongb/.openclaw/workspace/filebot/backend/venv/lib/python3.12/site-packages/sqlalchemy/sql/sqltypes.py", line 1709, in _object_value_for_elem
    return self._object_lookup[elem]  # type: ignore[return-value]
           ~~~~~~~~~~~~~~~~~~~^^^^^^
KeyError: 'MULTIPAGE'

The above exception was the direct cause of the following exception:

Traceback (most recent call last):
  File "/home/hongb/.openclaw/workspace/filebot/backend/venv/lib/python3.12/site-packages/uvicorn/protocols/http/h11_impl.py", line 410, in run_asgi
    result = await app(  # type: ignore[func-returns-value]
             ^^^^^^^^^^^^^^^^^^^^^^^^^^^^^^^^^^^^^^^^^^^^^^
  File "/home/hongb/.openclaw/workspace/filebot/backend/venv/lib/python3.12/site-packages/uvicorn/middleware/proxy_headers.py", line 60, in __call__
    return await self.app(scope, receive, send)
           ^^^^^^^^^^^^^^^^^^^^^^^^^^^^^^^^^^^^
  File "/home/hongb/.openclaw/workspace/filebot/backend/venv/lib/python3.12/site-packages/fastapi/applications.py", line 1160, in __call__
    await super().__call__(scope, receive, send)
  File "/home/hongb/.openclaw/workspace/filebot/backend/venv/lib/python3.12/site-packages/starlette/applications.py", line 107, in __call__
    await self.middleware_stack(scope, receive, send)
  File "/home/hongb/.openclaw/workspace/filebot/backend/venv/lib/python3.12/site-packages/starlette/middleware/errors.py", line 186, in __call__
    raise exc
  File "/home/hongb/.openclaw/workspace/filebot/backend/venv/lib/python3.12/site-packages/starlette/middleware/errors.py", line 164, in __call__
    await self.app(scope, receive, _send)
  File "/home/hongb/.openclaw/workspace/filebot/backend/venv/lib/python3.12/site-packages/starlette/middleware/cors.py", line 95, in __call__
    await self.simple_response(scope, receive, send, request_headers=headers)
  File "/home/hongb/.openclaw/workspace/filebot/backend/venv/lib/python3.12/site-packages/starlette/middleware/cors.py", line 153, in simple_response
    await self.app(scope, receive, send)
  File "/home/hongb/.openclaw/workspace/filebot/backend/venv/lib/python3.12/site-packages/starlette/middleware/exceptions.py", line 63, in __call__
    await wrap_app_handling_exceptions(self.app, conn)(scope, receive, send)
  File "/home/hongb/.openclaw/workspace/filebot/backend/venv/lib/python3.12/site-packages/starlette/_exception_handler.py", line 53, in wrapped_app
    raise exc
  File "/home/hongb/.openclaw/workspace/filebot/backend/venv/lib/python3.12/site-packages/starlette/_exception_handler.py", line 42, in wrapped_app
    await app(scope, receive, sender)
  File "/home/hongb/.openclaw/workspace/filebot/backend/venv/lib/python3.12/site-packages/fastapi/middleware/asyncexitstack.py", line 18, in __call__
    await self.app(scope, receive, send)
  File "/home/hongb/.openclaw/workspace/filebot/backend/venv/lib/python3.12/site-packages/starlette/routing.py", line 716, in __call__
    await self.middleware_stack(scope, receive, send)
  File "/home/hongb/.openclaw/workspace/filebot/backend/venv/lib/python3.12/site-packages/starlette/routing.py", line 736, in app
    await route.handle(scope, receive, send)
  File "/home/hongb/.openclaw/workspace/filebot/backend/venv/lib/python3.12/site-packages/starlette/routing.py", line 290, in handle
    await self.app(scope, receive, send)
  File "/home/hongb/.openclaw/workspace/filebot/backend/venv/lib/python3.12/site-packages/fastapi/routing.py", line 130, in app
    await wrap_app_handling_exceptions(app, request)(scope, receive, send)
  File "/home/hongb/.openclaw/workspace/filebot/backend/venv/lib/python3.12/site-packages/starlette/_exception_handler.py", line 53, in wrapped_app
    raise exc
  File "/home/hongb/.openclaw/workspace/filebot/backend/venv/lib/python3.12/site-packages/starlette/_exception_handler.py", line 42, in wrapped_app
    await app(scope, receive, sender)
  File "/home/hongb/.openclaw/workspace/filebot/backend/venv/lib/python3.12/site-packages/fastapi/routing.py", line 116, in app
    response = await f(request)
               ^^^^^^^^^^^^^^^^
  File "/home/hongb/.openclaw/workspace/filebot/backend/venv/lib/python3.12/site-packages/fastapi/routing.py", line 670, in app
    raw_response = await run_endpoint_function(
                   ^^^^^^^^^^^^^^^^^^^^^^^^^^^^
  File "/home/hongb/.openclaw/workspace/filebot/backend/venv/lib/python3.12/site-packages/fastapi/routing.py", line 326, in run_endpoint_function
    return await run_in_threadpool(dependant.call, **values)
           ^^^^^^^^^^^^^^^^^^^^^^^^^^^^^^^^^^^^^^^^^^^^^^^^^
  File "/home/hongb/.openclaw/workspace/filebot/backend/venv/lib/python3.12/site-packages/starlette/concurrency.py", line 32, in run_in_threadpool
    return await anyio.to_thread.run_sync(func)
           ^^^^^^^^^^^^^^^^^^^^^^^^^^^^^^^^^^^^
  File "/home/hongb/.openclaw/workspace/filebot/backend/venv/lib/python3.12/site-packages/anyio/to_thread.py", line 63, in run_sync
    return await get_async_backend().run_sync_in_worker_thread(
           ^^^^^^^^^^^^^^^^^^^^^^^^^^^^^^^^^^^^^^^^^^^^^^^^^^^^
  File "/home/hongb/.openclaw/workspace/filebot/backend/venv/lib/python3.12/site-packages/anyio/_backends/_asyncio.py", line 2502, in run_sync_in_worker_thread
    return await future
           ^^^^^^^^^^^^
  File "/home/hongb/.openclaw/workspace/filebot/backend/venv/lib/python3.12/site-packages/anyio/_backends/_asyncio.py", line 986, in run
    result = context.run(func, *args)
             ^^^^^^^^^^^^^^^^^^^^^^^^
  File "/home/hongb/.openclaw/workspace/filebot/backend/app/routers/documents.py", line 249, in get_documents
    documents = query.offset(skip).limit(limit).all()
                ^^^^^^^^^^^^^^^^^^^^^^^^^^^^^^^^^^^^^
  File "/home/hongb/.openclaw/workspace/filebot/backend/venv/lib/python3.12/site-packages/sqlalchemy/orm/query.py", line 2704, in all
    return self._iter().all()  # type: ignore
           ^^^^^^^^^^^^^^^^^^
  File "/home/hongb/.openclaw/workspace/filebot/backend/venv/lib/python3.12/site-packages/sqlalchemy/engine/result.py", line 1786, in all
    return self._allrows()
           ^^^^^^^^^^^^^^^
  File "/home/hongb/.openclaw/workspace/filebot/backend/venv/lib/python3.12/site-packages/sqlalchemy/engine/result.py", line 560, in _allrows
    rows = self._fetchall_impl()
           ^^^^^^^^^^^^^^^^^^^^^
  File "/home/hongb/.openclaw/workspace/filebot/backend/venv/lib/python3.12/site-packages/sqlalchemy/engine/result.py", line 1693, in _fetchall_impl
    return self._real_result._fetchall_impl()
           ^^^^^^^^^^^^^^^^^^^^^^^^^^^^^^^^^^
  File "/home/hongb/.openclaw/workspace/filebot/backend/venv/lib/python3.12/site-packages/sqlalchemy/engine/result.py", line 2287, in _fetchall_impl
    return list(self.iterator)
           ^^^^^^^^^^^^^^^^^^^
  File "/home/hongb/.openclaw/workspace/filebot/backend/venv/lib/python3.12/site-packages/sqlalchemy/orm/loading.py", line 220, in chunks
    fetch = cursor._raw_all_rows()
            ^^^^^^^^^^^^^^^^^^^^^^
  File "/home/hongb/.openclaw/workspace/filebot/backend/venv/lib/python3.12/site-packages/sqlalchemy/engine/result.py", line 553, in _raw_all_rows
    return [make_row(row) for row in rows]
            ^^^^^^^^^^^^^
  File "lib/sqlalchemy/cyextension/resultproxy.pyx", line 22, in sqlalchemy.cyextension.resultproxy.BaseRow.__init__
  File "lib/sqlalchemy/cyextension/resultproxy.pyx", line 79, in sqlalchemy.cyextension.resultproxy._apply_processors
  File "/home/hongb/.openclaw/workspace/filebot/backend/venv/lib/python3.12/site-packages/sqlalchemy/sql/sqltypes.py", line 1829, in process
    value = self._object_value_for_elem(value)
            ^^^^^^^^^^^^^^^^^^^^^^^^^^^^^^^^^^
  File "/home/hongb/.openclaw/workspace/filebot/backend/venv/lib/python3.12/site-packages/sqlalchemy/sql/sqltypes.py", line 1711, in _object_value_for_elem
    raise LookupError(
LookupError: 'MULTIPAGE' is not among the defined enum values. Enum name: filetype. Possible values: TIFF, PDF, DOC, ..., OTHER
INFO:     127.0.0.1:60482 - "GET /api/v1/documents/ HTTP/1.1" 500 Internal Server Error
ERROR:    Exception in ASGI application
Traceback (most recent call last):
  File "/home/hongb/.openclaw/workspace/filebot/backend/venv/lib/python3.12/site-packages/sqlalchemy/sql/sqltypes.py", line 1709, in _object_value_for_elem
    return self._object_lookup[elem]  # type: ignore[return-value]
           ~~~~~~~~~~~~~~~~~~~^^^^^^
KeyError: 'MULTIPAGE'

The above exception was the direct cause of the following exception:

Traceback (most recent call last):
  File "/home/hongb/.openclaw/workspace/filebot/backend/venv/lib/python3.12/site-packages/uvicorn/protocols/http/h11_impl.py", line 410, in run_asgi
    result = await app(  # type: ignore[func-returns-value]
             ^^^^^^^^^^^^^^^^^^^^^^^^^^^^^^^^^^^^^^^^^^^^^^
  File "/home/hongb/.openclaw/workspace/filebot/backend/venv/lib/python3.12/site-packages/uvicorn/middleware/proxy_headers.py", line 60, in __call__
    return await self.app(scope, receive, send)
           ^^^^^^^^^^^^^^^^^^^^^^^^^^^^^^^^^^^^
  File "/home/hongb/.openclaw/workspace/filebot/backend/venv/lib/python3.12/site-packages/fastapi/applications.py", line 1160, in __call__
    await super().__call__(scope, receive, send)
  File "/home/hongb/.openclaw/workspace/filebot/backend/venv/lib/python3.12/site-packages/starlette/applications.py", line 107, in __call__
    await self.middleware_stack(scope, receive, send)
  File "/home/hongb/.openclaw/workspace/filebot/backend/venv/lib/python3.12/site-packages/starlette/middleware/errors.py", line 186, in __call__
    raise exc
  File "/home/hongb/.openclaw/workspace/filebot/backend/venv/lib/python3.12/site-packages/starlette/middleware/errors.py", line 164, in __call__
    await self.app(scope, receive, _send)
  File "/home/hongb/.openclaw/workspace/filebot/backend/venv/lib/python3.12/site-packages/starlette/middleware/cors.py", line 95, in __call__
    await self.simple_response(scope, receive, send, request_headers=headers)
  File "/home/hongb/.openclaw/workspace/filebot/backend/venv/lib/python3.12/site-packages/starlette/middleware/cors.py", line 153, in simple_response
    await self.app(scope, receive, send)
  File "/home/hongb/.openclaw/workspace/filebot/backend/venv/lib/python3.12/site-packages/starlette/middleware/exceptions.py", line 63, in __call__
    await wrap_app_handling_exceptions(self.app, conn)(scope, receive, send)
  File "/home/hongb/.openclaw/workspace/filebot/backend/venv/lib/python3.12/site-packages/starlette/_exception_handler.py", line 53, in wrapped_app
    raise exc
  File "/home/hongb/.openclaw/workspace/filebot/backend/venv/lib/python3.12/site-packages/starlette/_exception_handler.py", line 42, in wrapped_app
    await app(scope, receive, sender)
  File "/home/hongb/.openclaw/workspace/filebot/backend/venv/lib/python3.12/site-packages/fastapi/middleware/asyncexitstack.py", line 18, in __call__
    await self.app(scope, receive, send)
  File "/home/hongb/.openclaw/workspace/filebot/backend/venv/lib/python3.12/site-packages/starlette/routing.py", line 716, in __call__
    await self.middleware_stack(scope, receive, send)
  File "/home/hongb/.openclaw/workspace/filebot/backend/venv/lib/python3.12/site-packages/starlette/routing.py", line 736, in app
    await route.handle(scope, receive, send)
  File "/home/hongb/.openclaw/workspace/filebot/backend/venv/lib/python3.12/site-packages/starlette/routing.py", line 290, in handle
    await self.app(scope, receive, send)
  File "/home/hongb/.openclaw/workspace/filebot/backend/venv/lib/python3.12/site-packages/fastapi/routing.py", line 130, in app
    await wrap_app_handling_exceptions(app, request)(scope, receive, send)
  File "/home/hongb/.openclaw/workspace/filebot/backend/venv/lib/python3.12/site-packages/starlette/_exception_handler.py", line 53, in wrapped_app
    raise exc
  File "/home/hongb/.openclaw/workspace/filebot/backend/venv/lib/python3.12/site-packages/starlette/_exception_handler.py", line 42, in wrapped_app
    await app(scope, receive, sender)
  File "/home/hongb/.openclaw/workspace/filebot/backend/venv/lib/python3.12/site-packages/fastapi/routing.py", line 116, in app
    response = await f(request)
               ^^^^^^^^^^^^^^^^
  File "/home/hongb/.openclaw/workspace/filebot/backend/venv/lib/python3.12/site-packages/fastapi/routing.py", line 670, in app
    raw_response = await run_endpoint_function(
                   ^^^^^^^^^^^^^^^^^^^^^^^^^^^^
  File "/home/hongb/.openclaw/workspace/filebot/backend/venv/lib/python3.12/site-packages/fastapi/routing.py", line 326, in run_endpoint_function
    return await run_in_threadpool(dependant.call, **values)
           ^^^^^^^^^^^^^^^^^^^^^^^^^^^^^^^^^^^^^^^^^^^^^^^^^
  File "/home/hongb/.openclaw/workspace/filebot/backend/venv/lib/python3.12/site-packages/starlette/concurrency.py", line 32, in run_in_threadpool
    return await anyio.to_thread.run_sync(func)
           ^^^^^^^^^^^^^^^^^^^^^^^^^^^^^^^^^^^^
  File "/home/hongb/.openclaw/workspace/filebot/backend/venv/lib/python3.12/site-packages/anyio/to_thread.py", line 63, in run_sync
    return await get_async_backend().run_sync_in_worker_thread(
           ^^^^^^^^^^^^^^^^^^^^^^^^^^^^^^^^^^^^^^^^^^^^^^^^^^^^
  File "/home/hongb/.openclaw/workspace/filebot/backend/venv/lib/python3.12/site-packages/anyio/_backends/_asyncio.py", line 2502, in run_sync_in_worker_thread
    return await future
           ^^^^^^^^^^^^
  File "/home/hongb/.openclaw/workspace/filebot/backend/venv/lib/python3.12/site-packages/anyio/_backends/_asyncio.py", line 986, in run
    result = context.run(func, *args)
             ^^^^^^^^^^^^^^^^^^^^^^^^
  File "/home/hongb/.openclaw/workspace/filebot/backend/app/routers/documents.py", line 249, in get_documents
    documents = query.offset(skip).limit(limit).all()
                ^^^^^^^^^^^^^^^^^^^^^^^^^^^^^^^^^^^^^
  File "/home/hongb/.openclaw/workspace/filebot/backend/venv/lib/python3.12/site-packages/sqlalchemy/orm/query.py", line 2704, in all
    return self._iter().all()  # type: ignore
           ^^^^^^^^^^^^^^^^^^
  File "/home/hongb/.openclaw/workspace/filebot/backend/venv/lib/python3.12/site-packages/sqlalchemy/engine/result.py", line 1786, in all
    return self._allrows()
           ^^^^^^^^^^^^^^^
  File "/home/hongb/.openclaw/workspace/filebot/backend/venv/lib/python3.12/site-packages/sqlalchemy/engine/result.py", line 560, in _allrows
    rows = self._fetchall_impl()
           ^^^^^^^^^^^^^^^^^^^^^
  File "/home/hongb/.openclaw/workspace/filebot/backend/venv/lib/python3.12/site-packages/sqlalchemy/engine/result.py", line 1693, in _fetchall_impl
    return self._real_result._fetchall_impl()
           ^^^^^^^^^^^^^^^^^^^^^^^^^^^^^^^^^^
  File "/home/hongb/.openclaw/workspace/filebot/backend/venv/lib/python3.12/site-packages/sqlalchemy/engine/result.py", line 2287, in _fetchall_impl
    return list(self.iterator)
           ^^^^^^^^^^^^^^^^^^^
  File "/home/hongb/.openclaw/workspace/filebot/backend/venv/lib/python3.12/site-packages/sqlalchemy/orm/loading.py", line 220, in chunks
    fetch = cursor._raw_all_rows()
            ^^^^^^^^^^^^^^^^^^^^^^
  File "/home/hongb/.openclaw/workspace/filebot/backend/venv/lib/python3.12/site-packages/sqlalchemy/engine/result.py", line 553, in _raw_all_rows
    return [make_row(row) for row in rows]
            ^^^^^^^^^^^^^
  File "lib/sqlalchemy/cyextension/resultproxy.pyx", line 22, in sqlalchemy.cyextension.resultproxy.BaseRow.__init__
  File "lib/sqlalchemy/cyextension/resultproxy.pyx", line 79, in sqlalchemy.cyextension.resultproxy._apply_processors
  File "/home/hongb/.openclaw/workspace/filebot/backend/venv/lib/python3.12/site-packages/sqlalchemy/sql/sqltypes.py", line 1829, in process
    value = self._object_value_for_elem(value)
            ^^^^^^^^^^^^^^^^^^^^^^^^^^^^^^^^^^
  File "/home/hongb/.openclaw/workspace/filebot/backend/venv/lib/python3.12/site-packages/sqlalchemy/sql/sqltypes.py", line 1711, in _object_value_for_elem
    raise LookupError(
LookupError: 'MULTIPAGE' is not among the defined enum values. Enum name: filetype. Possible values: TIFF, PDF, DOC, ..., OTHER
INFO:     127.0.0.1:33568 - "GET /api/health HTTP/1.1" 200 OK
INFO:     127.0.0.1:48094 - "GET /api/v1/documents/ HTTP/1.1" 500 Internal Server Error
ERROR:    Exception in ASGI application
Traceback (most recent call last):
  File "/home/hongb/.openclaw/workspace/filebot/backend/venv/lib/python3.12/site-packages/sqlalchemy/sql/sqltypes.py", line 1709, in _object_value_for_elem
    return self._object_lookup[elem]  # type: ignore[return-value]
           ~~~~~~~~~~~~~~~~~~~^^^^^^
KeyError: 'MULTIPAGE'

The above exception was the direct cause of the following exception:

Traceback (most recent call last):
  File "/home/hongb/.openclaw/workspace/filebot/backend/venv/lib/python3.12/site-packages/uvicorn/protocols/http/h11_impl.py", line 410, in run_asgi
    result = await app(  # type: ignore[func-returns-value]
             ^^^^^^^^^^^^^^^^^^^^^^^^^^^^^^^^^^^^^^^^^^^^^^
  File "/home/hongb/.openclaw/workspace/filebot/backend/venv/lib/python3.12/site-packages/uvicorn/middleware/proxy_headers.py", line 60, in __call__
    return await self.app(scope, receive, send)
           ^^^^^^^^^^^^^^^^^^^^^^^^^^^^^^^^^^^^
  File "/home/hongb/.openclaw/workspace/filebot/backend/venv/lib/python3.12/site-packages/fastapi/applications.py", line 1160, in __call__
    await super().__call__(scope, receive, send)
  File "/home/hongb/.openclaw/workspace/filebot/backend/venv/lib/python3.12/site-packages/starlette/applications.py", line 107, in __call__
    await self.middleware_stack(scope, receive, send)
  File "/home/hongb/.openclaw/workspace/filebot/backend/venv/lib/python3.12/site-packages/starlette/middleware/errors.py", line 186, in __call__
    raise exc
  File "/home/hongb/.openclaw/workspace/filebot/backend/venv/lib/python3.12/site-packages/starlette/middleware/errors.py", line 164, in __call__
    await self.app(scope, receive, _send)
  File "/home/hongb/.openclaw/workspace/filebot/backend/venv/lib/python3.12/site-packages/starlette/middleware/cors.py", line 95, in __call__
    await self.simple_response(scope, receive, send, request_headers=headers)
  File "/home/hongb/.openclaw/workspace/filebot/backend/venv/lib/python3.12/site-packages/starlette/middleware/cors.py", line 153, in simple_response
    await self.app(scope, receive, send)
  File "/home/hongb/.openclaw/workspace/filebot/backend/venv/lib/python3.12/site-packages/starlette/middleware/exceptions.py", line 63, in __call__
    await wrap_app_handling_exceptions(self.app, conn)(scope, receive, send)
  File "/home/hongb/.openclaw/workspace/filebot/backend/venv/lib/python3.12/site-packages/starlette/_exception_handler.py", line 53, in wrapped_app
    raise exc
  File "/home/hongb/.openclaw/workspace/filebot/backend/venv/lib/python3.12/site-packages/starlette/_exception_handler.py", line 42, in wrapped_app
    await app(scope, receive, sender)
  File "/home/hongb/.openclaw/workspace/filebot/backend/venv/lib/python3.12/site-packages/fastapi/middleware/asyncexitstack.py", line 18, in __call__
    await self.app(scope, receive, send)
  File "/home/hongb/.openclaw/workspace/filebot/backend/venv/lib/python3.12/site-packages/starlette/routing.py", line 716, in __call__
    await self.middleware_stack(scope, receive, send)
  File "/home/hongb/.openclaw/workspace/filebot/backend/venv/lib/python3.12/site-packages/starlette/routing.py", line 736, in app
    await route.handle(scope, receive, send)
  File "/home/hongb/.openclaw/workspace/filebot/backend/venv/lib/python3.12/site-packages/starlette/routing.py", line 290, in handle
    await self.app(scope, receive, send)
  File "/home/hongb/.openclaw/workspace/filebot/backend/venv/lib/python3.12/site-packages/fastapi/routing.py", line 130, in app
    await wrap_app_handling_exceptions(app, request)(scope, receive, send)
  File "/home/hongb/.openclaw/workspace/filebot/backend/venv/lib/python3.12/site-packages/starlette/_exception_handler.py", line 53, in wrapped_app
    raise exc
  File "/home/hongb/.openclaw/workspace/filebot/backend/venv/lib/python3.12/site-packages/starlette/_exception_handler.py", line 42, in wrapped_app
    await app(scope, receive, sender)
  File "/home/hongb/.openclaw/workspace/filebot/backend/venv/lib/python3.12/site-packages/fastapi/routing.py", line 116, in app
    response = await f(request)
               ^^^^^^^^^^^^^^^^
  File "/home/hongb/.openclaw/workspace/filebot/backend/venv/lib/python3.12/site-packages/fastapi/routing.py", line 670, in app
    raw_response = await run_endpoint_function(
                   ^^^^^^^^^^^^^^^^^^^^^^^^^^^^
  File "/home/hongb/.openclaw/workspace/filebot/backend/venv/lib/python3.12/site-packages/fastapi/routing.py", line 326, in run_endpoint_function
    return await run_in_threadpool(dependant.call, **values)
           ^^^^^^^^^^^^^^^^^^^^^^^^^^^^^^^^^^^^^^^^^^^^^^^^^
  File "/home/hongb/.openclaw/workspace/filebot/backend/venv/lib/python3.12/site-packages/starlette/concurrency.py", line 32, in run_in_threadpool
    return await anyio.to_thread.run_sync(func)
           ^^^^^^^^^^^^^^^^^^^^^^^^^^^^^^^^^^^^
  File "/home/hongb/.openclaw/workspace/filebot/backend/venv/lib/python3.12/site-packages/anyio/to_thread.py", line 63, in run_sync
    return await get_async_backend().run_sync_in_worker_thread(
           ^^^^^^^^^^^^^^^^^^^^^^^^^^^^^^^^^^^^^^^^^^^^^^^^^^^^
  File "/home/hongb/.openclaw/workspace/filebot/backend/venv/lib/python3.12/site-packages/anyio/_backends/_asyncio.py", line 2502, in run_sync_in_worker_thread
    return await future
           ^^^^^^^^^^^^
  File "/home/hongb/.openclaw/workspace/filebot/backend/venv/lib/python3.12/site-packages/anyio/_backends/_asyncio.py", line 986, in run
    result = context.run(func, *args)
             ^^^^^^^^^^^^^^^^^^^^^^^^
  File "/home/hongb/.openclaw/workspace/filebot/backend/app/routers/documents.py", line 249, in get_documents
    documents = query.offset(skip).limit(limit).all()
                ^^^^^^^^^^^^^^^^^^^^^^^^^^^^^^^^^^^^^
  File "/home/hongb/.openclaw/workspace/filebot/backend/venv/lib/python3.12/site-packages/sqlalchemy/orm/query.py", line 2704, in all
    return self._iter().all()  # type: ignore
           ^^^^^^^^^^^^^^^^^^
  File "/home/hongb/.openclaw/workspace/filebot/backend/venv/lib/python3.12/site-packages/sqlalchemy/engine/result.py", line 1786, in all
    return self._allrows()
           ^^^^^^^^^^^^^^^
  File "/home/hongb/.openclaw/workspace/filebot/backend/venv/lib/python3.12/site-packages/sqlalchemy/engine/result.py", line 560, in _allrows
    rows = self._fetchall_impl()
           ^^^^^^^^^^^^^^^^^^^^^
  File "/home/hongb/.openclaw/workspace/filebot/backend/venv/lib/python3.12/site-packages/sqlalchemy/engine/result.py", line 1693, in _fetchall_impl
    return self._real_result._fetchall_impl()
           ^^^^^^^^^^^^^^^^^^^^^^^^^^^^^^^^^^
  File "/home/hongb/.openclaw/workspace/filebot/backend/venv/lib/python3.12/site-packages/sqlalchemy/engine/result.py", line 2287, in _fetchall_impl
    return list(self.iterator)
           ^^^^^^^^^^^^^^^^^^^
  File "/home/hongb/.openclaw/workspace/filebot/backend/venv/lib/python3.12/site-packages/sqlalchemy/orm/loading.py", line 220, in chunks
    fetch = cursor._raw_all_rows()
            ^^^^^^^^^^^^^^^^^^^^^^
  File "/home/hongb/.openclaw/workspace/filebot/backend/venv/lib/python3.12/site-packages/sqlalchemy/engine/result.py", line 553, in _raw_all_rows
    return [make_row(row) for row in rows]
            ^^^^^^^^^^^^^
  File "lib/sqlalchemy/cyextension/resultproxy.pyx", line 22, in sqlalchemy.cyextension.resultproxy.BaseRow.__init__
  File "lib/sqlalchemy/cyextension/resultproxy.pyx", line 79, in sqlalchemy.cyextension.resultproxy._apply_processors
  File "/home/hongb/.openclaw/workspace/filebot/backend/venv/lib/python3.12/site-packages/sqlalchemy/sql/sqltypes.py", line 1829, in process
    value = self._object_value_for_elem(value)
            ^^^^^^^^^^^^^^^^^^^^^^^^^^^^^^^^^^
  File "/home/hongb/.openclaw/workspace/filebot/backend/venv/lib/python3.12/site-packages/sqlalchemy/sql/sqltypes.py", line 1711, in _object_value_for_elem
    raise LookupError(
LookupError: 'MULTIPAGE' is not among the defined enum values. Enum name: filetype. Possible values: TIFF, PDF, DOC, ..., OTHER
INFO:     127.0.0.1:48106 - "GET /api/v1/documents/ HTTP/1.1" 500 Internal Server Error
ERROR:    Exception in ASGI application
Traceback (most recent call last):
  File "/home/hongb/.openclaw/workspace/filebot/backend/venv/lib/python3.12/site-packages/sqlalchemy/sql/sqltypes.py", line 1709, in _object_value_for_elem
    return self._object_lookup[elem]  # type: ignore[return-value]
           ~~~~~~~~~~~~~~~~~~~^^^^^^
KeyError: 'MULTIPAGE'

The above exception was the direct cause of the following exception:

Traceback (most recent call last):
  File "/home/hongb/.openclaw/workspace/filebot/backend/venv/lib/python3.12/site-packages/uvicorn/protocols/http/h11_impl.py", line 410, in run_asgi
    result = await app(  # type: ignore[func-returns-value]
             ^^^^^^^^^^^^^^^^^^^^^^^^^^^^^^^^^^^^^^^^^^^^^^
  File "/home/hongb/.openclaw/workspace/filebot/backend/venv/lib/python3.12/site-packages/uvicorn/middleware/proxy_headers.py", line 60, in __call__
    return await self.app(scope, receive, send)
           ^^^^^^^^^^^^^^^^^^^^^^^^^^^^^^^^^^^^
  File "/home/hongb/.openclaw/workspace/filebot/backend/venv/lib/python3.12/site-packages/fastapi/applications.py", line 1160, in __call__
    await super().__call__(scope, receive, send)
  File "/home/hongb/.openclaw/workspace/filebot/backend/venv/lib/python3.12/site-packages/starlette/applications.py", line 107, in __call__
    await self.middleware_stack(scope, receive, send)
  File "/home/hongb/.openclaw/workspace/filebot/backend/venv/lib/python3.12/site-packages/starlette/middleware/errors.py", line 186, in __call__
    raise exc
  File "/home/hongb/.openclaw/workspace/filebot/backend/venv/lib/python3.12/site-packages/starlette/middleware/errors.py", line 164, in __call__
    await self.app(scope, receive, _send)
  File "/home/hongb/.openclaw/workspace/filebot/backend/venv/lib/python3.12/site-packages/starlette/middleware/cors.py", line 95, in __call__
    await self.simple_response(scope, receive, send, request_headers=headers)
  File "/home/hongb/.openclaw/workspace/filebot/backend/venv/lib/python3.12/site-packages/starlette/middleware/cors.py", line 153, in simple_response
    await self.app(scope, receive, send)
  File "/home/hongb/.openclaw/workspace/filebot/backend/venv/lib/python3.12/site-packages/starlette/middleware/exceptions.py", line 63, in __call__
    await wrap_app_handling_exceptions(self.app, conn)(scope, receive, send)
  File "/home/hongb/.openclaw/workspace/filebot/backend/venv/lib/python3.12/site-packages/starlette/_exception_handler.py", line 53, in wrapped_app
    raise exc
  File "/home/hongb/.openclaw/workspace/filebot/backend/venv/lib/python3.12/site-packages/starlette/_exception_handler.py", line 42, in wrapped_app
    await app(scope, receive, sender)
  File "/home/hongb/.openclaw/workspace/filebot/backend/venv/lib/python3.12/site-packages/fastapi/middleware/asyncexitstack.py", line 18, in __call__
    await self.app(scope, receive, send)
  File "/home/hongb/.openclaw/workspace/filebot/backend/venv/lib/python3.12/site-packages/starlette/routing.py", line 716, in __call__
    await self.middleware_stack(scope, receive, send)
  File "/home/hongb/.openclaw/workspace/filebot/backend/venv/lib/python3.12/site-packages/starlette/routing.py", line 736, in app
    await route.handle(scope, receive, send)
  File "/home/hongb/.openclaw/workspace/filebot/backend/venv/lib/python3.12/site-packages/starlette/routing.py", line 290, in handle
    await self.app(scope, receive, send)
  File "/home/hongb/.openclaw/workspace/filebot/backend/venv/lib/python3.12/site-packages/fastapi/routing.py", line 130, in app
    await wrap_app_handling_exceptions(app, request)(scope, receive, send)
  File "/home/hongb/.openclaw/workspace/filebot/backend/venv/lib/python3.12/site-packages/starlette/_exception_handler.py", line 53, in wrapped_app
    raise exc
  File "/home/hongb/.openclaw/workspace/filebot/backend/venv/lib/python3.12/site-packages/starlette/_exception_handler.py", line 42, in wrapped_app
    await app(scope, receive, sender)
  File "/home/hongb/.openclaw/workspace/filebot/backend/venv/lib/python3.12/site-packages/fastapi/routing.py", line 116, in app
    response = await f(request)
               ^^^^^^^^^^^^^^^^
  File "/home/hongb/.openclaw/workspace/filebot/backend/venv/lib/python3.12/site-packages/fastapi/routing.py", line 670, in app
    raw_response = await run_endpoint_function(
                   ^^^^^^^^^^^^^^^^^^^^^^^^^^^^
  File "/home/hongb/.openclaw/workspace/filebot/backend/venv/lib/python3.12/site-packages/fastapi/routing.py", line 326, in run_endpoint_function
    return await run_in_threadpool(dependant.call, **values)
           ^^^^^^^^^^^^^^^^^^^^^^^^^^^^^^^^^^^^^^^^^^^^^^^^^
  File "/home/hongb/.openclaw/workspace/filebot/backend/venv/lib/python3.12/site-packages/starlette/concurrency.py", line 32, in run_in_threadpool
    return await anyio.to_thread.run_sync(func)
           ^^^^^^^^^^^^^^^^^^^^^^^^^^^^^^^^^^^^
  File "/home/hongb/.openclaw/workspace/filebot/backend/venv/lib/python3.12/site-packages/anyio/to_thread.py", line 63, in run_sync
    return await get_async_backend().run_sync_in_worker_thread(
           ^^^^^^^^^^^^^^^^^^^^^^^^^^^^^^^^^^^^^^^^^^^^^^^^^^^^
  File "/home/hongb/.openclaw/workspace/filebot/backend/venv/lib/python3.12/site-packages/anyio/_backends/_asyncio.py", line 2502, in run_sync_in_worker_thread
    return await future
           ^^^^^^^^^^^^
  File "/home/hongb/.openclaw/workspace/filebot/backend/venv/lib/python3.12/site-packages/anyio/_backends/_asyncio.py", line 986, in run
    result = context.run(func, *args)
             ^^^^^^^^^^^^^^^^^^^^^^^^
  File "/home/hongb/.openclaw/workspace/filebot/backend/app/routers/documents.py", line 249, in get_documents
    documents = query.offset(skip).limit(limit).all()
                ^^^^^^^^^^^^^^^^^^^^^^^^^^^^^^^^^^^^^
  File "/home/hongb/.openclaw/workspace/filebot/backend/venv/lib/python3.12/site-packages/sqlalchemy/orm/query.py", line 2704, in all
    return self._iter().all()  # type: ignore
           ^^^^^^^^^^^^^^^^^^
  File "/home/hongb/.openclaw/workspace/filebot/backend/venv/lib/python3.12/site-packages/sqlalchemy/engine/result.py", line 1786, in all
    return self._allrows()
           ^^^^^^^^^^^^^^^
  File "/home/hongb/.openclaw/workspace/filebot/backend/venv/lib/python3.12/site-packages/sqlalchemy/engine/result.py", line 560, in _allrows
    rows = self._fetchall_impl()
           ^^^^^^^^^^^^^^^^^^^^^
  File "/home/hongb/.openclaw/workspace/filebot/backend/venv/lib/python3.12/site-packages/sqlalchemy/engine/result.py", line 1693, in _fetchall_impl
    return self._real_result._fetchall_impl()
           ^^^^^^^^^^^^^^^^^^^^^^^^^^^^^^^^^^
  File "/home/hongb/.openclaw/workspace/filebot/backend/venv/lib/python3.12/site-packages/sqlalchemy/engine/result.py", line 2287, in _fetchall_impl
    return list(self.iterator)
           ^^^^^^^^^^^^^^^^^^^
  File "/home/hongb/.openclaw/workspace/filebot/backend/venv/lib/python3.12/site-packages/sqlalchemy/orm/loading.py", line 220, in chunks
    fetch = cursor._raw_all_rows()
            ^^^^^^^^^^^^^^^^^^^^^^
  File "/home/hongb/.openclaw/workspace/filebot/backend/venv/lib/python3.12/site-packages/sqlalchemy/engine/result.py", line 553, in _raw_all_rows
    return [make_row(row) for row in rows]
            ^^^^^^^^^^^^^
  File "lib/sqlalchemy/cyextension/resultproxy.pyx", line 22, in sqlalchemy.cyextension.resultproxy.BaseRow.__init__
  File "lib/sqlalchemy/cyextension/resultproxy.pyx", line 79, in sqlalchemy.cyextension.resultproxy._apply_processors
  File "/home/hongb/.openclaw/workspace/filebot/backend/venv/lib/python3.12/site-packages/sqlalchemy/sql/sqltypes.py", line 1829, in process
    value = self._object_value_for_elem(value)
            ^^^^^^^^^^^^^^^^^^^^^^^^^^^^^^^^^^
  File "/home/hongb/.openclaw/workspace/filebot/backend/venv/lib/python3.12/site-packages/sqlalchemy/sql/sqltypes.py", line 1711, in _object_value_for_elem
    raise LookupError(
LookupError: 'MULTIPAGE' is not among the defined enum values. Enum name: filetype. Possible values: TIFF, PDF, DOC, ..., OTHER
INFO:     127.0.0.1:48112 - "GET /api/v1/documents/ HTTP/1.1" 500 Internal Server Error
ERROR:    Exception in ASGI application
Traceback (most recent call last):
  File "/home/hongb/.openclaw/workspace/filebot/backend/venv/lib/python3.12/site-packages/sqlalchemy/sql/sqltypes.py", line 1709, in _object_value_for_elem
    return self._object_lookup[elem]  # type: ignore[return-value]
           ~~~~~~~~~~~~~~~~~~~^^^^^^
KeyError: 'MULTIPAGE'

The above exception was the direct cause of the following exception:

Traceback (most recent call last):
  File "/home/hongb/.openclaw/workspace/filebot/backend/venv/lib/python3.12/site-packages/uvicorn/protocols/http/h11_impl.py", line 410, in run_asgi
    result = await app(  # type: ignore[func-returns-value]
             ^^^^^^^^^^^^^^^^^^^^^^^^^^^^^^^^^^^^^^^^^^^^^^
  File "/home/hongb/.openclaw/workspace/filebot/backend/venv/lib/python3.12/site-packages/uvicorn/middleware/proxy_headers.py", line 60, in __call__
    return await self.app(scope, receive, send)
           ^^^^^^^^^^^^^^^^^^^^^^^^^^^^^^^^^^^^
  File "/home/hongb/.openclaw/workspace/filebot/backend/venv/lib/python3.12/site-packages/fastapi/applications.py", line 1160, in __call__
    await super().__call__(scope, receive, send)
  File "/home/hongb/.openclaw/workspace/filebot/backend/venv/lib/python3.12/site-packages/starlette/applications.py", line 107, in __call__
    await self.middleware_stack(scope, receive, send)
  File "/home/hongb/.openclaw/workspace/filebot/backend/venv/lib/python3.12/site-packages/starlette/middleware/errors.py", line 186, in __call__
    raise exc
  File "/home/hongb/.openclaw/workspace/filebot/backend/venv/lib/python3.12/site-packages/starlette/middleware/errors.py", line 164, in __call__
    await self.app(scope, receive, _send)
  File "/home/hongb/.openclaw/workspace/filebot/backend/venv/lib/python3.12/site-packages/starlette/middleware/cors.py", line 95, in __call__
    await self.simple_response(scope, receive, send, request_headers=headers)
  File "/home/hongb/.openclaw/workspace/filebot/backend/venv/lib/python3.12/site-packages/starlette/middleware/cors.py", line 153, in simple_response
    await self.app(scope, receive, send)
  File "/home/hongb/.openclaw/workspace/filebot/backend/venv/lib/python3.12/site-packages/starlette/middleware/exceptions.py", line 63, in __call__
    await wrap_app_handling_exceptions(self.app, conn)(scope, receive, send)
  File "/home/hongb/.openclaw/workspace/filebot/backend/venv/lib/python3.12/site-packages/starlette/_exception_handler.py", line 53, in wrapped_app
    raise exc
  File "/home/hongb/.openclaw/workspace/filebot/backend/venv/lib/python3.12/site-packages/starlette/_exception_handler.py", line 42, in wrapped_app
    await app(scope, receive, sender)
  File "/home/hongb/.openclaw/workspace/filebot/backend/venv/lib/python3.12/site-packages/fastapi/middleware/asyncexitstack.py", line 18, in __call__
    await self.app(scope, receive, send)
  File "/home/hongb/.openclaw/workspace/filebot/backend/venv/lib/python3.12/site-packages/starlette/routing.py", line 716, in __call__
    await self.middleware_stack(scope, receive, send)
  File "/home/hongb/.openclaw/workspace/filebot/backend/venv/lib/python3.12/site-packages/starlette/routing.py", line 736, in app
    await route.handle(scope, receive, send)
  File "/home/hongb/.openclaw/workspace/filebot/backend/venv/lib/python3.12/site-packages/starlette/routing.py", line 290, in handle
    await self.app(scope, receive, send)
  File "/home/hongb/.openclaw/workspace/filebot/backend/venv/lib/python3.12/site-packages/fastapi/routing.py", line 130, in app
    await wrap_app_handling_exceptions(app, request)(scope, receive, send)
  File "/home/hongb/.openclaw/workspace/filebot/backend/venv/lib/python3.12/site-packages/starlette/_exception_handler.py", line 53, in wrapped_app
    raise exc
  File "/home/hongb/.openclaw/workspace/filebot/backend/venv/lib/python3.12/site-packages/starlette/_exception_handler.py", line 42, in wrapped_app
    await app(scope, receive, sender)
  File "/home/hongb/.openclaw/workspace/filebot/backend/venv/lib/python3.12/site-packages/fastapi/routing.py", line 116, in app
    response = await f(request)
               ^^^^^^^^^^^^^^^^
  File "/home/hongb/.openclaw/workspace/filebot/backend/venv/lib/python3.12/site-packages/fastapi/routing.py", line 670, in app
    raw_response = await run_endpoint_function(
                   ^^^^^^^^^^^^^^^^^^^^^^^^^^^^
  File "/home/hongb/.openclaw/workspace/filebot/backend/venv/lib/python3.12/site-packages/fastapi/routing.py", line 326, in run_endpoint_function
    return await run_in_threadpool(dependant.call, **values)
           ^^^^^^^^^^^^^^^^^^^^^^^^^^^^^^^^^^^^^^^^^^^^^^^^^
  File "/home/hongb/.openclaw/workspace/filebot/backend/venv/lib/python3.12/site-packages/starlette/concurrency.py", line 32, in run_in_threadpool
    return await anyio.to_thread.run_sync(func)
           ^^^^^^^^^^^^^^^^^^^^^^^^^^^^^^^^^^^^
  File "/home/hongb/.openclaw/workspace/filebot/backend/venv/lib/python3.12/site-packages/anyio/to_thread.py", line 63, in run_sync
    return await get_async_backend().run_sync_in_worker_thread(
           ^^^^^^^^^^^^^^^^^^^^^^^^^^^^^^^^^^^^^^^^^^^^^^^^^^^^
  File "/home/hongb/.openclaw/workspace/filebot/backend/venv/lib/python3.12/site-packages/anyio/_backends/_asyncio.py", line 2502, in run_sync_in_worker_thread
    return await future
           ^^^^^^^^^^^^
  File "/home/hongb/.openclaw/workspace/filebot/backend/venv/lib/python3.12/site-packages/anyio/_backends/_asyncio.py", line 986, in run
    result = context.run(func, *args)
             ^^^^^^^^^^^^^^^^^^^^^^^^
  File "/home/hongb/.openclaw/workspace/filebot/backend/app/routers/documents.py", line 249, in get_documents
    documents = query.offset(skip).limit(limit).all()
                ^^^^^^^^^^^^^^^^^^^^^^^^^^^^^^^^^^^^^
  File "/home/hongb/.openclaw/workspace/filebot/backend/venv/lib/python3.12/site-packages/sqlalchemy/orm/query.py", line 2704, in all
    return self._iter().all()  # type: ignore
           ^^^^^^^^^^^^^^^^^^
  File "/home/hongb/.openclaw/workspace/filebot/backend/venv/lib/python3.12/site-packages/sqlalchemy/engine/result.py", line 1786, in all
    return self._allrows()
           ^^^^^^^^^^^^^^^
  File "/home/hongb/.openclaw/workspace/filebot/backend/venv/lib/python3.12/site-packages/sqlalchemy/engine/result.py", line 560, in _allrows
    rows = self._fetchall_impl()
           ^^^^^^^^^^^^^^^^^^^^^
  File "/home/hongb/.openclaw/workspace/filebot/backend/venv/lib/python3.12/site-packages/sqlalchemy/engine/result.py", line 1693, in _fetchall_impl
    return self._real_result._fetchall_impl()
           ^^^^^^^^^^^^^^^^^^^^^^^^^^^^^^^^^^
  File "/home/hongb/.openclaw/workspace/filebot/backend/venv/lib/python3.12/site-packages/sqlalchemy/engine/result.py", line 2287, in _fetchall_impl
    return list(self.iterator)
           ^^^^^^^^^^^^^^^^^^^
  File "/home/hongb/.openclaw/workspace/filebot/backend/venv/lib/python3.12/site-packages/sqlalchemy/orm/loading.py", line 220, in chunks
    fetch = cursor._raw_all_rows()
            ^^^^^^^^^^^^^^^^^^^^^^
  File "/home/hongb/.openclaw/workspace/filebot/backend/venv/lib/python3.12/site-packages/sqlalchemy/engine/result.py", line 553, in _raw_all_rows
    return [make_row(row) for row in rows]
            ^^^^^^^^^^^^^
  File "lib/sqlalchemy/cyextension/resultproxy.pyx", line 22, in sqlalchemy.cyextension.resultproxy.BaseRow.__init__
  File "lib/sqlalchemy/cyextension/resultproxy.pyx", line 79, in sqlalchemy.cyextension.resultproxy._apply_processors
  File "/home/hongb/.openclaw/workspace/filebot/backend/venv/lib/python3.12/site-packages/sqlalchemy/sql/sqltypes.py", line 1829, in process
    value = self._object_value_for_elem(value)
            ^^^^^^^^^^^^^^^^^^^^^^^^^^^^^^^^^^
  File "/home/hongb/.openclaw/workspace/filebot/backend/venv/lib/python3.12/site-packages/sqlalchemy/sql/sqltypes.py", line 1711, in _object_value_for_elem
    raise LookupError(
LookupError: 'MULTIPAGE' is not among the defined enum values. Enum name: filetype. Possible values: TIFF, PDF, DOC, ..., OTHER
INFO:     127.0.0.1:49370 - "GET /api/v1/documents/ HTTP/1.1" 500 Internal Server Error
ERROR:    Exception in ASGI application
Traceback (most recent call last):
  File "/home/hongb/.openclaw/workspace/filebot/backend/venv/lib/python3.12/site-packages/sqlalchemy/sql/sqltypes.py", line 1709, in _object_value_for_elem
    return self._object_lookup[elem]  # type: ignore[return-value]
           ~~~~~~~~~~~~~~~~~~~^^^^^^
KeyError: 'MULTIPAGE'

The above exception was the direct cause of the following exception:

Traceback (most recent call last):
  File "/home/hongb/.openclaw/workspace/filebot/backend/venv/lib/python3.12/site-packages/uvicorn/protocols/http/h11_impl.py", line 410, in run_asgi
    result = await app(  # type: ignore[func-returns-value]
             ^^^^^^^^^^^^^^^^^^^^^^^^^^^^^^^^^^^^^^^^^^^^^^
  File "/home/hongb/.openclaw/workspace/filebot/backend/venv/lib/python3.12/site-packages/uvicorn/middleware/proxy_headers.py", line 60, in __call__
    return await self.app(scope, receive, send)
           ^^^^^^^^^^^^^^^^^^^^^^^^^^^^^^^^^^^^
  File "/home/hongb/.openclaw/workspace/filebot/backend/venv/lib/python3.12/site-packages/fastapi/applications.py", line 1160, in __call__
    await super().__call__(scope, receive, send)
  File "/home/hongb/.openclaw/workspace/filebot/backend/venv/lib/python3.12/site-packages/starlette/applications.py", line 107, in __call__
    await self.middleware_stack(scope, receive, send)
  File "/home/hongb/.openclaw/workspace/filebot/backend/venv/lib/python3.12/site-packages/starlette/middleware/errors.py", line 186, in __call__
    raise exc
  File "/home/hongb/.openclaw/workspace/filebot/backend/venv/lib/python3.12/site-packages/starlette/middleware/errors.py", line 164, in __call__
    await self.app(scope, receive, _send)
  File "/home/hongb/.openclaw/workspace/filebot/backend/venv/lib/python3.12/site-packages/starlette/middleware/cors.py", line 95, in __call__
    await self.simple_response(scope, receive, send, request_headers=headers)
  File "/home/hongb/.openclaw/workspace/filebot/backend/venv/lib/python3.12/site-packages/starlette/middleware/cors.py", line 153, in simple_response
    await self.app(scope, receive, send)
  File "/home/hongb/.openclaw/workspace/filebot/backend/venv/lib/python3.12/site-packages/starlette/middleware/exceptions.py", line 63, in __call__
    await wrap_app_handling_exceptions(self.app, conn)(scope, receive, send)
  File "/home/hongb/.openclaw/workspace/filebot/backend/venv/lib/python3.12/site-packages/starlette/_exception_handler.py", line 53, in wrapped_app
    raise exc
  File "/home/hongb/.openclaw/workspace/filebot/backend/venv/lib/python3.12/site-packages/starlette/_exception_handler.py", line 42, in wrapped_app
    await app(scope, receive, sender)
  File "/home/hongb/.openclaw/workspace/filebot/backend/venv/lib/python3.12/site-packages/fastapi/middleware/asyncexitstack.py", line 18, in __call__
    await self.app(scope, receive, send)
  File "/home/hongb/.openclaw/workspace/filebot/backend/venv/lib/python3.12/site-packages/starlette/routing.py", line 716, in __call__
    await self.middleware_stack(scope, receive, send)
  File "/home/hongb/.openclaw/workspace/filebot/backend/venv/lib/python3.12/site-packages/starlette/routing.py", line 736, in app
    await route.handle(scope, receive, send)
  File "/home/hongb/.openclaw/workspace/filebot/backend/venv/lib/python3.12/site-packages/starlette/routing.py", line 290, in handle
    await self.app(scope, receive, send)
  File "/home/hongb/.openclaw/workspace/filebot/backend/venv/lib/python3.12/site-packages/fastapi/routing.py", line 130, in app
    await wrap_app_handling_exceptions(app, request)(scope, receive, send)
  File "/home/hongb/.openclaw/workspace/filebot/backend/venv/lib/python3.12/site-packages/starlette/_exception_handler.py", line 53, in wrapped_app
    raise exc
  File "/home/hongb/.openclaw/workspace/filebot/backend/venv/lib/python3.12/site-packages/starlette/_exception_handler.py", line 42, in wrapped_app
    await app(scope, receive, sender)
  File "/home/hongb/.openclaw/workspace/filebot/backend/venv/lib/python3.12/site-packages/fastapi/routing.py", line 116, in app
    response = await f(request)
               ^^^^^^^^^^^^^^^^
  File "/home/hongb/.openclaw/workspace/filebot/backend/venv/lib/python3.12/site-packages/fastapi/routing.py", line 670, in app
    raw_response = await run_endpoint_function(
                   ^^^^^^^^^^^^^^^^^^^^^^^^^^^^
  File "/home/hongb/.openclaw/workspace/filebot/backend/venv/lib/python3.12/site-packages/fastapi/routing.py", line 326, in run_endpoint_function
    return await run_in_threadpool(dependant.call, **values)
           ^^^^^^^^^^^^^^^^^^^^^^^^^^^^^^^^^^^^^^^^^^^^^^^^^
  File "/home/hongb/.openclaw/workspace/filebot/backend/venv/lib/python3.12/site-packages/starlette/concurrency.py", line 32, in run_in_threadpool
    return await anyio.to_thread.run_sync(func)
           ^^^^^^^^^^^^^^^^^^^^^^^^^^^^^^^^^^^^
  File "/home/hongb/.openclaw/workspace/filebot/backend/venv/lib/python3.12/site-packages/anyio/to_thread.py", line 63, in run_sync
    return await get_async_backend().run_sync_in_worker_thread(
           ^^^^^^^^^^^^^^^^^^^^^^^^^^^^^^^^^^^^^^^^^^^^^^^^^^^^
  File "/home/hongb/.openclaw/workspace/filebot/backend/venv/lib/python3.12/site-packages/anyio/_backends/_asyncio.py", line 2502, in run_sync_in_worker_thread
    return await future
           ^^^^^^^^^^^^
  File "/home/hongb/.openclaw/workspace/filebot/backend/venv/lib/python3.12/site-packages/anyio/_backends/_asyncio.py", line 986, in run
    result = context.run(func, *args)
             ^^^^^^^^^^^^^^^^^^^^^^^^
  File "/home/hongb/.openclaw/workspace/filebot/backend/app/routers/documents.py", line 249, in get_documents
    documents = query.offset(skip).limit(limit).all()
                ^^^^^^^^^^^^^^^^^^^^^^^^^^^^^^^^^^^^^
  File "/home/hongb/.openclaw/workspace/filebot/backend/venv/lib/python3.12/site-packages/sqlalchemy/orm/query.py", line 2704, in all
    return self._iter().all()  # type: ignore
           ^^^^^^^^^^^^^^^^^^
  File "/home/hongb/.openclaw/workspace/filebot/backend/venv/lib/python3.12/site-packages/sqlalchemy/engine/result.py", line 1786, in all
    return self._allrows()
           ^^^^^^^^^^^^^^^
  File "/home/hongb/.openclaw/workspace/filebot/backend/venv/lib/python3.12/site-packages/sqlalchemy/engine/result.py", line 560, in _allrows
    rows = self._fetchall_impl()
           ^^^^^^^^^^^^^^^^^^^^^
  File "/home/hongb/.openclaw/workspace/filebot/backend/venv/lib/python3.12/site-packages/sqlalchemy/engine/result.py", line 1693, in _fetchall_impl
    return self._real_result._fetchall_impl()
           ^^^^^^^^^^^^^^^^^^^^^^^^^^^^^^^^^^
  File "/home/hongb/.openclaw/workspace/filebot/backend/venv/lib/python3.12/site-packages/sqlalchemy/engine/result.py", line 2287, in _fetchall_impl
    return list(self.iterator)
           ^^^^^^^^^^^^^^^^^^^
  File "/home/hongb/.openclaw/workspace/filebot/backend/venv/lib/python3.12/site-packages/sqlalchemy/orm/loading.py", line 220, in chunks
    fetch = cursor._raw_all_rows()
            ^^^^^^^^^^^^^^^^^^^^^^
  File "/home/hongb/.openclaw/workspace/filebot/backend/venv/lib/python3.12/site-packages/sqlalchemy/engine/result.py", line 553, in _raw_all_rows
    return [make_row(row) for row in rows]
            ^^^^^^^^^^^^^
  File "lib/sqlalchemy/cyextension/resultproxy.pyx", line 22, in sqlalchemy.cyextension.resultproxy.BaseRow.__init__
  File "lib/sqlalchemy/cyextension/resultproxy.pyx", line 79, in sqlalchemy.cyextension.resultproxy._apply_processors
  File "/home/hongb/.openclaw/workspace/filebot/backend/venv/lib/python3.12/site-packages/sqlalchemy/sql/sqltypes.py", line 1829, in process
    value = self._object_value_for_elem(value)
            ^^^^^^^^^^^^^^^^^^^^^^^^^^^^^^^^^^
  File "/home/hongb/.openclaw/workspace/filebot/backend/venv/lib/python3.12/site-packages/sqlalchemy/sql/sqltypes.py", line 1711, in _object_value_for_elem
    raise LookupError(
LookupError: 'MULTIPAGE' is not among the defined enum values. Enum name: filetype. Possible values: TIFF, PDF, DOC, ..., OTHER
INFO:     127.0.0.1:35312 - "GET / HTTP/1.1" 200 OK
INFO:     127.0.0.1:46064 - "OPTIONS /api/v1/documents/ HTTP/1.1" 200 OK
INFO:     127.0.0.1:46074 - "OPTIONS /api/v1/documents/ HTTP/1.1" 200 OK
INFO:     127.0.0.1:46074 - "GET /api/v1/documents/ HTTP/1.1" 500 Internal Server Error
ERROR:    Exception in ASGI application
Traceback (most recent call last):
  File "/home/hongb/.openclaw/workspace/filebot/backend/venv/lib/python3.12/site-packages/sqlalchemy/sql/sqltypes.py", line 1709, in _object_value_for_elem
    return self._object_lookup[elem]  # type: ignore[return-value]
           ~~~~~~~~~~~~~~~~~~~^^^^^^
KeyError: 'MULTIPAGE'

The above exception was the direct cause of the following exception:

Traceback (most recent call last):
  File "/home/hongb/.openclaw/workspace/filebot/backend/venv/lib/python3.12/site-packages/uvicorn/protocols/http/h11_impl.py", line 410, in run_asgi
    result = await app(  # type: ignore[func-returns-value]
             ^^^^^^^^^^^^^^^^^^^^^^^^^^^^^^^^^^^^^^^^^^^^^^
  File "/home/hongb/.openclaw/workspace/filebot/backend/venv/lib/python3.12/site-packages/uvicorn/middleware/proxy_headers.py", line 60, in __call__
    return await self.app(scope, receive, send)
           ^^^^^^^^^^^^^^^^^^^^^^^^^^^^^^^^^^^^
  File "/home/hongb/.openclaw/workspace/filebot/backend/venv/lib/python3.12/site-packages/fastapi/applications.py", line 1160, in __call__
    await super().__call__(scope, receive, send)
  File "/home/hongb/.openclaw/workspace/filebot/backend/venv/lib/python3.12/site-packages/starlette/applications.py", line 107, in __call__
    await self.middleware_stack(scope, receive, send)
  File "/home/hongb/.openclaw/workspace/filebot/backend/venv/lib/python3.12/site-packages/starlette/middleware/errors.py", line 186, in __call__
    raise exc
  File "/home/hongb/.openclaw/workspace/filebot/backend/venv/lib/python3.12/site-packages/starlette/middleware/errors.py", line 164, in __call__
    await self.app(scope, receive, _send)
  File "/home/hongb/.openclaw/workspace/filebot/backend/venv/lib/python3.12/site-packages/starlette/middleware/cors.py", line 95, in __call__
    await self.simple_response(scope, receive, send, request_headers=headers)
  File "/home/hongb/.openclaw/workspace/filebot/backend/venv/lib/python3.12/site-packages/starlette/middleware/cors.py", line 153, in simple_response
    await self.app(scope, receive, send)
  File "/home/hongb/.openclaw/workspace/filebot/backend/venv/lib/python3.12/site-packages/starlette/middleware/exceptions.py", line 63, in __call__
    await wrap_app_handling_exceptions(self.app, conn)(scope, receive, send)
  File "/home/hongb/.openclaw/workspace/filebot/backend/venv/lib/python3.12/site-packages/starlette/_exception_handler.py", line 53, in wrapped_app
    raise exc
  File "/home/hongb/.openclaw/workspace/filebot/backend/venv/lib/python3.12/site-packages/starlette/_exception_handler.py", line 42, in wrapped_app
    await app(scope, receive, sender)
  File "/home/hongb/.openclaw/workspace/filebot/backend/venv/lib/python3.12/site-packages/fastapi/middleware/asyncexitstack.py", line 18, in __call__
    await self.app(scope, receive, send)
  File "/home/hongb/.openclaw/workspace/filebot/backend/venv/lib/python3.12/site-packages/starlette/routing.py", line 716, in __call__
    await self.middleware_stack(scope, receive, send)
  File "/home/hongb/.openclaw/workspace/filebot/backend/venv/lib/python3.12/site-packages/starlette/routing.py", line 736, in app
    await route.handle(scope, receive, send)
  File "/home/hongb/.openclaw/workspace/filebot/backend/venv/lib/python3.12/site-packages/starlette/routing.py", line 290, in handle
    await self.app(scope, receive, send)
  File "/home/hongb/.openclaw/workspace/filebot/backend/venv/lib/python3.12/site-packages/fastapi/routing.py", line 130, in app
    await wrap_app_handling_exceptions(app, request)(scope, receive, send)
  File "/home/hongb/.openclaw/workspace/filebot/backend/venv/lib/python3.12/site-packages/starlette/_exception_handler.py", line 53, in wrapped_app
    raise exc
  File "/home/hongb/.openclaw/workspace/filebot/backend/venv/lib/python3.12/site-packages/starlette/_exception_handler.py", line 42, in wrapped_app
    await app(scope, receive, sender)
  File "/home/hongb/.openclaw/workspace/filebot/backend/venv/lib/python3.12/site-packages/fastapi/routing.py", line 116, in app
    response = await f(request)
               ^^^^^^^^^^^^^^^^
  File "/home/hongb/.openclaw/workspace/filebot/backend/venv/lib/python3.12/site-packages/fastapi/routing.py", line 670, in app
    raw_response = await run_endpoint_function(
                   ^^^^^^^^^^^^^^^^^^^^^^^^^^^^
  File "/home/hongb/.openclaw/workspace/filebot/backend/venv/lib/python3.12/site-packages/fastapi/routing.py", line 326, in run_endpoint_function
    return await run_in_threadpool(dependant.call, **values)
           ^^^^^^^^^^^^^^^^^^^^^^^^^^^^^^^^^^^^^^^^^^^^^^^^^
  File "/home/hongb/.openclaw/workspace/filebot/backend/venv/lib/python3.12/site-packages/starlette/concurrency.py", line 32, in run_in_threadpool
    return await anyio.to_thread.run_sync(func)
           ^^^^^^^^^^^^^^^^^^^^^^^^^^^^^^^^^^^^
  File "/home/hongb/.openclaw/workspace/filebot/backend/venv/lib/python3.12/site-packages/anyio/to_thread.py", line 63, in run_sync
    return await get_async_backend().run_sync_in_worker_thread(
           ^^^^^^^^^^^^^^^^^^^^^^^^^^^^^^^^^^^^^^^^^^^^^^^^^^^^
  File "/home/hongb/.openclaw/workspace/filebot/backend/venv/lib/python3.12/site-packages/anyio/_backends/_asyncio.py", line 2502, in run_sync_in_worker_thread
    return await future
           ^^^^^^^^^^^^
  File "/home/hongb/.openclaw/workspace/filebot/backend/venv/lib/python3.12/site-packages/anyio/_backends/_asyncio.py", line 986, in run
    result = context.run(func, *args)
             ^^^^^^^^^^^^^^^^^^^^^^^^
  File "/home/hongb/.openclaw/workspace/filebot/backend/app/routers/documents.py", line 249, in get_documents
    documents = query.offset(skip).limit(limit).all()
                ^^^^^^^^^^^^^^^^^^^^^^^^^^^^^^^^^^^^^
  File "/home/hongb/.openclaw/workspace/filebot/backend/venv/lib/python3.12/site-packages/sqlalchemy/orm/query.py", line 2704, in all
    return self._iter().all()  # type: ignore
           ^^^^^^^^^^^^^^^^^^
  File "/home/hongb/.openclaw/workspace/filebot/backend/venv/lib/python3.12/site-packages/sqlalchemy/engine/result.py", line 1786, in all
    return self._allrows()
           ^^^^^^^^^^^^^^^
  File "/home/hongb/.openclaw/workspace/filebot/backend/venv/lib/python3.12/site-packages/sqlalchemy/engine/result.py", line 560, in _allrows
    rows = self._fetchall_impl()
           ^^^^^^^^^^^^^^^^^^^^^
  File "/home/hongb/.openclaw/workspace/filebot/backend/venv/lib/python3.12/site-packages/sqlalchemy/engine/result.py", line 1693, in _fetchall_impl
    return self._real_result._fetchall_impl()
           ^^^^^^^^^^^^^^^^^^^^^^^^^^^^^^^^^^
  File "/home/hongb/.openclaw/workspace/filebot/backend/venv/lib/python3.12/site-packages/sqlalchemy/engine/result.py", line 2287, in _fetchall_impl
    return list(self.iterator)
           ^^^^^^^^^^^^^^^^^^^
  File "/home/hongb/.openclaw/workspace/filebot/backend/venv/lib/python3.12/site-packages/sqlalchemy/orm/loading.py", line 220, in chunks
    fetch = cursor._raw_all_rows()
            ^^^^^^^^^^^^^^^^^^^^^^
  File "/home/hongb/.openclaw/workspace/filebot/backend/venv/lib/python3.12/site-packages/sqlalchemy/engine/result.py", line 553, in _raw_all_rows
    return [make_row(row) for row in rows]
            ^^^^^^^^^^^^^
  File "lib/sqlalchemy/cyextension/resultproxy.pyx", line 22, in sqlalchemy.cyextension.resultproxy.BaseRow.__init__
  File "lib/sqlalchemy/cyextension/resultproxy.pyx", line 79, in sqlalchemy.cyextension.resultproxy._apply_processors
  File "/home/hongb/.openclaw/workspace/filebot/backend/venv/lib/python3.12/site-packages/sqlalchemy/sql/sqltypes.py", line 1829, in process
    value = self._object_value_for_elem(value)
            ^^^^^^^^^^^^^^^^^^^^^^^^^^^^^^^^^^
  File "/home/hongb/.openclaw/workspace/filebot/backend/venv/lib/python3.12/site-packages/sqlalchemy/sql/sqltypes.py", line 1711, in _object_value_for_elem
    raise LookupError(
LookupError: 'MULTIPAGE' is not among the defined enum values. Enum name: filetype. Possible values: TIFF, PDF, DOC, ..., OTHER
INFO:     127.0.0.1:46064 - "GET /api/v1/documents/ HTTP/1.1" 500 Internal Server Error
ERROR:    Exception in ASGI application
Traceback (most recent call last):
  File "/home/hongb/.openclaw/workspace/filebot/backend/venv/lib/python3.12/site-packages/sqlalchemy/sql/sqltypes.py", line 1709, in _object_value_for_elem
    return self._object_lookup[elem]  # type: ignore[return-value]
           ~~~~~~~~~~~~~~~~~~~^^^^^^
KeyError: 'MULTIPAGE'

The above exception was the direct cause of the following exception:

Traceback (most recent call last):
  File "/home/hongb/.openclaw/workspace/filebot/backend/venv/lib/python3.12/site-packages/uvicorn/protocols/http/h11_impl.py", line 410, in run_asgi
    result = await app(  # type: ignore[func-returns-value]
             ^^^^^^^^^^^^^^^^^^^^^^^^^^^^^^^^^^^^^^^^^^^^^^
  File "/home/hongb/.openclaw/workspace/filebot/backend/venv/lib/python3.12/site-packages/uvicorn/middleware/proxy_headers.py", line 60, in __call__
    return await self.app(scope, receive, send)
           ^^^^^^^^^^^^^^^^^^^^^^^^^^^^^^^^^^^^
  File "/home/hongb/.openclaw/workspace/filebot/backend/venv/lib/python3.12/site-packages/fastapi/applications.py", line 1160, in __call__
    await super().__call__(scope, receive, send)
  File "/home/hongb/.openclaw/workspace/filebot/backend/venv/lib/python3.12/site-packages/starlette/applications.py", line 107, in __call__
    await self.middleware_stack(scope, receive, send)
  File "/home/hongb/.openclaw/workspace/filebot/backend/venv/lib/python3.12/site-packages/starlette/middleware/errors.py", line 186, in __call__
    raise exc
  File "/home/hongb/.openclaw/workspace/filebot/backend/venv/lib/python3.12/site-packages/starlette/middleware/errors.py", line 164, in __call__
    await self.app(scope, receive, _send)
  File "/home/hongb/.openclaw/workspace/filebot/backend/venv/lib/python3.12/site-packages/starlette/middleware/cors.py", line 95, in __call__
    await self.simple_response(scope, receive, send, request_headers=headers)
  File "/home/hongb/.openclaw/workspace/filebot/backend/venv/lib/python3.12/site-packages/starlette/middleware/cors.py", line 153, in simple_response
    await self.app(scope, receive, send)
  File "/home/hongb/.openclaw/workspace/filebot/backend/venv/lib/python3.12/site-packages/starlette/middleware/exceptions.py", line 63, in __call__
    await wrap_app_handling_exceptions(self.app, conn)(scope, receive, send)
  File "/home/hongb/.openclaw/workspace/filebot/backend/venv/lib/python3.12/site-packages/starlette/_exception_handler.py", line 53, in wrapped_app
    raise exc
  File "/home/hongb/.openclaw/workspace/filebot/backend/venv/lib/python3.12/site-packages/starlette/_exception_handler.py", line 42, in wrapped_app
    await app(scope, receive, sender)
  File "/home/hongb/.openclaw/workspace/filebot/backend/venv/lib/python3.12/site-packages/fastapi/middleware/asyncexitstack.py", line 18, in __call__
    await self.app(scope, receive, send)
  File "/home/hongb/.openclaw/workspace/filebot/backend/venv/lib/python3.12/site-packages/starlette/routing.py", line 716, in __call__
    await self.middleware_stack(scope, receive, send)
  File "/home/hongb/.openclaw/workspace/filebot/backend/venv/lib/python3.12/site-packages/starlette/routing.py", line 736, in app
    await route.handle(scope, receive, send)
  File "/home/hongb/.openclaw/workspace/filebot/backend/venv/lib/python3.12/site-packages/starlette/routing.py", line 290, in handle
    await self.app(scope, receive, send)
  File "/home/hongb/.openclaw/workspace/filebot/backend/venv/lib/python3.12/site-packages/fastapi/routing.py", line 130, in app
    await wrap_app_handling_exceptions(app, request)(scope, receive, send)
  File "/home/hongb/.openclaw/workspace/filebot/backend/venv/lib/python3.12/site-packages/starlette/_exception_handler.py", line 53, in wrapped_app
    raise exc
  File "/home/hongb/.openclaw/workspace/filebot/backend/venv/lib/python3.12/site-packages/starlette/_exception_handler.py", line 42, in wrapped_app
    await app(scope, receive, sender)
  File "/home/hongb/.openclaw/workspace/filebot/backend/venv/lib/python3.12/site-packages/fastapi/routing.py", line 116, in app
    response = await f(request)
               ^^^^^^^^^^^^^^^^
  File "/home/hongb/.openclaw/workspace/filebot/backend/venv/lib/python3.12/site-packages/fastapi/routing.py", line 670, in app
    raw_response = await run_endpoint_function(
                   ^^^^^^^^^^^^^^^^^^^^^^^^^^^^
  File "/home/hongb/.openclaw/workspace/filebot/backend/venv/lib/python3.12/site-packages/fastapi/routing.py", line 326, in run_endpoint_function
    return await run_in_threadpool(dependant.call, **values)
           ^^^^^^^^^^^^^^^^^^^^^^^^^^^^^^^^^^^^^^^^^^^^^^^^^
  File "/home/hongb/.openclaw/workspace/filebot/backend/venv/lib/python3.12/site-packages/starlette/concurrency.py", line 32, in run_in_threadpool
    return await anyio.to_thread.run_sync(func)
           ^^^^^^^^^^^^^^^^^^^^^^^^^^^^^^^^^^^^
  File "/home/hongb/.openclaw/workspace/filebot/backend/venv/lib/python3.12/site-packages/anyio/to_thread.py", line 63, in run_sync
    return await get_async_backend().run_sync_in_worker_thread(
           ^^^^^^^^^^^^^^^^^^^^^^^^^^^^^^^^^^^^^^^^^^^^^^^^^^^^
  File "/home/hongb/.openclaw/workspace/filebot/backend/venv/lib/python3.12/site-packages/anyio/_backends/_asyncio.py", line 2502, in run_sync_in_worker_thread
    return await future
           ^^^^^^^^^^^^
  File "/home/hongb/.openclaw/workspace/filebot/backend/venv/lib/python3.12/site-packages/anyio/_backends/_asyncio.py", line 986, in run
    result = context.run(func, *args)
             ^^^^^^^^^^^^^^^^^^^^^^^^
  File "/home/hongb/.openclaw/workspace/filebot/backend/app/routers/documents.py", line 249, in get_documents
    documents = query.offset(skip).limit(limit).all()
                ^^^^^^^^^^^^^^^^^^^^^^^^^^^^^^^^^^^^^
  File "/home/hongb/.openclaw/workspace/filebot/backend/venv/lib/python3.12/site-packages/sqlalchemy/orm/query.py", line 2704, in all
    return self._iter().all()  # type: ignore
           ^^^^^^^^^^^^^^^^^^
  File "/home/hongb/.openclaw/workspace/filebot/backend/venv/lib/python3.12/site-packages/sqlalchemy/engine/result.py", line 1786, in all
    return self._allrows()
           ^^^^^^^^^^^^^^^
  File "/home/hongb/.openclaw/workspace/filebot/backend/venv/lib/python3.12/site-packages/sqlalchemy/engine/result.py", line 560, in _allrows
    rows = self._fetchall_impl()
           ^^^^^^^^^^^^^^^^^^^^^
  File "/home/hongb/.openclaw/workspace/filebot/backend/venv/lib/python3.12/site-packages/sqlalchemy/engine/result.py", line 1693, in _fetchall_impl
    return self._real_result._fetchall_impl()
           ^^^^^^^^^^^^^^^^^^^^^^^^^^^^^^^^^^
  File "/home/hongb/.openclaw/workspace/filebot/backend/venv/lib/python3.12/site-packages/sqlalchemy/engine/result.py", line 2287, in _fetchall_impl
    return list(self.iterator)
           ^^^^^^^^^^^^^^^^^^^
  File "/home/hongb/.openclaw/workspace/filebot/backend/venv/lib/python3.12/site-packages/sqlalchemy/orm/loading.py", line 220, in chunks
    fetch = cursor._raw_all_rows()
            ^^^^^^^^^^^^^^^^^^^^^^
  File "/home/hongb/.openclaw/workspace/filebot/backend/venv/lib/python3.12/site-packages/sqlalchemy/engine/result.py", line 553, in _raw_all_rows
    return [make_row(row) for row in rows]
            ^^^^^^^^^^^^^
  File "lib/sqlalchemy/cyextension/resultproxy.pyx", line 22, in sqlalchemy.cyextension.resultproxy.BaseRow.__init__
  File "lib/sqlalchemy/cyextension/resultproxy.pyx", line 79, in sqlalchemy.cyextension.resultproxy._apply_processors
  File "/home/hongb/.openclaw/workspace/filebot/backend/venv/lib/python3.12/site-packages/sqlalchemy/sql/sqltypes.py", line 1829, in process
    value = self._object_value_for_elem(value)
            ^^^^^^^^^^^^^^^^^^^^^^^^^^^^^^^^^^
  File "/home/hongb/.openclaw/workspace/filebot/backend/venv/lib/python3.12/site-packages/sqlalchemy/sql/sqltypes.py", line 1711, in _object_value_for_elem
    raise LookupError(
LookupError: 'MULTIPAGE' is not among the defined enum values. Enum name: filetype. Possible values: TIFF, PDF, DOC, ..., OTHER
INFO:     127.0.0.1:46082 - "GET /api/v1/documents/ HTTP/1.1" 500 Internal Server Error
ERROR:    Exception in ASGI application
Traceback (most recent call last):
  File "/home/hongb/.openclaw/workspace/filebot/backend/venv/lib/python3.12/site-packages/sqlalchemy/sql/sqltypes.py", line 1709, in _object_value_for_elem
    return self._object_lookup[elem]  # type: ignore[return-value]
           ~~~~~~~~~~~~~~~~~~~^^^^^^
KeyError: 'MULTIPAGE'

The above exception was the direct cause of the following exception:

Traceback (most recent call last):
  File "/home/hongb/.openclaw/workspace/filebot/backend/venv/lib/python3.12/site-packages/uvicorn/protocols/http/h11_impl.py", line 410, in run_asgi
    result = await app(  # type: ignore[func-returns-value]
             ^^^^^^^^^^^^^^^^^^^^^^^^^^^^^^^^^^^^^^^^^^^^^^
  File "/home/hongb/.openclaw/workspace/filebot/backend/venv/lib/python3.12/site-packages/uvicorn/middleware/proxy_headers.py", line 60, in __call__
    return await self.app(scope, receive, send)
           ^^^^^^^^^^^^^^^^^^^^^^^^^^^^^^^^^^^^
  File "/home/hongb/.openclaw/workspace/filebot/backend/venv/lib/python3.12/site-packages/fastapi/applications.py", line 1160, in __call__
    await super().__call__(scope, receive, send)
  File "/home/hongb/.openclaw/workspace/filebot/backend/venv/lib/python3.12/site-packages/starlette/applications.py", line 107, in __call__
    await self.middleware_stack(scope, receive, send)
  File "/home/hongb/.openclaw/workspace/filebot/backend/venv/lib/python3.12/site-packages/starlette/middleware/errors.py", line 186, in __call__
    raise exc
  File "/home/hongb/.openclaw/workspace/filebot/backend/venv/lib/python3.12/site-packages/starlette/middleware/errors.py", line 164, in __call__
    await self.app(scope, receive, _send)
  File "/home/hongb/.openclaw/workspace/filebot/backend/venv/lib/python3.12/site-packages/starlette/middleware/cors.py", line 95, in __call__
    await self.simple_response(scope, receive, send, request_headers=headers)
  File "/home/hongb/.openclaw/workspace/filebot/backend/venv/lib/python3.12/site-packages/starlette/middleware/cors.py", line 153, in simple_response
    await self.app(scope, receive, send)
  File "/home/hongb/.openclaw/workspace/filebot/backend/venv/lib/python3.12/site-packages/starlette/middleware/exceptions.py", line 63, in __call__
    await wrap_app_handling_exceptions(self.app, conn)(scope, receive, send)
  File "/home/hongb/.openclaw/workspace/filebot/backend/venv/lib/python3.12/site-packages/starlette/_exception_handler.py", line 53, in wrapped_app
    raise exc
  File "/home/hongb/.openclaw/workspace/filebot/backend/venv/lib/python3.12/site-packages/starlette/_exception_handler.py", line 42, in wrapped_app
    await app(scope, receive, sender)
  File "/home/hongb/.openclaw/workspace/filebot/backend/venv/lib/python3.12/site-packages/fastapi/middleware/asyncexitstack.py", line 18, in __call__
    await self.app(scope, receive, send)
  File "/home/hongb/.openclaw/workspace/filebot/backend/venv/lib/python3.12/site-packages/starlette/routing.py", line 716, in __call__
    await self.middleware_stack(scope, receive, send)
  File "/home/hongb/.openclaw/workspace/filebot/backend/venv/lib/python3.12/site-packages/starlette/routing.py", line 736, in app
    await route.handle(scope, receive, send)
  File "/home/hongb/.openclaw/workspace/filebot/backend/venv/lib/python3.12/site-packages/starlette/routing.py", line 290, in handle
    await self.app(scope, receive, send)
  File "/home/hongb/.openclaw/workspace/filebot/backend/venv/lib/python3.12/site-packages/fastapi/routing.py", line 130, in app
    await wrap_app_handling_exceptions(app, request)(scope, receive, send)
  File "/home/hongb/.openclaw/workspace/filebot/backend/venv/lib/python3.12/site-packages/starlette/_exception_handler.py", line 53, in wrapped_app
    raise exc
  File "/home/hongb/.openclaw/workspace/filebot/backend/venv/lib/python3.12/site-packages/starlette/_exception_handler.py", line 42, in wrapped_app
    await app(scope, receive, sender)
  File "/home/hongb/.openclaw/workspace/filebot/backend/venv/lib/python3.12/site-packages/fastapi/routing.py", line 116, in app
    response = await f(request)
               ^^^^^^^^^^^^^^^^
  File "/home/hongb/.openclaw/workspace/filebot/backend/venv/lib/python3.12/site-packages/fastapi/routing.py", line 670, in app
    raw_response = await run_endpoint_function(
                   ^^^^^^^^^^^^^^^^^^^^^^^^^^^^
  File "/home/hongb/.openclaw/workspace/filebot/backend/venv/lib/python3.12/site-packages/fastapi/routing.py", line 326, in run_endpoint_function
    return await run_in_threadpool(dependant.call, **values)
           ^^^^^^^^^^^^^^^^^^^^^^^^^^^^^^^^^^^^^^^^^^^^^^^^^
  File "/home/hongb/.openclaw/workspace/filebot/backend/venv/lib/python3.12/site-packages/starlette/concurrency.py", line 32, in run_in_threadpool
    return await anyio.to_thread.run_sync(func)
           ^^^^^^^^^^^^^^^^^^^^^^^^^^^^^^^^^^^^
  File "/home/hongb/.openclaw/workspace/filebot/backend/venv/lib/python3.12/site-packages/anyio/to_thread.py", line 63, in run_sync
    return await get_async_backend().run_sync_in_worker_thread(
           ^^^^^^^^^^^^^^^^^^^^^^^^^^^^^^^^^^^^^^^^^^^^^^^^^^^^
  File "/home/hongb/.openclaw/workspace/filebot/backend/venv/lib/python3.12/site-packages/anyio/_backends/_asyncio.py", line 2502, in run_sync_in_worker_thread
    return await future
           ^^^^^^^^^^^^
  File "/home/hongb/.openclaw/workspace/filebot/backend/venv/lib/python3.12/site-packages/anyio/_backends/_asyncio.py", line 986, in run
    result = context.run(func, *args)
             ^^^^^^^^^^^^^^^^^^^^^^^^
  File "/home/hongb/.openclaw/workspace/filebot/backend/app/routers/documents.py", line 249, in get_documents
    documents = query.offset(skip).limit(limit).all()
                ^^^^^^^^^^^^^^^^^^^^^^^^^^^^^^^^^^^^^
  File "/home/hongb/.openclaw/workspace/filebot/backend/venv/lib/python3.12/site-packages/sqlalchemy/orm/query.py", line 2704, in all
    return self._iter().all()  # type: ignore
           ^^^^^^^^^^^^^^^^^^
  File "/home/hongb/.openclaw/workspace/filebot/backend/venv/lib/python3.12/site-packages/sqlalchemy/engine/result.py", line 1786, in all
    return self._allrows()
           ^^^^^^^^^^^^^^^
  File "/home/hongb/.openclaw/workspace/filebot/backend/venv/lib/python3.12/site-packages/sqlalchemy/engine/result.py", line 560, in _allrows
    rows = self._fetchall_impl()
           ^^^^^^^^^^^^^^^^^^^^^
  File "/home/hongb/.openclaw/workspace/filebot/backend/venv/lib/python3.12/site-packages/sqlalchemy/engine/result.py", line 1693, in _fetchall_impl
    return self._real_result._fetchall_impl()
           ^^^^^^^^^^^^^^^^^^^^^^^^^^^^^^^^^^
  File "/home/hongb/.openclaw/workspace/filebot/backend/venv/lib/python3.12/site-packages/sqlalchemy/engine/result.py", line 2287, in _fetchall_impl
    return list(self.iterator)
           ^^^^^^^^^^^^^^^^^^^
  File "/home/hongb/.openclaw/workspace/filebot/backend/venv/lib/python3.12/site-packages/sqlalchemy/orm/loading.py", line 220, in chunks
    fetch = cursor._raw_all_rows()
            ^^^^^^^^^^^^^^^^^^^^^^
  File "/home/hongb/.openclaw/workspace/filebot/backend/venv/lib/python3.12/site-packages/sqlalchemy/engine/result.py", line 553, in _raw_all_rows
    return [make_row(row) for row in rows]
            ^^^^^^^^^^^^^
  File "lib/sqlalchemy/cyextension/resultproxy.pyx", line 22, in sqlalchemy.cyextension.resultproxy.BaseRow.__init__
  File "lib/sqlalchemy/cyextension/resultproxy.pyx", line 79, in sqlalchemy.cyextension.resultproxy._apply_processors
  File "/home/hongb/.openclaw/workspace/filebot/backend/venv/lib/python3.12/site-packages/sqlalchemy/sql/sqltypes.py", line 1829, in process
    value = self._object_value_for_elem(value)
            ^^^^^^^^^^^^^^^^^^^^^^^^^^^^^^^^^^
  File "/home/hongb/.openclaw/workspace/filebot/backend/venv/lib/python3.12/site-packages/sqlalchemy/sql/sqltypes.py", line 1711, in _object_value_for_elem
    raise LookupError(
LookupError: 'MULTIPAGE' is not among the defined enum values. Enum name: filetype. Possible values: TIFF, PDF, DOC, ..., OTHER
INFO:     127.0.0.1:38976 - "GET /api/v1/documents/ HTTP/1.1" 500 Internal Server Error
ERROR:    Exception in ASGI application
Traceback (most recent call last):
  File "/home/hongb/.openclaw/workspace/filebot/backend/venv/lib/python3.12/site-packages/sqlalchemy/sql/sqltypes.py", line 1709, in _object_value_for_elem
    return self._object_lookup[elem]  # type: ignore[return-value]
           ~~~~~~~~~~~~~~~~~~~^^^^^^
KeyError: 'MULTIPAGE'

The above exception was the direct cause of the following exception:

Traceback (most recent call last):
  File "/home/hongb/.openclaw/workspace/filebot/backend/venv/lib/python3.12/site-packages/uvicorn/protocols/http/h11_impl.py", line 410, in run_asgi
    result = await app(  # type: ignore[func-returns-value]
             ^^^^^^^^^^^^^^^^^^^^^^^^^^^^^^^^^^^^^^^^^^^^^^
  File "/home/hongb/.openclaw/workspace/filebot/backend/venv/lib/python3.12/site-packages/uvicorn/middleware/proxy_headers.py", line 60, in __call__
    return await self.app(scope, receive, send)
           ^^^^^^^^^^^^^^^^^^^^^^^^^^^^^^^^^^^^
  File "/home/hongb/.openclaw/workspace/filebot/backend/venv/lib/python3.12/site-packages/fastapi/applications.py", line 1160, in __call__
    await super().__call__(scope, receive, send)
  File "/home/hongb/.openclaw/workspace/filebot/backend/venv/lib/python3.12/site-packages/starlette/applications.py", line 107, in __call__
    await self.middleware_stack(scope, receive, send)
  File "/home/hongb/.openclaw/workspace/filebot/backend/venv/lib/python3.12/site-packages/starlette/middleware/errors.py", line 186, in __call__
    raise exc
  File "/home/hongb/.openclaw/workspace/filebot/backend/venv/lib/python3.12/site-packages/starlette/middleware/errors.py", line 164, in __call__
    await self.app(scope, receive, _send)
  File "/home/hongb/.openclaw/workspace/filebot/backend/venv/lib/python3.12/site-packages/starlette/middleware/cors.py", line 95, in __call__
    await self.simple_response(scope, receive, send, request_headers=headers)
  File "/home/hongb/.openclaw/workspace/filebot/backend/venv/lib/python3.12/site-packages/starlette/middleware/cors.py", line 153, in simple_response
    await self.app(scope, receive, send)
  File "/home/hongb/.openclaw/workspace/filebot/backend/venv/lib/python3.12/site-packages/starlette/middleware/exceptions.py", line 63, in __call__
    await wrap_app_handling_exceptions(self.app, conn)(scope, receive, send)
  File "/home/hongb/.openclaw/workspace/filebot/backend/venv/lib/python3.12/site-packages/starlette/_exception_handler.py", line 53, in wrapped_app
    raise exc
  File "/home/hongb/.openclaw/workspace/filebot/backend/venv/lib/python3.12/site-packages/starlette/_exception_handler.py", line 42, in wrapped_app
    await app(scope, receive, sender)
  File "/home/hongb/.openclaw/workspace/filebot/backend/venv/lib/python3.12/site-packages/fastapi/middleware/asyncexitstack.py", line 18, in __call__
    await self.app(scope, receive, send)
  File "/home/hongb/.openclaw/workspace/filebot/backend/venv/lib/python3.12/site-packages/starlette/routing.py", line 716, in __call__
    await self.middleware_stack(scope, receive, send)
  File "/home/hongb/.openclaw/workspace/filebot/backend/venv/lib/python3.12/site-packages/starlette/routing.py", line 736, in app
    await route.handle(scope, receive, send)
  File "/home/hongb/.openclaw/workspace/filebot/backend/venv/lib/python3.12/site-packages/starlette/routing.py", line 290, in handle
    await self.app(scope, receive, send)
  File "/home/hongb/.openclaw/workspace/filebot/backend/venv/lib/python3.12/site-packages/fastapi/routing.py", line 130, in app
    await wrap_app_handling_exceptions(app, request)(scope, receive, send)
  File "/home/hongb/.openclaw/workspace/filebot/backend/venv/lib/python3.12/site-packages/starlette/_exception_handler.py", line 53, in wrapped_app
    raise exc
  File "/home/hongb/.openclaw/workspace/filebot/backend/venv/lib/python3.12/site-packages/starlette/_exception_handler.py", line 42, in wrapped_app
    await app(scope, receive, sender)
  File "/home/hongb/.openclaw/workspace/filebot/backend/venv/lib/python3.12/site-packages/fastapi/routing.py", line 116, in app
    response = await f(request)
               ^^^^^^^^^^^^^^^^
  File "/home/hongb/.openclaw/workspace/filebot/backend/venv/lib/python3.12/site-packages/fastapi/routing.py", line 670, in app
    raw_response = await run_endpoint_function(
                   ^^^^^^^^^^^^^^^^^^^^^^^^^^^^
  File "/home/hongb/.openclaw/workspace/filebot/backend/venv/lib/python3.12/site-packages/fastapi/routing.py", line 326, in run_endpoint_function
    return await run_in_threadpool(dependant.call, **values)
           ^^^^^^^^^^^^^^^^^^^^^^^^^^^^^^^^^^^^^^^^^^^^^^^^^
  File "/home/hongb/.openclaw/workspace/filebot/backend/venv/lib/python3.12/site-packages/starlette/concurrency.py", line 32, in run_in_threadpool
    return await anyio.to_thread.run_sync(func)
           ^^^^^^^^^^^^^^^^^^^^^^^^^^^^^^^^^^^^
  File "/home/hongb/.openclaw/workspace/filebot/backend/venv/lib/python3.12/site-packages/anyio/to_thread.py", line 63, in run_sync
    return await get_async_backend().run_sync_in_worker_thread(
           ^^^^^^^^^^^^^^^^^^^^^^^^^^^^^^^^^^^^^^^^^^^^^^^^^^^^
  File "/home/hongb/.openclaw/workspace/filebot/backend/venv/lib/python3.12/site-packages/anyio/_backends/_asyncio.py", line 2502, in run_sync_in_worker_thread
    return await future
           ^^^^^^^^^^^^
  File "/home/hongb/.openclaw/workspace/filebot/backend/venv/lib/python3.12/site-packages/anyio/_backends/_asyncio.py", line 986, in run
    result = context.run(func, *args)
             ^^^^^^^^^^^^^^^^^^^^^^^^
  File "/home/hongb/.openclaw/workspace/filebot/backend/app/routers/documents.py", line 249, in get_documents
    documents = query.offset(skip).limit(limit).all()
                ^^^^^^^^^^^^^^^^^^^^^^^^^^^^^^^^^^^^^
  File "/home/hongb/.openclaw/workspace/filebot/backend/venv/lib/python3.12/site-packages/sqlalchemy/orm/query.py", line 2704, in all
    return self._iter().all()  # type: ignore
           ^^^^^^^^^^^^^^^^^^
  File "/home/hongb/.openclaw/workspace/filebot/backend/venv/lib/python3.12/site-packages/sqlalchemy/engine/result.py", line 1786, in all
    return self._allrows()
           ^^^^^^^^^^^^^^^
  File "/home/hongb/.openclaw/workspace/filebot/backend/venv/lib/python3.12/site-packages/sqlalchemy/engine/result.py", line 560, in _allrows
    rows = self._fetchall_impl()
           ^^^^^^^^^^^^^^^^^^^^^
  File "/home/hongb/.openclaw/workspace/filebot/backend/venv/lib/python3.12/site-packages/sqlalchemy/engine/result.py", line 1693, in _fetchall_impl
    return self._real_result._fetchall_impl()
           ^^^^^^^^^^^^^^^^^^^^^^^^^^^^^^^^^^
  File "/home/hongb/.openclaw/workspace/filebot/backend/venv/lib/python3.12/site-packages/sqlalchemy/engine/result.py", line 2287, in _fetchall_impl
    return list(self.iterator)
           ^^^^^^^^^^^^^^^^^^^
  File "/home/hongb/.openclaw/workspace/filebot/backend/venv/lib/python3.12/site-packages/sqlalchemy/orm/loading.py", line 220, in chunks
    fetch = cursor._raw_all_rows()
            ^^^^^^^^^^^^^^^^^^^^^^
  File "/home/hongb/.openclaw/workspace/filebot/backend/venv/lib/python3.12/site-packages/sqlalchemy/engine/result.py", line 553, in _raw_all_rows
    return [make_row(row) for row in rows]
            ^^^^^^^^^^^^^
  File "lib/sqlalchemy/cyextension/resultproxy.pyx", line 22, in sqlalchemy.cyextension.resultproxy.BaseRow.__init__
  File "lib/sqlalchemy/cyextension/resultproxy.pyx", line 79, in sqlalchemy.cyextension.resultproxy._apply_processors
  File "/home/hongb/.openclaw/workspace/filebot/backend/venv/lib/python3.12/site-packages/sqlalchemy/sql/sqltypes.py", line 1829, in process
    value = self._object_value_for_elem(value)
            ^^^^^^^^^^^^^^^^^^^^^^^^^^^^^^^^^^
  File "/home/hongb/.openclaw/workspace/filebot/backend/venv/lib/python3.12/site-packages/sqlalchemy/sql/sqltypes.py", line 1711, in _object_value_for_elem
    raise LookupError(
LookupError: 'MULTIPAGE' is not among the defined enum values. Enum name: filetype. Possible values: TIFF, PDF, DOC, ..., OTHER
INFO:     127.0.0.1:46158 - "GET /api/health HTTP/1.1" 200 OK
INFO:     127.0.0.1:59788 - "GET /api/dashboard HTTP/1.1" 404 Not Found
INFO:     127.0.0.1:59802 - "GET /api/stats HTTP/1.1" 404 Not Found
INFO:     127.0.0.1:59806 - "GET /api/documents HTTP/1.1" 404 Not Found
INFO:     127.0.0.1:60880 - "GET /api/v1/documents HTTP/1.1" 307 Temporary Redirect
INFO:     127.0.0.1:60882 - "GET /api/v1/search HTTP/1.1" 404 Not Found
INFO:     127.0.0.1:41624 - "GET /api/v1/documents HTTP/1.1" 307 Temporary Redirect
INFO:     127.0.0.1:41624 - "GET /api/v1/documents/ HTTP/1.1" 401 Unauthorized
INFO:     127.0.0.1:41874 - "POST /api/v1/auth/login HTTP/1.1" 200 OK
INFO:     127.0.0.1:59600 - "GET / HTTP/1.1" 200 OK
INFO:     127.0.0.1:58986 - "OPTIONS /api/v1/documents/ HTTP/1.1" 200 OK
INFO:     127.0.0.1:58994 - "OPTIONS /api/v1/documents/ HTTP/1.1" 200 OK
INFO:     127.0.0.1:58994 - "GET /api/v1/documents/ HTTP/1.1" 500 Internal Server Error
ERROR:    Exception in ASGI application
Traceback (most recent call last):
  File "/home/hongb/.openclaw/workspace/filebot/backend/venv/lib/python3.12/site-packages/sqlalchemy/sql/sqltypes.py", line 1709, in _object_value_for_elem
    return self._object_lookup[elem]  # type: ignore[return-value]
           ~~~~~~~~~~~~~~~~~~~^^^^^^
KeyError: 'MULTIPAGE'

The above exception was the direct cause of the following exception:

Traceback (most recent call last):
  File "/home/hongb/.openclaw/workspace/filebot/backend/venv/lib/python3.12/site-packages/uvicorn/protocols/http/h11_impl.py", line 410, in run_asgi
    result = await app(  # type: ignore[func-returns-value]
             ^^^^^^^^^^^^^^^^^^^^^^^^^^^^^^^^^^^^^^^^^^^^^^
  File "/home/hongb/.openclaw/workspace/filebot/backend/venv/lib/python3.12/site-packages/uvicorn/middleware/proxy_headers.py", line 60, in __call__
    return await self.app(scope, receive, send)
           ^^^^^^^^^^^^^^^^^^^^^^^^^^^^^^^^^^^^
  File "/home/hongb/.openclaw/workspace/filebot/backend/venv/lib/python3.12/site-packages/fastapi/applications.py", line 1160, in __call__
    await super().__call__(scope, receive, send)
  File "/home/hongb/.openclaw/workspace/filebot/backend/venv/lib/python3.12/site-packages/starlette/applications.py", line 107, in __call__
    await self.middleware_stack(scope, receive, send)
  File "/home/hongb/.openclaw/workspace/filebot/backend/venv/lib/python3.12/site-packages/starlette/middleware/errors.py", line 186, in __call__
    raise exc
  File "/home/hongb/.openclaw/workspace/filebot/backend/venv/lib/python3.12/site-packages/starlette/middleware/errors.py", line 164, in __call__
    await self.app(scope, receive, _send)
  File "/home/hongb/.openclaw/workspace/filebot/backend/venv/lib/python3.12/site-packages/starlette/middleware/cors.py", line 95, in __call__
    await self.simple_response(scope, receive, send, request_headers=headers)
  File "/home/hongb/.openclaw/workspace/filebot/backend/venv/lib/python3.12/site-packages/starlette/middleware/cors.py", line 153, in simple_response
    await self.app(scope, receive, send)
  File "/home/hongb/.openclaw/workspace/filebot/backend/venv/lib/python3.12/site-packages/starlette/middleware/exceptions.py", line 63, in __call__
    await wrap_app_handling_exceptions(self.app, conn)(scope, receive, send)
  File "/home/hongb/.openclaw/workspace/filebot/backend/venv/lib/python3.12/site-packages/starlette/_exception_handler.py", line 53, in wrapped_app
    raise exc
  File "/home/hongb/.openclaw/workspace/filebot/backend/venv/lib/python3.12/site-packages/starlette/_exception_handler.py", line 42, in wrapped_app
    await app(scope, receive, sender)
  File "/home/hongb/.openclaw/workspace/filebot/backend/venv/lib/python3.12/site-packages/fastapi/middleware/asyncexitstack.py", line 18, in __call__
    await self.app(scope, receive, send)
  File "/home/hongb/.openclaw/workspace/filebot/backend/venv/lib/python3.12/site-packages/starlette/routing.py", line 716, in __call__
    await self.middleware_stack(scope, receive, send)
  File "/home/hongb/.openclaw/workspace/filebot/backend/venv/lib/python3.12/site-packages/starlette/routing.py", line 736, in app
    await route.handle(scope, receive, send)
  File "/home/hongb/.openclaw/workspace/filebot/backend/venv/lib/python3.12/site-packages/starlette/routing.py", line 290, in handle
    await self.app(scope, receive, send)
  File "/home/hongb/.openclaw/workspace/filebot/backend/venv/lib/python3.12/site-packages/fastapi/routing.py", line 130, in app
    await wrap_app_handling_exceptions(app, request)(scope, receive, send)
  File "/home/hongb/.openclaw/workspace/filebot/backend/venv/lib/python3.12/site-packages/starlette/_exception_handler.py", line 53, in wrapped_app
    raise exc
  File "/home/hongb/.openclaw/workspace/filebot/backend/venv/lib/python3.12/site-packages/starlette/_exception_handler.py", line 42, in wrapped_app
    await app(scope, receive, sender)
  File "/home/hongb/.openclaw/workspace/filebot/backend/venv/lib/python3.12/site-packages/fastapi/routing.py", line 116, in app
    response = await f(request)
               ^^^^^^^^^^^^^^^^
  File "/home/hongb/.openclaw/workspace/filebot/backend/venv/lib/python3.12/site-packages/fastapi/routing.py", line 670, in app
    raw_response = await run_endpoint_function(
                   ^^^^^^^^^^^^^^^^^^^^^^^^^^^^
  File "/home/hongb/.openclaw/workspace/filebot/backend/venv/lib/python3.12/site-packages/fastapi/routing.py", line 326, in run_endpoint_function
    return await run_in_threadpool(dependant.call, **values)
           ^^^^^^^^^^^^^^^^^^^^^^^^^^^^^^^^^^^^^^^^^^^^^^^^^
  File "/home/hongb/.openclaw/workspace/filebot/backend/venv/lib/python3.12/site-packages/starlette/concurrency.py", line 32, in run_in_threadpool
    return await anyio.to_thread.run_sync(func)
           ^^^^^^^^^^^^^^^^^^^^^^^^^^^^^^^^^^^^
  File "/home/hongb/.openclaw/workspace/filebot/backend/venv/lib/python3.12/site-packages/anyio/to_thread.py", line 63, in run_sync
    return await get_async_backend().run_sync_in_worker_thread(
           ^^^^^^^^^^^^^^^^^^^^^^^^^^^^^^^^^^^^^^^^^^^^^^^^^^^^
  File "/home/hongb/.openclaw/workspace/filebot/backend/venv/lib/python3.12/site-packages/anyio/_backends/_asyncio.py", line 2502, in run_sync_in_worker_thread
    return await future
           ^^^^^^^^^^^^
  File "/home/hongb/.openclaw/workspace/filebot/backend/venv/lib/python3.12/site-packages/anyio/_backends/_asyncio.py", line 986, in run
    result = context.run(func, *args)
             ^^^^^^^^^^^^^^^^^^^^^^^^
  File "/home/hongb/.openclaw/workspace/filebot/backend/app/routers/documents.py", line 249, in get_documents
    documents = query.offset(skip).limit(limit).all()
                ^^^^^^^^^^^^^^^^^^^^^^^^^^^^^^^^^^^^^
  File "/home/hongb/.openclaw/workspace/filebot/backend/venv/lib/python3.12/site-packages/sqlalchemy/orm/query.py", line 2704, in all
    return self._iter().all()  # type: ignore
           ^^^^^^^^^^^^^^^^^^
  File "/home/hongb/.openclaw/workspace/filebot/backend/venv/lib/python3.12/site-packages/sqlalchemy/engine/result.py", line 1786, in all
    return self._allrows()
           ^^^^^^^^^^^^^^^
  File "/home/hongb/.openclaw/workspace/filebot/backend/venv/lib/python3.12/site-packages/sqlalchemy/engine/result.py", line 560, in _allrows
    rows = self._fetchall_impl()
           ^^^^^^^^^^^^^^^^^^^^^
  File "/home/hongb/.openclaw/workspace/filebot/backend/venv/lib/python3.12/site-packages/sqlalchemy/engine/result.py", line 1693, in _fetchall_impl
    return self._real_result._fetchall_impl()
           ^^^^^^^^^^^^^^^^^^^^^^^^^^^^^^^^^^
  File "/home/hongb/.openclaw/workspace/filebot/backend/venv/lib/python3.12/site-packages/sqlalchemy/engine/result.py", line 2287, in _fetchall_impl
    return list(self.iterator)
           ^^^^^^^^^^^^^^^^^^^
  File "/home/hongb/.openclaw/workspace/filebot/backend/venv/lib/python3.12/site-packages/sqlalchemy/orm/loading.py", line 220, in chunks
    fetch = cursor._raw_all_rows()
            ^^^^^^^^^^^^^^^^^^^^^^
  File "/home/hongb/.openclaw/workspace/filebot/backend/venv/lib/python3.12/site-packages/sqlalchemy/engine/result.py", line 553, in _raw_all_rows
    return [make_row(row) for row in rows]
            ^^^^^^^^^^^^^
  File "lib/sqlalchemy/cyextension/resultproxy.pyx", line 22, in sqlalchemy.cyextension.resultproxy.BaseRow.__init__
  File "lib/sqlalchemy/cyextension/resultproxy.pyx", line 79, in sqlalchemy.cyextension.resultproxy._apply_processors
  File "/home/hongb/.openclaw/workspace/filebot/backend/venv/lib/python3.12/site-packages/sqlalchemy/sql/sqltypes.py", line 1829, in process
    value = self._object_value_for_elem(value)
            ^^^^^^^^^^^^^^^^^^^^^^^^^^^^^^^^^^
  File "/home/hongb/.openclaw/workspace/filebot/backend/venv/lib/python3.12/site-packages/sqlalchemy/sql/sqltypes.py", line 1711, in _object_value_for_elem
    raise LookupError(
LookupError: 'MULTIPAGE' is not among the defined enum values. Enum name: filetype. Possible values: TIFF, PDF, DOC, ..., OTHER
INFO:     127.0.0.1:58986 - "GET /api/v1/documents/ HTTP/1.1" 500 Internal Server Error
ERROR:    Exception in ASGI application
Traceback (most recent call last):
  File "/home/hongb/.openclaw/workspace/filebot/backend/venv/lib/python3.12/site-packages/sqlalchemy/sql/sqltypes.py", line 1709, in _object_value_for_elem
    return self._object_lookup[elem]  # type: ignore[return-value]
           ~~~~~~~~~~~~~~~~~~~^^^^^^
KeyError: 'MULTIPAGE'

The above exception was the direct cause of the following exception:

Traceback (most recent call last):
  File "/home/hongb/.openclaw/workspace/filebot/backend/venv/lib/python3.12/site-packages/uvicorn/protocols/http/h11_impl.py", line 410, in run_asgi
    result = await app(  # type: ignore[func-returns-value]
             ^^^^^^^^^^^^^^^^^^^^^^^^^^^^^^^^^^^^^^^^^^^^^^
  File "/home/hongb/.openclaw/workspace/filebot/backend/venv/lib/python3.12/site-packages/uvicorn/middleware/proxy_headers.py", line 60, in __call__
    return await self.app(scope, receive, send)
           ^^^^^^^^^^^^^^^^^^^^^^^^^^^^^^^^^^^^
  File "/home/hongb/.openclaw/workspace/filebot/backend/venv/lib/python3.12/site-packages/fastapi/applications.py", line 1160, in __call__
    await super().__call__(scope, receive, send)
  File "/home/hongb/.openclaw/workspace/filebot/backend/venv/lib/python3.12/site-packages/starlette/applications.py", line 107, in __call__
    await self.middleware_stack(scope, receive, send)
  File "/home/hongb/.openclaw/workspace/filebot/backend/venv/lib/python3.12/site-packages/starlette/middleware/errors.py", line 186, in __call__
    raise exc
  File "/home/hongb/.openclaw/workspace/filebot/backend/venv/lib/python3.12/site-packages/starlette/middleware/errors.py", line 164, in __call__
    await self.app(scope, receive, _send)
  File "/home/hongb/.openclaw/workspace/filebot/backend/venv/lib/python3.12/site-packages/starlette/middleware/cors.py", line 95, in __call__
    await self.simple_response(scope, receive, send, request_headers=headers)
  File "/home/hongb/.openclaw/workspace/filebot/backend/venv/lib/python3.12/site-packages/starlette/middleware/cors.py", line 153, in simple_response
    await self.app(scope, receive, send)
  File "/home/hongb/.openclaw/workspace/filebot/backend/venv/lib/python3.12/site-packages/starlette/middleware/exceptions.py", line 63, in __call__
    await wrap_app_handling_exceptions(self.app, conn)(scope, receive, send)
  File "/home/hongb/.openclaw/workspace/filebot/backend/venv/lib/python3.12/site-packages/starlette/_exception_handler.py", line 53, in wrapped_app
    raise exc
  File "/home/hongb/.openclaw/workspace/filebot/backend/venv/lib/python3.12/site-packages/starlette/_exception_handler.py", line 42, in wrapped_app
    await app(scope, receive, sender)
  File "/home/hongb/.openclaw/workspace/filebot/backend/venv/lib/python3.12/site-packages/fastapi/middleware/asyncexitstack.py", line 18, in __call__
    await self.app(scope, receive, send)
  File "/home/hongb/.openclaw/workspace/filebot/backend/venv/lib/python3.12/site-packages/starlette/routing.py", line 716, in __call__
    await self.middleware_stack(scope, receive, send)
  File "/home/hongb/.openclaw/workspace/filebot/backend/venv/lib/python3.12/site-packages/starlette/routing.py", line 736, in app
    await route.handle(scope, receive, send)
  File "/home/hongb/.openclaw/workspace/filebot/backend/venv/lib/python3.12/site-packages/starlette/routing.py", line 290, in handle
    await self.app(scope, receive, send)
  File "/home/hongb/.openclaw/workspace/filebot/backend/venv/lib/python3.12/site-packages/fastapi/routing.py", line 130, in app
    await wrap_app_handling_exceptions(app, request)(scope, receive, send)
  File "/home/hongb/.openclaw/workspace/filebot/backend/venv/lib/python3.12/site-packages/starlette/_exception_handler.py", line 53, in wrapped_app
    raise exc
  File "/home/hongb/.openclaw/workspace/filebot/backend/venv/lib/python3.12/site-packages/starlette/_exception_handler.py", line 42, in wrapped_app
    await app(scope, receive, sender)
  File "/home/hongb/.openclaw/workspace/filebot/backend/venv/lib/python3.12/site-packages/fastapi/routing.py", line 116, in app
    response = await f(request)
               ^^^^^^^^^^^^^^^^
  File "/home/hongb/.openclaw/workspace/filebot/backend/venv/lib/python3.12/site-packages/fastapi/routing.py", line 670, in app
    raw_response = await run_endpoint_function(
                   ^^^^^^^^^^^^^^^^^^^^^^^^^^^^
  File "/home/hongb/.openclaw/workspace/filebot/backend/venv/lib/python3.12/site-packages/fastapi/routing.py", line 326, in run_endpoint_function
    return await run_in_threadpool(dependant.call, **values)
           ^^^^^^^^^^^^^^^^^^^^^^^^^^^^^^^^^^^^^^^^^^^^^^^^^
  File "/home/hongb/.openclaw/workspace/filebot/backend/venv/lib/python3.12/site-packages/starlette/concurrency.py", line 32, in run_in_threadpool
    return await anyio.to_thread.run_sync(func)
           ^^^^^^^^^^^^^^^^^^^^^^^^^^^^^^^^^^^^
  File "/home/hongb/.openclaw/workspace/filebot/backend/venv/lib/python3.12/site-packages/anyio/to_thread.py", line 63, in run_sync
    return await get_async_backend().run_sync_in_worker_thread(
           ^^^^^^^^^^^^^^^^^^^^^^^^^^^^^^^^^^^^^^^^^^^^^^^^^^^^
  File "/home/hongb/.openclaw/workspace/filebot/backend/venv/lib/python3.12/site-packages/anyio/_backends/_asyncio.py", line 2502, in run_sync_in_worker_thread
    return await future
           ^^^^^^^^^^^^
  File "/home/hongb/.openclaw/workspace/filebot/backend/venv/lib/python3.12/site-packages/anyio/_backends/_asyncio.py", line 986, in run
    result = context.run(func, *args)
             ^^^^^^^^^^^^^^^^^^^^^^^^
  File "/home/hongb/.openclaw/workspace/filebot/backend/app/routers/documents.py", line 249, in get_documents
    documents = query.offset(skip).limit(limit).all()
                ^^^^^^^^^^^^^^^^^^^^^^^^^^^^^^^^^^^^^
  File "/home/hongb/.openclaw/workspace/filebot/backend/venv/lib/python3.12/site-packages/sqlalchemy/orm/query.py", line 2704, in all
    return self._iter().all()  # type: ignore
           ^^^^^^^^^^^^^^^^^^
  File "/home/hongb/.openclaw/workspace/filebot/backend/venv/lib/python3.12/site-packages/sqlalchemy/engine/result.py", line 1786, in all
    return self._allrows()
           ^^^^^^^^^^^^^^^
  File "/home/hongb/.openclaw/workspace/filebot/backend/venv/lib/python3.12/site-packages/sqlalchemy/engine/result.py", line 560, in _allrows
    rows = self._fetchall_impl()
           ^^^^^^^^^^^^^^^^^^^^^
  File "/home/hongb/.openclaw/workspace/filebot/backend/venv/lib/python3.12/site-packages/sqlalchemy/engine/result.py", line 1693, in _fetchall_impl
    return self._real_result._fetchall_impl()
           ^^^^^^^^^^^^^^^^^^^^^^^^^^^^^^^^^^
  File "/home/hongb/.openclaw/workspace/filebot/backend/venv/lib/python3.12/site-packages/sqlalchemy/engine/result.py", line 2287, in _fetchall_impl
    return list(self.iterator)
           ^^^^^^^^^^^^^^^^^^^
  File "/home/hongb/.openclaw/workspace/filebot/backend/venv/lib/python3.12/site-packages/sqlalchemy/orm/loading.py", line 220, in chunks
    fetch = cursor._raw_all_rows()
            ^^^^^^^^^^^^^^^^^^^^^^
  File "/home/hongb/.openclaw/workspace/filebot/backend/venv/lib/python3.12/site-packages/sqlalchemy/engine/result.py", line 553, in _raw_all_rows
    return [make_row(row) for row in rows]
            ^^^^^^^^^^^^^
  File "lib/sqlalchemy/cyextension/resultproxy.pyx", line 22, in sqlalchemy.cyextension.resultproxy.BaseRow.__init__
  File "lib/sqlalchemy/cyextension/resultproxy.pyx", line 79, in sqlalchemy.cyextension.resultproxy._apply_processors
  File "/home/hongb/.openclaw/workspace/filebot/backend/venv/lib/python3.12/site-packages/sqlalchemy/sql/sqltypes.py", line 1829, in process
    value = self._object_value_for_elem(value)
            ^^^^^^^^^^^^^^^^^^^^^^^^^^^^^^^^^^
  File "/home/hongb/.openclaw/workspace/filebot/backend/venv/lib/python3.12/site-packages/sqlalchemy/sql/sqltypes.py", line 1711, in _object_value_for_elem
    raise LookupError(
LookupError: 'MULTIPAGE' is not among the defined enum values. Enum name: filetype. Possible values: TIFF, PDF, DOC, ..., OTHER
INFO:     127.0.0.1:59010 - "GET /api/v1/documents/ HTTP/1.1" 500 Internal Server Error
ERROR:    Exception in ASGI application
Traceback (most recent call last):
  File "/home/hongb/.openclaw/workspace/filebot/backend/venv/lib/python3.12/site-packages/sqlalchemy/sql/sqltypes.py", line 1709, in _object_value_for_elem
    return self._object_lookup[elem]  # type: ignore[return-value]
           ~~~~~~~~~~~~~~~~~~~^^^^^^
KeyError: 'MULTIPAGE'

The above exception was the direct cause of the following exception:

Traceback (most recent call last):
  File "/home/hongb/.openclaw/workspace/filebot/backend/venv/lib/python3.12/site-packages/uvicorn/protocols/http/h11_impl.py", line 410, in run_asgi
    result = await app(  # type: ignore[func-returns-value]
             ^^^^^^^^^^^^^^^^^^^^^^^^^^^^^^^^^^^^^^^^^^^^^^
  File "/home/hongb/.openclaw/workspace/filebot/backend/venv/lib/python3.12/site-packages/uvicorn/middleware/proxy_headers.py", line 60, in __call__
    return await self.app(scope, receive, send)
           ^^^^^^^^^^^^^^^^^^^^^^^^^^^^^^^^^^^^
  File "/home/hongb/.openclaw/workspace/filebot/backend/venv/lib/python3.12/site-packages/fastapi/applications.py", line 1160, in __call__
    await super().__call__(scope, receive, send)
  File "/home/hongb/.openclaw/workspace/filebot/backend/venv/lib/python3.12/site-packages/starlette/applications.py", line 107, in __call__
    await self.middleware_stack(scope, receive, send)
  File "/home/hongb/.openclaw/workspace/filebot/backend/venv/lib/python3.12/site-packages/starlette/middleware/errors.py", line 186, in __call__
    raise exc
  File "/home/hongb/.openclaw/workspace/filebot/backend/venv/lib/python3.12/site-packages/starlette/middleware/errors.py", line 164, in __call__
    await self.app(scope, receive, _send)
  File "/home/hongb/.openclaw/workspace/filebot/backend/venv/lib/python3.12/site-packages/starlette/middleware/cors.py", line 95, in __call__
    await self.simple_response(scope, receive, send, request_headers=headers)
  File "/home/hongb/.openclaw/workspace/filebot/backend/venv/lib/python3.12/site-packages/starlette/middleware/cors.py", line 153, in simple_response
    await self.app(scope, receive, send)
  File "/home/hongb/.openclaw/workspace/filebot/backend/venv/lib/python3.12/site-packages/starlette/middleware/exceptions.py", line 63, in __call__
    await wrap_app_handling_exceptions(self.app, conn)(scope, receive, send)
  File "/home/hongb/.openclaw/workspace/filebot/backend/venv/lib/python3.12/site-packages/starlette/_exception_handler.py", line 53, in wrapped_app
    raise exc
  File "/home/hongb/.openclaw/workspace/filebot/backend/venv/lib/python3.12/site-packages/starlette/_exception_handler.py", line 42, in wrapped_app
    await app(scope, receive, sender)
  File "/home/hongb/.openclaw/workspace/filebot/backend/venv/lib/python3.12/site-packages/fastapi/middleware/asyncexitstack.py", line 18, in __call__
    await self.app(scope, receive, send)
  File "/home/hongb/.openclaw/workspace/filebot/backend/venv/lib/python3.12/site-packages/starlette/routing.py", line 716, in __call__
    await self.middleware_stack(scope, receive, send)
  File "/home/hongb/.openclaw/workspace/filebot/backend/venv/lib/python3.12/site-packages/starlette/routing.py", line 736, in app
    await route.handle(scope, receive, send)
  File "/home/hongb/.openclaw/workspace/filebot/backend/venv/lib/python3.12/site-packages/starlette/routing.py", line 290, in handle
    await self.app(scope, receive, send)
  File "/home/hongb/.openclaw/workspace/filebot/backend/venv/lib/python3.12/site-packages/fastapi/routing.py", line 130, in app
    await wrap_app_handling_exceptions(app, request)(scope, receive, send)
  File "/home/hongb/.openclaw/workspace/filebot/backend/venv/lib/python3.12/site-packages/starlette/_exception_handler.py", line 53, in wrapped_app
    raise exc
  File "/home/hongb/.openclaw/workspace/filebot/backend/venv/lib/python3.12/site-packages/starlette/_exception_handler.py", line 42, in wrapped_app
    await app(scope, receive, sender)
  File "/home/hongb/.openclaw/workspace/filebot/backend/venv/lib/python3.12/site-packages/fastapi/routing.py", line 116, in app
    response = await f(request)
               ^^^^^^^^^^^^^^^^
  File "/home/hongb/.openclaw/workspace/filebot/backend/venv/lib/python3.12/site-packages/fastapi/routing.py", line 670, in app
    raw_response = await run_endpoint_function(
                   ^^^^^^^^^^^^^^^^^^^^^^^^^^^^
  File "/home/hongb/.openclaw/workspace/filebot/backend/venv/lib/python3.12/site-packages/fastapi/routing.py", line 326, in run_endpoint_function
    return await run_in_threadpool(dependant.call, **values)
           ^^^^^^^^^^^^^^^^^^^^^^^^^^^^^^^^^^^^^^^^^^^^^^^^^
  File "/home/hongb/.openclaw/workspace/filebot/backend/venv/lib/python3.12/site-packages/starlette/concurrency.py", line 32, in run_in_threadpool
    return await anyio.to_thread.run_sync(func)
           ^^^^^^^^^^^^^^^^^^^^^^^^^^^^^^^^^^^^
  File "/home/hongb/.openclaw/workspace/filebot/backend/venv/lib/python3.12/site-packages/anyio/to_thread.py", line 63, in run_sync
    return await get_async_backend().run_sync_in_worker_thread(
           ^^^^^^^^^^^^^^^^^^^^^^^^^^^^^^^^^^^^^^^^^^^^^^^^^^^^
  File "/home/hongb/.openclaw/workspace/filebot/backend/venv/lib/python3.12/site-packages/anyio/_backends/_asyncio.py", line 2502, in run_sync_in_worker_thread
    return await future
           ^^^^^^^^^^^^
  File "/home/hongb/.openclaw/workspace/filebot/backend/venv/lib/python3.12/site-packages/anyio/_backends/_asyncio.py", line 986, in run
    result = context.run(func, *args)
             ^^^^^^^^^^^^^^^^^^^^^^^^
  File "/home/hongb/.openclaw/workspace/filebot/backend/app/routers/documents.py", line 249, in get_documents
    documents = query.offset(skip).limit(limit).all()
                ^^^^^^^^^^^^^^^^^^^^^^^^^^^^^^^^^^^^^
  File "/home/hongb/.openclaw/workspace/filebot/backend/venv/lib/python3.12/site-packages/sqlalchemy/orm/query.py", line 2704, in all
    return self._iter().all()  # type: ignore
           ^^^^^^^^^^^^^^^^^^
  File "/home/hongb/.openclaw/workspace/filebot/backend/venv/lib/python3.12/site-packages/sqlalchemy/engine/result.py", line 1786, in all
    return self._allrows()
           ^^^^^^^^^^^^^^^
  File "/home/hongb/.openclaw/workspace/filebot/backend/venv/lib/python3.12/site-packages/sqlalchemy/engine/result.py", line 560, in _allrows
    rows = self._fetchall_impl()
           ^^^^^^^^^^^^^^^^^^^^^
  File "/home/hongb/.openclaw/workspace/filebot/backend/venv/lib/python3.12/site-packages/sqlalchemy/engine/result.py", line 1693, in _fetchall_impl
    return self._real_result._fetchall_impl()
           ^^^^^^^^^^^^^^^^^^^^^^^^^^^^^^^^^^
  File "/home/hongb/.openclaw/workspace/filebot/backend/venv/lib/python3.12/site-packages/sqlalchemy/engine/result.py", line 2287, in _fetchall_impl
    return list(self.iterator)
           ^^^^^^^^^^^^^^^^^^^
  File "/home/hongb/.openclaw/workspace/filebot/backend/venv/lib/python3.12/site-packages/sqlalchemy/orm/loading.py", line 220, in chunks
    fetch = cursor._raw_all_rows()
            ^^^^^^^^^^^^^^^^^^^^^^
  File "/home/hongb/.openclaw/workspace/filebot/backend/venv/lib/python3.12/site-packages/sqlalchemy/engine/result.py", line 553, in _raw_all_rows
    return [make_row(row) for row in rows]
            ^^^^^^^^^^^^^
  File "lib/sqlalchemy/cyextension/resultproxy.pyx", line 22, in sqlalchemy.cyextension.resultproxy.BaseRow.__init__
  File "lib/sqlalchemy/cyextension/resultproxy.pyx", line 79, in sqlalchemy.cyextension.resultproxy._apply_processors
  File "/home/hongb/.openclaw/workspace/filebot/backend/venv/lib/python3.12/site-packages/sqlalchemy/sql/sqltypes.py", line 1829, in process
    value = self._object_value_for_elem(value)
            ^^^^^^^^^^^^^^^^^^^^^^^^^^^^^^^^^^
  File "/home/hongb/.openclaw/workspace/filebot/backend/venv/lib/python3.12/site-packages/sqlalchemy/sql/sqltypes.py", line 1711, in _object_value_for_elem
    raise LookupError(
LookupError: 'MULTIPAGE' is not among the defined enum values. Enum name: filetype. Possible values: TIFF, PDF, DOC, ..., OTHER
INFO:     127.0.0.1:59022 - "GET /api/v1/documents/ HTTP/1.1" 500 Internal Server Error
ERROR:    Exception in ASGI application
Traceback (most recent call last):
  File "/home/hongb/.openclaw/workspace/filebot/backend/venv/lib/python3.12/site-packages/sqlalchemy/sql/sqltypes.py", line 1709, in _object_value_for_elem
    return self._object_lookup[elem]  # type: ignore[return-value]
           ~~~~~~~~~~~~~~~~~~~^^^^^^
KeyError: 'MULTIPAGE'

The above exception was the direct cause of the following exception:

Traceback (most recent call last):
  File "/home/hongb/.openclaw/workspace/filebot/backend/venv/lib/python3.12/site-packages/uvicorn/protocols/http/h11_impl.py", line 410, in run_asgi
    result = await app(  # type: ignore[func-returns-value]
             ^^^^^^^^^^^^^^^^^^^^^^^^^^^^^^^^^^^^^^^^^^^^^^
  File "/home/hongb/.openclaw/workspace/filebot/backend/venv/lib/python3.12/site-packages/uvicorn/middleware/proxy_headers.py", line 60, in __call__
    return await self.app(scope, receive, send)
           ^^^^^^^^^^^^^^^^^^^^^^^^^^^^^^^^^^^^
  File "/home/hongb/.openclaw/workspace/filebot/backend/venv/lib/python3.12/site-packages/fastapi/applications.py", line 1160, in __call__
    await super().__call__(scope, receive, send)
  File "/home/hongb/.openclaw/workspace/filebot/backend/venv/lib/python3.12/site-packages/starlette/applications.py", line 107, in __call__
    await self.middleware_stack(scope, receive, send)
  File "/home/hongb/.openclaw/workspace/filebot/backend/venv/lib/python3.12/site-packages/starlette/middleware/errors.py", line 186, in __call__
    raise exc
  File "/home/hongb/.openclaw/workspace/filebot/backend/venv/lib/python3.12/site-packages/starlette/middleware/errors.py", line 164, in __call__
    await self.app(scope, receive, _send)
  File "/home/hongb/.openclaw/workspace/filebot/backend/venv/lib/python3.12/site-packages/starlette/middleware/cors.py", line 95, in __call__
    await self.simple_response(scope, receive, send, request_headers=headers)
  File "/home/hongb/.openclaw/workspace/filebot/backend/venv/lib/python3.12/site-packages/starlette/middleware/cors.py", line 153, in simple_response
    await self.app(scope, receive, send)
  File "/home/hongb/.openclaw/workspace/filebot/backend/venv/lib/python3.12/site-packages/starlette/middleware/exceptions.py", line 63, in __call__
    await wrap_app_handling_exceptions(self.app, conn)(scope, receive, send)
  File "/home/hongb/.openclaw/workspace/filebot/backend/venv/lib/python3.12/site-packages/starlette/_exception_handler.py", line 53, in wrapped_app
    raise exc
  File "/home/hongb/.openclaw/workspace/filebot/backend/venv/lib/python3.12/site-packages/starlette/_exception_handler.py", line 42, in wrapped_app
    await app(scope, receive, sender)
  File "/home/hongb/.openclaw/workspace/filebot/backend/venv/lib/python3.12/site-packages/fastapi/middleware/asyncexitstack.py", line 18, in __call__
    await self.app(scope, receive, send)
  File "/home/hongb/.openclaw/workspace/filebot/backend/venv/lib/python3.12/site-packages/starlette/routing.py", line 716, in __call__
    await self.middleware_stack(scope, receive, send)
  File "/home/hongb/.openclaw/workspace/filebot/backend/venv/lib/python3.12/site-packages/starlette/routing.py", line 736, in app
    await route.handle(scope, receive, send)
  File "/home/hongb/.openclaw/workspace/filebot/backend/venv/lib/python3.12/site-packages/starlette/routing.py", line 290, in handle
    await self.app(scope, receive, send)
  File "/home/hongb/.openclaw/workspace/filebot/backend/venv/lib/python3.12/site-packages/fastapi/routing.py", line 130, in app
    await wrap_app_handling_exceptions(app, request)(scope, receive, send)
  File "/home/hongb/.openclaw/workspace/filebot/backend/venv/lib/python3.12/site-packages/starlette/_exception_handler.py", line 53, in wrapped_app
    raise exc
  File "/home/hongb/.openclaw/workspace/filebot/backend/venv/lib/python3.12/site-packages/starlette/_exception_handler.py", line 42, in wrapped_app
    await app(scope, receive, sender)
  File "/home/hongb/.openclaw/workspace/filebot/backend/venv/lib/python3.12/site-packages/fastapi/routing.py", line 116, in app
    response = await f(request)
               ^^^^^^^^^^^^^^^^
  File "/home/hongb/.openclaw/workspace/filebot/backend/venv/lib/python3.12/site-packages/fastapi/routing.py", line 670, in app
    raw_response = await run_endpoint_function(
                   ^^^^^^^^^^^^^^^^^^^^^^^^^^^^
  File "/home/hongb/.openclaw/workspace/filebot/backend/venv/lib/python3.12/site-packages/fastapi/routing.py", line 326, in run_endpoint_function
    return await run_in_threadpool(dependant.call, **values)
           ^^^^^^^^^^^^^^^^^^^^^^^^^^^^^^^^^^^^^^^^^^^^^^^^^
  File "/home/hongb/.openclaw/workspace/filebot/backend/venv/lib/python3.12/site-packages/starlette/concurrency.py", line 32, in run_in_threadpool
    return await anyio.to_thread.run_sync(func)
           ^^^^^^^^^^^^^^^^^^^^^^^^^^^^^^^^^^^^
  File "/home/hongb/.openclaw/workspace/filebot/backend/venv/lib/python3.12/site-packages/anyio/to_thread.py", line 63, in run_sync
    return await get_async_backend().run_sync_in_worker_thread(
           ^^^^^^^^^^^^^^^^^^^^^^^^^^^^^^^^^^^^^^^^^^^^^^^^^^^^
  File "/home/hongb/.openclaw/workspace/filebot/backend/venv/lib/python3.12/site-packages/anyio/_backends/_asyncio.py", line 2502, in run_sync_in_worker_thread
    return await future
           ^^^^^^^^^^^^
  File "/home/hongb/.openclaw/workspace/filebot/backend/venv/lib/python3.12/site-packages/anyio/_backends/_asyncio.py", line 986, in run
    result = context.run(func, *args)
             ^^^^^^^^^^^^^^^^^^^^^^^^
  File "/home/hongb/.openclaw/workspace/filebot/backend/app/routers/documents.py", line 249, in get_documents
    documents = query.offset(skip).limit(limit).all()
                ^^^^^^^^^^^^^^^^^^^^^^^^^^^^^^^^^^^^^
  File "/home/hongb/.openclaw/workspace/filebot/backend/venv/lib/python3.12/site-packages/sqlalchemy/orm/query.py", line 2704, in all
    return self._iter().all()  # type: ignore
           ^^^^^^^^^^^^^^^^^^
  File "/home/hongb/.openclaw/workspace/filebot/backend/venv/lib/python3.12/site-packages/sqlalchemy/engine/result.py", line 1786, in all
    return self._allrows()
           ^^^^^^^^^^^^^^^
  File "/home/hongb/.openclaw/workspace/filebot/backend/venv/lib/python3.12/site-packages/sqlalchemy/engine/result.py", line 560, in _allrows
    rows = self._fetchall_impl()
           ^^^^^^^^^^^^^^^^^^^^^
  File "/home/hongb/.openclaw/workspace/filebot/backend/venv/lib/python3.12/site-packages/sqlalchemy/engine/result.py", line 1693, in _fetchall_impl
    return self._real_result._fetchall_impl()
           ^^^^^^^^^^^^^^^^^^^^^^^^^^^^^^^^^^
  File "/home/hongb/.openclaw/workspace/filebot/backend/venv/lib/python3.12/site-packages/sqlalchemy/engine/result.py", line 2287, in _fetchall_impl
    return list(self.iterator)
           ^^^^^^^^^^^^^^^^^^^
  File "/home/hongb/.openclaw/workspace/filebot/backend/venv/lib/python3.12/site-packages/sqlalchemy/orm/loading.py", line 220, in chunks
    fetch = cursor._raw_all_rows()
            ^^^^^^^^^^^^^^^^^^^^^^
  File "/home/hongb/.openclaw/workspace/filebot/backend/venv/lib/python3.12/site-packages/sqlalchemy/engine/result.py", line 553, in _raw_all_rows
    return [make_row(row) for row in rows]
            ^^^^^^^^^^^^^
  File "lib/sqlalchemy/cyextension/resultproxy.pyx", line 22, in sqlalchemy.cyextension.resultproxy.BaseRow.__init__
  File "lib/sqlalchemy/cyextension/resultproxy.pyx", line 79, in sqlalchemy.cyextension.resultproxy._apply_processors
  File "/home/hongb/.openclaw/workspace/filebot/backend/venv/lib/python3.12/site-packages/sqlalchemy/sql/sqltypes.py", line 1829, in process
    value = self._object_value_for_elem(value)
            ^^^^^^^^^^^^^^^^^^^^^^^^^^^^^^^^^^
  File "/home/hongb/.openclaw/workspace/filebot/backend/venv/lib/python3.12/site-packages/sqlalchemy/sql/sqltypes.py", line 1711, in _object_value_for_elem
    raise LookupError(
LookupError: 'MULTIPAGE' is not among the defined enum values. Enum name: filetype. Possible values: TIFF, PDF, DOC, ..., OTHER
INFO:     127.0.0.1:59030 - "GET /api/v1/documents/ HTTP/1.1" 500 Internal Server Error
ERROR:    Exception in ASGI application
Traceback (most recent call last):
  File "/home/hongb/.openclaw/workspace/filebot/backend/venv/lib/python3.12/site-packages/sqlalchemy/sql/sqltypes.py", line 1709, in _object_value_for_elem
    return self._object_lookup[elem]  # type: ignore[return-value]
           ~~~~~~~~~~~~~~~~~~~^^^^^^
KeyError: 'MULTIPAGE'

The above exception was the direct cause of the following exception:

Traceback (most recent call last):
  File "/home/hongb/.openclaw/workspace/filebot/backend/venv/lib/python3.12/site-packages/uvicorn/protocols/http/h11_impl.py", line 410, in run_asgi
    result = await app(  # type: ignore[func-returns-value]
             ^^^^^^^^^^^^^^^^^^^^^^^^^^^^^^^^^^^^^^^^^^^^^^
  File "/home/hongb/.openclaw/workspace/filebot/backend/venv/lib/python3.12/site-packages/uvicorn/middleware/proxy_headers.py", line 60, in __call__
    return await self.app(scope, receive, send)
           ^^^^^^^^^^^^^^^^^^^^^^^^^^^^^^^^^^^^
  File "/home/hongb/.openclaw/workspace/filebot/backend/venv/lib/python3.12/site-packages/fastapi/applications.py", line 1160, in __call__
    await super().__call__(scope, receive, send)
  File "/home/hongb/.openclaw/workspace/filebot/backend/venv/lib/python3.12/site-packages/starlette/applications.py", line 107, in __call__
    await self.middleware_stack(scope, receive, send)
  File "/home/hongb/.openclaw/workspace/filebot/backend/venv/lib/python3.12/site-packages/starlette/middleware/errors.py", line 186, in __call__
    raise exc
  File "/home/hongb/.openclaw/workspace/filebot/backend/venv/lib/python3.12/site-packages/starlette/middleware/errors.py", line 164, in __call__
    await self.app(scope, receive, _send)
  File "/home/hongb/.openclaw/workspace/filebot/backend/venv/lib/python3.12/site-packages/starlette/middleware/cors.py", line 95, in __call__
    await self.simple_response(scope, receive, send, request_headers=headers)
  File "/home/hongb/.openclaw/workspace/filebot/backend/venv/lib/python3.12/site-packages/starlette/middleware/cors.py", line 153, in simple_response
    await self.app(scope, receive, send)
  File "/home/hongb/.openclaw/workspace/filebot/backend/venv/lib/python3.12/site-packages/starlette/middleware/exceptions.py", line 63, in __call__
    await wrap_app_handling_exceptions(self.app, conn)(scope, receive, send)
  File "/home/hongb/.openclaw/workspace/filebot/backend/venv/lib/python3.12/site-packages/starlette/_exception_handler.py", line 53, in wrapped_app
    raise exc
  File "/home/hongb/.openclaw/workspace/filebot/backend/venv/lib/python3.12/site-packages/starlette/_exception_handler.py", line 42, in wrapped_app
    await app(scope, receive, sender)
  File "/home/hongb/.openclaw/workspace/filebot/backend/venv/lib/python3.12/site-packages/fastapi/middleware/asyncexitstack.py", line 18, in __call__
    await self.app(scope, receive, send)
  File "/home/hongb/.openclaw/workspace/filebot/backend/venv/lib/python3.12/site-packages/starlette/routing.py", line 716, in __call__
    await self.middleware_stack(scope, receive, send)
  File "/home/hongb/.openclaw/workspace/filebot/backend/venv/lib/python3.12/site-packages/starlette/routing.py", line 736, in app
    await route.handle(scope, receive, send)
  File "/home/hongb/.openclaw/workspace/filebot/backend/venv/lib/python3.12/site-packages/starlette/routing.py", line 290, in handle
    await self.app(scope, receive, send)
  File "/home/hongb/.openclaw/workspace/filebot/backend/venv/lib/python3.12/site-packages/fastapi/routing.py", line 130, in app
    await wrap_app_handling_exceptions(app, request)(scope, receive, send)
  File "/home/hongb/.openclaw/workspace/filebot/backend/venv/lib/python3.12/site-packages/starlette/_exception_handler.py", line 53, in wrapped_app
    raise exc
  File "/home/hongb/.openclaw/workspace/filebot/backend/venv/lib/python3.12/site-packages/starlette/_exception_handler.py", line 42, in wrapped_app
    await app(scope, receive, sender)
  File "/home/hongb/.openclaw/workspace/filebot/backend/venv/lib/python3.12/site-packages/fastapi/routing.py", line 116, in app
    response = await f(request)
               ^^^^^^^^^^^^^^^^
  File "/home/hongb/.openclaw/workspace/filebot/backend/venv/lib/python3.12/site-packages/fastapi/routing.py", line 670, in app
    raw_response = await run_endpoint_function(
                   ^^^^^^^^^^^^^^^^^^^^^^^^^^^^
  File "/home/hongb/.openclaw/workspace/filebot/backend/venv/lib/python3.12/site-packages/fastapi/routing.py", line 326, in run_endpoint_function
    return await run_in_threadpool(dependant.call, **values)
           ^^^^^^^^^^^^^^^^^^^^^^^^^^^^^^^^^^^^^^^^^^^^^^^^^
  File "/home/hongb/.openclaw/workspace/filebot/backend/venv/lib/python3.12/site-packages/starlette/concurrency.py", line 32, in run_in_threadpool
    return await anyio.to_thread.run_sync(func)
           ^^^^^^^^^^^^^^^^^^^^^^^^^^^^^^^^^^^^
  File "/home/hongb/.openclaw/workspace/filebot/backend/venv/lib/python3.12/site-packages/anyio/to_thread.py", line 63, in run_sync
    return await get_async_backend().run_sync_in_worker_thread(
           ^^^^^^^^^^^^^^^^^^^^^^^^^^^^^^^^^^^^^^^^^^^^^^^^^^^^
  File "/home/hongb/.openclaw/workspace/filebot/backend/venv/lib/python3.12/site-packages/anyio/_backends/_asyncio.py", line 2502, in run_sync_in_worker_thread
    return await future
           ^^^^^^^^^^^^
  File "/home/hongb/.openclaw/workspace/filebot/backend/venv/lib/python3.12/site-packages/anyio/_backends/_asyncio.py", line 986, in run
    result = context.run(func, *args)
             ^^^^^^^^^^^^^^^^^^^^^^^^
  File "/home/hongb/.openclaw/workspace/filebot/backend/app/routers/documents.py", line 249, in get_documents
    documents = query.offset(skip).limit(limit).all()
                ^^^^^^^^^^^^^^^^^^^^^^^^^^^^^^^^^^^^^
  File "/home/hongb/.openclaw/workspace/filebot/backend/venv/lib/python3.12/site-packages/sqlalchemy/orm/query.py", line 2704, in all
    return self._iter().all()  # type: ignore
           ^^^^^^^^^^^^^^^^^^
  File "/home/hongb/.openclaw/workspace/filebot/backend/venv/lib/python3.12/site-packages/sqlalchemy/engine/result.py", line 1786, in all
    return self._allrows()
           ^^^^^^^^^^^^^^^
  File "/home/hongb/.openclaw/workspace/filebot/backend/venv/lib/python3.12/site-packages/sqlalchemy/engine/result.py", line 560, in _allrows
    rows = self._fetchall_impl()
           ^^^^^^^^^^^^^^^^^^^^^
  File "/home/hongb/.openclaw/workspace/filebot/backend/venv/lib/python3.12/site-packages/sqlalchemy/engine/result.py", line 1693, in _fetchall_impl
    return self._real_result._fetchall_impl()
           ^^^^^^^^^^^^^^^^^^^^^^^^^^^^^^^^^^
  File "/home/hongb/.openclaw/workspace/filebot/backend/venv/lib/python3.12/site-packages/sqlalchemy/engine/result.py", line 2287, in _fetchall_impl
    return list(self.iterator)
           ^^^^^^^^^^^^^^^^^^^
  File "/home/hongb/.openclaw/workspace/filebot/backend/venv/lib/python3.12/site-packages/sqlalchemy/orm/loading.py", line 220, in chunks
    fetch = cursor._raw_all_rows()
            ^^^^^^^^^^^^^^^^^^^^^^
  File "/home/hongb/.openclaw/workspace/filebot/backend/venv/lib/python3.12/site-packages/sqlalchemy/engine/result.py", line 553, in _raw_all_rows
    return [make_row(row) for row in rows]
            ^^^^^^^^^^^^^
  File "lib/sqlalchemy/cyextension/resultproxy.pyx", line 22, in sqlalchemy.cyextension.resultproxy.BaseRow.__init__
  File "lib/sqlalchemy/cyextension/resultproxy.pyx", line 79, in sqlalchemy.cyextension.resultproxy._apply_processors
  File "/home/hongb/.openclaw/workspace/filebot/backend/venv/lib/python3.12/site-packages/sqlalchemy/sql/sqltypes.py", line 1829, in process
    value = self._object_value_for_elem(value)
            ^^^^^^^^^^^^^^^^^^^^^^^^^^^^^^^^^^
  File "/home/hongb/.openclaw/workspace/filebot/backend/venv/lib/python3.12/site-packages/sqlalchemy/sql/sqltypes.py", line 1711, in _object_value_for_elem
    raise LookupError(
LookupError: 'MULTIPAGE' is not among the defined enum values. Enum name: filetype. Possible values: TIFF, PDF, DOC, ..., OTHER
INFO:     127.0.0.1:59044 - "GET /api/v1/documents/ HTTP/1.1" 500 Internal Server Error
ERROR:    Exception in ASGI application
Traceback (most recent call last):
  File "/home/hongb/.openclaw/workspace/filebot/backend/venv/lib/python3.12/site-packages/sqlalchemy/sql/sqltypes.py", line 1709, in _object_value_for_elem
    return self._object_lookup[elem]  # type: ignore[return-value]
           ~~~~~~~~~~~~~~~~~~~^^^^^^
KeyError: 'MULTIPAGE'

The above exception was the direct cause of the following exception:

Traceback (most recent call last):
  File "/home/hongb/.openclaw/workspace/filebot/backend/venv/lib/python3.12/site-packages/uvicorn/protocols/http/h11_impl.py", line 410, in run_asgi
    result = await app(  # type: ignore[func-returns-value]
             ^^^^^^^^^^^^^^^^^^^^^^^^^^^^^^^^^^^^^^^^^^^^^^
  File "/home/hongb/.openclaw/workspace/filebot/backend/venv/lib/python3.12/site-packages/uvicorn/middleware/proxy_headers.py", line 60, in __call__
    return await self.app(scope, receive, send)
           ^^^^^^^^^^^^^^^^^^^^^^^^^^^^^^^^^^^^
  File "/home/hongb/.openclaw/workspace/filebot/backend/venv/lib/python3.12/site-packages/fastapi/applications.py", line 1160, in __call__
    await super().__call__(scope, receive, send)
  File "/home/hongb/.openclaw/workspace/filebot/backend/venv/lib/python3.12/site-packages/starlette/applications.py", line 107, in __call__
    await self.middleware_stack(scope, receive, send)
  File "/home/hongb/.openclaw/workspace/filebot/backend/venv/lib/python3.12/site-packages/starlette/middleware/errors.py", line 186, in __call__
    raise exc
  File "/home/hongb/.openclaw/workspace/filebot/backend/venv/lib/python3.12/site-packages/starlette/middleware/errors.py", line 164, in __call__
    await self.app(scope, receive, _send)
  File "/home/hongb/.openclaw/workspace/filebot/backend/venv/lib/python3.12/site-packages/starlette/middleware/cors.py", line 95, in __call__
    await self.simple_response(scope, receive, send, request_headers=headers)
  File "/home/hongb/.openclaw/workspace/filebot/backend/venv/lib/python3.12/site-packages/starlette/middleware/cors.py", line 153, in simple_response
    await self.app(scope, receive, send)
  File "/home/hongb/.openclaw/workspace/filebot/backend/venv/lib/python3.12/site-packages/starlette/middleware/exceptions.py", line 63, in __call__
    await wrap_app_handling_exceptions(self.app, conn)(scope, receive, send)
  File "/home/hongb/.openclaw/workspace/filebot/backend/venv/lib/python3.12/site-packages/starlette/_exception_handler.py", line 53, in wrapped_app
    raise exc
  File "/home/hongb/.openclaw/workspace/filebot/backend/venv/lib/python3.12/site-packages/starlette/_exception_handler.py", line 42, in wrapped_app
    await app(scope, receive, sender)
  File "/home/hongb/.openclaw/workspace/filebot/backend/venv/lib/python3.12/site-packages/fastapi/middleware/asyncexitstack.py", line 18, in __call__
    await self.app(scope, receive, send)
  File "/home/hongb/.openclaw/workspace/filebot/backend/venv/lib/python3.12/site-packages/starlette/routing.py", line 716, in __call__
    await self.middleware_stack(scope, receive, send)
  File "/home/hongb/.openclaw/workspace/filebot/backend/venv/lib/python3.12/site-packages/starlette/routing.py", line 736, in app
    await route.handle(scope, receive, send)
  File "/home/hongb/.openclaw/workspace/filebot/backend/venv/lib/python3.12/site-packages/starlette/routing.py", line 290, in handle
    await self.app(scope, receive, send)
  File "/home/hongb/.openclaw/workspace/filebot/backend/venv/lib/python3.12/site-packages/fastapi/routing.py", line 130, in app
    await wrap_app_handling_exceptions(app, request)(scope, receive, send)
  File "/home/hongb/.openclaw/workspace/filebot/backend/venv/lib/python3.12/site-packages/starlette/_exception_handler.py", line 53, in wrapped_app
    raise exc
  File "/home/hongb/.openclaw/workspace/filebot/backend/venv/lib/python3.12/site-packages/starlette/_exception_handler.py", line 42, in wrapped_app
    await app(scope, receive, sender)
  File "/home/hongb/.openclaw/workspace/filebot/backend/venv/lib/python3.12/site-packages/fastapi/routing.py", line 116, in app
    response = await f(request)
               ^^^^^^^^^^^^^^^^
  File "/home/hongb/.openclaw/workspace/filebot/backend/venv/lib/python3.12/site-packages/fastapi/routing.py", line 670, in app
    raw_response = await run_endpoint_function(
                   ^^^^^^^^^^^^^^^^^^^^^^^^^^^^
  File "/home/hongb/.openclaw/workspace/filebot/backend/venv/lib/python3.12/site-packages/fastapi/routing.py", line 326, in run_endpoint_function
    return await run_in_threadpool(dependant.call, **values)
           ^^^^^^^^^^^^^^^^^^^^^^^^^^^^^^^^^^^^^^^^^^^^^^^^^
  File "/home/hongb/.openclaw/workspace/filebot/backend/venv/lib/python3.12/site-packages/starlette/concurrency.py", line 32, in run_in_threadpool
    return await anyio.to_thread.run_sync(func)
           ^^^^^^^^^^^^^^^^^^^^^^^^^^^^^^^^^^^^
  File "/home/hongb/.openclaw/workspace/filebot/backend/venv/lib/python3.12/site-packages/anyio/to_thread.py", line 63, in run_sync
    return await get_async_backend().run_sync_in_worker_thread(
           ^^^^^^^^^^^^^^^^^^^^^^^^^^^^^^^^^^^^^^^^^^^^^^^^^^^^
  File "/home/hongb/.openclaw/workspace/filebot/backend/venv/lib/python3.12/site-packages/anyio/_backends/_asyncio.py", line 2502, in run_sync_in_worker_thread
    return await future
           ^^^^^^^^^^^^
  File "/home/hongb/.openclaw/workspace/filebot/backend/venv/lib/python3.12/site-packages/anyio/_backends/_asyncio.py", line 986, in run
    result = context.run(func, *args)
             ^^^^^^^^^^^^^^^^^^^^^^^^
  File "/home/hongb/.openclaw/workspace/filebot/backend/app/routers/documents.py", line 249, in get_documents
    documents = query.offset(skip).limit(limit).all()
                ^^^^^^^^^^^^^^^^^^^^^^^^^^^^^^^^^^^^^
  File "/home/hongb/.openclaw/workspace/filebot/backend/venv/lib/python3.12/site-packages/sqlalchemy/orm/query.py", line 2704, in all
    return self._iter().all()  # type: ignore
           ^^^^^^^^^^^^^^^^^^
  File "/home/hongb/.openclaw/workspace/filebot/backend/venv/lib/python3.12/site-packages/sqlalchemy/engine/result.py", line 1786, in all
    return self._allrows()
           ^^^^^^^^^^^^^^^
  File "/home/hongb/.openclaw/workspace/filebot/backend/venv/lib/python3.12/site-packages/sqlalchemy/engine/result.py", line 560, in _allrows
    rows = self._fetchall_impl()
           ^^^^^^^^^^^^^^^^^^^^^
  File "/home/hongb/.openclaw/workspace/filebot/backend/venv/lib/python3.12/site-packages/sqlalchemy/engine/result.py", line 1693, in _fetchall_impl
    return self._real_result._fetchall_impl()
           ^^^^^^^^^^^^^^^^^^^^^^^^^^^^^^^^^^
  File "/home/hongb/.openclaw/workspace/filebot/backend/venv/lib/python3.12/site-packages/sqlalchemy/engine/result.py", line 2287, in _fetchall_impl
    return list(self.iterator)
           ^^^^^^^^^^^^^^^^^^^
  File "/home/hongb/.openclaw/workspace/filebot/backend/venv/lib/python3.12/site-packages/sqlalchemy/orm/loading.py", line 220, in chunks
    fetch = cursor._raw_all_rows()
            ^^^^^^^^^^^^^^^^^^^^^^
  File "/home/hongb/.openclaw/workspace/filebot/backend/venv/lib/python3.12/site-packages/sqlalchemy/engine/result.py", line 553, in _raw_all_rows
    return [make_row(row) for row in rows]
            ^^^^^^^^^^^^^
  File "lib/sqlalchemy/cyextension/resultproxy.pyx", line 22, in sqlalchemy.cyextension.resultproxy.BaseRow.__init__
  File "lib/sqlalchemy/cyextension/resultproxy.pyx", line 79, in sqlalchemy.cyextension.resultproxy._apply_processors
  File "/home/hongb/.openclaw/workspace/filebot/backend/venv/lib/python3.12/site-packages/sqlalchemy/sql/sqltypes.py", line 1829, in process
    value = self._object_value_for_elem(value)
            ^^^^^^^^^^^^^^^^^^^^^^^^^^^^^^^^^^
  File "/home/hongb/.openclaw/workspace/filebot/backend/venv/lib/python3.12/site-packages/sqlalchemy/sql/sqltypes.py", line 1711, in _object_value_for_elem
    raise LookupError(
LookupError: 'MULTIPAGE' is not among the defined enum values. Enum name: filetype. Possible values: TIFF, PDF, DOC, ..., OTHER
INFO:     127.0.0.1:59050 - "GET /api/v1/documents/ HTTP/1.1" 500 Internal Server Error
ERROR:    Exception in ASGI application
Traceback (most recent call last):
  File "/home/hongb/.openclaw/workspace/filebot/backend/venv/lib/python3.12/site-packages/sqlalchemy/sql/sqltypes.py", line 1709, in _object_value_for_elem
    return self._object_lookup[elem]  # type: ignore[return-value]
           ~~~~~~~~~~~~~~~~~~~^^^^^^
KeyError: 'MULTIPAGE'

The above exception was the direct cause of the following exception:

Traceback (most recent call last):
  File "/home/hongb/.openclaw/workspace/filebot/backend/venv/lib/python3.12/site-packages/uvicorn/protocols/http/h11_impl.py", line 410, in run_asgi
    result = await app(  # type: ignore[func-returns-value]
             ^^^^^^^^^^^^^^^^^^^^^^^^^^^^^^^^^^^^^^^^^^^^^^
  File "/home/hongb/.openclaw/workspace/filebot/backend/venv/lib/python3.12/site-packages/uvicorn/middleware/proxy_headers.py", line 60, in __call__
    return await self.app(scope, receive, send)
           ^^^^^^^^^^^^^^^^^^^^^^^^^^^^^^^^^^^^
  File "/home/hongb/.openclaw/workspace/filebot/backend/venv/lib/python3.12/site-packages/fastapi/applications.py", line 1160, in __call__
    await super().__call__(scope, receive, send)
  File "/home/hongb/.openclaw/workspace/filebot/backend/venv/lib/python3.12/site-packages/starlette/applications.py", line 107, in __call__
    await self.middleware_stack(scope, receive, send)
  File "/home/hongb/.openclaw/workspace/filebot/backend/venv/lib/python3.12/site-packages/starlette/middleware/errors.py", line 186, in __call__
    raise exc
  File "/home/hongb/.openclaw/workspace/filebot/backend/venv/lib/python3.12/site-packages/starlette/middleware/errors.py", line 164, in __call__
    await self.app(scope, receive, _send)
  File "/home/hongb/.openclaw/workspace/filebot/backend/venv/lib/python3.12/site-packages/starlette/middleware/cors.py", line 95, in __call__
    await self.simple_response(scope, receive, send, request_headers=headers)
  File "/home/hongb/.openclaw/workspace/filebot/backend/venv/lib/python3.12/site-packages/starlette/middleware/cors.py", line 153, in simple_response
    await self.app(scope, receive, send)
  File "/home/hongb/.openclaw/workspace/filebot/backend/venv/lib/python3.12/site-packages/starlette/middleware/exceptions.py", line 63, in __call__
    await wrap_app_handling_exceptions(self.app, conn)(scope, receive, send)
  File "/home/hongb/.openclaw/workspace/filebot/backend/venv/lib/python3.12/site-packages/starlette/_exception_handler.py", line 53, in wrapped_app
    raise exc
  File "/home/hongb/.openclaw/workspace/filebot/backend/venv/lib/python3.12/site-packages/starlette/_exception_handler.py", line 42, in wrapped_app
    await app(scope, receive, sender)
  File "/home/hongb/.openclaw/workspace/filebot/backend/venv/lib/python3.12/site-packages/fastapi/middleware/asyncexitstack.py", line 18, in __call__
    await self.app(scope, receive, send)
  File "/home/hongb/.openclaw/workspace/filebot/backend/venv/lib/python3.12/site-packages/starlette/routing.py", line 716, in __call__
    await self.middleware_stack(scope, receive, send)
  File "/home/hongb/.openclaw/workspace/filebot/backend/venv/lib/python3.12/site-packages/starlette/routing.py", line 736, in app
    await route.handle(scope, receive, send)
  File "/home/hongb/.openclaw/workspace/filebot/backend/venv/lib/python3.12/site-packages/starlette/routing.py", line 290, in handle
    await self.app(scope, receive, send)
  File "/home/hongb/.openclaw/workspace/filebot/backend/venv/lib/python3.12/site-packages/fastapi/routing.py", line 130, in app
    await wrap_app_handling_exceptions(app, request)(scope, receive, send)
  File "/home/hongb/.openclaw/workspace/filebot/backend/venv/lib/python3.12/site-packages/starlette/_exception_handler.py", line 53, in wrapped_app
    raise exc
  File "/home/hongb/.openclaw/workspace/filebot/backend/venv/lib/python3.12/site-packages/starlette/_exception_handler.py", line 42, in wrapped_app
    await app(scope, receive, sender)
  File "/home/hongb/.openclaw/workspace/filebot/backend/venv/lib/python3.12/site-packages/fastapi/routing.py", line 116, in app
    response = await f(request)
               ^^^^^^^^^^^^^^^^
  File "/home/hongb/.openclaw/workspace/filebot/backend/venv/lib/python3.12/site-packages/fastapi/routing.py", line 670, in app
    raw_response = await run_endpoint_function(
                   ^^^^^^^^^^^^^^^^^^^^^^^^^^^^
  File "/home/hongb/.openclaw/workspace/filebot/backend/venv/lib/python3.12/site-packages/fastapi/routing.py", line 326, in run_endpoint_function
    return await run_in_threadpool(dependant.call, **values)
           ^^^^^^^^^^^^^^^^^^^^^^^^^^^^^^^^^^^^^^^^^^^^^^^^^
  File "/home/hongb/.openclaw/workspace/filebot/backend/venv/lib/python3.12/site-packages/starlette/concurrency.py", line 32, in run_in_threadpool
    return await anyio.to_thread.run_sync(func)
           ^^^^^^^^^^^^^^^^^^^^^^^^^^^^^^^^^^^^
  File "/home/hongb/.openclaw/workspace/filebot/backend/venv/lib/python3.12/site-packages/anyio/to_thread.py", line 63, in run_sync
    return await get_async_backend().run_sync_in_worker_thread(
           ^^^^^^^^^^^^^^^^^^^^^^^^^^^^^^^^^^^^^^^^^^^^^^^^^^^^
  File "/home/hongb/.openclaw/workspace/filebot/backend/venv/lib/python3.12/site-packages/anyio/_backends/_asyncio.py", line 2502, in run_sync_in_worker_thread
    return await future
           ^^^^^^^^^^^^
  File "/home/hongb/.openclaw/workspace/filebot/backend/venv/lib/python3.12/site-packages/anyio/_backends/_asyncio.py", line 986, in run
    result = context.run(func, *args)
             ^^^^^^^^^^^^^^^^^^^^^^^^
  File "/home/hongb/.openclaw/workspace/filebot/backend/app/routers/documents.py", line 249, in get_documents
    documents = query.offset(skip).limit(limit).all()
                ^^^^^^^^^^^^^^^^^^^^^^^^^^^^^^^^^^^^^
  File "/home/hongb/.openclaw/workspace/filebot/backend/venv/lib/python3.12/site-packages/sqlalchemy/orm/query.py", line 2704, in all
    return self._iter().all()  # type: ignore
           ^^^^^^^^^^^^^^^^^^
  File "/home/hongb/.openclaw/workspace/filebot/backend/venv/lib/python3.12/site-packages/sqlalchemy/engine/result.py", line 1786, in all
    return self._allrows()
           ^^^^^^^^^^^^^^^
  File "/home/hongb/.openclaw/workspace/filebot/backend/venv/lib/python3.12/site-packages/sqlalchemy/engine/result.py", line 560, in _allrows
    rows = self._fetchall_impl()
           ^^^^^^^^^^^^^^^^^^^^^
  File "/home/hongb/.openclaw/workspace/filebot/backend/venv/lib/python3.12/site-packages/sqlalchemy/engine/result.py", line 1693, in _fetchall_impl
    return self._real_result._fetchall_impl()
           ^^^^^^^^^^^^^^^^^^^^^^^^^^^^^^^^^^
  File "/home/hongb/.openclaw/workspace/filebot/backend/venv/lib/python3.12/site-packages/sqlalchemy/engine/result.py", line 2287, in _fetchall_impl
    return list(self.iterator)
           ^^^^^^^^^^^^^^^^^^^
  File "/home/hongb/.openclaw/workspace/filebot/backend/venv/lib/python3.12/site-packages/sqlalchemy/orm/loading.py", line 220, in chunks
    fetch = cursor._raw_all_rows()
            ^^^^^^^^^^^^^^^^^^^^^^
  File "/home/hongb/.openclaw/workspace/filebot/backend/venv/lib/python3.12/site-packages/sqlalchemy/engine/result.py", line 553, in _raw_all_rows
    return [make_row(row) for row in rows]
            ^^^^^^^^^^^^^
  File "lib/sqlalchemy/cyextension/resultproxy.pyx", line 22, in sqlalchemy.cyextension.resultproxy.BaseRow.__init__
  File "lib/sqlalchemy/cyextension/resultproxy.pyx", line 79, in sqlalchemy.cyextension.resultproxy._apply_processors
  File "/home/hongb/.openclaw/workspace/filebot/backend/venv/lib/python3.12/site-packages/sqlalchemy/sql/sqltypes.py", line 1829, in process
    value = self._object_value_for_elem(value)
            ^^^^^^^^^^^^^^^^^^^^^^^^^^^^^^^^^^
  File "/home/hongb/.openclaw/workspace/filebot/backend/venv/lib/python3.12/site-packages/sqlalchemy/sql/sqltypes.py", line 1711, in _object_value_for_elem
    raise LookupError(
LookupError: 'MULTIPAGE' is not among the defined enum values. Enum name: filetype. Possible values: TIFF, PDF, DOC, ..., OTHER
INFO:     127.0.0.1:58454 - "GET /api/v1/documents/ HTTP/1.1" 500 Internal Server Error
ERROR:    Exception in ASGI application
Traceback (most recent call last):
  File "/home/hongb/.openclaw/workspace/filebot/backend/venv/lib/python3.12/site-packages/sqlalchemy/sql/sqltypes.py", line 1709, in _object_value_for_elem
    return self._object_lookup[elem]  # type: ignore[return-value]
           ~~~~~~~~~~~~~~~~~~~^^^^^^
KeyError: 'MULTIPAGE'

The above exception was the direct cause of the following exception:

Traceback (most recent call last):
  File "/home/hongb/.openclaw/workspace/filebot/backend/venv/lib/python3.12/site-packages/uvicorn/protocols/http/h11_impl.py", line 410, in run_asgi
    result = await app(  # type: ignore[func-returns-value]
             ^^^^^^^^^^^^^^^^^^^^^^^^^^^^^^^^^^^^^^^^^^^^^^
  File "/home/hongb/.openclaw/workspace/filebot/backend/venv/lib/python3.12/site-packages/uvicorn/middleware/proxy_headers.py", line 60, in __call__
    return await self.app(scope, receive, send)
           ^^^^^^^^^^^^^^^^^^^^^^^^^^^^^^^^^^^^
  File "/home/hongb/.openclaw/workspace/filebot/backend/venv/lib/python3.12/site-packages/fastapi/applications.py", line 1160, in __call__
    await super().__call__(scope, receive, send)
  File "/home/hongb/.openclaw/workspace/filebot/backend/venv/lib/python3.12/site-packages/starlette/applications.py", line 107, in __call__
    await self.middleware_stack(scope, receive, send)
  File "/home/hongb/.openclaw/workspace/filebot/backend/venv/lib/python3.12/site-packages/starlette/middleware/errors.py", line 186, in __call__
    raise exc
  File "/home/hongb/.openclaw/workspace/filebot/backend/venv/lib/python3.12/site-packages/starlette/middleware/errors.py", line 164, in __call__
    await self.app(scope, receive, _send)
  File "/home/hongb/.openclaw/workspace/filebot/backend/venv/lib/python3.12/site-packages/starlette/middleware/cors.py", line 95, in __call__
    await self.simple_response(scope, receive, send, request_headers=headers)
  File "/home/hongb/.openclaw/workspace/filebot/backend/venv/lib/python3.12/site-packages/starlette/middleware/cors.py", line 153, in simple_response
    await self.app(scope, receive, send)
  File "/home/hongb/.openclaw/workspace/filebot/backend/venv/lib/python3.12/site-packages/starlette/middleware/exceptions.py", line 63, in __call__
    await wrap_app_handling_exceptions(self.app, conn)(scope, receive, send)
  File "/home/hongb/.openclaw/workspace/filebot/backend/venv/lib/python3.12/site-packages/starlette/_exception_handler.py", line 53, in wrapped_app
    raise exc
  File "/home/hongb/.openclaw/workspace/filebot/backend/venv/lib/python3.12/site-packages/starlette/_exception_handler.py", line 42, in wrapped_app
    await app(scope, receive, sender)
  File "/home/hongb/.openclaw/workspace/filebot/backend/venv/lib/python3.12/site-packages/fastapi/middleware/asyncexitstack.py", line 18, in __call__
    await self.app(scope, receive, send)
  File "/home/hongb/.openclaw/workspace/filebot/backend/venv/lib/python3.12/site-packages/starlette/routing.py", line 716, in __call__
    await self.middleware_stack(scope, receive, send)
  File "/home/hongb/.openclaw/workspace/filebot/backend/venv/lib/python3.12/site-packages/starlette/routing.py", line 736, in app
    await route.handle(scope, receive, send)
  File "/home/hongb/.openclaw/workspace/filebot/backend/venv/lib/python3.12/site-packages/starlette/routing.py", line 290, in handle
    await self.app(scope, receive, send)
  File "/home/hongb/.openclaw/workspace/filebot/backend/venv/lib/python3.12/site-packages/fastapi/routing.py", line 130, in app
    await wrap_app_handling_exceptions(app, request)(scope, receive, send)
  File "/home/hongb/.openclaw/workspace/filebot/backend/venv/lib/python3.12/site-packages/starlette/_exception_handler.py", line 53, in wrapped_app
    raise exc
  File "/home/hongb/.openclaw/workspace/filebot/backend/venv/lib/python3.12/site-packages/starlette/_exception_handler.py", line 42, in wrapped_app
    await app(scope, receive, sender)
  File "/home/hongb/.openclaw/workspace/filebot/backend/venv/lib/python3.12/site-packages/fastapi/routing.py", line 116, in app
    response = await f(request)
               ^^^^^^^^^^^^^^^^
  File "/home/hongb/.openclaw/workspace/filebot/backend/venv/lib/python3.12/site-packages/fastapi/routing.py", line 670, in app
    raw_response = await run_endpoint_function(
                   ^^^^^^^^^^^^^^^^^^^^^^^^^^^^
  File "/home/hongb/.openclaw/workspace/filebot/backend/venv/lib/python3.12/site-packages/fastapi/routing.py", line 326, in run_endpoint_function
    return await run_in_threadpool(dependant.call, **values)
           ^^^^^^^^^^^^^^^^^^^^^^^^^^^^^^^^^^^^^^^^^^^^^^^^^
  File "/home/hongb/.openclaw/workspace/filebot/backend/venv/lib/python3.12/site-packages/starlette/concurrency.py", line 32, in run_in_threadpool
    return await anyio.to_thread.run_sync(func)
           ^^^^^^^^^^^^^^^^^^^^^^^^^^^^^^^^^^^^
  File "/home/hongb/.openclaw/workspace/filebot/backend/venv/lib/python3.12/site-packages/anyio/to_thread.py", line 63, in run_sync
    return await get_async_backend().run_sync_in_worker_thread(
           ^^^^^^^^^^^^^^^^^^^^^^^^^^^^^^^^^^^^^^^^^^^^^^^^^^^^
  File "/home/hongb/.openclaw/workspace/filebot/backend/venv/lib/python3.12/site-packages/anyio/_backends/_asyncio.py", line 2502, in run_sync_in_worker_thread
    return await future
           ^^^^^^^^^^^^
  File "/home/hongb/.openclaw/workspace/filebot/backend/venv/lib/python3.12/site-packages/anyio/_backends/_asyncio.py", line 986, in run
    result = context.run(func, *args)
             ^^^^^^^^^^^^^^^^^^^^^^^^
  File "/home/hongb/.openclaw/workspace/filebot/backend/app/routers/documents.py", line 249, in get_documents
    documents = query.offset(skip).limit(limit).all()
                ^^^^^^^^^^^^^^^^^^^^^^^^^^^^^^^^^^^^^
  File "/home/hongb/.openclaw/workspace/filebot/backend/venv/lib/python3.12/site-packages/sqlalchemy/orm/query.py", line 2704, in all
    return self._iter().all()  # type: ignore
           ^^^^^^^^^^^^^^^^^^
  File "/home/hongb/.openclaw/workspace/filebot/backend/venv/lib/python3.12/site-packages/sqlalchemy/engine/result.py", line 1786, in all
    return self._allrows()
           ^^^^^^^^^^^^^^^
  File "/home/hongb/.openclaw/workspace/filebot/backend/venv/lib/python3.12/site-packages/sqlalchemy/engine/result.py", line 560, in _allrows
    rows = self._fetchall_impl()
           ^^^^^^^^^^^^^^^^^^^^^
  File "/home/hongb/.openclaw/workspace/filebot/backend/venv/lib/python3.12/site-packages/sqlalchemy/engine/result.py", line 1693, in _fetchall_impl
    return self._real_result._fetchall_impl()
           ^^^^^^^^^^^^^^^^^^^^^^^^^^^^^^^^^^
  File "/home/hongb/.openclaw/workspace/filebot/backend/venv/lib/python3.12/site-packages/sqlalchemy/engine/result.py", line 2287, in _fetchall_impl
    return list(self.iterator)
           ^^^^^^^^^^^^^^^^^^^
  File "/home/hongb/.openclaw/workspace/filebot/backend/venv/lib/python3.12/site-packages/sqlalchemy/orm/loading.py", line 220, in chunks
    fetch = cursor._raw_all_rows()
            ^^^^^^^^^^^^^^^^^^^^^^
  File "/home/hongb/.openclaw/workspace/filebot/backend/venv/lib/python3.12/site-packages/sqlalchemy/engine/result.py", line 553, in _raw_all_rows
    return [make_row(row) for row in rows]
            ^^^^^^^^^^^^^
  File "lib/sqlalchemy/cyextension/resultproxy.pyx", line 22, in sqlalchemy.cyextension.resultproxy.BaseRow.__init__
  File "lib/sqlalchemy/cyextension/resultproxy.pyx", line 79, in sqlalchemy.cyextension.resultproxy._apply_processors
  File "/home/hongb/.openclaw/workspace/filebot/backend/venv/lib/python3.12/site-packages/sqlalchemy/sql/sqltypes.py", line 1829, in process
    value = self._object_value_for_elem(value)
            ^^^^^^^^^^^^^^^^^^^^^^^^^^^^^^^^^^
  File "/home/hongb/.openclaw/workspace/filebot/backend/venv/lib/python3.12/site-packages/sqlalchemy/sql/sqltypes.py", line 1711, in _object_value_for_elem
    raise LookupError(
LookupError: 'MULTIPAGE' is not among the defined enum values. Enum name: filetype. Possible values: TIFF, PDF, DOC, ..., OTHER
INFO:     127.0.0.1:58458 - "GET /api/v1/documents/ HTTP/1.1" 500 Internal Server Error
ERROR:    Exception in ASGI application
Traceback (most recent call last):
  File "/home/hongb/.openclaw/workspace/filebot/backend/venv/lib/python3.12/site-packages/sqlalchemy/sql/sqltypes.py", line 1709, in _object_value_for_elem
    return self._object_lookup[elem]  # type: ignore[return-value]
           ~~~~~~~~~~~~~~~~~~~^^^^^^
KeyError: 'MULTIPAGE'

The above exception was the direct cause of the following exception:

Traceback (most recent call last):
  File "/home/hongb/.openclaw/workspace/filebot/backend/venv/lib/python3.12/site-packages/uvicorn/protocols/http/h11_impl.py", line 410, in run_asgi
    result = await app(  # type: ignore[func-returns-value]
             ^^^^^^^^^^^^^^^^^^^^^^^^^^^^^^^^^^^^^^^^^^^^^^
  File "/home/hongb/.openclaw/workspace/filebot/backend/venv/lib/python3.12/site-packages/uvicorn/middleware/proxy_headers.py", line 60, in __call__
    return await self.app(scope, receive, send)
           ^^^^^^^^^^^^^^^^^^^^^^^^^^^^^^^^^^^^
  File "/home/hongb/.openclaw/workspace/filebot/backend/venv/lib/python3.12/site-packages/fastapi/applications.py", line 1160, in __call__
    await super().__call__(scope, receive, send)
  File "/home/hongb/.openclaw/workspace/filebot/backend/venv/lib/python3.12/site-packages/starlette/applications.py", line 107, in __call__
    await self.middleware_stack(scope, receive, send)
  File "/home/hongb/.openclaw/workspace/filebot/backend/venv/lib/python3.12/site-packages/starlette/middleware/errors.py", line 186, in __call__
    raise exc
  File "/home/hongb/.openclaw/workspace/filebot/backend/venv/lib/python3.12/site-packages/starlette/middleware/errors.py", line 164, in __call__
    await self.app(scope, receive, _send)
  File "/home/hongb/.openclaw/workspace/filebot/backend/venv/lib/python3.12/site-packages/starlette/middleware/cors.py", line 95, in __call__
    await self.simple_response(scope, receive, send, request_headers=headers)
  File "/home/hongb/.openclaw/workspace/filebot/backend/venv/lib/python3.12/site-packages/starlette/middleware/cors.py", line 153, in simple_response
    await self.app(scope, receive, send)
  File "/home/hongb/.openclaw/workspace/filebot/backend/venv/lib/python3.12/site-packages/starlette/middleware/exceptions.py", line 63, in __call__
    await wrap_app_handling_exceptions(self.app, conn)(scope, receive, send)
  File "/home/hongb/.openclaw/workspace/filebot/backend/venv/lib/python3.12/site-packages/starlette/_exception_handler.py", line 53, in wrapped_app
    raise exc
  File "/home/hongb/.openclaw/workspace/filebot/backend/venv/lib/python3.12/site-packages/starlette/_exception_handler.py", line 42, in wrapped_app
    await app(scope, receive, sender)
  File "/home/hongb/.openclaw/workspace/filebot/backend/venv/lib/python3.12/site-packages/fastapi/middleware/asyncexitstack.py", line 18, in __call__
    await self.app(scope, receive, send)
  File "/home/hongb/.openclaw/workspace/filebot/backend/venv/lib/python3.12/site-packages/starlette/routing.py", line 716, in __call__
    await self.middleware_stack(scope, receive, send)
  File "/home/hongb/.openclaw/workspace/filebot/backend/venv/lib/python3.12/site-packages/starlette/routing.py", line 736, in app
    await route.handle(scope, receive, send)
  File "/home/hongb/.openclaw/workspace/filebot/backend/venv/lib/python3.12/site-packages/starlette/routing.py", line 290, in handle
    await self.app(scope, receive, send)
  File "/home/hongb/.openclaw/workspace/filebot/backend/venv/lib/python3.12/site-packages/fastapi/routing.py", line 130, in app
    await wrap_app_handling_exceptions(app, request)(scope, receive, send)
  File "/home/hongb/.openclaw/workspace/filebot/backend/venv/lib/python3.12/site-packages/starlette/_exception_handler.py", line 53, in wrapped_app
    raise exc
  File "/home/hongb/.openclaw/workspace/filebot/backend/venv/lib/python3.12/site-packages/starlette/_exception_handler.py", line 42, in wrapped_app
    await app(scope, receive, sender)
  File "/home/hongb/.openclaw/workspace/filebot/backend/venv/lib/python3.12/site-packages/fastapi/routing.py", line 116, in app
    response = await f(request)
               ^^^^^^^^^^^^^^^^
  File "/home/hongb/.openclaw/workspace/filebot/backend/venv/lib/python3.12/site-packages/fastapi/routing.py", line 670, in app
    raw_response = await run_endpoint_function(
                   ^^^^^^^^^^^^^^^^^^^^^^^^^^^^
  File "/home/hongb/.openclaw/workspace/filebot/backend/venv/lib/python3.12/site-packages/fastapi/routing.py", line 326, in run_endpoint_function
    return await run_in_threadpool(dependant.call, **values)
           ^^^^^^^^^^^^^^^^^^^^^^^^^^^^^^^^^^^^^^^^^^^^^^^^^
  File "/home/hongb/.openclaw/workspace/filebot/backend/venv/lib/python3.12/site-packages/starlette/concurrency.py", line 32, in run_in_threadpool
    return await anyio.to_thread.run_sync(func)
           ^^^^^^^^^^^^^^^^^^^^^^^^^^^^^^^^^^^^
  File "/home/hongb/.openclaw/workspace/filebot/backend/venv/lib/python3.12/site-packages/anyio/to_thread.py", line 63, in run_sync
    return await get_async_backend().run_sync_in_worker_thread(
           ^^^^^^^^^^^^^^^^^^^^^^^^^^^^^^^^^^^^^^^^^^^^^^^^^^^^
  File "/home/hongb/.openclaw/workspace/filebot/backend/venv/lib/python3.12/site-packages/anyio/_backends/_asyncio.py", line 2502, in run_sync_in_worker_thread
    return await future
           ^^^^^^^^^^^^
  File "/home/hongb/.openclaw/workspace/filebot/backend/venv/lib/python3.12/site-packages/anyio/_backends/_asyncio.py", line 986, in run
    result = context.run(func, *args)
             ^^^^^^^^^^^^^^^^^^^^^^^^
  File "/home/hongb/.openclaw/workspace/filebot/backend/app/routers/documents.py", line 249, in get_documents
    documents = query.offset(skip).limit(limit).all()
                ^^^^^^^^^^^^^^^^^^^^^^^^^^^^^^^^^^^^^
  File "/home/hongb/.openclaw/workspace/filebot/backend/venv/lib/python3.12/site-packages/sqlalchemy/orm/query.py", line 2704, in all
    return self._iter().all()  # type: ignore
           ^^^^^^^^^^^^^^^^^^
  File "/home/hongb/.openclaw/workspace/filebot/backend/venv/lib/python3.12/site-packages/sqlalchemy/engine/result.py", line 1786, in all
    return self._allrows()
           ^^^^^^^^^^^^^^^
  File "/home/hongb/.openclaw/workspace/filebot/backend/venv/lib/python3.12/site-packages/sqlalchemy/engine/result.py", line 560, in _allrows
    rows = self._fetchall_impl()
           ^^^^^^^^^^^^^^^^^^^^^
  File "/home/hongb/.openclaw/workspace/filebot/backend/venv/lib/python3.12/site-packages/sqlalchemy/engine/result.py", line 1693, in _fetchall_impl
    return self._real_result._fetchall_impl()
           ^^^^^^^^^^^^^^^^^^^^^^^^^^^^^^^^^^
  File "/home/hongb/.openclaw/workspace/filebot/backend/venv/lib/python3.12/site-packages/sqlalchemy/engine/result.py", line 2287, in _fetchall_impl
    return list(self.iterator)
           ^^^^^^^^^^^^^^^^^^^
  File "/home/hongb/.openclaw/workspace/filebot/backend/venv/lib/python3.12/site-packages/sqlalchemy/orm/loading.py", line 220, in chunks
    fetch = cursor._raw_all_rows()
            ^^^^^^^^^^^^^^^^^^^^^^
  File "/home/hongb/.openclaw/workspace/filebot/backend/venv/lib/python3.12/site-packages/sqlalchemy/engine/result.py", line 553, in _raw_all_rows
    return [make_row(row) for row in rows]
            ^^^^^^^^^^^^^
  File "lib/sqlalchemy/cyextension/resultproxy.pyx", line 22, in sqlalchemy.cyextension.resultproxy.BaseRow.__init__
  File "lib/sqlalchemy/cyextension/resultproxy.pyx", line 79, in sqlalchemy.cyextension.resultproxy._apply_processors
  File "/home/hongb/.openclaw/workspace/filebot/backend/venv/lib/python3.12/site-packages/sqlalchemy/sql/sqltypes.py", line 1829, in process
    value = self._object_value_for_elem(value)
            ^^^^^^^^^^^^^^^^^^^^^^^^^^^^^^^^^^
  File "/home/hongb/.openclaw/workspace/filebot/backend/venv/lib/python3.12/site-packages/sqlalchemy/sql/sqltypes.py", line 1711, in _object_value_for_elem
    raise LookupError(
LookupError: 'MULTIPAGE' is not among the defined enum values. Enum name: filetype. Possible values: TIFF, PDF, DOC, ..., OTHER
INFO:     127.0.0.1:49886 - "GET /api/v1/documents/ HTTP/1.1" 500 Internal Server Error
ERROR:    Exception in ASGI application
Traceback (most recent call last):
  File "/home/hongb/.openclaw/workspace/filebot/backend/venv/lib/python3.12/site-packages/sqlalchemy/sql/sqltypes.py", line 1709, in _object_value_for_elem
    return self._object_lookup[elem]  # type: ignore[return-value]
           ~~~~~~~~~~~~~~~~~~~^^^^^^
KeyError: 'MULTIPAGE'

The above exception was the direct cause of the following exception:

Traceback (most recent call last):
  File "/home/hongb/.openclaw/workspace/filebot/backend/venv/lib/python3.12/site-packages/uvicorn/protocols/http/h11_impl.py", line 410, in run_asgi
    result = await app(  # type: ignore[func-returns-value]
             ^^^^^^^^^^^^^^^^^^^^^^^^^^^^^^^^^^^^^^^^^^^^^^
  File "/home/hongb/.openclaw/workspace/filebot/backend/venv/lib/python3.12/site-packages/uvicorn/middleware/proxy_headers.py", line 60, in __call__
    return await self.app(scope, receive, send)
           ^^^^^^^^^^^^^^^^^^^^^^^^^^^^^^^^^^^^
  File "/home/hongb/.openclaw/workspace/filebot/backend/venv/lib/python3.12/site-packages/fastapi/applications.py", line 1160, in __call__
    await super().__call__(scope, receive, send)
  File "/home/hongb/.openclaw/workspace/filebot/backend/venv/lib/python3.12/site-packages/starlette/applications.py", line 107, in __call__
    await self.middleware_stack(scope, receive, send)
  File "/home/hongb/.openclaw/workspace/filebot/backend/venv/lib/python3.12/site-packages/starlette/middleware/errors.py", line 186, in __call__
    raise exc
  File "/home/hongb/.openclaw/workspace/filebot/backend/venv/lib/python3.12/site-packages/starlette/middleware/errors.py", line 164, in __call__
    await self.app(scope, receive, _send)
  File "/home/hongb/.openclaw/workspace/filebot/backend/venv/lib/python3.12/site-packages/starlette/middleware/cors.py", line 95, in __call__
    await self.simple_response(scope, receive, send, request_headers=headers)
  File "/home/hongb/.openclaw/workspace/filebot/backend/venv/lib/python3.12/site-packages/starlette/middleware/cors.py", line 153, in simple_response
    await self.app(scope, receive, send)
  File "/home/hongb/.openclaw/workspace/filebot/backend/venv/lib/python3.12/site-packages/starlette/middleware/exceptions.py", line 63, in __call__
    await wrap_app_handling_exceptions(self.app, conn)(scope, receive, send)
  File "/home/hongb/.openclaw/workspace/filebot/backend/venv/lib/python3.12/site-packages/starlette/_exception_handler.py", line 53, in wrapped_app
    raise exc
  File "/home/hongb/.openclaw/workspace/filebot/backend/venv/lib/python3.12/site-packages/starlette/_exception_handler.py", line 42, in wrapped_app
    await app(scope, receive, sender)
  File "/home/hongb/.openclaw/workspace/filebot/backend/venv/lib/python3.12/site-packages/fastapi/middleware/asyncexitstack.py", line 18, in __call__
    await self.app(scope, receive, send)
  File "/home/hongb/.openclaw/workspace/filebot/backend/venv/lib/python3.12/site-packages/starlette/routing.py", line 716, in __call__
    await self.middleware_stack(scope, receive, send)
  File "/home/hongb/.openclaw/workspace/filebot/backend/venv/lib/python3.12/site-packages/starlette/routing.py", line 736, in app
    await route.handle(scope, receive, send)
  File "/home/hongb/.openclaw/workspace/filebot/backend/venv/lib/python3.12/site-packages/starlette/routing.py", line 290, in handle
    await self.app(scope, receive, send)
  File "/home/hongb/.openclaw/workspace/filebot/backend/venv/lib/python3.12/site-packages/fastapi/routing.py", line 130, in app
    await wrap_app_handling_exceptions(app, request)(scope, receive, send)
  File "/home/hongb/.openclaw/workspace/filebot/backend/venv/lib/python3.12/site-packages/starlette/_exception_handler.py", line 53, in wrapped_app
    raise exc
  File "/home/hongb/.openclaw/workspace/filebot/backend/venv/lib/python3.12/site-packages/starlette/_exception_handler.py", line 42, in wrapped_app
    await app(scope, receive, sender)
  File "/home/hongb/.openclaw/workspace/filebot/backend/venv/lib/python3.12/site-packages/fastapi/routing.py", line 116, in app
    response = await f(request)
               ^^^^^^^^^^^^^^^^
  File "/home/hongb/.openclaw/workspace/filebot/backend/venv/lib/python3.12/site-packages/fastapi/routing.py", line 670, in app
    raw_response = await run_endpoint_function(
                   ^^^^^^^^^^^^^^^^^^^^^^^^^^^^
  File "/home/hongb/.openclaw/workspace/filebot/backend/venv/lib/python3.12/site-packages/fastapi/routing.py", line 326, in run_endpoint_function
    return await run_in_threadpool(dependant.call, **values)
           ^^^^^^^^^^^^^^^^^^^^^^^^^^^^^^^^^^^^^^^^^^^^^^^^^
  File "/home/hongb/.openclaw/workspace/filebot/backend/venv/lib/python3.12/site-packages/starlette/concurrency.py", line 32, in run_in_threadpool
    return await anyio.to_thread.run_sync(func)
           ^^^^^^^^^^^^^^^^^^^^^^^^^^^^^^^^^^^^
  File "/home/hongb/.openclaw/workspace/filebot/backend/venv/lib/python3.12/site-packages/anyio/to_thread.py", line 63, in run_sync
    return await get_async_backend().run_sync_in_worker_thread(
           ^^^^^^^^^^^^^^^^^^^^^^^^^^^^^^^^^^^^^^^^^^^^^^^^^^^^
  File "/home/hongb/.openclaw/workspace/filebot/backend/venv/lib/python3.12/site-packages/anyio/_backends/_asyncio.py", line 2502, in run_sync_in_worker_thread
    return await future
           ^^^^^^^^^^^^
  File "/home/hongb/.openclaw/workspace/filebot/backend/venv/lib/python3.12/site-packages/anyio/_backends/_asyncio.py", line 986, in run
    result = context.run(func, *args)
             ^^^^^^^^^^^^^^^^^^^^^^^^
  File "/home/hongb/.openclaw/workspace/filebot/backend/app/routers/documents.py", line 249, in get_documents
    documents = query.offset(skip).limit(limit).all()
                ^^^^^^^^^^^^^^^^^^^^^^^^^^^^^^^^^^^^^
  File "/home/hongb/.openclaw/workspace/filebot/backend/venv/lib/python3.12/site-packages/sqlalchemy/orm/query.py", line 2704, in all
    return self._iter().all()  # type: ignore
           ^^^^^^^^^^^^^^^^^^
  File "/home/hongb/.openclaw/workspace/filebot/backend/venv/lib/python3.12/site-packages/sqlalchemy/engine/result.py", line 1786, in all
    return self._allrows()
           ^^^^^^^^^^^^^^^
  File "/home/hongb/.openclaw/workspace/filebot/backend/venv/lib/python3.12/site-packages/sqlalchemy/engine/result.py", line 560, in _allrows
    rows = self._fetchall_impl()
           ^^^^^^^^^^^^^^^^^^^^^
  File "/home/hongb/.openclaw/workspace/filebot/backend/venv/lib/python3.12/site-packages/sqlalchemy/engine/result.py", line 1693, in _fetchall_impl
    return self._real_result._fetchall_impl()
           ^^^^^^^^^^^^^^^^^^^^^^^^^^^^^^^^^^
  File "/home/hongb/.openclaw/workspace/filebot/backend/venv/lib/python3.12/site-packages/sqlalchemy/engine/result.py", line 2287, in _fetchall_impl
    return list(self.iterator)
           ^^^^^^^^^^^^^^^^^^^
  File "/home/hongb/.openclaw/workspace/filebot/backend/venv/lib/python3.12/site-packages/sqlalchemy/orm/loading.py", line 220, in chunks
    fetch = cursor._raw_all_rows()
            ^^^^^^^^^^^^^^^^^^^^^^
  File "/home/hongb/.openclaw/workspace/filebot/backend/venv/lib/python3.12/site-packages/sqlalchemy/engine/result.py", line 553, in _raw_all_rows
    return [make_row(row) for row in rows]
            ^^^^^^^^^^^^^
  File "lib/sqlalchemy/cyextension/resultproxy.pyx", line 22, in sqlalchemy.cyextension.resultproxy.BaseRow.__init__
  File "lib/sqlalchemy/cyextension/resultproxy.pyx", line 79, in sqlalchemy.cyextension.resultproxy._apply_processors
  File "/home/hongb/.openclaw/workspace/filebot/backend/venv/lib/python3.12/site-packages/sqlalchemy/sql/sqltypes.py", line 1829, in process
    value = self._object_value_for_elem(value)
            ^^^^^^^^^^^^^^^^^^^^^^^^^^^^^^^^^^
  File "/home/hongb/.openclaw/workspace/filebot/backend/venv/lib/python3.12/site-packages/sqlalchemy/sql/sqltypes.py", line 1711, in _object_value_for_elem
    raise LookupError(
LookupError: 'MULTIPAGE' is not among the defined enum values. Enum name: filetype. Possible values: TIFF, PDF, DOC, ..., OTHER
INFO:     127.0.0.1:40664 - "OPTIONS /api/v1/features/check?feature=ai_document_classification HTTP/1.1" 200 OK
INFO:     127.0.0.1:40674 - "OPTIONS /api/v1/features/check?feature=ai_document_classification HTTP/1.1" 200 OK
INFO:     127.0.0.1:49892 - "GET /api/v1/documents/ HTTP/1.1" 500 Internal Server Error
ERROR:    Exception in ASGI application
Traceback (most recent call last):
  File "/home/hongb/.openclaw/workspace/filebot/backend/venv/lib/python3.12/site-packages/sqlalchemy/sql/sqltypes.py", line 1709, in _object_value_for_elem
    return self._object_lookup[elem]  # type: ignore[return-value]
           ~~~~~~~~~~~~~~~~~~~^^^^^^
KeyError: 'MULTIPAGE'

The above exception was the direct cause of the following exception:

Traceback (most recent call last):
  File "/home/hongb/.openclaw/workspace/filebot/backend/venv/lib/python3.12/site-packages/uvicorn/protocols/http/h11_impl.py", line 410, in run_asgi
    result = await app(  # type: ignore[func-returns-value]
             ^^^^^^^^^^^^^^^^^^^^^^^^^^^^^^^^^^^^^^^^^^^^^^
  File "/home/hongb/.openclaw/workspace/filebot/backend/venv/lib/python3.12/site-packages/uvicorn/middleware/proxy_headers.py", line 60, in __call__
    return await self.app(scope, receive, send)
           ^^^^^^^^^^^^^^^^^^^^^^^^^^^^^^^^^^^^
  File "/home/hongb/.openclaw/workspace/filebot/backend/venv/lib/python3.12/site-packages/fastapi/applications.py", line 1160, in __call__
    await super().__call__(scope, receive, send)
  File "/home/hongb/.openclaw/workspace/filebot/backend/venv/lib/python3.12/site-packages/starlette/applications.py", line 107, in __call__
    await self.middleware_stack(scope, receive, send)
  File "/home/hongb/.openclaw/workspace/filebot/backend/venv/lib/python3.12/site-packages/starlette/middleware/errors.py", line 186, in __call__
    raise exc
  File "/home/hongb/.openclaw/workspace/filebot/backend/venv/lib/python3.12/site-packages/starlette/middleware/errors.py", line 164, in __call__
    await self.app(scope, receive, _send)
  File "/home/hongb/.openclaw/workspace/filebot/backend/venv/lib/python3.12/site-packages/starlette/middleware/cors.py", line 95, in __call__
    await self.simple_response(scope, receive, send, request_headers=headers)
  File "/home/hongb/.openclaw/workspace/filebot/backend/venv/lib/python3.12/site-packages/starlette/middleware/cors.py", line 153, in simple_response
    await self.app(scope, receive, send)
  File "/home/hongb/.openclaw/workspace/filebot/backend/venv/lib/python3.12/site-packages/starlette/middleware/exceptions.py", line 63, in __call__
    await wrap_app_handling_exceptions(self.app, conn)(scope, receive, send)
  File "/home/hongb/.openclaw/workspace/filebot/backend/venv/lib/python3.12/site-packages/starlette/_exception_handler.py", line 53, in wrapped_app
    raise exc
  File "/home/hongb/.openclaw/workspace/filebot/backend/venv/lib/python3.12/site-packages/starlette/_exception_handler.py", line 42, in wrapped_app
    await app(scope, receive, sender)
  File "/home/hongb/.openclaw/workspace/filebot/backend/venv/lib/python3.12/site-packages/fastapi/middleware/asyncexitstack.py", line 18, in __call__
    await self.app(scope, receive, send)
  File "/home/hongb/.openclaw/workspace/filebot/backend/venv/lib/python3.12/site-packages/starlette/routing.py", line 716, in __call__
    await self.middleware_stack(scope, receive, send)
  File "/home/hongb/.openclaw/workspace/filebot/backend/venv/lib/python3.12/site-packages/starlette/routing.py", line 736, in app
    await route.handle(scope, receive, send)
  File "/home/hongb/.openclaw/workspace/filebot/backend/venv/lib/python3.12/site-packages/starlette/routing.py", line 290, in handle
    await self.app(scope, receive, send)
  File "/home/hongb/.openclaw/workspace/filebot/backend/venv/lib/python3.12/site-packages/fastapi/routing.py", line 130, in app
    await wrap_app_handling_exceptions(app, request)(scope, receive, send)
  File "/home/hongb/.openclaw/workspace/filebot/backend/venv/lib/python3.12/site-packages/starlette/_exception_handler.py", line 53, in wrapped_app
    raise exc
  File "/home/hongb/.openclaw/workspace/filebot/backend/venv/lib/python3.12/site-packages/starlette/_exception_handler.py", line 42, in wrapped_app
    await app(scope, receive, sender)
  File "/home/hongb/.openclaw/workspace/filebot/backend/venv/lib/python3.12/site-packages/fastapi/routing.py", line 116, in app
    response = await f(request)
               ^^^^^^^^^^^^^^^^
  File "/home/hongb/.openclaw/workspace/filebot/backend/venv/lib/python3.12/site-packages/fastapi/routing.py", line 670, in app
    raw_response = await run_endpoint_function(
                   ^^^^^^^^^^^^^^^^^^^^^^^^^^^^
  File "/home/hongb/.openclaw/workspace/filebot/backend/venv/lib/python3.12/site-packages/fastapi/routing.py", line 326, in run_endpoint_function
    return await run_in_threadpool(dependant.call, **values)
           ^^^^^^^^^^^^^^^^^^^^^^^^^^^^^^^^^^^^^^^^^^^^^^^^^
  File "/home/hongb/.openclaw/workspace/filebot/backend/venv/lib/python3.12/site-packages/starlette/concurrency.py", line 32, in run_in_threadpool
    return await anyio.to_thread.run_sync(func)
           ^^^^^^^^^^^^^^^^^^^^^^^^^^^^^^^^^^^^
  File "/home/hongb/.openclaw/workspace/filebot/backend/venv/lib/python3.12/site-packages/anyio/to_thread.py", line 63, in run_sync
    return await get_async_backend().run_sync_in_worker_thread(
           ^^^^^^^^^^^^^^^^^^^^^^^^^^^^^^^^^^^^^^^^^^^^^^^^^^^^
  File "/home/hongb/.openclaw/workspace/filebot/backend/venv/lib/python3.12/site-packages/anyio/_backends/_asyncio.py", line 2502, in run_sync_in_worker_thread
    return await future
           ^^^^^^^^^^^^
  File "/home/hongb/.openclaw/workspace/filebot/backend/venv/lib/python3.12/site-packages/anyio/_backends/_asyncio.py", line 986, in run
    result = context.run(func, *args)
             ^^^^^^^^^^^^^^^^^^^^^^^^
  File "/home/hongb/.openclaw/workspace/filebot/backend/app/routers/documents.py", line 249, in get_documents
    documents = query.offset(skip).limit(limit).all()
                ^^^^^^^^^^^^^^^^^^^^^^^^^^^^^^^^^^^^^
  File "/home/hongb/.openclaw/workspace/filebot/backend/venv/lib/python3.12/site-packages/sqlalchemy/orm/query.py", line 2704, in all
    return self._iter().all()  # type: ignore
           ^^^^^^^^^^^^^^^^^^
  File "/home/hongb/.openclaw/workspace/filebot/backend/venv/lib/python3.12/site-packages/sqlalchemy/engine/result.py", line 1786, in all
    return self._allrows()
           ^^^^^^^^^^^^^^^
  File "/home/hongb/.openclaw/workspace/filebot/backend/venv/lib/python3.12/site-packages/sqlalchemy/engine/result.py", line 560, in _allrows
    rows = self._fetchall_impl()
           ^^^^^^^^^^^^^^^^^^^^^
  File "/home/hongb/.openclaw/workspace/filebot/backend/venv/lib/python3.12/site-packages/sqlalchemy/engine/result.py", line 1693, in _fetchall_impl
    return self._real_result._fetchall_impl()
           ^^^^^^^^^^^^^^^^^^^^^^^^^^^^^^^^^^
  File "/home/hongb/.openclaw/workspace/filebot/backend/venv/lib/python3.12/site-packages/sqlalchemy/engine/result.py", line 2287, in _fetchall_impl
    return list(self.iterator)
           ^^^^^^^^^^^^^^^^^^^
  File "/home/hongb/.openclaw/workspace/filebot/backend/venv/lib/python3.12/site-packages/sqlalchemy/orm/loading.py", line 220, in chunks
    fetch = cursor._raw_all_rows()
            ^^^^^^^^^^^^^^^^^^^^^^
  File "/home/hongb/.openclaw/workspace/filebot/backend/venv/lib/python3.12/site-packages/sqlalchemy/engine/result.py", line 553, in _raw_all_rows
    return [make_row(row) for row in rows]
            ^^^^^^^^^^^^^
  File "lib/sqlalchemy/cyextension/resultproxy.pyx", line 22, in sqlalchemy.cyextension.resultproxy.BaseRow.__init__
  File "lib/sqlalchemy/cyextension/resultproxy.pyx", line 79, in sqlalchemy.cyextension.resultproxy._apply_processors
  File "/home/hongb/.openclaw/workspace/filebot/backend/venv/lib/python3.12/site-packages/sqlalchemy/sql/sqltypes.py", line 1829, in process
    value = self._object_value_for_elem(value)
            ^^^^^^^^^^^^^^^^^^^^^^^^^^^^^^^^^^
  File "/home/hongb/.openclaw/workspace/filebot/backend/venv/lib/python3.12/site-packages/sqlalchemy/sql/sqltypes.py", line 1711, in _object_value_for_elem
    raise LookupError(
LookupError: 'MULTIPAGE' is not among the defined enum values. Enum name: filetype. Possible values: TIFF, PDF, DOC, ..., OTHER
INFO:     127.0.0.1:40674 - "GET /api/v1/features/check?feature=ai_document_classification HTTP/1.1" 200 OK
INFO:     127.0.0.1:40674 - "GET /api/v1/features/check?feature=ai_document_classification HTTP/1.1" 200 OK
INFO:     127.0.0.1:40664 - "GET /api/v1/documents/ HTTP/1.1" 500 Internal Server Error
ERROR:    Exception in ASGI application
Traceback (most recent call last):
  File "/home/hongb/.openclaw/workspace/filebot/backend/venv/lib/python3.12/site-packages/sqlalchemy/sql/sqltypes.py", line 1709, in _object_value_for_elem
    return self._object_lookup[elem]  # type: ignore[return-value]
           ~~~~~~~~~~~~~~~~~~~^^^^^^
KeyError: 'MULTIPAGE'

The above exception was the direct cause of the following exception:

Traceback (most recent call last):
  File "/home/hongb/.openclaw/workspace/filebot/backend/venv/lib/python3.12/site-packages/uvicorn/protocols/http/h11_impl.py", line 410, in run_asgi
    result = await app(  # type: ignore[func-returns-value]
             ^^^^^^^^^^^^^^^^^^^^^^^^^^^^^^^^^^^^^^^^^^^^^^
  File "/home/hongb/.openclaw/workspace/filebot/backend/venv/lib/python3.12/site-packages/uvicorn/middleware/proxy_headers.py", line 60, in __call__
    return await self.app(scope, receive, send)
           ^^^^^^^^^^^^^^^^^^^^^^^^^^^^^^^^^^^^
  File "/home/hongb/.openclaw/workspace/filebot/backend/venv/lib/python3.12/site-packages/fastapi/applications.py", line 1160, in __call__
    await super().__call__(scope, receive, send)
  File "/home/hongb/.openclaw/workspace/filebot/backend/venv/lib/python3.12/site-packages/starlette/applications.py", line 107, in __call__
    await self.middleware_stack(scope, receive, send)
  File "/home/hongb/.openclaw/workspace/filebot/backend/venv/lib/python3.12/site-packages/starlette/middleware/errors.py", line 186, in __call__
    raise exc
  File "/home/hongb/.openclaw/workspace/filebot/backend/venv/lib/python3.12/site-packages/starlette/middleware/errors.py", line 164, in __call__
    await self.app(scope, receive, _send)
  File "/home/hongb/.openclaw/workspace/filebot/backend/venv/lib/python3.12/site-packages/starlette/middleware/cors.py", line 95, in __call__
    await self.simple_response(scope, receive, send, request_headers=headers)
  File "/home/hongb/.openclaw/workspace/filebot/backend/venv/lib/python3.12/site-packages/starlette/middleware/cors.py", line 153, in simple_response
    await self.app(scope, receive, send)
  File "/home/hongb/.openclaw/workspace/filebot/backend/venv/lib/python3.12/site-packages/starlette/middleware/exceptions.py", line 63, in __call__
    await wrap_app_handling_exceptions(self.app, conn)(scope, receive, send)
  File "/home/hongb/.openclaw/workspace/filebot/backend/venv/lib/python3.12/site-packages/starlette/_exception_handler.py", line 53, in wrapped_app
    raise exc
  File "/home/hongb/.openclaw/workspace/filebot/backend/venv/lib/python3.12/site-packages/starlette/_exception_handler.py", line 42, in wrapped_app
    await app(scope, receive, sender)
  File "/home/hongb/.openclaw/workspace/filebot/backend/venv/lib/python3.12/site-packages/fastapi/middleware/asyncexitstack.py", line 18, in __call__
    await self.app(scope, receive, send)
  File "/home/hongb/.openclaw/workspace/filebot/backend/venv/lib/python3.12/site-packages/starlette/routing.py", line 716, in __call__
    await self.middleware_stack(scope, receive, send)
  File "/home/hongb/.openclaw/workspace/filebot/backend/venv/lib/python3.12/site-packages/starlette/routing.py", line 736, in app
    await route.handle(scope, receive, send)
  File "/home/hongb/.openclaw/workspace/filebot/backend/venv/lib/python3.12/site-packages/starlette/routing.py", line 290, in handle
    await self.app(scope, receive, send)
  File "/home/hongb/.openclaw/workspace/filebot/backend/venv/lib/python3.12/site-packages/fastapi/routing.py", line 130, in app
    await wrap_app_handling_exceptions(app, request)(scope, receive, send)
  File "/home/hongb/.openclaw/workspace/filebot/backend/venv/lib/python3.12/site-packages/starlette/_exception_handler.py", line 53, in wrapped_app
    raise exc
  File "/home/hongb/.openclaw/workspace/filebot/backend/venv/lib/python3.12/site-packages/starlette/_exception_handler.py", line 42, in wrapped_app
    await app(scope, receive, sender)
  File "/home/hongb/.openclaw/workspace/filebot/backend/venv/lib/python3.12/site-packages/fastapi/routing.py", line 116, in app
    response = await f(request)
               ^^^^^^^^^^^^^^^^
  File "/home/hongb/.openclaw/workspace/filebot/backend/venv/lib/python3.12/site-packages/fastapi/routing.py", line 670, in app
    raw_response = await run_endpoint_function(
                   ^^^^^^^^^^^^^^^^^^^^^^^^^^^^
  File "/home/hongb/.openclaw/workspace/filebot/backend/venv/lib/python3.12/site-packages/fastapi/routing.py", line 326, in run_endpoint_function
    return await run_in_threadpool(dependant.call, **values)
           ^^^^^^^^^^^^^^^^^^^^^^^^^^^^^^^^^^^^^^^^^^^^^^^^^
  File "/home/hongb/.openclaw/workspace/filebot/backend/venv/lib/python3.12/site-packages/starlette/concurrency.py", line 32, in run_in_threadpool
    return await anyio.to_thread.run_sync(func)
           ^^^^^^^^^^^^^^^^^^^^^^^^^^^^^^^^^^^^
  File "/home/hongb/.openclaw/workspace/filebot/backend/venv/lib/python3.12/site-packages/anyio/to_thread.py", line 63, in run_sync
    return await get_async_backend().run_sync_in_worker_thread(
           ^^^^^^^^^^^^^^^^^^^^^^^^^^^^^^^^^^^^^^^^^^^^^^^^^^^^
  File "/home/hongb/.openclaw/workspace/filebot/backend/venv/lib/python3.12/site-packages/anyio/_backends/_asyncio.py", line 2502, in run_sync_in_worker_thread
    return await future
           ^^^^^^^^^^^^
  File "/home/hongb/.openclaw/workspace/filebot/backend/venv/lib/python3.12/site-packages/anyio/_backends/_asyncio.py", line 986, in run
    result = context.run(func, *args)
             ^^^^^^^^^^^^^^^^^^^^^^^^
  File "/home/hongb/.openclaw/workspace/filebot/backend/app/routers/documents.py", line 249, in get_documents
    documents = query.offset(skip).limit(limit).all()
                ^^^^^^^^^^^^^^^^^^^^^^^^^^^^^^^^^^^^^
  File "/home/hongb/.openclaw/workspace/filebot/backend/venv/lib/python3.12/site-packages/sqlalchemy/orm/query.py", line 2704, in all
    return self._iter().all()  # type: ignore
           ^^^^^^^^^^^^^^^^^^
  File "/home/hongb/.openclaw/workspace/filebot/backend/venv/lib/python3.12/site-packages/sqlalchemy/engine/result.py", line 1786, in all
    return self._allrows()
           ^^^^^^^^^^^^^^^
  File "/home/hongb/.openclaw/workspace/filebot/backend/venv/lib/python3.12/site-packages/sqlalchemy/engine/result.py", line 560, in _allrows
    rows = self._fetchall_impl()
           ^^^^^^^^^^^^^^^^^^^^^
  File "/home/hongb/.openclaw/workspace/filebot/backend/venv/lib/python3.12/site-packages/sqlalchemy/engine/result.py", line 1693, in _fetchall_impl
    return self._real_result._fetchall_impl()
           ^^^^^^^^^^^^^^^^^^^^^^^^^^^^^^^^^^
  File "/home/hongb/.openclaw/workspace/filebot/backend/venv/lib/python3.12/site-packages/sqlalchemy/engine/result.py", line 2287, in _fetchall_impl
    return list(self.iterator)
           ^^^^^^^^^^^^^^^^^^^
  File "/home/hongb/.openclaw/workspace/filebot/backend/venv/lib/python3.12/site-packages/sqlalchemy/orm/loading.py", line 220, in chunks
    fetch = cursor._raw_all_rows()
            ^^^^^^^^^^^^^^^^^^^^^^
  File "/home/hongb/.openclaw/workspace/filebot/backend/venv/lib/python3.12/site-packages/sqlalchemy/engine/result.py", line 553, in _raw_all_rows
    return [make_row(row) for row in rows]
            ^^^^^^^^^^^^^
  File "lib/sqlalchemy/cyextension/resultproxy.pyx", line 22, in sqlalchemy.cyextension.resultproxy.BaseRow.__init__
  File "lib/sqlalchemy/cyextension/resultproxy.pyx", line 79, in sqlalchemy.cyextension.resultproxy._apply_processors
  File "/home/hongb/.openclaw/workspace/filebot/backend/venv/lib/python3.12/site-packages/sqlalchemy/sql/sqltypes.py", line 1829, in process
    value = self._object_value_for_elem(value)
            ^^^^^^^^^^^^^^^^^^^^^^^^^^^^^^^^^^
  File "/home/hongb/.openclaw/workspace/filebot/backend/venv/lib/python3.12/site-packages/sqlalchemy/sql/sqltypes.py", line 1711, in _object_value_for_elem
    raise LookupError(
LookupError: 'MULTIPAGE' is not among the defined enum values. Enum name: filetype. Possible values: TIFF, PDF, DOC, ..., OTHER
INFO:     127.0.0.1:40674 - "OPTIONS /api/v1/features/current-edition HTTP/1.1" 200 OK
INFO:     127.0.0.1:40674 - "OPTIONS /api/v1/features/current-edition HTTP/1.1" 200 OK
INFO:     127.0.0.1:40674 - "GET /api/v1/features/current-edition HTTP/1.1" 200 OK
INFO:     127.0.0.1:40674 - "GET /api/v1/features/current-edition HTTP/1.1" 200 OK
INFO:     127.0.0.1:40686 - "OPTIONS /api/v1/apps/ HTTP/1.1" 200 OK
INFO:     127.0.0.1:40688 - "OPTIONS /api/v1/apps/ HTTP/1.1" 200 OK
INFO:     127.0.0.1:40688 - "GET /api/v1/apps/ HTTP/1.1" 200 OK
INFO:     127.0.0.1:40688 - "GET /api/v1/apps/ HTTP/1.1" 200 OK
INFO:     127.0.0.1:40686 - "OPTIONS /api/v1/apps/11111111-1111-1111-1111-111111111111/drawers HTTP/1.1" 200 OK
INFO:     127.0.0.1:40686 - "GET /api/v1/apps/11111111-1111-1111-1111-111111111111/drawers HTTP/1.1" 200 OK
INFO:     127.0.0.1:40688 - "OPTIONS /api/v1/apps/11111111-1111-1111-1111-111111111111/drawers/22222222-2222-2222-2222-222222222222/folders HTTP/1.1" 200 OK
INFO:     127.0.0.1:40686 - "GET /api/v1/apps/11111111-1111-1111-1111-111111111111/drawers HTTP/1.1" 200 OK
INFO:     127.0.0.1:40688 - "GET /api/v1/apps/11111111-1111-1111-1111-111111111111/drawers/22222222-2222-2222-2222-222222222222/folders HTTP/1.1" 200 OK
INFO:     127.0.0.1:40688 - "GET /api/v1/apps/11111111-1111-1111-1111-111111111111/drawers/22222222-2222-2222-2222-222222222222/folders HTTP/1.1" 200 OK
INFO:     127.0.0.1:40688 - "GET /api/v1/apps/ HTTP/1.1" 200 OK
INFO:     127.0.0.1:40688 - "GET /api/v1/apps/ HTTP/1.1" 200 OK
INFO:     127.0.0.1:40686 - "GET /api/v1/apps/11111111-1111-1111-1111-111111111111/drawers HTTP/1.1" 200 OK
INFO:     127.0.0.1:40686 - "GET /api/v1/apps/11111111-1111-1111-1111-111111111111/drawers HTTP/1.1" 200 OK
INFO:     127.0.0.1:40688 - "GET /api/v1/apps/11111111-1111-1111-1111-111111111111/drawers/22222222-2222-2222-2222-222222222222/folders HTTP/1.1" 200 OK
INFO:     127.0.0.1:40688 - "GET /api/v1/apps/11111111-1111-1111-1111-111111111111/drawers/22222222-2222-2222-2222-222222222222/folders HTTP/1.1" 200 OK
INFO:     127.0.0.1:48006 - "GET /api/v1/apps/ HTTP/1.1" 200 OK
INFO:     127.0.0.1:48006 - "GET /api/v1/apps/ HTTP/1.1" 200 OK
INFO:     127.0.0.1:48006 - "GET /api/v1/apps/11111111-1111-1111-1111-111111111111/drawers HTTP/1.1" 200 OK
INFO:     127.0.0.1:48006 - "GET /api/v1/apps/11111111-1111-1111-1111-111111111111/drawers HTTP/1.1" 200 OK
INFO:     127.0.0.1:48006 - "GET /api/v1/apps/11111111-1111-1111-1111-111111111111/drawers/22222222-2222-2222-2222-222222222222/folders HTTP/1.1" 200 OK
INFO:     127.0.0.1:48006 - "GET /api/v1/apps/11111111-1111-1111-1111-111111111111/drawers/22222222-2222-2222-2222-222222222222/folders HTTP/1.1" 200 OK
INFO:     127.0.0.1:48018 - "GET /api/v1/features/check?feature=ai_document_classification HTTP/1.1" 200 OK
INFO:     127.0.0.1:48018 - "GET /api/v1/features/check?feature=ai_document_classification HTTP/1.1" 200 OK
INFO:     127.0.0.1:48034 - "GET /api/v1/features/current-edition HTTP/1.1" 200 OK
INFO:     127.0.0.1:48034 - "GET /api/v1/features/current-edition HTTP/1.1" 200 OK
INFO:     127.0.0.1:48012 - "GET /api/v1/documents/ HTTP/1.1" 500 Internal Server Error
ERROR:    Exception in ASGI application
Traceback (most recent call last):
  File "/home/hongb/.openclaw/workspace/filebot/backend/venv/lib/python3.12/site-packages/sqlalchemy/sql/sqltypes.py", line 1709, in _object_value_for_elem
    return self._object_lookup[elem]  # type: ignore[return-value]
           ~~~~~~~~~~~~~~~~~~~^^^^^^
KeyError: 'MULTIPAGE'

The above exception was the direct cause of the following exception:

Traceback (most recent call last):
  File "/home/hongb/.openclaw/workspace/filebot/backend/venv/lib/python3.12/site-packages/uvicorn/protocols/http/h11_impl.py", line 410, in run_asgi
    result = await app(  # type: ignore[func-returns-value]
             ^^^^^^^^^^^^^^^^^^^^^^^^^^^^^^^^^^^^^^^^^^^^^^
  File "/home/hongb/.openclaw/workspace/filebot/backend/venv/lib/python3.12/site-packages/uvicorn/middleware/proxy_headers.py", line 60, in __call__
    return await self.app(scope, receive, send)
           ^^^^^^^^^^^^^^^^^^^^^^^^^^^^^^^^^^^^
  File "/home/hongb/.openclaw/workspace/filebot/backend/venv/lib/python3.12/site-packages/fastapi/applications.py", line 1160, in __call__
    await super().__call__(scope, receive, send)
  File "/home/hongb/.openclaw/workspace/filebot/backend/venv/lib/python3.12/site-packages/starlette/applications.py", line 107, in __call__
    await self.middleware_stack(scope, receive, send)
  File "/home/hongb/.openclaw/workspace/filebot/backend/venv/lib/python3.12/site-packages/starlette/middleware/errors.py", line 186, in __call__
    raise exc
  File "/home/hongb/.openclaw/workspace/filebot/backend/venv/lib/python3.12/site-packages/starlette/middleware/errors.py", line 164, in __call__
    await self.app(scope, receive, _send)
  File "/home/hongb/.openclaw/workspace/filebot/backend/venv/lib/python3.12/site-packages/starlette/middleware/cors.py", line 95, in __call__
    await self.simple_response(scope, receive, send, request_headers=headers)
  File "/home/hongb/.openclaw/workspace/filebot/backend/venv/lib/python3.12/site-packages/starlette/middleware/cors.py", line 153, in simple_response
    await self.app(scope, receive, send)
  File "/home/hongb/.openclaw/workspace/filebot/backend/venv/lib/python3.12/site-packages/starlette/middleware/exceptions.py", line 63, in __call__
    await wrap_app_handling_exceptions(self.app, conn)(scope, receive, send)
  File "/home/hongb/.openclaw/workspace/filebot/backend/venv/lib/python3.12/site-packages/starlette/_exception_handler.py", line 53, in wrapped_app
    raise exc
  File "/home/hongb/.openclaw/workspace/filebot/backend/venv/lib/python3.12/site-packages/starlette/_exception_handler.py", line 42, in wrapped_app
    await app(scope, receive, sender)
  File "/home/hongb/.openclaw/workspace/filebot/backend/venv/lib/python3.12/site-packages/fastapi/middleware/asyncexitstack.py", line 18, in __call__
    await self.app(scope, receive, send)
  File "/home/hongb/.openclaw/workspace/filebot/backend/venv/lib/python3.12/site-packages/starlette/routing.py", line 716, in __call__
    await self.middleware_stack(scope, receive, send)
  File "/home/hongb/.openclaw/workspace/filebot/backend/venv/lib/python3.12/site-packages/starlette/routing.py", line 736, in app
    await route.handle(scope, receive, send)
  File "/home/hongb/.openclaw/workspace/filebot/backend/venv/lib/python3.12/site-packages/starlette/routing.py", line 290, in handle
    await self.app(scope, receive, send)
  File "/home/hongb/.openclaw/workspace/filebot/backend/venv/lib/python3.12/site-packages/fastapi/routing.py", line 130, in app
    await wrap_app_handling_exceptions(app, request)(scope, receive, send)
  File "/home/hongb/.openclaw/workspace/filebot/backend/venv/lib/python3.12/site-packages/starlette/_exception_handler.py", line 53, in wrapped_app
    raise exc
  File "/home/hongb/.openclaw/workspace/filebot/backend/venv/lib/python3.12/site-packages/starlette/_exception_handler.py", line 42, in wrapped_app
    await app(scope, receive, sender)
  File "/home/hongb/.openclaw/workspace/filebot/backend/venv/lib/python3.12/site-packages/fastapi/routing.py", line 116, in app
    response = await f(request)
               ^^^^^^^^^^^^^^^^
  File "/home/hongb/.openclaw/workspace/filebot/backend/venv/lib/python3.12/site-packages/fastapi/routing.py", line 670, in app
    raw_response = await run_endpoint_function(
                   ^^^^^^^^^^^^^^^^^^^^^^^^^^^^
  File "/home/hongb/.openclaw/workspace/filebot/backend/venv/lib/python3.12/site-packages/fastapi/routing.py", line 326, in run_endpoint_function
    return await run_in_threadpool(dependant.call, **values)
           ^^^^^^^^^^^^^^^^^^^^^^^^^^^^^^^^^^^^^^^^^^^^^^^^^
  File "/home/hongb/.openclaw/workspace/filebot/backend/venv/lib/python3.12/site-packages/starlette/concurrency.py", line 32, in run_in_threadpool
    return await anyio.to_thread.run_sync(func)
           ^^^^^^^^^^^^^^^^^^^^^^^^^^^^^^^^^^^^
  File "/home/hongb/.openclaw/workspace/filebot/backend/venv/lib/python3.12/site-packages/anyio/to_thread.py", line 63, in run_sync
    return await get_async_backend().run_sync_in_worker_thread(
           ^^^^^^^^^^^^^^^^^^^^^^^^^^^^^^^^^^^^^^^^^^^^^^^^^^^^
  File "/home/hongb/.openclaw/workspace/filebot/backend/venv/lib/python3.12/site-packages/anyio/_backends/_asyncio.py", line 2502, in run_sync_in_worker_thread
    return await future
           ^^^^^^^^^^^^
  File "/home/hongb/.openclaw/workspace/filebot/backend/venv/lib/python3.12/site-packages/anyio/_backends/_asyncio.py", line 986, in run
    result = context.run(func, *args)
             ^^^^^^^^^^^^^^^^^^^^^^^^
  File "/home/hongb/.openclaw/workspace/filebot/backend/app/routers/documents.py", line 249, in get_documents
    documents = query.offset(skip).limit(limit).all()
                ^^^^^^^^^^^^^^^^^^^^^^^^^^^^^^^^^^^^^
  File "/home/hongb/.openclaw/workspace/filebot/backend/venv/lib/python3.12/site-packages/sqlalchemy/orm/query.py", line 2704, in all
    return self._iter().all()  # type: ignore
           ^^^^^^^^^^^^^^^^^^
  File "/home/hongb/.openclaw/workspace/filebot/backend/venv/lib/python3.12/site-packages/sqlalchemy/engine/result.py", line 1786, in all
    return self._allrows()
           ^^^^^^^^^^^^^^^
  File "/home/hongb/.openclaw/workspace/filebot/backend/venv/lib/python3.12/site-packages/sqlalchemy/engine/result.py", line 560, in _allrows
    rows = self._fetchall_impl()
           ^^^^^^^^^^^^^^^^^^^^^
  File "/home/hongb/.openclaw/workspace/filebot/backend/venv/lib/python3.12/site-packages/sqlalchemy/engine/result.py", line 1693, in _fetchall_impl
    return self._real_result._fetchall_impl()
           ^^^^^^^^^^^^^^^^^^^^^^^^^^^^^^^^^^
  File "/home/hongb/.openclaw/workspace/filebot/backend/venv/lib/python3.12/site-packages/sqlalchemy/engine/result.py", line 2287, in _fetchall_impl
    return list(self.iterator)
           ^^^^^^^^^^^^^^^^^^^
  File "/home/hongb/.openclaw/workspace/filebot/backend/venv/lib/python3.12/site-packages/sqlalchemy/orm/loading.py", line 220, in chunks
    fetch = cursor._raw_all_rows()
            ^^^^^^^^^^^^^^^^^^^^^^
  File "/home/hongb/.openclaw/workspace/filebot/backend/venv/lib/python3.12/site-packages/sqlalchemy/engine/result.py", line 553, in _raw_all_rows
    return [make_row(row) for row in rows]
            ^^^^^^^^^^^^^
  File "lib/sqlalchemy/cyextension/resultproxy.pyx", line 22, in sqlalchemy.cyextension.resultproxy.BaseRow.__init__
  File "lib/sqlalchemy/cyextension/resultproxy.pyx", line 79, in sqlalchemy.cyextension.resultproxy._apply_processors
  File "/home/hongb/.openclaw/workspace/filebot/backend/venv/lib/python3.12/site-packages/sqlalchemy/sql/sqltypes.py", line 1829, in process
    value = self._object_value_for_elem(value)
            ^^^^^^^^^^^^^^^^^^^^^^^^^^^^^^^^^^
  File "/home/hongb/.openclaw/workspace/filebot/backend/venv/lib/python3.12/site-packages/sqlalchemy/sql/sqltypes.py", line 1711, in _object_value_for_elem
    raise LookupError(
LookupError: 'MULTIPAGE' is not among the defined enum values. Enum name: filetype. Possible values: TIFF, PDF, DOC, ..., OTHER
INFO:     127.0.0.1:48034 - "GET /api/v1/documents/ HTTP/1.1" 500 Internal Server Error
ERROR:    Exception in ASGI application
Traceback (most recent call last):
  File "/home/hongb/.openclaw/workspace/filebot/backend/venv/lib/python3.12/site-packages/sqlalchemy/sql/sqltypes.py", line 1709, in _object_value_for_elem
    return self._object_lookup[elem]  # type: ignore[return-value]
           ~~~~~~~~~~~~~~~~~~~^^^^^^
KeyError: 'MULTIPAGE'

The above exception was the direct cause of the following exception:

Traceback (most recent call last):
  File "/home/hongb/.openclaw/workspace/filebot/backend/venv/lib/python3.12/site-packages/uvicorn/protocols/http/h11_impl.py", line 410, in run_asgi
    result = await app(  # type: ignore[func-returns-value]
             ^^^^^^^^^^^^^^^^^^^^^^^^^^^^^^^^^^^^^^^^^^^^^^
  File "/home/hongb/.openclaw/workspace/filebot/backend/venv/lib/python3.12/site-packages/uvicorn/middleware/proxy_headers.py", line 60, in __call__
    return await self.app(scope, receive, send)
           ^^^^^^^^^^^^^^^^^^^^^^^^^^^^^^^^^^^^
  File "/home/hongb/.openclaw/workspace/filebot/backend/venv/lib/python3.12/site-packages/fastapi/applications.py", line 1160, in __call__
    await super().__call__(scope, receive, send)
  File "/home/hongb/.openclaw/workspace/filebot/backend/venv/lib/python3.12/site-packages/starlette/applications.py", line 107, in __call__
    await self.middleware_stack(scope, receive, send)
  File "/home/hongb/.openclaw/workspace/filebot/backend/venv/lib/python3.12/site-packages/starlette/middleware/errors.py", line 186, in __call__
    raise exc
  File "/home/hongb/.openclaw/workspace/filebot/backend/venv/lib/python3.12/site-packages/starlette/middleware/errors.py", line 164, in __call__
    await self.app(scope, receive, _send)
  File "/home/hongb/.openclaw/workspace/filebot/backend/venv/lib/python3.12/site-packages/starlette/middleware/cors.py", line 95, in __call__
    await self.simple_response(scope, receive, send, request_headers=headers)
  File "/home/hongb/.openclaw/workspace/filebot/backend/venv/lib/python3.12/site-packages/starlette/middleware/cors.py", line 153, in simple_response
    await self.app(scope, receive, send)
  File "/home/hongb/.openclaw/workspace/filebot/backend/venv/lib/python3.12/site-packages/starlette/middleware/exceptions.py", line 63, in __call__
    await wrap_app_handling_exceptions(self.app, conn)(scope, receive, send)
  File "/home/hongb/.openclaw/workspace/filebot/backend/venv/lib/python3.12/site-packages/starlette/_exception_handler.py", line 53, in wrapped_app
    raise exc
  File "/home/hongb/.openclaw/workspace/filebot/backend/venv/lib/python3.12/site-packages/starlette/_exception_handler.py", line 42, in wrapped_app
    await app(scope, receive, sender)
  File "/home/hongb/.openclaw/workspace/filebot/backend/venv/lib/python3.12/site-packages/fastapi/middleware/asyncexitstack.py", line 18, in __call__
    await self.app(scope, receive, send)
  File "/home/hongb/.openclaw/workspace/filebot/backend/venv/lib/python3.12/site-packages/starlette/routing.py", line 716, in __call__
    await self.middleware_stack(scope, receive, send)
  File "/home/hongb/.openclaw/workspace/filebot/backend/venv/lib/python3.12/site-packages/starlette/routing.py", line 736, in app
    await route.handle(scope, receive, send)
  File "/home/hongb/.openclaw/workspace/filebot/backend/venv/lib/python3.12/site-packages/starlette/routing.py", line 290, in handle
    await self.app(scope, receive, send)
  File "/home/hongb/.openclaw/workspace/filebot/backend/venv/lib/python3.12/site-packages/fastapi/routing.py", line 130, in app
    await wrap_app_handling_exceptions(app, request)(scope, receive, send)
  File "/home/hongb/.openclaw/workspace/filebot/backend/venv/lib/python3.12/site-packages/starlette/_exception_handler.py", line 53, in wrapped_app
    raise exc
  File "/home/hongb/.openclaw/workspace/filebot/backend/venv/lib/python3.12/site-packages/starlette/_exception_handler.py", line 42, in wrapped_app
    await app(scope, receive, sender)
  File "/home/hongb/.openclaw/workspace/filebot/backend/venv/lib/python3.12/site-packages/fastapi/routing.py", line 116, in app
    response = await f(request)
               ^^^^^^^^^^^^^^^^
  File "/home/hongb/.openclaw/workspace/filebot/backend/venv/lib/python3.12/site-packages/fastapi/routing.py", line 670, in app
    raw_response = await run_endpoint_function(
                   ^^^^^^^^^^^^^^^^^^^^^^^^^^^^
  File "/home/hongb/.openclaw/workspace/filebot/backend/venv/lib/python3.12/site-packages/fastapi/routing.py", line 326, in run_endpoint_function
    return await run_in_threadpool(dependant.call, **values)
           ^^^^^^^^^^^^^^^^^^^^^^^^^^^^^^^^^^^^^^^^^^^^^^^^^
  File "/home/hongb/.openclaw/workspace/filebot/backend/venv/lib/python3.12/site-packages/starlette/concurrency.py", line 32, in run_in_threadpool
    return await anyio.to_thread.run_sync(func)
           ^^^^^^^^^^^^^^^^^^^^^^^^^^^^^^^^^^^^
  File "/home/hongb/.openclaw/workspace/filebot/backend/venv/lib/python3.12/site-packages/anyio/to_thread.py", line 63, in run_sync
    return await get_async_backend().run_sync_in_worker_thread(
           ^^^^^^^^^^^^^^^^^^^^^^^^^^^^^^^^^^^^^^^^^^^^^^^^^^^^
  File "/home/hongb/.openclaw/workspace/filebot/backend/venv/lib/python3.12/site-packages/anyio/_backends/_asyncio.py", line 2502, in run_sync_in_worker_thread
    return await future
           ^^^^^^^^^^^^
  File "/home/hongb/.openclaw/workspace/filebot/backend/venv/lib/python3.12/site-packages/anyio/_backends/_asyncio.py", line 986, in run
    result = context.run(func, *args)
             ^^^^^^^^^^^^^^^^^^^^^^^^
  File "/home/hongb/.openclaw/workspace/filebot/backend/app/routers/documents.py", line 249, in get_documents
    documents = query.offset(skip).limit(limit).all()
                ^^^^^^^^^^^^^^^^^^^^^^^^^^^^^^^^^^^^^
  File "/home/hongb/.openclaw/workspace/filebot/backend/venv/lib/python3.12/site-packages/sqlalchemy/orm/query.py", line 2704, in all
    return self._iter().all()  # type: ignore
           ^^^^^^^^^^^^^^^^^^
  File "/home/hongb/.openclaw/workspace/filebot/backend/venv/lib/python3.12/site-packages/sqlalchemy/engine/result.py", line 1786, in all
    return self._allrows()
           ^^^^^^^^^^^^^^^
  File "/home/hongb/.openclaw/workspace/filebot/backend/venv/lib/python3.12/site-packages/sqlalchemy/engine/result.py", line 560, in _allrows
    rows = self._fetchall_impl()
           ^^^^^^^^^^^^^^^^^^^^^
  File "/home/hongb/.openclaw/workspace/filebot/backend/venv/lib/python3.12/site-packages/sqlalchemy/engine/result.py", line 1693, in _fetchall_impl
    return self._real_result._fetchall_impl()
           ^^^^^^^^^^^^^^^^^^^^^^^^^^^^^^^^^^
  File "/home/hongb/.openclaw/workspace/filebot/backend/venv/lib/python3.12/site-packages/sqlalchemy/engine/result.py", line 2287, in _fetchall_impl
    return list(self.iterator)
           ^^^^^^^^^^^^^^^^^^^
  File "/home/hongb/.openclaw/workspace/filebot/backend/venv/lib/python3.12/site-packages/sqlalchemy/orm/loading.py", line 220, in chunks
    fetch = cursor._raw_all_rows()
            ^^^^^^^^^^^^^^^^^^^^^^
  File "/home/hongb/.openclaw/workspace/filebot/backend/venv/lib/python3.12/site-packages/sqlalchemy/engine/result.py", line 553, in _raw_all_rows
    return [make_row(row) for row in rows]
            ^^^^^^^^^^^^^
  File "lib/sqlalchemy/cyextension/resultproxy.pyx", line 22, in sqlalchemy.cyextension.resultproxy.BaseRow.__init__
  File "lib/sqlalchemy/cyextension/resultproxy.pyx", line 79, in sqlalchemy.cyextension.resultproxy._apply_processors
  File "/home/hongb/.openclaw/workspace/filebot/backend/venv/lib/python3.12/site-packages/sqlalchemy/sql/sqltypes.py", line 1829, in process
    value = self._object_value_for_elem(value)
            ^^^^^^^^^^^^^^^^^^^^^^^^^^^^^^^^^^
  File "/home/hongb/.openclaw/workspace/filebot/backend/venv/lib/python3.12/site-packages/sqlalchemy/sql/sqltypes.py", line 1711, in _object_value_for_elem
    raise LookupError(
LookupError: 'MULTIPAGE' is not among the defined enum values. Enum name: filetype. Possible values: TIFF, PDF, DOC, ..., OTHER
INFO:     127.0.0.1:48018 - "GET /api/v1/documents/ HTTP/1.1" 500 Internal Server Error
ERROR:    Exception in ASGI application
Traceback (most recent call last):
  File "/home/hongb/.openclaw/workspace/filebot/backend/venv/lib/python3.12/site-packages/sqlalchemy/sql/sqltypes.py", line 1709, in _object_value_for_elem
    return self._object_lookup[elem]  # type: ignore[return-value]
           ~~~~~~~~~~~~~~~~~~~^^^^^^
KeyError: 'MULTIPAGE'

The above exception was the direct cause of the following exception:

Traceback (most recent call last):
  File "/home/hongb/.openclaw/workspace/filebot/backend/venv/lib/python3.12/site-packages/uvicorn/protocols/http/h11_impl.py", line 410, in run_asgi
    result = await app(  # type: ignore[func-returns-value]
             ^^^^^^^^^^^^^^^^^^^^^^^^^^^^^^^^^^^^^^^^^^^^^^
  File "/home/hongb/.openclaw/workspace/filebot/backend/venv/lib/python3.12/site-packages/uvicorn/middleware/proxy_headers.py", line 60, in __call__
    return await self.app(scope, receive, send)
           ^^^^^^^^^^^^^^^^^^^^^^^^^^^^^^^^^^^^
  File "/home/hongb/.openclaw/workspace/filebot/backend/venv/lib/python3.12/site-packages/fastapi/applications.py", line 1160, in __call__
    await super().__call__(scope, receive, send)
  File "/home/hongb/.openclaw/workspace/filebot/backend/venv/lib/python3.12/site-packages/starlette/applications.py", line 107, in __call__
    await self.middleware_stack(scope, receive, send)
  File "/home/hongb/.openclaw/workspace/filebot/backend/venv/lib/python3.12/site-packages/starlette/middleware/errors.py", line 186, in __call__
    raise exc
  File "/home/hongb/.openclaw/workspace/filebot/backend/venv/lib/python3.12/site-packages/starlette/middleware/errors.py", line 164, in __call__
    await self.app(scope, receive, _send)
  File "/home/hongb/.openclaw/workspace/filebot/backend/venv/lib/python3.12/site-packages/starlette/middleware/cors.py", line 95, in __call__
    await self.simple_response(scope, receive, send, request_headers=headers)
  File "/home/hongb/.openclaw/workspace/filebot/backend/venv/lib/python3.12/site-packages/starlette/middleware/cors.py", line 153, in simple_response
    await self.app(scope, receive, send)
  File "/home/hongb/.openclaw/workspace/filebot/backend/venv/lib/python3.12/site-packages/starlette/middleware/exceptions.py", line 63, in __call__
    await wrap_app_handling_exceptions(self.app, conn)(scope, receive, send)
  File "/home/hongb/.openclaw/workspace/filebot/backend/venv/lib/python3.12/site-packages/starlette/_exception_handler.py", line 53, in wrapped_app
    raise exc
  File "/home/hongb/.openclaw/workspace/filebot/backend/venv/lib/python3.12/site-packages/starlette/_exception_handler.py", line 42, in wrapped_app
    await app(scope, receive, sender)
  File "/home/hongb/.openclaw/workspace/filebot/backend/venv/lib/python3.12/site-packages/fastapi/middleware/asyncexitstack.py", line 18, in __call__
    await self.app(scope, receive, send)
  File "/home/hongb/.openclaw/workspace/filebot/backend/venv/lib/python3.12/site-packages/starlette/routing.py", line 716, in __call__
    await self.middleware_stack(scope, receive, send)
  File "/home/hongb/.openclaw/workspace/filebot/backend/venv/lib/python3.12/site-packages/starlette/routing.py", line 736, in app
    await route.handle(scope, receive, send)
  File "/home/hongb/.openclaw/workspace/filebot/backend/venv/lib/python3.12/site-packages/starlette/routing.py", line 290, in handle
    await self.app(scope, receive, send)
  File "/home/hongb/.openclaw/workspace/filebot/backend/venv/lib/python3.12/site-packages/fastapi/routing.py", line 130, in app
    await wrap_app_handling_exceptions(app, request)(scope, receive, send)
  File "/home/hongb/.openclaw/workspace/filebot/backend/venv/lib/python3.12/site-packages/starlette/_exception_handler.py", line 53, in wrapped_app
    raise exc
  File "/home/hongb/.openclaw/workspace/filebot/backend/venv/lib/python3.12/site-packages/starlette/_exception_handler.py", line 42, in wrapped_app
    await app(scope, receive, sender)
  File "/home/hongb/.openclaw/workspace/filebot/backend/venv/lib/python3.12/site-packages/fastapi/routing.py", line 116, in app
    response = await f(request)
               ^^^^^^^^^^^^^^^^
  File "/home/hongb/.openclaw/workspace/filebot/backend/venv/lib/python3.12/site-packages/fastapi/routing.py", line 670, in app
    raw_response = await run_endpoint_function(
                   ^^^^^^^^^^^^^^^^^^^^^^^^^^^^
  File "/home/hongb/.openclaw/workspace/filebot/backend/venv/lib/python3.12/site-packages/fastapi/routing.py", line 326, in run_endpoint_function
    return await run_in_threadpool(dependant.call, **values)
           ^^^^^^^^^^^^^^^^^^^^^^^^^^^^^^^^^^^^^^^^^^^^^^^^^
  File "/home/hongb/.openclaw/workspace/filebot/backend/venv/lib/python3.12/site-packages/starlette/concurrency.py", line 32, in run_in_threadpool
    return await anyio.to_thread.run_sync(func)
           ^^^^^^^^^^^^^^^^^^^^^^^^^^^^^^^^^^^^
  File "/home/hongb/.openclaw/workspace/filebot/backend/venv/lib/python3.12/site-packages/anyio/to_thread.py", line 63, in run_sync
    return await get_async_backend().run_sync_in_worker_thread(
           ^^^^^^^^^^^^^^^^^^^^^^^^^^^^^^^^^^^^^^^^^^^^^^^^^^^^
  File "/home/hongb/.openclaw/workspace/filebot/backend/venv/lib/python3.12/site-packages/anyio/_backends/_asyncio.py", line 2502, in run_sync_in_worker_thread
    return await future
           ^^^^^^^^^^^^
  File "/home/hongb/.openclaw/workspace/filebot/backend/venv/lib/python3.12/site-packages/anyio/_backends/_asyncio.py", line 986, in run
    result = context.run(func, *args)
             ^^^^^^^^^^^^^^^^^^^^^^^^
  File "/home/hongb/.openclaw/workspace/filebot/backend/app/routers/documents.py", line 249, in get_documents
    documents = query.offset(skip).limit(limit).all()
                ^^^^^^^^^^^^^^^^^^^^^^^^^^^^^^^^^^^^^
  File "/home/hongb/.openclaw/workspace/filebot/backend/venv/lib/python3.12/site-packages/sqlalchemy/orm/query.py", line 2704, in all
    return self._iter().all()  # type: ignore
           ^^^^^^^^^^^^^^^^^^
  File "/home/hongb/.openclaw/workspace/filebot/backend/venv/lib/python3.12/site-packages/sqlalchemy/engine/result.py", line 1786, in all
    return self._allrows()
           ^^^^^^^^^^^^^^^
  File "/home/hongb/.openclaw/workspace/filebot/backend/venv/lib/python3.12/site-packages/sqlalchemy/engine/result.py", line 560, in _allrows
    rows = self._fetchall_impl()
           ^^^^^^^^^^^^^^^^^^^^^
  File "/home/hongb/.openclaw/workspace/filebot/backend/venv/lib/python3.12/site-packages/sqlalchemy/engine/result.py", line 1693, in _fetchall_impl
    return self._real_result._fetchall_impl()
           ^^^^^^^^^^^^^^^^^^^^^^^^^^^^^^^^^^
  File "/home/hongb/.openclaw/workspace/filebot/backend/venv/lib/python3.12/site-packages/sqlalchemy/engine/result.py", line 2287, in _fetchall_impl
    return list(self.iterator)
           ^^^^^^^^^^^^^^^^^^^
  File "/home/hongb/.openclaw/workspace/filebot/backend/venv/lib/python3.12/site-packages/sqlalchemy/orm/loading.py", line 220, in chunks
    fetch = cursor._raw_all_rows()
            ^^^^^^^^^^^^^^^^^^^^^^
  File "/home/hongb/.openclaw/workspace/filebot/backend/venv/lib/python3.12/site-packages/sqlalchemy/engine/result.py", line 553, in _raw_all_rows
    return [make_row(row) for row in rows]
            ^^^^^^^^^^^^^
  File "lib/sqlalchemy/cyextension/resultproxy.pyx", line 22, in sqlalchemy.cyextension.resultproxy.BaseRow.__init__
  File "lib/sqlalchemy/cyextension/resultproxy.pyx", line 79, in sqlalchemy.cyextension.resultproxy._apply_processors
  File "/home/hongb/.openclaw/workspace/filebot/backend/venv/lib/python3.12/site-packages/sqlalchemy/sql/sqltypes.py", line 1829, in process
    value = self._object_value_for_elem(value)
            ^^^^^^^^^^^^^^^^^^^^^^^^^^^^^^^^^^
  File "/home/hongb/.openclaw/workspace/filebot/backend/venv/lib/python3.12/site-packages/sqlalchemy/sql/sqltypes.py", line 1711, in _object_value_for_elem
    raise LookupError(
LookupError: 'MULTIPAGE' is not among the defined enum values. Enum name: filetype. Possible values: TIFF, PDF, DOC, ..., OTHER
INFO:     127.0.0.1:59502 - "GET /api/v1/documents/ HTTP/1.1" 500 Internal Server Error
ERROR:    Exception in ASGI application
Traceback (most recent call last):
  File "/home/hongb/.openclaw/workspace/filebot/backend/venv/lib/python3.12/site-packages/sqlalchemy/sql/sqltypes.py", line 1709, in _object_value_for_elem
    return self._object_lookup[elem]  # type: ignore[return-value]
           ~~~~~~~~~~~~~~~~~~~^^^^^^
KeyError: 'MULTIPAGE'

The above exception was the direct cause of the following exception:

Traceback (most recent call last):
  File "/home/hongb/.openclaw/workspace/filebot/backend/venv/lib/python3.12/site-packages/uvicorn/protocols/http/h11_impl.py", line 410, in run_asgi
    result = await app(  # type: ignore[func-returns-value]
             ^^^^^^^^^^^^^^^^^^^^^^^^^^^^^^^^^^^^^^^^^^^^^^
  File "/home/hongb/.openclaw/workspace/filebot/backend/venv/lib/python3.12/site-packages/uvicorn/middleware/proxy_headers.py", line 60, in __call__
    return await self.app(scope, receive, send)
           ^^^^^^^^^^^^^^^^^^^^^^^^^^^^^^^^^^^^
  File "/home/hongb/.openclaw/workspace/filebot/backend/venv/lib/python3.12/site-packages/fastapi/applications.py", line 1160, in __call__
    await super().__call__(scope, receive, send)
  File "/home/hongb/.openclaw/workspace/filebot/backend/venv/lib/python3.12/site-packages/starlette/applications.py", line 107, in __call__
    await self.middleware_stack(scope, receive, send)
  File "/home/hongb/.openclaw/workspace/filebot/backend/venv/lib/python3.12/site-packages/starlette/middleware/errors.py", line 186, in __call__
    raise exc
  File "/home/hongb/.openclaw/workspace/filebot/backend/venv/lib/python3.12/site-packages/starlette/middleware/errors.py", line 164, in __call__
    await self.app(scope, receive, _send)
  File "/home/hongb/.openclaw/workspace/filebot/backend/venv/lib/python3.12/site-packages/starlette/middleware/cors.py", line 95, in __call__
    await self.simple_response(scope, receive, send, request_headers=headers)
  File "/home/hongb/.openclaw/workspace/filebot/backend/venv/lib/python3.12/site-packages/starlette/middleware/cors.py", line 153, in simple_response
    await self.app(scope, receive, send)
  File "/home/hongb/.openclaw/workspace/filebot/backend/venv/lib/python3.12/site-packages/starlette/middleware/exceptions.py", line 63, in __call__
    await wrap_app_handling_exceptions(self.app, conn)(scope, receive, send)
  File "/home/hongb/.openclaw/workspace/filebot/backend/venv/lib/python3.12/site-packages/starlette/_exception_handler.py", line 53, in wrapped_app
    raise exc
  File "/home/hongb/.openclaw/workspace/filebot/backend/venv/lib/python3.12/site-packages/starlette/_exception_handler.py", line 42, in wrapped_app
    await app(scope, receive, sender)
  File "/home/hongb/.openclaw/workspace/filebot/backend/venv/lib/python3.12/site-packages/fastapi/middleware/asyncexitstack.py", line 18, in __call__
    await self.app(scope, receive, send)
  File "/home/hongb/.openclaw/workspace/filebot/backend/venv/lib/python3.12/site-packages/starlette/routing.py", line 716, in __call__
    await self.middleware_stack(scope, receive, send)
  File "/home/hongb/.openclaw/workspace/filebot/backend/venv/lib/python3.12/site-packages/starlette/routing.py", line 736, in app
    await route.handle(scope, receive, send)
  File "/home/hongb/.openclaw/workspace/filebot/backend/venv/lib/python3.12/site-packages/starlette/routing.py", line 290, in handle
    await self.app(scope, receive, send)
  File "/home/hongb/.openclaw/workspace/filebot/backend/venv/lib/python3.12/site-packages/fastapi/routing.py", line 130, in app
    await wrap_app_handling_exceptions(app, request)(scope, receive, send)
  File "/home/hongb/.openclaw/workspace/filebot/backend/venv/lib/python3.12/site-packages/starlette/_exception_handler.py", line 53, in wrapped_app
    raise exc
  File "/home/hongb/.openclaw/workspace/filebot/backend/venv/lib/python3.12/site-packages/starlette/_exception_handler.py", line 42, in wrapped_app
    await app(scope, receive, sender)
  File "/home/hongb/.openclaw/workspace/filebot/backend/venv/lib/python3.12/site-packages/fastapi/routing.py", line 116, in app
    response = await f(request)
               ^^^^^^^^^^^^^^^^
  File "/home/hongb/.openclaw/workspace/filebot/backend/venv/lib/python3.12/site-packages/fastapi/routing.py", line 670, in app
    raw_response = await run_endpoint_function(
                   ^^^^^^^^^^^^^^^^^^^^^^^^^^^^
  File "/home/hongb/.openclaw/workspace/filebot/backend/venv/lib/python3.12/site-packages/fastapi/routing.py", line 326, in run_endpoint_function
    return await run_in_threadpool(dependant.call, **values)
           ^^^^^^^^^^^^^^^^^^^^^^^^^^^^^^^^^^^^^^^^^^^^^^^^^
  File "/home/hongb/.openclaw/workspace/filebot/backend/venv/lib/python3.12/site-packages/starlette/concurrency.py", line 32, in run_in_threadpool
    return await anyio.to_thread.run_sync(func)
           ^^^^^^^^^^^^^^^^^^^^^^^^^^^^^^^^^^^^
  File "/home/hongb/.openclaw/workspace/filebot/backend/venv/lib/python3.12/site-packages/anyio/to_thread.py", line 63, in run_sync
    return await get_async_backend().run_sync_in_worker_thread(
           ^^^^^^^^^^^^^^^^^^^^^^^^^^^^^^^^^^^^^^^^^^^^^^^^^^^^
  File "/home/hongb/.openclaw/workspace/filebot/backend/venv/lib/python3.12/site-packages/anyio/_backends/_asyncio.py", line 2502, in run_sync_in_worker_thread
    return await future
           ^^^^^^^^^^^^
  File "/home/hongb/.openclaw/workspace/filebot/backend/venv/lib/python3.12/site-packages/anyio/_backends/_asyncio.py", line 986, in run
    result = context.run(func, *args)
             ^^^^^^^^^^^^^^^^^^^^^^^^
  File "/home/hongb/.openclaw/workspace/filebot/backend/app/routers/documents.py", line 249, in get_documents
    documents = query.offset(skip).limit(limit).all()
                ^^^^^^^^^^^^^^^^^^^^^^^^^^^^^^^^^^^^^
  File "/home/hongb/.openclaw/workspace/filebot/backend/venv/lib/python3.12/site-packages/sqlalchemy/orm/query.py", line 2704, in all
    return self._iter().all()  # type: ignore
           ^^^^^^^^^^^^^^^^^^
  File "/home/hongb/.openclaw/workspace/filebot/backend/venv/lib/python3.12/site-packages/sqlalchemy/engine/result.py", line 1786, in all
    return self._allrows()
           ^^^^^^^^^^^^^^^
  File "/home/hongb/.openclaw/workspace/filebot/backend/venv/lib/python3.12/site-packages/sqlalchemy/engine/result.py", line 560, in _allrows
    rows = self._fetchall_impl()
           ^^^^^^^^^^^^^^^^^^^^^
  File "/home/hongb/.openclaw/workspace/filebot/backend/venv/lib/python3.12/site-packages/sqlalchemy/engine/result.py", line 1693, in _fetchall_impl
    return self._real_result._fetchall_impl()
           ^^^^^^^^^^^^^^^^^^^^^^^^^^^^^^^^^^
  File "/home/hongb/.openclaw/workspace/filebot/backend/venv/lib/python3.12/site-packages/sqlalchemy/engine/result.py", line 2287, in _fetchall_impl
    return list(self.iterator)
           ^^^^^^^^^^^^^^^^^^^
  File "/home/hongb/.openclaw/workspace/filebot/backend/venv/lib/python3.12/site-packages/sqlalchemy/orm/loading.py", line 220, in chunks
    fetch = cursor._raw_all_rows()
            ^^^^^^^^^^^^^^^^^^^^^^
  File "/home/hongb/.openclaw/workspace/filebot/backend/venv/lib/python3.12/site-packages/sqlalchemy/engine/result.py", line 553, in _raw_all_rows
    return [make_row(row) for row in rows]
            ^^^^^^^^^^^^^
  File "lib/sqlalchemy/cyextension/resultproxy.pyx", line 22, in sqlalchemy.cyextension.resultproxy.BaseRow.__init__
  File "lib/sqlalchemy/cyextension/resultproxy.pyx", line 79, in sqlalchemy.cyextension.resultproxy._apply_processors
  File "/home/hongb/.openclaw/workspace/filebot/backend/venv/lib/python3.12/site-packages/sqlalchemy/sql/sqltypes.py", line 1829, in process
    value = self._object_value_for_elem(value)
            ^^^^^^^^^^^^^^^^^^^^^^^^^^^^^^^^^^
  File "/home/hongb/.openclaw/workspace/filebot/backend/venv/lib/python3.12/site-packages/sqlalchemy/sql/sqltypes.py", line 1711, in _object_value_for_elem
    raise LookupError(
LookupError: 'MULTIPAGE' is not among the defined enum values. Enum name: filetype. Possible values: TIFF, PDF, DOC, ..., OTHER
INFO:     127.0.0.1:59514 - "GET /api/v1/documents/ HTTP/1.1" 500 Internal Server Error
ERROR:    Exception in ASGI application
Traceback (most recent call last):
  File "/home/hongb/.openclaw/workspace/filebot/backend/venv/lib/python3.12/site-packages/sqlalchemy/sql/sqltypes.py", line 1709, in _object_value_for_elem
    return self._object_lookup[elem]  # type: ignore[return-value]
           ~~~~~~~~~~~~~~~~~~~^^^^^^
KeyError: 'MULTIPAGE'

The above exception was the direct cause of the following exception:

Traceback (most recent call last):
  File "/home/hongb/.openclaw/workspace/filebot/backend/venv/lib/python3.12/site-packages/uvicorn/protocols/http/h11_impl.py", line 410, in run_asgi
    result = await app(  # type: ignore[func-returns-value]
             ^^^^^^^^^^^^^^^^^^^^^^^^^^^^^^^^^^^^^^^^^^^^^^
  File "/home/hongb/.openclaw/workspace/filebot/backend/venv/lib/python3.12/site-packages/uvicorn/middleware/proxy_headers.py", line 60, in __call__
    return await self.app(scope, receive, send)
           ^^^^^^^^^^^^^^^^^^^^^^^^^^^^^^^^^^^^
  File "/home/hongb/.openclaw/workspace/filebot/backend/venv/lib/python3.12/site-packages/fastapi/applications.py", line 1160, in __call__
    await super().__call__(scope, receive, send)
  File "/home/hongb/.openclaw/workspace/filebot/backend/venv/lib/python3.12/site-packages/starlette/applications.py", line 107, in __call__
    await self.middleware_stack(scope, receive, send)
  File "/home/hongb/.openclaw/workspace/filebot/backend/venv/lib/python3.12/site-packages/starlette/middleware/errors.py", line 186, in __call__
    raise exc
  File "/home/hongb/.openclaw/workspace/filebot/backend/venv/lib/python3.12/site-packages/starlette/middleware/errors.py", line 164, in __call__
    await self.app(scope, receive, _send)
  File "/home/hongb/.openclaw/workspace/filebot/backend/venv/lib/python3.12/site-packages/starlette/middleware/cors.py", line 95, in __call__
    await self.simple_response(scope, receive, send, request_headers=headers)
  File "/home/hongb/.openclaw/workspace/filebot/backend/venv/lib/python3.12/site-packages/starlette/middleware/cors.py", line 153, in simple_response
    await self.app(scope, receive, send)
  File "/home/hongb/.openclaw/workspace/filebot/backend/venv/lib/python3.12/site-packages/starlette/middleware/exceptions.py", line 63, in __call__
    await wrap_app_handling_exceptions(self.app, conn)(scope, receive, send)
  File "/home/hongb/.openclaw/workspace/filebot/backend/venv/lib/python3.12/site-packages/starlette/_exception_handler.py", line 53, in wrapped_app
    raise exc
  File "/home/hongb/.openclaw/workspace/filebot/backend/venv/lib/python3.12/site-packages/starlette/_exception_handler.py", line 42, in wrapped_app
    await app(scope, receive, sender)
  File "/home/hongb/.openclaw/workspace/filebot/backend/venv/lib/python3.12/site-packages/fastapi/middleware/asyncexitstack.py", line 18, in __call__
    await self.app(scope, receive, send)
  File "/home/hongb/.openclaw/workspace/filebot/backend/venv/lib/python3.12/site-packages/starlette/routing.py", line 716, in __call__
    await self.middleware_stack(scope, receive, send)
  File "/home/hongb/.openclaw/workspace/filebot/backend/venv/lib/python3.12/site-packages/starlette/routing.py", line 736, in app
    await route.handle(scope, receive, send)
  File "/home/hongb/.openclaw/workspace/filebot/backend/venv/lib/python3.12/site-packages/starlette/routing.py", line 290, in handle
    await self.app(scope, receive, send)
  File "/home/hongb/.openclaw/workspace/filebot/backend/venv/lib/python3.12/site-packages/fastapi/routing.py", line 130, in app
    await wrap_app_handling_exceptions(app, request)(scope, receive, send)
  File "/home/hongb/.openclaw/workspace/filebot/backend/venv/lib/python3.12/site-packages/starlette/_exception_handler.py", line 53, in wrapped_app
    raise exc
  File "/home/hongb/.openclaw/workspace/filebot/backend/venv/lib/python3.12/site-packages/starlette/_exception_handler.py", line 42, in wrapped_app
    await app(scope, receive, sender)
  File "/home/hongb/.openclaw/workspace/filebot/backend/venv/lib/python3.12/site-packages/fastapi/routing.py", line 116, in app
    response = await f(request)
               ^^^^^^^^^^^^^^^^
  File "/home/hongb/.openclaw/workspace/filebot/backend/venv/lib/python3.12/site-packages/fastapi/routing.py", line 670, in app
    raw_response = await run_endpoint_function(
                   ^^^^^^^^^^^^^^^^^^^^^^^^^^^^
  File "/home/hongb/.openclaw/workspace/filebot/backend/venv/lib/python3.12/site-packages/fastapi/routing.py", line 326, in run_endpoint_function
    return await run_in_threadpool(dependant.call, **values)
           ^^^^^^^^^^^^^^^^^^^^^^^^^^^^^^^^^^^^^^^^^^^^^^^^^
  File "/home/hongb/.openclaw/workspace/filebot/backend/venv/lib/python3.12/site-packages/starlette/concurrency.py", line 32, in run_in_threadpool
    return await anyio.to_thread.run_sync(func)
           ^^^^^^^^^^^^^^^^^^^^^^^^^^^^^^^^^^^^
  File "/home/hongb/.openclaw/workspace/filebot/backend/venv/lib/python3.12/site-packages/anyio/to_thread.py", line 63, in run_sync
    return await get_async_backend().run_sync_in_worker_thread(
           ^^^^^^^^^^^^^^^^^^^^^^^^^^^^^^^^^^^^^^^^^^^^^^^^^^^^
  File "/home/hongb/.openclaw/workspace/filebot/backend/venv/lib/python3.12/site-packages/anyio/_backends/_asyncio.py", line 2502, in run_sync_in_worker_thread
    return await future
           ^^^^^^^^^^^^
  File "/home/hongb/.openclaw/workspace/filebot/backend/venv/lib/python3.12/site-packages/anyio/_backends/_asyncio.py", line 986, in run
    result = context.run(func, *args)
             ^^^^^^^^^^^^^^^^^^^^^^^^
  File "/home/hongb/.openclaw/workspace/filebot/backend/app/routers/documents.py", line 249, in get_documents
    documents = query.offset(skip).limit(limit).all()
                ^^^^^^^^^^^^^^^^^^^^^^^^^^^^^^^^^^^^^
  File "/home/hongb/.openclaw/workspace/filebot/backend/venv/lib/python3.12/site-packages/sqlalchemy/orm/query.py", line 2704, in all
    return self._iter().all()  # type: ignore
           ^^^^^^^^^^^^^^^^^^
  File "/home/hongb/.openclaw/workspace/filebot/backend/venv/lib/python3.12/site-packages/sqlalchemy/engine/result.py", line 1786, in all
    return self._allrows()
           ^^^^^^^^^^^^^^^
  File "/home/hongb/.openclaw/workspace/filebot/backend/venv/lib/python3.12/site-packages/sqlalchemy/engine/result.py", line 560, in _allrows
    rows = self._fetchall_impl()
           ^^^^^^^^^^^^^^^^^^^^^
  File "/home/hongb/.openclaw/workspace/filebot/backend/venv/lib/python3.12/site-packages/sqlalchemy/engine/result.py", line 1693, in _fetchall_impl
    return self._real_result._fetchall_impl()
           ^^^^^^^^^^^^^^^^^^^^^^^^^^^^^^^^^^
  File "/home/hongb/.openclaw/workspace/filebot/backend/venv/lib/python3.12/site-packages/sqlalchemy/engine/result.py", line 2287, in _fetchall_impl
    return list(self.iterator)
           ^^^^^^^^^^^^^^^^^^^
  File "/home/hongb/.openclaw/workspace/filebot/backend/venv/lib/python3.12/site-packages/sqlalchemy/orm/loading.py", line 220, in chunks
    fetch = cursor._raw_all_rows()
            ^^^^^^^^^^^^^^^^^^^^^^
  File "/home/hongb/.openclaw/workspace/filebot/backend/venv/lib/python3.12/site-packages/sqlalchemy/engine/result.py", line 553, in _raw_all_rows
    return [make_row(row) for row in rows]
            ^^^^^^^^^^^^^
  File "lib/sqlalchemy/cyextension/resultproxy.pyx", line 22, in sqlalchemy.cyextension.resultproxy.BaseRow.__init__
  File "lib/sqlalchemy/cyextension/resultproxy.pyx", line 79, in sqlalchemy.cyextension.resultproxy._apply_processors
  File "/home/hongb/.openclaw/workspace/filebot/backend/venv/lib/python3.12/site-packages/sqlalchemy/sql/sqltypes.py", line 1829, in process
    value = self._object_value_for_elem(value)
            ^^^^^^^^^^^^^^^^^^^^^^^^^^^^^^^^^^
  File "/home/hongb/.openclaw/workspace/filebot/backend/venv/lib/python3.12/site-packages/sqlalchemy/sql/sqltypes.py", line 1711, in _object_value_for_elem
    raise LookupError(
LookupError: 'MULTIPAGE' is not among the defined enum values. Enum name: filetype. Possible values: TIFF, PDF, DOC, ..., OTHER
INFO:     127.0.0.1:39798 - "GET /api/v1/documents/ HTTP/1.1" 500 Internal Server Error
ERROR:    Exception in ASGI application
Traceback (most recent call last):
  File "/home/hongb/.openclaw/workspace/filebot/backend/venv/lib/python3.12/site-packages/sqlalchemy/sql/sqltypes.py", line 1709, in _object_value_for_elem
    return self._object_lookup[elem]  # type: ignore[return-value]
           ~~~~~~~~~~~~~~~~~~~^^^^^^
KeyError: 'MULTIPAGE'

The above exception was the direct cause of the following exception:

Traceback (most recent call last):
  File "/home/hongb/.openclaw/workspace/filebot/backend/venv/lib/python3.12/site-packages/uvicorn/protocols/http/h11_impl.py", line 410, in run_asgi
    result = await app(  # type: ignore[func-returns-value]
             ^^^^^^^^^^^^^^^^^^^^^^^^^^^^^^^^^^^^^^^^^^^^^^
  File "/home/hongb/.openclaw/workspace/filebot/backend/venv/lib/python3.12/site-packages/uvicorn/middleware/proxy_headers.py", line 60, in __call__
    return await self.app(scope, receive, send)
           ^^^^^^^^^^^^^^^^^^^^^^^^^^^^^^^^^^^^
  File "/home/hongb/.openclaw/workspace/filebot/backend/venv/lib/python3.12/site-packages/fastapi/applications.py", line 1160, in __call__
    await super().__call__(scope, receive, send)
  File "/home/hongb/.openclaw/workspace/filebot/backend/venv/lib/python3.12/site-packages/starlette/applications.py", line 107, in __call__
    await self.middleware_stack(scope, receive, send)
  File "/home/hongb/.openclaw/workspace/filebot/backend/venv/lib/python3.12/site-packages/starlette/middleware/errors.py", line 186, in __call__
    raise exc
  File "/home/hongb/.openclaw/workspace/filebot/backend/venv/lib/python3.12/site-packages/starlette/middleware/errors.py", line 164, in __call__
    await self.app(scope, receive, _send)
  File "/home/hongb/.openclaw/workspace/filebot/backend/venv/lib/python3.12/site-packages/starlette/middleware/cors.py", line 95, in __call__
    await self.simple_response(scope, receive, send, request_headers=headers)
  File "/home/hongb/.openclaw/workspace/filebot/backend/venv/lib/python3.12/site-packages/starlette/middleware/cors.py", line 153, in simple_response
    await self.app(scope, receive, send)
  File "/home/hongb/.openclaw/workspace/filebot/backend/venv/lib/python3.12/site-packages/starlette/middleware/exceptions.py", line 63, in __call__
    await wrap_app_handling_exceptions(self.app, conn)(scope, receive, send)
  File "/home/hongb/.openclaw/workspace/filebot/backend/venv/lib/python3.12/site-packages/starlette/_exception_handler.py", line 53, in wrapped_app
    raise exc
  File "/home/hongb/.openclaw/workspace/filebot/backend/venv/lib/python3.12/site-packages/starlette/_exception_handler.py", line 42, in wrapped_app
    await app(scope, receive, sender)
  File "/home/hongb/.openclaw/workspace/filebot/backend/venv/lib/python3.12/site-packages/fastapi/middleware/asyncexitstack.py", line 18, in __call__
    await self.app(scope, receive, send)
  File "/home/hongb/.openclaw/workspace/filebot/backend/venv/lib/python3.12/site-packages/starlette/routing.py", line 716, in __call__
    await self.middleware_stack(scope, receive, send)
  File "/home/hongb/.openclaw/workspace/filebot/backend/venv/lib/python3.12/site-packages/starlette/routing.py", line 736, in app
    await route.handle(scope, receive, send)
  File "/home/hongb/.openclaw/workspace/filebot/backend/venv/lib/python3.12/site-packages/starlette/routing.py", line 290, in handle
    await self.app(scope, receive, send)
  File "/home/hongb/.openclaw/workspace/filebot/backend/venv/lib/python3.12/site-packages/fastapi/routing.py", line 130, in app
    await wrap_app_handling_exceptions(app, request)(scope, receive, send)
  File "/home/hongb/.openclaw/workspace/filebot/backend/venv/lib/python3.12/site-packages/starlette/_exception_handler.py", line 53, in wrapped_app
    raise exc
  File "/home/hongb/.openclaw/workspace/filebot/backend/venv/lib/python3.12/site-packages/starlette/_exception_handler.py", line 42, in wrapped_app
    await app(scope, receive, sender)
  File "/home/hongb/.openclaw/workspace/filebot/backend/venv/lib/python3.12/site-packages/fastapi/routing.py", line 116, in app
    response = await f(request)
               ^^^^^^^^^^^^^^^^
  File "/home/hongb/.openclaw/workspace/filebot/backend/venv/lib/python3.12/site-packages/fastapi/routing.py", line 670, in app
    raw_response = await run_endpoint_function(
                   ^^^^^^^^^^^^^^^^^^^^^^^^^^^^
  File "/home/hongb/.openclaw/workspace/filebot/backend/venv/lib/python3.12/site-packages/fastapi/routing.py", line 326, in run_endpoint_function
    return await run_in_threadpool(dependant.call, **values)
           ^^^^^^^^^^^^^^^^^^^^^^^^^^^^^^^^^^^^^^^^^^^^^^^^^
  File "/home/hongb/.openclaw/workspace/filebot/backend/venv/lib/python3.12/site-packages/starlette/concurrency.py", line 32, in run_in_threadpool
    return await anyio.to_thread.run_sync(func)
           ^^^^^^^^^^^^^^^^^^^^^^^^^^^^^^^^^^^^
  File "/home/hongb/.openclaw/workspace/filebot/backend/venv/lib/python3.12/site-packages/anyio/to_thread.py", line 63, in run_sync
    return await get_async_backend().run_sync_in_worker_thread(
           ^^^^^^^^^^^^^^^^^^^^^^^^^^^^^^^^^^^^^^^^^^^^^^^^^^^^
  File "/home/hongb/.openclaw/workspace/filebot/backend/venv/lib/python3.12/site-packages/anyio/_backends/_asyncio.py", line 2502, in run_sync_in_worker_thread
    return await future
           ^^^^^^^^^^^^
  File "/home/hongb/.openclaw/workspace/filebot/backend/venv/lib/python3.12/site-packages/anyio/_backends/_asyncio.py", line 986, in run
    result = context.run(func, *args)
             ^^^^^^^^^^^^^^^^^^^^^^^^
  File "/home/hongb/.openclaw/workspace/filebot/backend/app/routers/documents.py", line 249, in get_documents
    documents = query.offset(skip).limit(limit).all()
                ^^^^^^^^^^^^^^^^^^^^^^^^^^^^^^^^^^^^^
  File "/home/hongb/.openclaw/workspace/filebot/backend/venv/lib/python3.12/site-packages/sqlalchemy/orm/query.py", line 2704, in all
    return self._iter().all()  # type: ignore
           ^^^^^^^^^^^^^^^^^^
  File "/home/hongb/.openclaw/workspace/filebot/backend/venv/lib/python3.12/site-packages/sqlalchemy/engine/result.py", line 1786, in all
    return self._allrows()
           ^^^^^^^^^^^^^^^
  File "/home/hongb/.openclaw/workspace/filebot/backend/venv/lib/python3.12/site-packages/sqlalchemy/engine/result.py", line 560, in _allrows
    rows = self._fetchall_impl()
           ^^^^^^^^^^^^^^^^^^^^^
  File "/home/hongb/.openclaw/workspace/filebot/backend/venv/lib/python3.12/site-packages/sqlalchemy/engine/result.py", line 1693, in _fetchall_impl
    return self._real_result._fetchall_impl()
           ^^^^^^^^^^^^^^^^^^^^^^^^^^^^^^^^^^
  File "/home/hongb/.openclaw/workspace/filebot/backend/venv/lib/python3.12/site-packages/sqlalchemy/engine/result.py", line 2287, in _fetchall_impl
    return list(self.iterator)
           ^^^^^^^^^^^^^^^^^^^
  File "/home/hongb/.openclaw/workspace/filebot/backend/venv/lib/python3.12/site-packages/sqlalchemy/orm/loading.py", line 220, in chunks
    fetch = cursor._raw_all_rows()
            ^^^^^^^^^^^^^^^^^^^^^^
  File "/home/hongb/.openclaw/workspace/filebot/backend/venv/lib/python3.12/site-packages/sqlalchemy/engine/result.py", line 553, in _raw_all_rows
    return [make_row(row) for row in rows]
            ^^^^^^^^^^^^^
  File "lib/sqlalchemy/cyextension/resultproxy.pyx", line 22, in sqlalchemy.cyextension.resultproxy.BaseRow.__init__
  File "lib/sqlalchemy/cyextension/resultproxy.pyx", line 79, in sqlalchemy.cyextension.resultproxy._apply_processors
  File "/home/hongb/.openclaw/workspace/filebot/backend/venv/lib/python3.12/site-packages/sqlalchemy/sql/sqltypes.py", line 1829, in process
    value = self._object_value_for_elem(value)
            ^^^^^^^^^^^^^^^^^^^^^^^^^^^^^^^^^^
  File "/home/hongb/.openclaw/workspace/filebot/backend/venv/lib/python3.12/site-packages/sqlalchemy/sql/sqltypes.py", line 1711, in _object_value_for_elem
    raise LookupError(
LookupError: 'MULTIPAGE' is not among the defined enum values. Enum name: filetype. Possible values: TIFF, PDF, DOC, ..., OTHER
INFO:     127.0.0.1:39822 - "GET /api/v1/features/check?feature=ai_document_classification HTTP/1.1" 200 OK
INFO:     127.0.0.1:39822 - "GET /api/v1/features/check?feature=ai_document_classification HTTP/1.1" 200 OK
INFO:     127.0.0.1:39812 - "GET /api/v1/features/current-edition HTTP/1.1" 200 OK
INFO:     127.0.0.1:39812 - "GET /api/v1/features/current-edition HTTP/1.1" 200 OK
INFO:     127.0.0.1:39832 - "GET /api/v1/apps/ HTTP/1.1" 200 OK
INFO:     127.0.0.1:39832 - "GET /api/v1/apps/ HTTP/1.1" 200 OK
INFO:     127.0.0.1:39832 - "GET /api/v1/apps/11111111-1111-1111-1111-111111111111/drawers HTTP/1.1" 200 OK
INFO:     127.0.0.1:39832 - "GET /api/v1/apps/11111111-1111-1111-1111-111111111111/drawers HTTP/1.1" 200 OK
INFO:     127.0.0.1:39832 - "GET /api/v1/apps/11111111-1111-1111-1111-111111111111/drawers/22222222-2222-2222-2222-222222222222/folders HTTP/1.1" 200 OK
INFO:     127.0.0.1:39832 - "GET /api/v1/apps/11111111-1111-1111-1111-111111111111/drawers/22222222-2222-2222-2222-222222222222/folders HTTP/1.1" 200 OK
INFO:     127.0.0.1:34854 - "GET /api/v1/documents HTTP/1.1" 307 Temporary Redirect
INFO:     127.0.0.1:43630 - "GET /api/v1/documents HTTP/1.1" 307 Temporary Redirect
INFO:     127.0.0.1:43640 - "POST /api/v1/auth/login HTTP/1.1" 200 OK
INFO:     127.0.0.1:58332 - "GET /api/v1/documents/ HTTP/1.1" 500 Internal Server Error
ERROR:    Exception in ASGI application
Traceback (most recent call last):
  File "/home/hongb/.openclaw/workspace/filebot/backend/venv/lib/python3.12/site-packages/sqlalchemy/sql/sqltypes.py", line 1709, in _object_value_for_elem
    return self._object_lookup[elem]  # type: ignore[return-value]
           ~~~~~~~~~~~~~~~~~~~^^^^^^
KeyError: 'MULTIPAGE'

The above exception was the direct cause of the following exception:

Traceback (most recent call last):
  File "/home/hongb/.openclaw/workspace/filebot/backend/venv/lib/python3.12/site-packages/uvicorn/protocols/http/h11_impl.py", line 410, in run_asgi
    result = await app(  # type: ignore[func-returns-value]
             ^^^^^^^^^^^^^^^^^^^^^^^^^^^^^^^^^^^^^^^^^^^^^^
  File "/home/hongb/.openclaw/workspace/filebot/backend/venv/lib/python3.12/site-packages/uvicorn/middleware/proxy_headers.py", line 60, in __call__
    return await self.app(scope, receive, send)
           ^^^^^^^^^^^^^^^^^^^^^^^^^^^^^^^^^^^^
  File "/home/hongb/.openclaw/workspace/filebot/backend/venv/lib/python3.12/site-packages/fastapi/applications.py", line 1160, in __call__
    await super().__call__(scope, receive, send)
  File "/home/hongb/.openclaw/workspace/filebot/backend/venv/lib/python3.12/site-packages/starlette/applications.py", line 107, in __call__
    await self.middleware_stack(scope, receive, send)
  File "/home/hongb/.openclaw/workspace/filebot/backend/venv/lib/python3.12/site-packages/starlette/middleware/errors.py", line 186, in __call__
    raise exc
  File "/home/hongb/.openclaw/workspace/filebot/backend/venv/lib/python3.12/site-packages/starlette/middleware/errors.py", line 164, in __call__
    await self.app(scope, receive, _send)
  File "/home/hongb/.openclaw/workspace/filebot/backend/venv/lib/python3.12/site-packages/starlette/middleware/cors.py", line 87, in __call__
    await self.app(scope, receive, send)
  File "/home/hongb/.openclaw/workspace/filebot/backend/venv/lib/python3.12/site-packages/starlette/middleware/exceptions.py", line 63, in __call__
    await wrap_app_handling_exceptions(self.app, conn)(scope, receive, send)
  File "/home/hongb/.openclaw/workspace/filebot/backend/venv/lib/python3.12/site-packages/starlette/_exception_handler.py", line 53, in wrapped_app
    raise exc
  File "/home/hongb/.openclaw/workspace/filebot/backend/venv/lib/python3.12/site-packages/starlette/_exception_handler.py", line 42, in wrapped_app
    await app(scope, receive, sender)
  File "/home/hongb/.openclaw/workspace/filebot/backend/venv/lib/python3.12/site-packages/fastapi/middleware/asyncexitstack.py", line 18, in __call__
    await self.app(scope, receive, send)
  File "/home/hongb/.openclaw/workspace/filebot/backend/venv/lib/python3.12/site-packages/starlette/routing.py", line 716, in __call__
    await self.middleware_stack(scope, receive, send)
  File "/home/hongb/.openclaw/workspace/filebot/backend/venv/lib/python3.12/site-packages/starlette/routing.py", line 736, in app
    await route.handle(scope, receive, send)
  File "/home/hongb/.openclaw/workspace/filebot/backend/venv/lib/python3.12/site-packages/starlette/routing.py", line 290, in handle
    await self.app(scope, receive, send)
  File "/home/hongb/.openclaw/workspace/filebot/backend/venv/lib/python3.12/site-packages/fastapi/routing.py", line 130, in app
    await wrap_app_handling_exceptions(app, request)(scope, receive, send)
  File "/home/hongb/.openclaw/workspace/filebot/backend/venv/lib/python3.12/site-packages/starlette/_exception_handler.py", line 53, in wrapped_app
    raise exc
  File "/home/hongb/.openclaw/workspace/filebot/backend/venv/lib/python3.12/site-packages/starlette/_exception_handler.py", line 42, in wrapped_app
    await app(scope, receive, sender)
  File "/home/hongb/.openclaw/workspace/filebot/backend/venv/lib/python3.12/site-packages/fastapi/routing.py", line 116, in app
    response = await f(request)
               ^^^^^^^^^^^^^^^^
  File "/home/hongb/.openclaw/workspace/filebot/backend/venv/lib/python3.12/site-packages/fastapi/routing.py", line 670, in app
    raw_response = await run_endpoint_function(
                   ^^^^^^^^^^^^^^^^^^^^^^^^^^^^
  File "/home/hongb/.openclaw/workspace/filebot/backend/venv/lib/python3.12/site-packages/fastapi/routing.py", line 326, in run_endpoint_function
    return await run_in_threadpool(dependant.call, **values)
           ^^^^^^^^^^^^^^^^^^^^^^^^^^^^^^^^^^^^^^^^^^^^^^^^^
  File "/home/hongb/.openclaw/workspace/filebot/backend/venv/lib/python3.12/site-packages/starlette/concurrency.py", line 32, in run_in_threadpool
    return await anyio.to_thread.run_sync(func)
           ^^^^^^^^^^^^^^^^^^^^^^^^^^^^^^^^^^^^
  File "/home/hongb/.openclaw/workspace/filebot/backend/venv/lib/python3.12/site-packages/anyio/to_thread.py", line 63, in run_sync
    return await get_async_backend().run_sync_in_worker_thread(
           ^^^^^^^^^^^^^^^^^^^^^^^^^^^^^^^^^^^^^^^^^^^^^^^^^^^^
  File "/home/hongb/.openclaw/workspace/filebot/backend/venv/lib/python3.12/site-packages/anyio/_backends/_asyncio.py", line 2502, in run_sync_in_worker_thread
    return await future
           ^^^^^^^^^^^^
  File "/home/hongb/.openclaw/workspace/filebot/backend/venv/lib/python3.12/site-packages/anyio/_backends/_asyncio.py", line 986, in run
    result = context.run(func, *args)
             ^^^^^^^^^^^^^^^^^^^^^^^^
  File "/home/hongb/.openclaw/workspace/filebot/backend/app/routers/documents.py", line 249, in get_documents
    documents = query.offset(skip).limit(limit).all()
                ^^^^^^^^^^^^^^^^^^^^^^^^^^^^^^^^^^^^^
  File "/home/hongb/.openclaw/workspace/filebot/backend/venv/lib/python3.12/site-packages/sqlalchemy/orm/query.py", line 2704, in all
    return self._iter().all()  # type: ignore
           ^^^^^^^^^^^^^^^^^^
  File "/home/hongb/.openclaw/workspace/filebot/backend/venv/lib/python3.12/site-packages/sqlalchemy/engine/result.py", line 1786, in all
    return self._allrows()
           ^^^^^^^^^^^^^^^
  File "/home/hongb/.openclaw/workspace/filebot/backend/venv/lib/python3.12/site-packages/sqlalchemy/engine/result.py", line 560, in _allrows
    rows = self._fetchall_impl()
           ^^^^^^^^^^^^^^^^^^^^^
  File "/home/hongb/.openclaw/workspace/filebot/backend/venv/lib/python3.12/site-packages/sqlalchemy/engine/result.py", line 1693, in _fetchall_impl
    return self._real_result._fetchall_impl()
           ^^^^^^^^^^^^^^^^^^^^^^^^^^^^^^^^^^
  File "/home/hongb/.openclaw/workspace/filebot/backend/venv/lib/python3.12/site-packages/sqlalchemy/engine/result.py", line 2287, in _fetchall_impl
    return list(self.iterator)
           ^^^^^^^^^^^^^^^^^^^
  File "/home/hongb/.openclaw/workspace/filebot/backend/venv/lib/python3.12/site-packages/sqlalchemy/orm/loading.py", line 220, in chunks
    fetch = cursor._raw_all_rows()
            ^^^^^^^^^^^^^^^^^^^^^^
  File "/home/hongb/.openclaw/workspace/filebot/backend/venv/lib/python3.12/site-packages/sqlalchemy/engine/result.py", line 553, in _raw_all_rows
    return [make_row(row) for row in rows]
            ^^^^^^^^^^^^^
  File "lib/sqlalchemy/cyextension/resultproxy.pyx", line 22, in sqlalchemy.cyextension.resultproxy.BaseRow.__init__
  File "lib/sqlalchemy/cyextension/resultproxy.pyx", line 79, in sqlalchemy.cyextension.resultproxy._apply_processors
  File "/home/hongb/.openclaw/workspace/filebot/backend/venv/lib/python3.12/site-packages/sqlalchemy/sql/sqltypes.py", line 1829, in process
    value = self._object_value_for_elem(value)
            ^^^^^^^^^^^^^^^^^^^^^^^^^^^^^^^^^^
  File "/home/hongb/.openclaw/workspace/filebot/backend/venv/lib/python3.12/site-packages/sqlalchemy/sql/sqltypes.py", line 1711, in _object_value_for_elem
    raise LookupError(
LookupError: 'MULTIPAGE' is not among the defined enum values. Enum name: filetype. Possible values: TIFF, PDF, DOC, ..., OTHER
INFO:     127.0.0.1:39844 - "GET /api/v1/apps/ HTTP/1.1" 200 OK
INFO:     127.0.0.1:39844 - "GET /api/v1/apps/ HTTP/1.1" 200 OK
INFO:     127.0.0.1:39860 - "GET /api/v1/apps/11111111-1111-1111-1111-111111111111/drawers HTTP/1.1" 200 OK
INFO:     127.0.0.1:39860 - "GET /api/v1/apps/11111111-1111-1111-1111-111111111111/drawers HTTP/1.1" 200 OK
INFO:     127.0.0.1:39844 - "GET /api/v1/apps/11111111-1111-1111-1111-111111111111/drawers/22222222-2222-2222-2222-222222222222/folders HTTP/1.1" 200 OK
INFO:     127.0.0.1:39844 - "GET /api/v1/apps/11111111-1111-1111-1111-111111111111/drawers/22222222-2222-2222-2222-222222222222/folders HTTP/1.1" 200 OK
INFO:     127.0.0.1:35574 - "OPTIONS /api/v1/apps/7aad83cc-6d47-4330-bf4a-0374a826eccf/drawers HTTP/1.1" 200 OK
INFO:     127.0.0.1:35574 - "GET /api/v1/apps/7aad83cc-6d47-4330-bf4a-0374a826eccf/drawers HTTP/1.1" 200 OK
INFO:     127.0.0.1:35574 - "OPTIONS /api/v1/apps/7aad83cc-6d47-4330-bf4a-0374a826eccf/drawers/a07dcdda-e72d-423c-9fa9-6b1377e808f1/folders HTTP/1.1" 200 OK
INFO:     127.0.0.1:35574 - "GET /api/v1/apps/7aad83cc-6d47-4330-bf4a-0374a826eccf/drawers/a07dcdda-e72d-423c-9fa9-6b1377e808f1/folders HTTP/1.1" 200 OK
INFO:     127.0.0.1:35590 - "OPTIONS /api/v1/apps/be78c8bc-6711-44d2-97e3-96000a7717ee/drawers HTTP/1.1" 200 OK
INFO:     127.0.0.1:35590 - "OPTIONS /api/v1/apps/be78c8bc-6711-44d2-97e3-96000a7717ee/drawers/a07dcdda-e72d-423c-9fa9-6b1377e808f1/folders HTTP/1.1" 200 OK
INFO:     127.0.0.1:35590 - "GET /api/v1/apps/be78c8bc-6711-44d2-97e3-96000a7717ee/drawers HTTP/1.1" 200 OK
INFO:     127.0.0.1:35590 - "GET /api/v1/apps/be78c8bc-6711-44d2-97e3-96000a7717ee/drawers/a07dcdda-e72d-423c-9fa9-6b1377e808f1/folders HTTP/1.1" 404 Not Found
INFO:     127.0.0.1:43804 - "GET /api/v1/apps/7aad83cc-6d47-4330-bf4a-0374a826eccf/drawers HTTP/1.1" 200 OK
INFO:     127.0.0.1:43804 - "GET /api/v1/apps/7aad83cc-6d47-4330-bf4a-0374a826eccf/drawers/a07dcdda-e72d-423c-9fa9-6b1377e808f1/folders HTTP/1.1" 200 OK
INFO:     127.0.0.1:43804 - "OPTIONS /api/v1/apps/cf8f45ff-65ec-4b06-9227-f944680e7be0/drawers HTTP/1.1" 200 OK
INFO:     127.0.0.1:43810 - "OPTIONS /api/v1/apps/cf8f45ff-65ec-4b06-9227-f944680e7be0/drawers/a07dcdda-e72d-423c-9fa9-6b1377e808f1/folders HTTP/1.1" 200 OK
INFO:     127.0.0.1:43810 - "GET /api/v1/apps/cf8f45ff-65ec-4b06-9227-f944680e7be0/drawers/a07dcdda-e72d-423c-9fa9-6b1377e808f1/folders HTTP/1.1" 404 Not Found
INFO:     127.0.0.1:43804 - "GET /api/v1/apps/cf8f45ff-65ec-4b06-9227-f944680e7be0/drawers HTTP/1.1" 200 OK
INFO:     127.0.0.1:43804 - "OPTIONS /api/v1/apps/cf8f45ff-65ec-4b06-9227-f944680e7be0/drawers/21bd3118-10c1-4685-8f53-7efdfd9910eb/folders HTTP/1.1" 200 OK
INFO:     127.0.0.1:43804 - "GET /api/v1/apps/cf8f45ff-65ec-4b06-9227-f944680e7be0/drawers/21bd3118-10c1-4685-8f53-7efdfd9910eb/folders HTTP/1.1" 200 OK
INFO:     127.0.0.1:43818 - "OPTIONS /api/v1/apps/7aad83cc-6d47-4330-bf4a-0374a826eccf/drawers/21bd3118-10c1-4685-8f53-7efdfd9910eb/folders HTTP/1.1" 200 OK
INFO:     127.0.0.1:43818 - "GET /api/v1/apps/7aad83cc-6d47-4330-bf4a-0374a826eccf/drawers HTTP/1.1" 200 OK
INFO:     127.0.0.1:43818 - "GET /api/v1/apps/7aad83cc-6d47-4330-bf4a-0374a826eccf/drawers/21bd3118-10c1-4685-8f53-7efdfd9910eb/folders HTTP/1.1" 404 Not Found
INFO:     127.0.0.1:43818 - "GET /api/v1/apps/7aad83cc-6d47-4330-bf4a-0374a826eccf/drawers/a07dcdda-e72d-423c-9fa9-6b1377e808f1/folders HTTP/1.1" 200 OK
INFO:     127.0.0.1:46450 - "GET /api/v1/apps/cf8f45ff-65ec-4b06-9227-f944680e7be0/drawers/a07dcdda-e72d-423c-9fa9-6b1377e808f1/folders HTTP/1.1" 404 Not Found
INFO:     127.0.0.1:46452 - "GET /api/v1/apps/cf8f45ff-65ec-4b06-9227-f944680e7be0/drawers HTTP/1.1" 200 OK
INFO:     127.0.0.1:46452 - "GET /api/v1/apps/cf8f45ff-65ec-4b06-9227-f944680e7be0/drawers/21bd3118-10c1-4685-8f53-7efdfd9910eb/folders HTTP/1.1" 200 OK
INFO:     127.0.0.1:40956 - "GET /api/v1/documents/ HTTP/1.1" 500 Internal Server Error
ERROR:    Exception in ASGI application
Traceback (most recent call last):
  File "/home/hongb/.openclaw/workspace/filebot/backend/venv/lib/python3.12/site-packages/sqlalchemy/sql/sqltypes.py", line 1709, in _object_value_for_elem
    return self._object_lookup[elem]  # type: ignore[return-value]
           ~~~~~~~~~~~~~~~~~~~^^^^^^
KeyError: 'tiff'

The above exception was the direct cause of the following exception:

Traceback (most recent call last):
  File "/home/hongb/.openclaw/workspace/filebot/backend/venv/lib/python3.12/site-packages/uvicorn/protocols/http/h11_impl.py", line 410, in run_asgi
    result = await app(  # type: ignore[func-returns-value]
             ^^^^^^^^^^^^^^^^^^^^^^^^^^^^^^^^^^^^^^^^^^^^^^
  File "/home/hongb/.openclaw/workspace/filebot/backend/venv/lib/python3.12/site-packages/uvicorn/middleware/proxy_headers.py", line 60, in __call__
    return await self.app(scope, receive, send)
           ^^^^^^^^^^^^^^^^^^^^^^^^^^^^^^^^^^^^
  File "/home/hongb/.openclaw/workspace/filebot/backend/venv/lib/python3.12/site-packages/fastapi/applications.py", line 1160, in __call__
    await super().__call__(scope, receive, send)
  File "/home/hongb/.openclaw/workspace/filebot/backend/venv/lib/python3.12/site-packages/starlette/applications.py", line 107, in __call__
    await self.middleware_stack(scope, receive, send)
  File "/home/hongb/.openclaw/workspace/filebot/backend/venv/lib/python3.12/site-packages/starlette/middleware/errors.py", line 186, in __call__
    raise exc
  File "/home/hongb/.openclaw/workspace/filebot/backend/venv/lib/python3.12/site-packages/starlette/middleware/errors.py", line 164, in __call__
    await self.app(scope, receive, _send)
  File "/home/hongb/.openclaw/workspace/filebot/backend/venv/lib/python3.12/site-packages/starlette/middleware/cors.py", line 87, in __call__
    await self.app(scope, receive, send)
  File "/home/hongb/.openclaw/workspace/filebot/backend/venv/lib/python3.12/site-packages/starlette/middleware/exceptions.py", line 63, in __call__
    await wrap_app_handling_exceptions(self.app, conn)(scope, receive, send)
  File "/home/hongb/.openclaw/workspace/filebot/backend/venv/lib/python3.12/site-packages/starlette/_exception_handler.py", line 53, in wrapped_app
    raise exc
  File "/home/hongb/.openclaw/workspace/filebot/backend/venv/lib/python3.12/site-packages/starlette/_exception_handler.py", line 42, in wrapped_app
    await app(scope, receive, sender)
  File "/home/hongb/.openclaw/workspace/filebot/backend/venv/lib/python3.12/site-packages/fastapi/middleware/asyncexitstack.py", line 18, in __call__
    await self.app(scope, receive, send)
  File "/home/hongb/.openclaw/workspace/filebot/backend/venv/lib/python3.12/site-packages/starlette/routing.py", line 716, in __call__
    await self.middleware_stack(scope, receive, send)
  File "/home/hongb/.openclaw/workspace/filebot/backend/venv/lib/python3.12/site-packages/starlette/routing.py", line 736, in app
    await route.handle(scope, receive, send)
  File "/home/hongb/.openclaw/workspace/filebot/backend/venv/lib/python3.12/site-packages/starlette/routing.py", line 290, in handle
    await self.app(scope, receive, send)
  File "/home/hongb/.openclaw/workspace/filebot/backend/venv/lib/python3.12/site-packages/fastapi/routing.py", line 130, in app
    await wrap_app_handling_exceptions(app, request)(scope, receive, send)
  File "/home/hongb/.openclaw/workspace/filebot/backend/venv/lib/python3.12/site-packages/starlette/_exception_handler.py", line 53, in wrapped_app
    raise exc
  File "/home/hongb/.openclaw/workspace/filebot/backend/venv/lib/python3.12/site-packages/starlette/_exception_handler.py", line 42, in wrapped_app
    await app(scope, receive, sender)
  File "/home/hongb/.openclaw/workspace/filebot/backend/venv/lib/python3.12/site-packages/fastapi/routing.py", line 116, in app
    response = await f(request)
               ^^^^^^^^^^^^^^^^
  File "/home/hongb/.openclaw/workspace/filebot/backend/venv/lib/python3.12/site-packages/fastapi/routing.py", line 670, in app
    raw_response = await run_endpoint_function(
                   ^^^^^^^^^^^^^^^^^^^^^^^^^^^^
  File "/home/hongb/.openclaw/workspace/filebot/backend/venv/lib/python3.12/site-packages/fastapi/routing.py", line 326, in run_endpoint_function
    return await run_in_threadpool(dependant.call, **values)
           ^^^^^^^^^^^^^^^^^^^^^^^^^^^^^^^^^^^^^^^^^^^^^^^^^
  File "/home/hongb/.openclaw/workspace/filebot/backend/venv/lib/python3.12/site-packages/starlette/concurrency.py", line 32, in run_in_threadpool
    return await anyio.to_thread.run_sync(func)
           ^^^^^^^^^^^^^^^^^^^^^^^^^^^^^^^^^^^^
  File "/home/hongb/.openclaw/workspace/filebot/backend/venv/lib/python3.12/site-packages/anyio/to_thread.py", line 63, in run_sync
    return await get_async_backend().run_sync_in_worker_thread(
           ^^^^^^^^^^^^^^^^^^^^^^^^^^^^^^^^^^^^^^^^^^^^^^^^^^^^
  File "/home/hongb/.openclaw/workspace/filebot/backend/venv/lib/python3.12/site-packages/anyio/_backends/_asyncio.py", line 2502, in run_sync_in_worker_thread
    return await future
           ^^^^^^^^^^^^
  File "/home/hongb/.openclaw/workspace/filebot/backend/venv/lib/python3.12/site-packages/anyio/_backends/_asyncio.py", line 986, in run
    result = context.run(func, *args)
             ^^^^^^^^^^^^^^^^^^^^^^^^
  File "/home/hongb/.openclaw/workspace/filebot/backend/app/routers/documents.py", line 249, in get_documents
    documents = query.offset(skip).limit(limit).all()
                ^^^^^^^^^^^^^^^^^^^^^^^^^^^^^^^^^^^^^
  File "/home/hongb/.openclaw/workspace/filebot/backend/venv/lib/python3.12/site-packages/sqlalchemy/orm/query.py", line 2704, in all
    return self._iter().all()  # type: ignore
           ^^^^^^^^^^^^^^^^^^
  File "/home/hongb/.openclaw/workspace/filebot/backend/venv/lib/python3.12/site-packages/sqlalchemy/engine/result.py", line 1786, in all
    return self._allrows()
           ^^^^^^^^^^^^^^^
  File "/home/hongb/.openclaw/workspace/filebot/backend/venv/lib/python3.12/site-packages/sqlalchemy/engine/result.py", line 560, in _allrows
    rows = self._fetchall_impl()
           ^^^^^^^^^^^^^^^^^^^^^
  File "/home/hongb/.openclaw/workspace/filebot/backend/venv/lib/python3.12/site-packages/sqlalchemy/engine/result.py", line 1693, in _fetchall_impl
    return self._real_result._fetchall_impl()
           ^^^^^^^^^^^^^^^^^^^^^^^^^^^^^^^^^^
  File "/home/hongb/.openclaw/workspace/filebot/backend/venv/lib/python3.12/site-packages/sqlalchemy/engine/result.py", line 2287, in _fetchall_impl
    return list(self.iterator)
           ^^^^^^^^^^^^^^^^^^^
  File "/home/hongb/.openclaw/workspace/filebot/backend/venv/lib/python3.12/site-packages/sqlalchemy/orm/loading.py", line 220, in chunks
    fetch = cursor._raw_all_rows()
            ^^^^^^^^^^^^^^^^^^^^^^
  File "/home/hongb/.openclaw/workspace/filebot/backend/venv/lib/python3.12/site-packages/sqlalchemy/engine/result.py", line 553, in _raw_all_rows
    return [make_row(row) for row in rows]
            ^^^^^^^^^^^^^
  File "lib/sqlalchemy/cyextension/resultproxy.pyx", line 22, in sqlalchemy.cyextension.resultproxy.BaseRow.__init__
  File "lib/sqlalchemy/cyextension/resultproxy.pyx", line 79, in sqlalchemy.cyextension.resultproxy._apply_processors
  File "/home/hongb/.openclaw/workspace/filebot/backend/venv/lib/python3.12/site-packages/sqlalchemy/sql/sqltypes.py", line 1829, in process
    value = self._object_value_for_elem(value)
            ^^^^^^^^^^^^^^^^^^^^^^^^^^^^^^^^^^
  File "/home/hongb/.openclaw/workspace/filebot/backend/venv/lib/python3.12/site-packages/sqlalchemy/sql/sqltypes.py", line 1711, in _object_value_for_elem
    raise LookupError(
LookupError: 'tiff' is not among the defined enum values. Enum name: filetype. Possible values: TIFF, PDF, DOC, ..., OTHER
INFO:     127.0.0.1:42968 - "POST /api/v1/auth/login HTTP/1.1" 200 OK
INFO:     127.0.0.1:46478 - "GET /api/v1/apps/7aad83cc-6d47-4330-bf4a-0374a826eccf/drawers HTTP/1.1" 200 OK
INFO:     127.0.0.1:46478 - "GET /api/v1/apps/7aad83cc-6d47-4330-bf4a-0374a826eccf/drawers/a07dcdda-e72d-423c-9fa9-6b1377e808f1/folders HTTP/1.1" 200 OK
INFO:     127.0.0.1:46478 - "OPTIONS /api/v1/apps/7aad83cc-6d47-4330-bf4a-0374a826eccf/drawers/80455873-2327-45a5-bc0f-5d8eff805176/folders HTTP/1.1" 200 OK
INFO:     127.0.0.1:46478 - "GET /api/v1/apps/7aad83cc-6d47-4330-bf4a-0374a826eccf/drawers/80455873-2327-45a5-bc0f-5d8eff805176/folders HTTP/1.1" 200 OK
INFO:     127.0.0.1:42368 - "GET /api/v1/documents/ HTTP/1.1" 500 Internal Server Error
ERROR:    Exception in ASGI application
Traceback (most recent call last):
  File "/home/hongb/.openclaw/workspace/filebot/backend/venv/lib/python3.12/site-packages/uvicorn/protocols/http/h11_impl.py", line 410, in run_asgi
    result = await app(  # type: ignore[func-returns-value]
             ^^^^^^^^^^^^^^^^^^^^^^^^^^^^^^^^^^^^^^^^^^^^^^
  File "/home/hongb/.openclaw/workspace/filebot/backend/venv/lib/python3.12/site-packages/uvicorn/middleware/proxy_headers.py", line 60, in __call__
    return await self.app(scope, receive, send)
           ^^^^^^^^^^^^^^^^^^^^^^^^^^^^^^^^^^^^
  File "/home/hongb/.openclaw/workspace/filebot/backend/venv/lib/python3.12/site-packages/fastapi/applications.py", line 1160, in __call__
    await super().__call__(scope, receive, send)
  File "/home/hongb/.openclaw/workspace/filebot/backend/venv/lib/python3.12/site-packages/starlette/applications.py", line 107, in __call__
    await self.middleware_stack(scope, receive, send)
  File "/home/hongb/.openclaw/workspace/filebot/backend/venv/lib/python3.12/site-packages/starlette/middleware/errors.py", line 186, in __call__
    raise exc
  File "/home/hongb/.openclaw/workspace/filebot/backend/venv/lib/python3.12/site-packages/starlette/middleware/errors.py", line 164, in __call__
    await self.app(scope, receive, _send)
  File "/home/hongb/.openclaw/workspace/filebot/backend/venv/lib/python3.12/site-packages/starlette/middleware/cors.py", line 87, in __call__
    await self.app(scope, receive, send)
  File "/home/hongb/.openclaw/workspace/filebot/backend/venv/lib/python3.12/site-packages/starlette/middleware/exceptions.py", line 63, in __call__
    await wrap_app_handling_exceptions(self.app, conn)(scope, receive, send)
  File "/home/hongb/.openclaw/workspace/filebot/backend/venv/lib/python3.12/site-packages/starlette/_exception_handler.py", line 53, in wrapped_app
    raise exc
  File "/home/hongb/.openclaw/workspace/filebot/backend/venv/lib/python3.12/site-packages/starlette/_exception_handler.py", line 42, in wrapped_app
    await app(scope, receive, sender)
  File "/home/hongb/.openclaw/workspace/filebot/backend/venv/lib/python3.12/site-packages/fastapi/middleware/asyncexitstack.py", line 18, in __call__
    await self.app(scope, receive, send)
  File "/home/hongb/.openclaw/workspace/filebot/backend/venv/lib/python3.12/site-packages/starlette/routing.py", line 716, in __call__
    await self.middleware_stack(scope, receive, send)
  File "/home/hongb/.openclaw/workspace/filebot/backend/venv/lib/python3.12/site-packages/starlette/routing.py", line 736, in app
    await route.handle(scope, receive, send)
  File "/home/hongb/.openclaw/workspace/filebot/backend/venv/lib/python3.12/site-packages/starlette/routing.py", line 290, in handle
    await self.app(scope, receive, send)
  File "/home/hongb/.openclaw/workspace/filebot/backend/venv/lib/python3.12/site-packages/fastapi/routing.py", line 130, in app
    await wrap_app_handling_exceptions(app, request)(scope, receive, send)
  File "/home/hongb/.openclaw/workspace/filebot/backend/venv/lib/python3.12/site-packages/starlette/_exception_handler.py", line 53, in wrapped_app
    raise exc
  File "/home/hongb/.openclaw/workspace/filebot/backend/venv/lib/python3.12/site-packages/starlette/_exception_handler.py", line 42, in wrapped_app
    await app(scope, receive, sender)
  File "/home/hongb/.openclaw/workspace/filebot/backend/venv/lib/python3.12/site-packages/fastapi/routing.py", line 116, in app
    response = await f(request)
               ^^^^^^^^^^^^^^^^
  File "/home/hongb/.openclaw/workspace/filebot/backend/venv/lib/python3.12/site-packages/fastapi/routing.py", line 691, in app
    content = await serialize_response(
              ^^^^^^^^^^^^^^^^^^^^^^^^^
  File "/home/hongb/.openclaw/workspace/filebot/backend/venv/lib/python3.12/site-packages/fastapi/routing.py", line 296, in serialize_response
    raise ResponseValidationError(
fastapi.exceptions.ResponseValidationError: 10 validation errors:
  {'type': 'uuid_parsing', 'loc': ('response', 0, 'uploaded_by'), 'msg': 'Input should be a valid UUID, invalid character: expected an optional prefix of `urn:uuid:` followed by [0-9a-fA-F-], found `s` at 1', 'input': 'system', 'ctx': {'error': 'invalid character: expected an optional prefix of `urn:uuid:` followed by [0-9a-fA-F-], found `s` at 1'}}
  {'type': 'uuid_parsing', 'loc': ('response', 1, 'uploaded_by'), 'msg': 'Input should be a valid UUID, invalid character: expected an optional prefix of `urn:uuid:` followed by [0-9a-fA-F-], found `s` at 1', 'input': 'system', 'ctx': {'error': 'invalid character: expected an optional prefix of `urn:uuid:` followed by [0-9a-fA-F-], found `s` at 1'}}
  {'type': 'uuid_parsing', 'loc': ('response', 2, 'uploaded_by'), 'msg': 'Input should be a valid UUID, invalid character: expected an optional prefix of `urn:uuid:` followed by [0-9a-fA-F-], found `s` at 1', 'input': 'system', 'ctx': {'error': 'invalid character: expected an optional prefix of `urn:uuid:` followed by [0-9a-fA-F-], found `s` at 1'}}
  {'type': 'uuid_parsing', 'loc': ('response', 3, 'uploaded_by'), 'msg': 'Input should be a valid UUID, invalid character: expected an optional prefix of `urn:uuid:` followed by [0-9a-fA-F-], found `s` at 1', 'input': 'system', 'ctx': {'error': 'invalid character: expected an optional prefix of `urn:uuid:` followed by [0-9a-fA-F-], found `s` at 1'}}
  {'type': 'uuid_parsing', 'loc': ('response', 4, 'uploaded_by'), 'msg': 'Input should be a valid UUID, invalid character: expected an optional prefix of `urn:uuid:` followed by [0-9a-fA-F-], found `s` at 1', 'input': 'system', 'ctx': {'error': 'invalid character: expected an optional prefix of `urn:uuid:` followed by [0-9a-fA-F-], found `s` at 1'}}
  {'type': 'uuid_parsing', 'loc': ('response', 5, 'uploaded_by'), 'msg': 'Input should be a valid UUID, invalid character: expected an optional prefix of `urn:uuid:` followed by [0-9a-fA-F-], found `s` at 1', 'input': 'system', 'ctx': {'error': 'invalid character: expected an optional prefix of `urn:uuid:` followed by [0-9a-fA-F-], found `s` at 1'}}
  {'type': 'uuid_parsing', 'loc': ('response', 6, 'uploaded_by'), 'msg': 'Input should be a valid UUID, invalid character: expected an optional prefix of `urn:uuid:` followed by [0-9a-fA-F-], found `s` at 1', 'input': 'system', 'ctx': {'error': 'invalid character: expected an optional prefix of `urn:uuid:` followed by [0-9a-fA-F-], found `s` at 1'}}
  {'type': 'uuid_parsing', 'loc': ('response', 7, 'uploaded_by'), 'msg': 'Input should be a valid UUID, invalid character: expected an optional prefix of `urn:uuid:` followed by [0-9a-fA-F-], found `s` at 1', 'input': 'system', 'ctx': {'error': 'invalid character: expected an optional prefix of `urn:uuid:` followed by [0-9a-fA-F-], found `s` at 1'}}
  {'type': 'uuid_parsing', 'loc': ('response', 8, 'uploaded_by'), 'msg': 'Input should be a valid UUID, invalid character: expected an optional prefix of `urn:uuid:` followed by [0-9a-fA-F-], found `s` at 1', 'input': 'system', 'ctx': {'error': 'invalid character: expected an optional prefix of `urn:uuid:` followed by [0-9a-fA-F-], found `s` at 1'}}
  {'type': 'uuid_parsing', 'loc': ('response', 9, 'uploaded_by'), 'msg': 'Input should be a valid UUID, invalid character: expected an optional prefix of `urn:uuid:` followed by [0-9a-fA-F-], found `s` at 1', 'input': 'system', 'ctx': {'error': 'invalid character: expected an optional prefix of `urn:uuid:` followed by [0-9a-fA-F-], found `s` at 1'}}

  File "/home/hongb/.openclaw/workspace/filebot/backend/app/routers/documents.py", line 189, in get_documents
    GET /api/v1/documents/
INFO:     127.0.0.1:42384 - "GET /api/v1/apps/7aad83cc-6d47-4330-bf4a-0374a826eccf/drawers/a07dcdda-e72d-423c-9fa9-6b1377e808f1/folders HTTP/1.1" 200 OK
INFO:     127.0.0.1:42384 - "GET /api/v1/apps/7aad83cc-6d47-4330-bf4a-0374a826eccf/drawers/80455873-2327-45a5-bc0f-5d8eff805176/folders HTTP/1.1" 200 OK
INFO:     127.0.0.1:42384 - "GET /api/v1/apps/7aad83cc-6d47-4330-bf4a-0374a826eccf/drawers/a07dcdda-e72d-423c-9fa9-6b1377e808f1/folders HTTP/1.1" 200 OK
INFO:     127.0.0.1:42388 - "GET /api/v1/documents/ HTTP/1.1" 500 Internal Server Error
ERROR:    Exception in ASGI application
Traceback (most recent call last):
  File "/home/hongb/.openclaw/workspace/filebot/backend/venv/lib/python3.12/site-packages/uvicorn/protocols/http/h11_impl.py", line 410, in run_asgi
    result = await app(  # type: ignore[func-returns-value]
             ^^^^^^^^^^^^^^^^^^^^^^^^^^^^^^^^^^^^^^^^^^^^^^
  File "/home/hongb/.openclaw/workspace/filebot/backend/venv/lib/python3.12/site-packages/uvicorn/middleware/proxy_headers.py", line 60, in __call__
    return await self.app(scope, receive, send)
           ^^^^^^^^^^^^^^^^^^^^^^^^^^^^^^^^^^^^
  File "/home/hongb/.openclaw/workspace/filebot/backend/venv/lib/python3.12/site-packages/fastapi/applications.py", line 1160, in __call__
    await super().__call__(scope, receive, send)
  File "/home/hongb/.openclaw/workspace/filebot/backend/venv/lib/python3.12/site-packages/starlette/applications.py", line 107, in __call__
    await self.middleware_stack(scope, receive, send)
  File "/home/hongb/.openclaw/workspace/filebot/backend/venv/lib/python3.12/site-packages/starlette/middleware/errors.py", line 186, in __call__
    raise exc
  File "/home/hongb/.openclaw/workspace/filebot/backend/venv/lib/python3.12/site-packages/starlette/middleware/errors.py", line 164, in __call__
    await self.app(scope, receive, _send)
  File "/home/hongb/.openclaw/workspace/filebot/backend/venv/lib/python3.12/site-packages/starlette/middleware/cors.py", line 95, in __call__
    await self.simple_response(scope, receive, send, request_headers=headers)
  File "/home/hongb/.openclaw/workspace/filebot/backend/venv/lib/python3.12/site-packages/starlette/middleware/cors.py", line 153, in simple_response
    await self.app(scope, receive, send)
  File "/home/hongb/.openclaw/workspace/filebot/backend/venv/lib/python3.12/site-packages/starlette/middleware/exceptions.py", line 63, in __call__
    await wrap_app_handling_exceptions(self.app, conn)(scope, receive, send)
  File "/home/hongb/.openclaw/workspace/filebot/backend/venv/lib/python3.12/site-packages/starlette/_exception_handler.py", line 53, in wrapped_app
    raise exc
  File "/home/hongb/.openclaw/workspace/filebot/backend/venv/lib/python3.12/site-packages/starlette/_exception_handler.py", line 42, in wrapped_app
    await app(scope, receive, sender)
  File "/home/hongb/.openclaw/workspace/filebot/backend/venv/lib/python3.12/site-packages/fastapi/middleware/asyncexitstack.py", line 18, in __call__
    await self.app(scope, receive, send)
  File "/home/hongb/.openclaw/workspace/filebot/backend/venv/lib/python3.12/site-packages/starlette/routing.py", line 716, in __call__
    await self.middleware_stack(scope, receive, send)
  File "/home/hongb/.openclaw/workspace/filebot/backend/venv/lib/python3.12/site-packages/starlette/routing.py", line 736, in app
    await route.handle(scope, receive, send)
  File "/home/hongb/.openclaw/workspace/filebot/backend/venv/lib/python3.12/site-packages/starlette/routing.py", line 290, in handle
    await self.app(scope, receive, send)
  File "/home/hongb/.openclaw/workspace/filebot/backend/venv/lib/python3.12/site-packages/fastapi/routing.py", line 130, in app
    await wrap_app_handling_exceptions(app, request)(scope, receive, send)
  File "/home/hongb/.openclaw/workspace/filebot/backend/venv/lib/python3.12/site-packages/starlette/_exception_handler.py", line 53, in wrapped_app
    raise exc
  File "/home/hongb/.openclaw/workspace/filebot/backend/venv/lib/python3.12/site-packages/starlette/_exception_handler.py", line 42, in wrapped_app
    await app(scope, receive, sender)
  File "/home/hongb/.openclaw/workspace/filebot/backend/venv/lib/python3.12/site-packages/fastapi/routing.py", line 116, in app
    response = await f(request)
               ^^^^^^^^^^^^^^^^
  File "/home/hongb/.openclaw/workspace/filebot/backend/venv/lib/python3.12/site-packages/fastapi/routing.py", line 691, in app
    content = await serialize_response(
              ^^^^^^^^^^^^^^^^^^^^^^^^^
  File "/home/hongb/.openclaw/workspace/filebot/backend/venv/lib/python3.12/site-packages/fastapi/routing.py", line 296, in serialize_response
    raise ResponseValidationError(
fastapi.exceptions.ResponseValidationError: 10 validation errors:
  {'type': 'uuid_parsing', 'loc': ('response', 0, 'uploaded_by'), 'msg': 'Input should be a valid UUID, invalid character: expected an optional prefix of `urn:uuid:` followed by [0-9a-fA-F-], found `s` at 1', 'input': 'system', 'ctx': {'error': 'invalid character: expected an optional prefix of `urn:uuid:` followed by [0-9a-fA-F-], found `s` at 1'}}
  {'type': 'uuid_parsing', 'loc': ('response', 1, 'uploaded_by'), 'msg': 'Input should be a valid UUID, invalid character: expected an optional prefix of `urn:uuid:` followed by [0-9a-fA-F-], found `s` at 1', 'input': 'system', 'ctx': {'error': 'invalid character: expected an optional prefix of `urn:uuid:` followed by [0-9a-fA-F-], found `s` at 1'}}
  {'type': 'uuid_parsing', 'loc': ('response', 2, 'uploaded_by'), 'msg': 'Input should be a valid UUID, invalid character: expected an optional prefix of `urn:uuid:` followed by [0-9a-fA-F-], found `s` at 1', 'input': 'system', 'ctx': {'error': 'invalid character: expected an optional prefix of `urn:uuid:` followed by [0-9a-fA-F-], found `s` at 1'}}
  {'type': 'uuid_parsing', 'loc': ('response', 3, 'uploaded_by'), 'msg': 'Input should be a valid UUID, invalid character: expected an optional prefix of `urn:uuid:` followed by [0-9a-fA-F-], found `s` at 1', 'input': 'system', 'ctx': {'error': 'invalid character: expected an optional prefix of `urn:uuid:` followed by [0-9a-fA-F-], found `s` at 1'}}
  {'type': 'uuid_parsing', 'loc': ('response', 4, 'uploaded_by'), 'msg': 'Input should be a valid UUID, invalid character: expected an optional prefix of `urn:uuid:` followed by [0-9a-fA-F-], found `s` at 1', 'input': 'system', 'ctx': {'error': 'invalid character: expected an optional prefix of `urn:uuid:` followed by [0-9a-fA-F-], found `s` at 1'}}
  {'type': 'uuid_parsing', 'loc': ('response', 5, 'uploaded_by'), 'msg': 'Input should be a valid UUID, invalid character: expected an optional prefix of `urn:uuid:` followed by [0-9a-fA-F-], found `s` at 1', 'input': 'system', 'ctx': {'error': 'invalid character: expected an optional prefix of `urn:uuid:` followed by [0-9a-fA-F-], found `s` at 1'}}
  {'type': 'uuid_parsing', 'loc': ('response', 6, 'uploaded_by'), 'msg': 'Input should be a valid UUID, invalid character: expected an optional prefix of `urn:uuid:` followed by [0-9a-fA-F-], found `s` at 1', 'input': 'system', 'ctx': {'error': 'invalid character: expected an optional prefix of `urn:uuid:` followed by [0-9a-fA-F-], found `s` at 1'}}
  {'type': 'uuid_parsing', 'loc': ('response', 7, 'uploaded_by'), 'msg': 'Input should be a valid UUID, invalid character: expected an optional prefix of `urn:uuid:` followed by [0-9a-fA-F-], found `s` at 1', 'input': 'system', 'ctx': {'error': 'invalid character: expected an optional prefix of `urn:uuid:` followed by [0-9a-fA-F-], found `s` at 1'}}
  {'type': 'uuid_parsing', 'loc': ('response', 8, 'uploaded_by'), 'msg': 'Input should be a valid UUID, invalid character: expected an optional prefix of `urn:uuid:` followed by [0-9a-fA-F-], found `s` at 1', 'input': 'system', 'ctx': {'error': 'invalid character: expected an optional prefix of `urn:uuid:` followed by [0-9a-fA-F-], found `s` at 1'}}
  {'type': 'uuid_parsing', 'loc': ('response', 9, 'uploaded_by'), 'msg': 'Input should be a valid UUID, invalid character: expected an optional prefix of `urn:uuid:` followed by [0-9a-fA-F-], found `s` at 1', 'input': 'system', 'ctx': {'error': 'invalid character: expected an optional prefix of `urn:uuid:` followed by [0-9a-fA-F-], found `s` at 1'}}

  File "/home/hongb/.openclaw/workspace/filebot/backend/app/routers/documents.py", line 189, in get_documents
    GET /api/v1/documents/
INFO:     127.0.0.1:44202 - "GET /api/v1/documents/ HTTP/1.1" 500 Internal Server Error
ERROR:    Exception in ASGI application
Traceback (most recent call last):
  File "/home/hongb/.openclaw/workspace/filebot/backend/venv/lib/python3.12/site-packages/uvicorn/protocols/http/h11_impl.py", line 410, in run_asgi
    result = await app(  # type: ignore[func-returns-value]
             ^^^^^^^^^^^^^^^^^^^^^^^^^^^^^^^^^^^^^^^^^^^^^^
  File "/home/hongb/.openclaw/workspace/filebot/backend/venv/lib/python3.12/site-packages/uvicorn/middleware/proxy_headers.py", line 60, in __call__
    return await self.app(scope, receive, send)
           ^^^^^^^^^^^^^^^^^^^^^^^^^^^^^^^^^^^^
  File "/home/hongb/.openclaw/workspace/filebot/backend/venv/lib/python3.12/site-packages/fastapi/applications.py", line 1160, in __call__
    await super().__call__(scope, receive, send)
  File "/home/hongb/.openclaw/workspace/filebot/backend/venv/lib/python3.12/site-packages/starlette/applications.py", line 107, in __call__
    await self.middleware_stack(scope, receive, send)
  File "/home/hongb/.openclaw/workspace/filebot/backend/venv/lib/python3.12/site-packages/starlette/middleware/errors.py", line 186, in __call__
    raise exc
  File "/home/hongb/.openclaw/workspace/filebot/backend/venv/lib/python3.12/site-packages/starlette/middleware/errors.py", line 164, in __call__
    await self.app(scope, receive, _send)
  File "/home/hongb/.openclaw/workspace/filebot/backend/venv/lib/python3.12/site-packages/starlette/middleware/cors.py", line 95, in __call__
    await self.simple_response(scope, receive, send, request_headers=headers)
  File "/home/hongb/.openclaw/workspace/filebot/backend/venv/lib/python3.12/site-packages/starlette/middleware/cors.py", line 153, in simple_response
    await self.app(scope, receive, send)
  File "/home/hongb/.openclaw/workspace/filebot/backend/venv/lib/python3.12/site-packages/starlette/middleware/exceptions.py", line 63, in __call__
    await wrap_app_handling_exceptions(self.app, conn)(scope, receive, send)
  File "/home/hongb/.openclaw/workspace/filebot/backend/venv/lib/python3.12/site-packages/starlette/_exception_handler.py", line 53, in wrapped_app
    raise exc
  File "/home/hongb/.openclaw/workspace/filebot/backend/venv/lib/python3.12/site-packages/starlette/_exception_handler.py", line 42, in wrapped_app
    await app(scope, receive, sender)
  File "/home/hongb/.openclaw/workspace/filebot/backend/venv/lib/python3.12/site-packages/fastapi/middleware/asyncexitstack.py", line 18, in __call__
    await self.app(scope, receive, send)
  File "/home/hongb/.openclaw/workspace/filebot/backend/venv/lib/python3.12/site-packages/starlette/routing.py", line 716, in __call__
    await self.middleware_stack(scope, receive, send)
  File "/home/hongb/.openclaw/workspace/filebot/backend/venv/lib/python3.12/site-packages/starlette/routing.py", line 736, in app
    await route.handle(scope, receive, send)
  File "/home/hongb/.openclaw/workspace/filebot/backend/venv/lib/python3.12/site-packages/starlette/routing.py", line 290, in handle
    await self.app(scope, receive, send)
  File "/home/hongb/.openclaw/workspace/filebot/backend/venv/lib/python3.12/site-packages/fastapi/routing.py", line 130, in app
    await wrap_app_handling_exceptions(app, request)(scope, receive, send)
  File "/home/hongb/.openclaw/workspace/filebot/backend/venv/lib/python3.12/site-packages/starlette/_exception_handler.py", line 53, in wrapped_app
    raise exc
  File "/home/hongb/.openclaw/workspace/filebot/backend/venv/lib/python3.12/site-packages/starlette/_exception_handler.py", line 42, in wrapped_app
    await app(scope, receive, sender)
  File "/home/hongb/.openclaw/workspace/filebot/backend/venv/lib/python3.12/site-packages/fastapi/routing.py", line 116, in app
    response = await f(request)
               ^^^^^^^^^^^^^^^^
  File "/home/hongb/.openclaw/workspace/filebot/backend/venv/lib/python3.12/site-packages/fastapi/routing.py", line 691, in app
    content = await serialize_response(
              ^^^^^^^^^^^^^^^^^^^^^^^^^
  File "/home/hongb/.openclaw/workspace/filebot/backend/venv/lib/python3.12/site-packages/fastapi/routing.py", line 296, in serialize_response
    raise ResponseValidationError(
fastapi.exceptions.ResponseValidationError: 10 validation errors:
  {'type': 'uuid_parsing', 'loc': ('response', 0, 'uploaded_by'), 'msg': 'Input should be a valid UUID, invalid character: expected an optional prefix of `urn:uuid:` followed by [0-9a-fA-F-], found `s` at 1', 'input': 'system', 'ctx': {'error': 'invalid character: expected an optional prefix of `urn:uuid:` followed by [0-9a-fA-F-], found `s` at 1'}}
  {'type': 'uuid_parsing', 'loc': ('response', 1, 'uploaded_by'), 'msg': 'Input should be a valid UUID, invalid character: expected an optional prefix of `urn:uuid:` followed by [0-9a-fA-F-], found `s` at 1', 'input': 'system', 'ctx': {'error': 'invalid character: expected an optional prefix of `urn:uuid:` followed by [0-9a-fA-F-], found `s` at 1'}}
  {'type': 'uuid_parsing', 'loc': ('response', 2, 'uploaded_by'), 'msg': 'Input should be a valid UUID, invalid character: expected an optional prefix of `urn:uuid:` followed by [0-9a-fA-F-], found `s` at 1', 'input': 'system', 'ctx': {'error': 'invalid character: expected an optional prefix of `urn:uuid:` followed by [0-9a-fA-F-], found `s` at 1'}}
  {'type': 'uuid_parsing', 'loc': ('response', 3, 'uploaded_by'), 'msg': 'Input should be a valid UUID, invalid character: expected an optional prefix of `urn:uuid:` followed by [0-9a-fA-F-], found `s` at 1', 'input': 'system', 'ctx': {'error': 'invalid character: expected an optional prefix of `urn:uuid:` followed by [0-9a-fA-F-], found `s` at 1'}}
  {'type': 'uuid_parsing', 'loc': ('response', 4, 'uploaded_by'), 'msg': 'Input should be a valid UUID, invalid character: expected an optional prefix of `urn:uuid:` followed by [0-9a-fA-F-], found `s` at 1', 'input': 'system', 'ctx': {'error': 'invalid character: expected an optional prefix of `urn:uuid:` followed by [0-9a-fA-F-], found `s` at 1'}}
  {'type': 'uuid_parsing', 'loc': ('response', 5, 'uploaded_by'), 'msg': 'Input should be a valid UUID, invalid character: expected an optional prefix of `urn:uuid:` followed by [0-9a-fA-F-], found `s` at 1', 'input': 'system', 'ctx': {'error': 'invalid character: expected an optional prefix of `urn:uuid:` followed by [0-9a-fA-F-], found `s` at 1'}}
  {'type': 'uuid_parsing', 'loc': ('response', 6, 'uploaded_by'), 'msg': 'Input should be a valid UUID, invalid character: expected an optional prefix of `urn:uuid:` followed by [0-9a-fA-F-], found `s` at 1', 'input': 'system', 'ctx': {'error': 'invalid character: expected an optional prefix of `urn:uuid:` followed by [0-9a-fA-F-], found `s` at 1'}}
  {'type': 'uuid_parsing', 'loc': ('response', 7, 'uploaded_by'), 'msg': 'Input should be a valid UUID, invalid character: expected an optional prefix of `urn:uuid:` followed by [0-9a-fA-F-], found `s` at 1', 'input': 'system', 'ctx': {'error': 'invalid character: expected an optional prefix of `urn:uuid:` followed by [0-9a-fA-F-], found `s` at 1'}}
  {'type': 'uuid_parsing', 'loc': ('response', 8, 'uploaded_by'), 'msg': 'Input should be a valid UUID, invalid character: expected an optional prefix of `urn:uuid:` followed by [0-9a-fA-F-], found `s` at 1', 'input': 'system', 'ctx': {'error': 'invalid character: expected an optional prefix of `urn:uuid:` followed by [0-9a-fA-F-], found `s` at 1'}}
  {'type': 'uuid_parsing', 'loc': ('response', 9, 'uploaded_by'), 'msg': 'Input should be a valid UUID, invalid character: expected an optional prefix of `urn:uuid:` followed by [0-9a-fA-F-], found `s` at 1', 'input': 'system', 'ctx': {'error': 'invalid character: expected an optional prefix of `urn:uuid:` followed by [0-9a-fA-F-], found `s` at 1'}}

  File "/home/hongb/.openclaw/workspace/filebot/backend/app/routers/documents.py", line 189, in get_documents
    GET /api/v1/documents/
INFO:     127.0.0.1:44222 - "GET /api/v1/features/check?feature=ai_document_classification HTTP/1.1" 200 OK
INFO:     127.0.0.1:44222 - "GET /api/v1/features/check?feature=ai_document_classification HTTP/1.1" 200 OK
INFO:     127.0.0.1:44206 - "GET /api/v1/features/current-edition HTTP/1.1" 200 OK
INFO:     127.0.0.1:44206 - "GET /api/v1/features/current-edition HTTP/1.1" 200 OK
INFO:     127.0.0.1:43578 - "POST /api/v1/auth/login HTTP/1.1" 200 OK
INFO:     127.0.0.1:43590 - "GET /api/v1/documents/ HTTP/1.1" 200 OK
INFO:     127.0.0.1:43590 - "GET /api/v1/documents/ HTTP/1.1" 200 OK
INFO:     127.0.0.1:43590 - "GET /api/v1/apps/ HTTP/1.1" 200 OK
INFO:     127.0.0.1:43590 - "GET /api/v1/apps/ HTTP/1.1" 200 OK
INFO:     127.0.0.1:43590 - "GET /api/v1/apps/11111111-1111-1111-1111-111111111111/drawers HTTP/1.1" 200 OK
INFO:     127.0.0.1:43590 - "GET /api/v1/apps/11111111-1111-1111-1111-111111111111/drawers HTTP/1.1" 200 OK
INFO:     127.0.0.1:43590 - "GET /api/v1/apps/11111111-1111-1111-1111-111111111111/drawers/22222222-2222-2222-2222-222222222222/folders HTTP/1.1" 200 OK
INFO:     127.0.0.1:43590 - "GET /api/v1/apps/11111111-1111-1111-1111-111111111111/drawers/22222222-2222-2222-2222-222222222222/folders HTTP/1.1" 200 OK
INFO:     127.0.0.1:43590 - "OPTIONS /api/health HTTP/1.1" 200 OK
INFO:     127.0.0.1:43590 - "OPTIONS /api/health HTTP/1.1" 200 OK
INFO:     127.0.0.1:43590 - "GET /api/health HTTP/1.1" 200 OK
INFO:     127.0.0.1:43590 - "GET /api/health HTTP/1.1" 200 OK
2026-03-21 19:35:32,776 - app.core.security - ERROR - JWT解码错误: Signature verification failed.
INFO:     127.0.0.1:51528 - "GET /api/v1/documents/ HTTP/1.1" 401 Unauthorized
INFO:     127.0.0.1:51538 - "POST /api/v1/auth/login HTTP/1.1" 200 OK
2026-03-21 19:35:44,694 - app.core.security - ERROR - JWT解码错误: Signature verification failed.
INFO:     127.0.0.1:54956 - "GET /api/v1/documents/ HTTP/1.1" 401 Unauthorized
INFO:     127.0.0.1:43970 - "POST /api/v1/auth/login HTTP/1.1" 200 OK
INFO:     127.0.0.1:43974 - "GET /api/v1/documents/ HTTP/1.1" 200 OK
INFO:     127.0.0.1:43596 - "GET /api/v1/documents/ HTTP/1.1" 200 OK
INFO:     127.0.0.1:43596 - "GET /api/v1/apps/ HTTP/1.1" 200 OK
INFO:     127.0.0.1:43600 - "GET /api/v1/documents/ HTTP/1.1" 200 OK
INFO:     127.0.0.1:43600 - "GET /api/v1/apps/11111111-1111-1111-1111-111111111111/drawers HTTP/1.1" 200 OK
INFO:     127.0.0.1:43596 - "GET /api/v1/apps/ HTTP/1.1" 200 OK
INFO:     127.0.0.1:43596 - "GET /api/v1/apps/11111111-1111-1111-1111-111111111111/drawers/22222222-2222-2222-2222-222222222222/folders HTTP/1.1" 200 OK
INFO:     127.0.0.1:43600 - "GET /api/v1/apps/11111111-1111-1111-1111-111111111111/drawers HTTP/1.1" 200 OK
INFO:     127.0.0.1:43596 - "GET /api/health HTTP/1.1" 200 OK
INFO:     127.0.0.1:43600 - "GET /api/v1/apps/11111111-1111-1111-1111-111111111111/drawers/22222222-2222-2222-2222-222222222222/folders HTTP/1.1" 200 OK
INFO:     127.0.0.1:43600 - "GET /api/health HTTP/1.1" 200 OK
INFO:     127.0.0.1:43606 - "GET /api/v1/apps/ HTTP/1.1" 200 OK
INFO:     127.0.0.1:43606 - "GET /api/v1/apps/ HTTP/1.1" 200 OK
INFO:     127.0.0.1:43606 - "GET /api/v1/apps/11111111-1111-1111-1111-111111111111/drawers HTTP/1.1" 200 OK
INFO:     127.0.0.1:43606 - "GET /api/v1/apps/11111111-1111-1111-1111-111111111111/drawers HTTP/1.1" 200 OK
INFO:     127.0.0.1:43622 - "GET /api/v1/apps/11111111-1111-1111-1111-111111111111/drawers/22222222-2222-2222-2222-222222222222/folders HTTP/1.1" 200 OK
INFO:     127.0.0.1:43622 - "GET /api/v1/apps/11111111-1111-1111-1111-111111111111/drawers/22222222-2222-2222-2222-222222222222/folders HTTP/1.1" 200 OK
INFO:     127.0.0.1:43628 - "OPTIONS /api/v1/apps/7aad83cc-6d47-4330-bf4a-0374a826eccf/drawers/22222222-2222-2222-2222-222222222222/folders HTTP/1.1" 200 OK
INFO:     127.0.0.1:43628 - "GET /api/v1/apps/7aad83cc-6d47-4330-bf4a-0374a826eccf/drawers HTTP/1.1" 200 OK
INFO:     127.0.0.1:43628 - "GET /api/v1/apps/7aad83cc-6d47-4330-bf4a-0374a826eccf/drawers/22222222-2222-2222-2222-222222222222/folders HTTP/1.1" 404 Not Found
INFO:     127.0.0.1:43628 - "GET /api/v1/apps/7aad83cc-6d47-4330-bf4a-0374a826eccf/drawers/a07dcdda-e72d-423c-9fa9-6b1377e808f1/folders HTTP/1.1" 200 OK
INFO:     127.0.0.1:52166 - "POST /api/v1/auth/login HTTP/1.1" 200 OK
INFO:     127.0.0.1:52180 - "GET /api/v1/search?q=Sample HTTP/1.1" 404 Not Found
INFO:     127.0.0.1:52186 - "GET /api/stats HTTP/1.1" 404 Not Found
INFO:     127.0.0.1:52190 - "GET /api/dashboard HTTP/1.1" 404 Not Found
INFO:     127.0.0.1:52150 - "GET /api/v1/apps/cf8f45ff-65ec-4b06-9227-f944680e7be0/drawers/a07dcdda-e72d-423c-9fa9-6b1377e808f1/folders HTTP/1.1" 404 Not Found
INFO:     127.0.0.1:52148 - "GET /api/v1/apps/cf8f45ff-65ec-4b06-9227-f944680e7be0/drawers HTTP/1.1" 200 OK
INFO:     127.0.0.1:52148 - "GET /api/v1/apps/cf8f45ff-65ec-4b06-9227-f944680e7be0/drawers/21bd3118-10c1-4685-8f53-7efdfd9910eb/folders HTTP/1.1" 200 OK
INFO:     127.0.0.1:52148 - "OPTIONS /api/v1/apps/cf8f45ff-65ec-4b06-9227-f944680e7be0/drawers/82181f69-d84f-4182-9d14-aaf75d500e0b/folders HTTP/1.1" 200 OK
INFO:     127.0.0.1:52148 - "GET /api/v1/apps/cf8f45ff-65ec-4b06-9227-f944680e7be0/drawers/82181f69-d84f-4182-9d14-aaf75d500e0b/folders HTTP/1.1" 200 OK
INFO:     127.0.0.1:52158 - "GET /api/v1/apps/cf8f45ff-65ec-4b06-9227-f944680e7be0/drawers/21bd3118-10c1-4685-8f53-7efdfd9910eb/folders HTTP/1.1" 200 OK
INFO:     127.0.0.1:57530 - "GET /api/v1/apps/7aad83cc-6d47-4330-bf4a-0374a826eccf/drawers/21bd3118-10c1-4685-8f53-7efdfd9910eb/folders HTTP/1.1" 404 Not Found
INFO:     127.0.0.1:57518 - "GET /api/v1/apps/7aad83cc-6d47-4330-bf4a-0374a826eccf/drawers HTTP/1.1" 200 OK
INFO:     127.0.0.1:57518 - "GET /api/v1/apps/7aad83cc-6d47-4330-bf4a-0374a826eccf/drawers/a07dcdda-e72d-423c-9fa9-6b1377e808f1/folders HTTP/1.1" 200 OK
INFO:     127.0.0.1:57540 - "GET /api/v1/apps/7aad83cc-6d47-4330-bf4a-0374a826eccf/drawers/80455873-2327-45a5-bc0f-5d8eff805176/folders HTTP/1.1" 200 OK
INFO:     127.0.0.1:33836 - "GET /api/v1/apps/ HTTP/1.1" 200 OK
INFO:     127.0.0.1:33836 - "GET /api/v1/apps/ HTTP/1.1" 200 OK
INFO:     127.0.0.1:33836 - "GET /api/v1/apps/11111111-1111-1111-1111-111111111111/drawers HTTP/1.1" 200 OK
INFO:     127.0.0.1:33836 - "GET /api/v1/apps/11111111-1111-1111-1111-111111111111/drawers HTTP/1.1" 200 OK
INFO:     127.0.0.1:33836 - "GET /api/v1/apps/11111111-1111-1111-1111-111111111111/drawers/22222222-2222-2222-2222-222222222222/folders HTTP/1.1" 200 OK
INFO:     127.0.0.1:33836 - "GET /api/v1/apps/11111111-1111-1111-1111-111111111111/drawers/22222222-2222-2222-2222-222222222222/folders HTTP/1.1" 200 OK
INFO:     127.0.0.1:33850 - "GET /api/v1/apps/7aad83cc-6d47-4330-bf4a-0374a826eccf/drawers/22222222-2222-2222-2222-222222222222/folders HTTP/1.1" 404 Not Found
INFO:     127.0.0.1:33844 - "GET /api/v1/apps/7aad83cc-6d47-4330-bf4a-0374a826eccf/drawers HTTP/1.1" 200 OK
INFO:     127.0.0.1:33844 - "GET /api/v1/apps/7aad83cc-6d47-4330-bf4a-0374a826eccf/drawers/a07dcdda-e72d-423c-9fa9-6b1377e808f1/folders HTTP/1.1" 200 OK
INFO:     127.0.0.1:33568 - "POST /api/v1/auth/login HTTP/1.1" 200 OK
INFO:     127.0.0.1:33570 - "GET /api/v1/apps/ HTTP/1.1" 200 OK
INFO:     127.0.0.1:33582 - "GET /api/health HTTP/1.1" 200 OK
INFO:     127.0.0.1:48954 - "GET /api/v1/documents/ HTTP/1.1" 200 OK
INFO:     127.0.0.1:48954 - "GET /api/v1/documents/ HTTP/1.1" 200 OK
INFO:     127.0.0.1:48954 - "GET /api/v1/apps/ HTTP/1.1" 200 OK
INFO:     127.0.0.1:48954 - "GET /api/v1/apps/ HTTP/1.1" 200 OK
INFO:     127.0.0.1:48954 - "GET /api/v1/apps/11111111-1111-1111-1111-111111111111/drawers HTTP/1.1" 200 OK
INFO:     127.0.0.1:48954 - "GET /api/v1/apps/11111111-1111-1111-1111-111111111111/drawers HTTP/1.1" 200 OK
INFO:     127.0.0.1:48954 - "GET /api/v1/apps/11111111-1111-1111-1111-111111111111/drawers/22222222-2222-2222-2222-222222222222/folders HTTP/1.1" 200 OK
INFO:     127.0.0.1:48954 - "GET /api/v1/apps/11111111-1111-1111-1111-111111111111/drawers/22222222-2222-2222-2222-222222222222/folders HTTP/1.1" 200 OK
INFO:     127.0.0.1:48954 - "GET /api/health HTTP/1.1" 200 OK
INFO:     127.0.0.1:48954 - "GET /api/health HTTP/1.1" 200 OK
INFO:     127.0.0.1:33134 - "OPTIONS /api/v1/documents/ HTTP/1.1" 200 OK
INFO:     127.0.0.1:33118 - "OPTIONS /api/v1/documents/ HTTP/1.1" 200 OK
INFO:     127.0.0.1:33118 - "GET /api/v1/documents/ HTTP/1.1" 200 OK
INFO:     127.0.0.1:33134 - "OPTIONS /api/v1/apps/ HTTP/1.1" 200 OK
INFO:     127.0.0.1:33118 - "GET /api/v1/documents/ HTTP/1.1" 200 OK
INFO:     127.0.0.1:33134 - "GET /api/v1/apps/ HTTP/1.1" 200 OK
INFO:     127.0.0.1:33118 - "OPTIONS /api/v1/apps/11111111-1111-1111-1111-111111111111/drawers HTTP/1.1" 200 OK
INFO:     127.0.0.1:33134 - "GET /api/v1/apps/ HTTP/1.1" 200 OK
INFO:     127.0.0.1:33118 - "GET /api/v1/apps/11111111-1111-1111-1111-111111111111/drawers HTTP/1.1" 200 OK
INFO:     127.0.0.1:33134 - "OPTIONS /api/v1/apps/11111111-1111-1111-1111-111111111111/drawers/22222222-2222-2222-2222-222222222222/folders HTTP/1.1" 200 OK
INFO:     127.0.0.1:33118 - "GET /api/v1/apps/11111111-1111-1111-1111-111111111111/drawers HTTP/1.1" 200 OK
INFO:     127.0.0.1:33134 - "GET /api/v1/apps/11111111-1111-1111-1111-111111111111/drawers/22222222-2222-2222-2222-222222222222/folders HTTP/1.1" 200 OK
INFO:     127.0.0.1:33118 - "GET /api/health HTTP/1.1" 200 OK
INFO:     127.0.0.1:33134 - "GET /api/v1/apps/11111111-1111-1111-1111-111111111111/drawers/22222222-2222-2222-2222-222222222222/folders HTTP/1.1" 200 OK
INFO:     127.0.0.1:33134 - "GET /api/health HTTP/1.1" 200 OK
INFO:     127.0.0.1:33148 - "GET /api/v1/documents/ HTTP/1.1" 200 OK
INFO:     127.0.0.1:33148 - "GET /api/v1/documents/ HTTP/1.1" 200 OK
INFO:     127.0.0.1:33148 - "GET /api/v1/apps/ HTTP/1.1" 200 OK
INFO:     127.0.0.1:33148 - "GET /api/v1/apps/ HTTP/1.1" 200 OK
INFO:     127.0.0.1:33148 - "GET /api/v1/apps/11111111-1111-1111-1111-111111111111/drawers HTTP/1.1" 200 OK
INFO:     127.0.0.1:33148 - "GET /api/v1/apps/11111111-1111-1111-1111-111111111111/drawers HTTP/1.1" 200 OK
INFO:     127.0.0.1:33148 - "GET /api/v1/apps/11111111-1111-1111-1111-111111111111/drawers/22222222-2222-2222-2222-222222222222/folders HTTP/1.1" 200 OK
INFO:     127.0.0.1:33148 - "GET /api/v1/apps/11111111-1111-1111-1111-111111111111/drawers/22222222-2222-2222-2222-222222222222/folders HTTP/1.1" 200 OK
INFO:     127.0.0.1:33148 - "GET /api/health HTTP/1.1" 200 OK
INFO:     127.0.0.1:33148 - "GET /api/health HTTP/1.1" 200 OK
INFO:     127.0.0.1:38094 - "GET /api/v1/apps/ HTTP/1.1" 200 OK
INFO:     127.0.0.1:38094 - "GET /api/v1/apps/ HTTP/1.1" 200 OK
INFO:     127.0.0.1:38080 - "GET /api/v1/apps/11111111-1111-1111-1111-111111111111/drawers HTTP/1.1" 200 OK
INFO:     127.0.0.1:38080 - "GET /api/v1/apps/11111111-1111-1111-1111-111111111111/drawers HTTP/1.1" 200 OK
INFO:     127.0.0.1:38094 - "GET /api/v1/apps/11111111-1111-1111-1111-111111111111/drawers/22222222-2222-2222-2222-222222222222/folders HTTP/1.1" 200 OK
INFO:     127.0.0.1:38094 - "GET /api/v1/apps/11111111-1111-1111-1111-111111111111/drawers/22222222-2222-2222-2222-222222222222/folders HTTP/1.1" 200 OK
INFO:     127.0.0.1:38100 - "GET /api/v1/apps/ HTTP/1.1" 200 OK
INFO:     127.0.0.1:38100 - "GET /api/v1/apps/ HTTP/1.1" 200 OK
INFO:     127.0.0.1:38100 - "GET /api/v1/apps/11111111-1111-1111-1111-111111111111/drawers HTTP/1.1" 200 OK
INFO:     127.0.0.1:38100 - "GET /api/v1/apps/11111111-1111-1111-1111-111111111111/drawers HTTP/1.1" 200 OK
INFO:     127.0.0.1:38104 - "GET /api/v1/apps/11111111-1111-1111-1111-111111111111/drawers/22222222-2222-2222-2222-222222222222/folders HTTP/1.1" 200 OK
INFO:     127.0.0.1:38104 - "GET /api/v1/apps/11111111-1111-1111-1111-111111111111/drawers/22222222-2222-2222-2222-222222222222/folders HTTP/1.1" 200 OK
INFO:     127.0.0.1:60042 - "GET /api/v1/documents/ HTTP/1.1" 200 OK
INFO:     127.0.0.1:60042 - "GET /api/v1/documents/ HTTP/1.1" 200 OK
INFO:     127.0.0.1:60042 - "GET /api/v1/apps/ HTTP/1.1" 200 OK
INFO:     127.0.0.1:60042 - "GET /api/v1/apps/ HTTP/1.1" 200 OK
INFO:     127.0.0.1:60042 - "GET /api/v1/apps/11111111-1111-1111-1111-111111111111/drawers HTTP/1.1" 200 OK
INFO:     127.0.0.1:60042 - "GET /api/v1/apps/11111111-1111-1111-1111-111111111111/drawers HTTP/1.1" 200 OK
INFO:     127.0.0.1:60042 - "GET /api/v1/apps/11111111-1111-1111-1111-111111111111/drawers/22222222-2222-2222-2222-222222222222/folders HTTP/1.1" 200 OK
INFO:     127.0.0.1:60042 - "GET /api/v1/apps/11111111-1111-1111-1111-111111111111/drawers/22222222-2222-2222-2222-222222222222/folders HTTP/1.1" 200 OK
INFO:     127.0.0.1:60042 - "GET /api/health HTTP/1.1" 200 OK
INFO:     127.0.0.1:60042 - "GET /api/health HTTP/1.1" 200 OK
INFO:     127.0.0.1:60044 - "GET /api/v1/documents/ HTTP/1.1" 200 OK
INFO:     127.0.0.1:60056 - "GET /api/v1/apps/ HTTP/1.1" 200 OK
INFO:     127.0.0.1:60044 - "GET /api/v1/documents/ HTTP/1.1" 200 OK
INFO:     127.0.0.1:60044 - "GET /api/v1/apps/11111111-1111-1111-1111-111111111111/drawers HTTP/1.1" 200 OK
INFO:     127.0.0.1:60056 - "GET /api/v1/apps/ HTTP/1.1" 200 OK
INFO:     127.0.0.1:60056 - "GET /api/v1/apps/11111111-1111-1111-1111-111111111111/drawers/22222222-2222-2222-2222-222222222222/folders HTTP/1.1" 200 OK
INFO:     127.0.0.1:60044 - "GET /api/v1/apps/11111111-1111-1111-1111-111111111111/drawers HTTP/1.1" 200 OK
INFO:     127.0.0.1:60044 - "GET /api/health HTTP/1.1" 200 OK
INFO:     127.0.0.1:60056 - "GET /api/v1/apps/11111111-1111-1111-1111-111111111111/drawers/22222222-2222-2222-2222-222222222222/folders HTTP/1.1" 200 OK
INFO:     127.0.0.1:60056 - "GET /api/health HTTP/1.1" 200 OK
INFO:     127.0.0.1:57968 - "POST /api/v1/auth/login HTTP/1.1" 200 OK
INFO:     127.0.0.1:57984 - "GET /api/v1/apps/ HTTP/1.1" 401 Unauthorized
INFO:     127.0.0.1:57986 - "GET /api/v1/apps/ HTTP/1.1" 200 OK
INFO:     127.0.0.1:58000 - "GET /api/v1/apps/ HTTP/1.1" 200 OK
INFO:     127.0.0.1:50074 - "OPTIONS /api/v1/documents/ HTTP/1.1" 200 OK
INFO:     127.0.0.1:50082 - "OPTIONS /api/v1/features/check?feature=ai_document_classification HTTP/1.1" 200 OK
INFO:     127.0.0.1:50090 - "OPTIONS /api/v1/documents/ HTTP/1.1" 200 OK
INFO:     127.0.0.1:50102 - "OPTIONS /api/v1/features/check?feature=ai_document_classification HTTP/1.1" 200 OK
INFO:     127.0.0.1:50102 - "GET /api/v1/features/check?feature=ai_document_classification HTTP/1.1" 200 OK
INFO:     127.0.0.1:50102 - "GET /api/v1/features/check?feature=ai_document_classification HTTP/1.1" 200 OK
INFO:     127.0.0.1:50082 - "OPTIONS /api/v1/features/current-edition HTTP/1.1" 200 OK
INFO:     127.0.0.1:50090 - "GET /api/v1/documents/ HTTP/1.1" 200 OK
INFO:     127.0.0.1:50082 - "GET /api/v1/features/current-edition HTTP/1.1" 200 OK
INFO:     127.0.0.1:50082 - "GET /api/v1/features/current-edition HTTP/1.1" 200 OK
INFO:     127.0.0.1:50102 - "GET /api/v1/documents/ HTTP/1.1" 200 OK
INFO:     127.0.0.1:50112 - "GET /api/v1/documents/ HTTP/1.1" 200 OK
INFO:     127.0.0.1:50112 - "GET /api/v1/documents/ HTTP/1.1" 200 OK
INFO:     127.0.0.1:50112 - "OPTIONS /api/v1/apps/ HTTP/1.1" 200 OK
INFO:     127.0.0.1:50112 - "OPTIONS /api/v1/apps/ HTTP/1.1" 200 OK
INFO:     127.0.0.1:50112 - "GET /api/v1/apps/ HTTP/1.1" 200 OK
INFO:     127.0.0.1:50112 - "GET /api/v1/apps/ HTTP/1.1" 200 OK
INFO:     127.0.0.1:50112 - "OPTIONS /api/v1/apps/11111111-1111-1111-1111-111111111111/drawers HTTP/1.1" 200 OK
INFO:     127.0.0.1:50112 - "OPTIONS /api/v1/apps/11111111-1111-1111-1111-111111111111/drawers HTTP/1.1" 200 OK
INFO:     127.0.0.1:50112 - "GET /api/v1/apps/11111111-1111-1111-1111-111111111111/drawers HTTP/1.1" 200 OK
INFO:     127.0.0.1:50112 - "GET /api/v1/apps/11111111-1111-1111-1111-111111111111/drawers HTTP/1.1" 200 OK
INFO:     127.0.0.1:50112 - "OPTIONS /api/v1/apps/11111111-1111-1111-1111-111111111111/drawers/22222222-2222-2222-2222-222222222222/folders HTTP/1.1" 200 OK
INFO:     127.0.0.1:50112 - "OPTIONS /api/v1/apps/11111111-1111-1111-1111-111111111111/drawers/22222222-2222-2222-2222-222222222222/folders HTTP/1.1" 200 OK
INFO:     127.0.0.1:50112 - "GET /api/v1/apps/11111111-1111-1111-1111-111111111111/drawers/22222222-2222-2222-2222-222222222222/folders HTTP/1.1" 200 OK
INFO:     127.0.0.1:50112 - "GET /api/v1/apps/11111111-1111-1111-1111-111111111111/drawers/22222222-2222-2222-2222-222222222222/folders HTTP/1.1" 200 OK
INFO:     127.0.0.1:50112 - "OPTIONS /api/health HTTP/1.1" 200 OK
INFO:     127.0.0.1:50112 - "GET /api/health HTTP/1.1" 200 OK
INFO:     127.0.0.1:50112 - "GET /api/health HTTP/1.1" 200 OK
INFO:     127.0.0.1:50112 - "GET /api/v1/apps/ HTTP/1.1" 200 OK
INFO:     127.0.0.1:50112 - "GET /api/v1/apps/ HTTP/1.1" 200 OK
INFO:     127.0.0.1:34022 - "GET /api/v1/apps/11111111-1111-1111-1111-111111111111/drawers HTTP/1.1" 200 OK
INFO:     127.0.0.1:34022 - "GET /api/v1/apps/11111111-1111-1111-1111-111111111111/drawers HTTP/1.1" 200 OK
INFO:     127.0.0.1:50112 - "GET /api/v1/apps/11111111-1111-1111-1111-111111111111/drawers/22222222-2222-2222-2222-222222222222/folders HTTP/1.1" 200 OK
INFO:     127.0.0.1:50112 - "GET /api/v1/apps/11111111-1111-1111-1111-111111111111/drawers/22222222-2222-2222-2222-222222222222/folders HTTP/1.1" 200 OK
INFO:     127.0.0.1:50112 - "OPTIONS /api/v1/apps/7aad83cc-6d47-4330-bf4a-0374a826eccf/drawers HTTP/1.1" 200 OK
INFO:     127.0.0.1:34022 - "OPTIONS /api/v1/apps/7aad83cc-6d47-4330-bf4a-0374a826eccf/drawers/22222222-2222-2222-2222-222222222222/folders HTTP/1.1" 200 OK
INFO:     127.0.0.1:50112 - "GET /api/v1/apps/7aad83cc-6d47-4330-bf4a-0374a826eccf/drawers/22222222-2222-2222-2222-222222222222/folders HTTP/1.1" 404 Not Found
INFO:     127.0.0.1:34022 - "GET /api/v1/apps/7aad83cc-6d47-4330-bf4a-0374a826eccf/drawers HTTP/1.1" 200 OK
INFO:     127.0.0.1:34022 - "OPTIONS /api/v1/apps/7aad83cc-6d47-4330-bf4a-0374a826eccf/drawers/a07dcdda-e72d-423c-9fa9-6b1377e808f1/folders HTTP/1.1" 200 OK
INFO:     127.0.0.1:34022 - "GET /api/v1/apps/7aad83cc-6d47-4330-bf4a-0374a826eccf/drawers/a07dcdda-e72d-423c-9fa9-6b1377e808f1/folders HTTP/1.1" 200 OK
INFO:     127.0.0.1:49662 - "GET /api/v1/documents/ HTTP/1.1" 200 OK
INFO:     127.0.0.1:49662 - "GET /api/v1/documents/ HTTP/1.1" 200 OK
INFO:     127.0.0.1:49662 - "GET /api/v1/apps/ HTTP/1.1" 200 OK
INFO:     127.0.0.1:49662 - "GET /api/v1/apps/ HTTP/1.1" 200 OK
INFO:     127.0.0.1:49662 - "GET /api/v1/apps/11111111-1111-1111-1111-111111111111/drawers HTTP/1.1" 200 OK
INFO:     127.0.0.1:49662 - "GET /api/v1/apps/11111111-1111-1111-1111-111111111111/drawers HTTP/1.1" 200 OK
INFO:     127.0.0.1:49662 - "GET /api/v1/apps/11111111-1111-1111-1111-111111111111/drawers/22222222-2222-2222-2222-222222222222/folders HTTP/1.1" 200 OK
INFO:     127.0.0.1:49662 - "GET /api/v1/apps/11111111-1111-1111-1111-111111111111/drawers/22222222-2222-2222-2222-222222222222/folders HTTP/1.1" 200 OK
INFO:     127.0.0.1:49662 - "GET /api/health HTTP/1.1" 200 OK
INFO:     127.0.0.1:49662 - "GET /api/health HTTP/1.1" 200 OK
INFO:     127.0.0.1:49670 - "GET /api/v1/documents/ HTTP/1.1" 200 OK
INFO:     127.0.0.1:49682 - "GET /api/v1/apps/ HTTP/1.1" 200 OK
INFO:     127.0.0.1:49670 - "GET /api/v1/documents/ HTTP/1.1" 200 OK
INFO:     127.0.0.1:49682 - "GET /api/v1/apps/11111111-1111-1111-1111-111111111111/drawers HTTP/1.1" 200 OK
INFO:     127.0.0.1:49670 - "GET /api/v1/apps/ HTTP/1.1" 200 OK
INFO:     127.0.0.1:49670 - "GET /api/v1/apps/11111111-1111-1111-1111-111111111111/drawers/22222222-2222-2222-2222-222222222222/folders HTTP/1.1" 200 OK
INFO:     127.0.0.1:49682 - "GET /api/v1/apps/11111111-1111-1111-1111-111111111111/drawers HTTP/1.1" 200 OK
INFO:     127.0.0.1:49670 - "GET /api/health HTTP/1.1" 200 OK
INFO:     127.0.0.1:49682 - "GET /api/v1/apps/11111111-1111-1111-1111-111111111111/drawers/22222222-2222-2222-2222-222222222222/folders HTTP/1.1" 200 OK
INFO:     127.0.0.1:49682 - "GET /api/health HTTP/1.1" 200 OK
INFO:     127.0.0.1:49684 - "GET /api/v1/apps/ HTTP/1.1" 200 OK
INFO:     127.0.0.1:49684 - "GET /api/v1/apps/ HTTP/1.1" 200 OK
INFO:     127.0.0.1:49684 - "GET /api/v1/apps/11111111-1111-1111-1111-111111111111/drawers HTTP/1.1" 200 OK
INFO:     127.0.0.1:49684 - "GET /api/v1/apps/11111111-1111-1111-1111-111111111111/drawers HTTP/1.1" 200 OK
INFO:     127.0.0.1:49698 - "GET /api/v1/apps/11111111-1111-1111-1111-111111111111/drawers/22222222-2222-2222-2222-222222222222/folders HTTP/1.1" 200 OK
INFO:     127.0.0.1:49698 - "GET /api/v1/apps/11111111-1111-1111-1111-111111111111/drawers/22222222-2222-2222-2222-222222222222/folders HTTP/1.1" 200 OK
INFO:     127.0.0.1:49700 - "GET /api/v1/documents/ HTTP/1.1" 200 OK
INFO:     127.0.0.1:49700 - "GET /api/v1/features/check?feature=ai_document_classification HTTP/1.1" 200 OK
INFO:     127.0.0.1:49700 - "GET /api/v1/documents/ HTTP/1.1" 200 OK
INFO:     127.0.0.1:49700 - "GET /api/v1/features/check?feature=ai_document_classification HTTP/1.1" 200 OK
INFO:     127.0.0.1:49700 - "GET /api/v1/features/current-edition HTTP/1.1" 200 OK
INFO:     127.0.0.1:49700 - "GET /api/v1/features/current-edition HTTP/1.1" 200 OK
INFO:     127.0.0.1:44412 - "GET /api/v1/documents/ HTTP/1.1" 200 OK
INFO:     127.0.0.1:46804 - "GET / HTTP/1.1" 200 OK
INFO:     127.0.0.1:51416 - "GET /api/v1/apps/ HTTP/1.1" 200 OK
INFO:     127.0.0.1:51416 - "GET /api/v1/apps/ HTTP/1.1" 200 OK
INFO:     127.0.0.1:51416 - "GET /api/v1/apps/11111111-1111-1111-1111-111111111111/drawers HTTP/1.1" 200 OK
INFO:     127.0.0.1:51416 - "GET /api/v1/apps/11111111-1111-1111-1111-111111111111/drawers HTTP/1.1" 200 OK
INFO:     127.0.0.1:51416 - "GET /api/v1/apps/11111111-1111-1111-1111-111111111111/drawers/22222222-2222-2222-2222-222222222222/folders HTTP/1.1" 200 OK
INFO:     127.0.0.1:51416 - "GET /api/v1/apps/11111111-1111-1111-1111-111111111111/drawers/22222222-2222-2222-2222-222222222222/folders HTTP/1.1" 200 OK
INFO:     127.0.0.1:47504 - "GET /api/v1/documents/ HTTP/1.1" 200 OK
INFO:     127.0.0.1:47504 - "GET /api/v1/documents/ HTTP/1.1" 200 OK
INFO:     127.0.0.1:47504 - "GET /api/v1/apps/ HTTP/1.1" 200 OK
INFO:     127.0.0.1:47504 - "GET /api/v1/apps/ HTTP/1.1" 200 OK
INFO:     127.0.0.1:47504 - "GET /api/v1/apps/11111111-1111-1111-1111-111111111111/drawers HTTP/1.1" 200 OK
INFO:     127.0.0.1:47504 - "GET /api/v1/apps/11111111-1111-1111-1111-111111111111/drawers HTTP/1.1" 200 OK
INFO:     127.0.0.1:47504 - "GET /api/v1/apps/11111111-1111-1111-1111-111111111111/drawers/22222222-2222-2222-2222-222222222222/folders HTTP/1.1" 200 OK
INFO:     127.0.0.1:47504 - "GET /api/v1/apps/11111111-1111-1111-1111-111111111111/drawers/22222222-2222-2222-2222-222222222222/folders HTTP/1.1" 200 OK
INFO:     127.0.0.1:47504 - "GET /api/health HTTP/1.1" 200 OK
INFO:     127.0.0.1:47504 - "GET /api/health HTTP/1.1" 200 OK
INFO:     127.0.0.1:47504 - "GET /api/v1/documents/ HTTP/1.1" 200 OK
INFO:     127.0.0.1:47504 - "GET /api/v1/apps/ HTTP/1.1" 200 OK
INFO:     127.0.0.1:47508 - "GET /api/v1/documents/ HTTP/1.1" 200 OK
INFO:     127.0.0.1:47508 - "GET /api/v1/apps/11111111-1111-1111-1111-111111111111/drawers HTTP/1.1" 200 OK
INFO:     127.0.0.1:47504 - "GET /api/v1/apps/ HTTP/1.1" 200 OK
INFO:     127.0.0.1:47508 - "GET /api/v1/apps/11111111-1111-1111-1111-111111111111/drawers/22222222-2222-2222-2222-222222222222/folders HTTP/1.1" 200 OK
INFO:     127.0.0.1:47504 - "GET /api/v1/apps/11111111-1111-1111-1111-111111111111/drawers HTTP/1.1" 200 OK
INFO:     127.0.0.1:47508 - "GET /api/health HTTP/1.1" 200 OK
INFO:     127.0.0.1:47504 - "GET /api/v1/apps/11111111-1111-1111-1111-111111111111/drawers/22222222-2222-2222-2222-222222222222/folders HTTP/1.1" 200 OK
INFO:     127.0.0.1:47504 - "GET /api/health HTTP/1.1" 200 OK
INFO:     Shutting down
INFO:     Waiting for application shutdown.
2026-03-21 20:12:58,599 - main - INFO - 关闭 FileBot 应用...
INFO:     Application shutdown complete.
INFO:     Finished server process [1365567]
